name,point,polyP1,polyP2,polyP3,polyP4,yaw,ancho
1,"-70.821019045225,-33.122357203049994","-70.8210376502,-33.1226185444","-70.8210112396,-33.1226189305","-70.8210004403,-33.1220958617","-70.8210268508,-33.1220954756",180.9906369311389,0.002459893309704775
2,"-70.82095561707501,-33.1223581303","-70.8209634228,-33.1220964028","-70.8209742219,-33.1226194717","-70.8209478112,-33.1226198578","-70.8209370124,-33.1220967889",180.99059421248822,0.0024598932843727093
3,"-70.82100815297501,-33.1218296264","-70.8210267577,-33.1220909678","-70.8210003473,-33.1220913539","-70.8209895483,-33.121568285","-70.8210159586,-33.1215678989",180.9906152196121,0.0024598894605385654
4,"-70.8209447252,-33.121830553575","-70.820952531,-33.1215688261","-70.8209633298,-33.122091895","-70.8209369193,-33.1220922811","-70.8209261207,-33.1215692121",180.99057693831463,0.0024598939939201644
5,"-70.820892188925,-33.122359057475","-70.8209107935,-33.1226203989","-70.8208843829,-33.1226207849","-70.8208735844,-33.1220977161","-70.8208999949,-33.12209733",180.99056334673537,0.0024598931607518167
6,"-70.8208287608,-33.122359984625","-70.8208365669,-33.1220982571","-70.8208473652,-33.1226213261","-70.8208209546,-33.1226217121","-70.8208101565,-33.1220986432",180.99052520784943,0.002459888479075735
7,"-70.820881297475,-33.121831480725","-70.8208999018,-33.1220928222","-70.8208734914,-33.1220932082","-70.8208626932,-33.1215701393","-70.8208891035,-33.1215697532",180.99054163536698,0.0024598893122440933
8,"-70.82081786970001,-33.121832407875004","-70.8208256759,-33.1215706804","-70.8208364739,-33.1220937493","-70.8208100634,-33.1220941354","-70.8207992656,-33.1215710664",180.99050367948726,0.0024598939413332972
9,"-70.82076533265,-33.12236091175","-70.8207839369,-33.1226222532","-70.8207575262,-33.1226226392","-70.8207467285,-33.1220995703","-70.820773139,-33.1220991843",180.9904943362509,0.0024598976674887925
10,"-70.820701904475,-33.122361838850004","-70.820709711,-33.1221001114","-70.8207205085,-33.1226231803","-70.8206940979,-33.1226235663","-70.8206833005,-33.1221004974",180.9904563873111,0.002459892986496231
11,"-70.820754441925,-33.121833335000005","-70.8207730459,-33.1220946765","-70.8207466355,-33.1220950625","-70.820735838,-33.1215719935","-70.8207622483,-33.1215716075",180.9904772044733,0.0024598891626418044
12,"-70.820691014125,-33.121834262075","-70.8206988207,-33.1215725346","-70.8207096179,-33.1220956035","-70.8206832075,-33.1220959896","-70.8206724104,-33.1215729206",180.99043500067495,0.0024598892343662593
13,"-70.82063847635,-33.1223627659","-70.8206570802,-33.1226241074","-70.8206306696,-33.1226244934","-70.8206198726,-33.1221014244","-70.820646283,-33.1221010384",180.9904300489631,0.002459888303513309
14,"-70.82057504817499,-33.1223636929","-70.8205828551,-33.1221019654","-70.8205936518,-33.1226250344","-70.8205672412,-33.1226254204","-70.8205564446,-33.1221023514",180.99038294002509,0.002459892933922228
15,"-70.82062758635001,-33.1218351891","-70.82064619,-33.1220965306","-70.8206197795,-33.1220969166","-70.8206089828,-33.1215738476","-70.8206353931,-33.1215734616",180.9904085203325,0.0024598937670903525
16,"-70.820564158575,-33.1218361161","-70.8205719655,-33.1215743886","-70.820582762,-33.1220974576","-70.8205563516,-33.1220978436","-70.8205455552,-33.1215747746",180.9903705718982,0.0024598890847638572
17,"-70.8206166967,-33.12130761225","-70.8206353001,-33.1215689538","-70.8206088898,-33.1215693398","-70.8205980934,-33.1210462707","-70.8206245035,-33.1210458847",180.99038680663742,0.0024598899175216392
18,"-70.820553269275,-33.12130853925","-70.8205610763,-33.1210468117","-70.8205718725,-33.1215698808","-70.8205454622,-33.1215702668","-70.8205346661,-33.1210471977",180.9903488522196,0.0024598945466712072
19,"-70.820776782,-33.122915535349996","-70.8207953864,-33.1231768768","-70.8207689757,-33.1231772628","-70.8207581776,-33.1226541939","-70.8207845883,-33.1226538079",180.9905155612474,0.002459891446800345
20,"-70.82071335345,-33.12291646245001","-70.8207211599,-33.122654735","-70.8207319577,-33.1231778039","-70.8207055469,-33.1231781899","-70.8206947493,-33.122655121",180.99047303186398,0.0024598914214857145
21,"-70.820511620025,-33.1223646199","-70.8205302235,-33.1226259614","-70.8205038129,-33.1226263474","-70.8204930166,-33.1221032784","-70.8205194271,-33.1221028924",180.99036136468723,0.002459892907963282
22,"-70.82044819182501,-33.1223655469","-70.8204559991,-33.1221038194","-70.8204667951,-33.1226268884","-70.8204403845,-33.1226272744","-70.8204295886,-33.1221042054",180.99031883610115,0.002459892882004335
23,"-70.820500730775,-33.121837043075","-70.820519334,-33.1220983846","-70.8204929236,-33.1220987706","-70.8204821276,-33.1215757015","-70.8205085379,-33.1215753156",180.99033951493067,0.002459888961808175
24,"-70.820437303,-33.121837970025005","-70.8204451103,-33.1215762425","-70.8204559061,-33.1220993116","-70.8204294956,-33.1220996975","-70.8204187,-33.1215766285",180.9903015602535,0.002459893591557705
25,"-70.820489841875,-33.121309466199996","-70.8205084449,-33.1215708078","-70.8204820346,-33.1215711937","-70.8204712389,-33.1210481246","-70.8204976491,-33.1210477387",180.990317658732,0.0024598943273874165
26,"-70.820426414475,-33.121310393125","-70.8204342219,-33.1210486656","-70.8204450173,-33.1215717347","-70.820418607,-33.1215721207","-70.8204078117,-33.1210490515",180.99027526627583,0.0024598943990911974
27,"-70.8206499249,-33.12291738955","-70.820668529,-33.123178731","-70.8206421182,-33.123179117","-70.8206313209,-33.1226560481","-70.8206577315,-33.1226556621",180.99045145733032,0.0024598913955096503
28,"-70.82058649632499,-33.1229183166","-70.8205943032,-33.1226565891","-70.8206051002,-33.1231796581","-70.8205786894,-33.1231800441","-70.8205678925,-33.1226569751",180.9904041594489,0.002459896025232479
29,"-70.82038476367501,-33.122366473825004","-70.8204033668,-33.1226278154","-70.8203769561,-33.1226282013","-70.8203661607,-33.1221051323","-70.8203925711,-33.1221047463",180.99028778088214,0.002459892758360466
30,"-70.8203213355,-33.122367400725004","-70.8203291431,-33.1221056732","-70.8203399384,-33.1226287423","-70.8203135278,-33.1226291282","-70.8203027327,-33.1221060592",180.9902498326731,0.0024598880773941513
31,"-70.8203738752,-33.12183889695","-70.8203924781,-33.1221002385","-70.8203660676,-33.1221006245","-70.8203552724,-33.1215775554","-70.8203816827,-33.1215771694",180.9902709674786,0.00245989366326082
32,"-70.8203104474,-33.1218398238","-70.8203182551,-33.1215780963","-70.8203290501,-33.1221011654","-70.8203026396,-33.1221015513","-70.8202918448,-33.1215784822",180.99022797593386,0.002459893443317632
33,"-70.82036298705,-33.121311320025","-70.8203815897,-33.1215726616","-70.8203551794,-33.1215730476","-70.8203443845,-33.1210499784","-70.8203707946,-33.1210495925",180.99024911693584,0.002459889716712089
34,"-70.82029955965001,-33.121312246875","-70.8203073674,-33.1210505193","-70.8203181621,-33.1215735885","-70.8202917518,-33.1215739744","-70.8202809573,-33.1210509053",180.99020658765366,0.002459889690758577
35,"-70.8205230678,-33.1229192436","-70.8205416715,-33.1231805851","-70.8205152607,-33.1231809711","-70.8205044642,-33.1226579021","-70.8205308748,-33.1226575161",180.99037801007023,0.00245989134293459
36,"-70.82045963920001,-33.1229201706","-70.8204674464,-33.1226584431","-70.8204782427,-33.1231815121","-70.8204518319,-33.1231818981","-70.8204410358,-33.1226588291",180.99033548147594,0.0024598913176367056
37,"-70.820257907325,-33.1223683276","-70.82027651,-33.1226296692","-70.8202500994,-33.1226300551","-70.8202393047,-33.122106986","-70.8202657152,-33.1221066001",180.9902141959485,0.0024598926101399793
38,"-70.820194479175,-33.1223692544","-70.8202022872,-33.1221075269","-70.8202130817,-33.122630596","-70.8201866711,-33.1226309819","-70.8201758767,-33.1221079128",180.99018082262393,0.0024598925841866283
39,"-70.82024701962499,-33.121840750699995","-70.8202656221,-33.1221020923","-70.8202392117,-33.1221024782","-70.8202284172,-33.1215794091","-70.8202548275,-33.1215790232",180.99020182544916,0.002459888760993811
40,"-70.820183591825,-33.1218416775","-70.8201913999,-33.12157995","-70.8202021941,-33.1221030191","-70.8201757837,-33.122103405","-70.8201649896,-33.1215803359",180.99015929826714,0.002459888735695735
41,"-70.82023613222499,-33.121313173725","-70.8202547345,-33.1215745153","-70.8202283242,-33.1215749013","-70.82021753,-33.1210518321","-70.8202439402,-33.1210514462",180.99018043068907,0.0024598943205670245
42,"-70.8201727048,-33.121314100525","-70.8201805129,-33.121052373","-70.8201913069,-33.1215754421","-70.8201648966,-33.1215758281","-70.8201541028,-33.1210527589",180.9901424841302,0.002459889638183969
43,"-70.82039621065,-33.12292109755","-70.820414814,-33.1231824391","-70.8203884032,-33.123182825","-70.8203776074,-33.122659756","-70.820404018,-33.1226593701",180.99031344390633,0.002459891097682596
44,"-70.82033278207498,-33.12292202445","-70.8203405897,-33.122660297","-70.8203513852,-33.123183366","-70.8203249744,-33.1231837519","-70.820314179,-33.1226606829",180.99026633580627,0.0024598957274028976
45,"-70.820131050975,-33.122370181200004","-70.8201496533,-33.1226315228","-70.8201232427,-33.1226319087","-70.8201124487,-33.1221088396","-70.8201388592,-33.1221084537",180.99015009225846,0.0024598925582401676
46,"-70.820067622775,-33.122371107999996","-70.8200754312,-33.1221093805","-70.8200862249,-33.1226324496","-70.8200598143,-33.1226328355","-70.8200490207,-33.1221097664",180.9901075637451,0.0024598925322868153
47,"-70.82012016405,-33.121842604250006","-70.8201387662,-33.1221039459","-70.8201123557,-33.1221043318","-70.820101562,-33.1215812626","-70.8201279723,-33.1215808767",180.99013295246866,0.0024598933647961116
48,"-70.82005673625,-33.121843531025","-70.8200645447,-33.1215818035","-70.8200753382,-33.1221048727","-70.8200489277,-33.1221052585","-70.8200381344,-33.1215821894",180.99009028729452,0.002459893242532857
49,"-70.82010927740001,-33.121315027250006","-70.8201278793,-33.1215763689","-70.820101469,-33.1215767548","-70.8200906756,-33.1210536856","-70.8201170857,-33.1210532997",180.99011142547226,0.002459889516565907
50,"-70.820045849975,-33.121315954025","-70.8200536585,-33.1210542265","-70.8200644517,-33.1215772957","-70.8200380414,-33.1215776816","-70.8200272483,-33.1210546123",180.99007314773462,0.002459894049403796
51,"-70.8202693535,-33.12292295135","-70.8202879564,-33.1231842929","-70.8202615457,-33.1231846788","-70.8202507506,-33.1226616098","-70.8202771613,-33.1226612239",180.99024018618283,0.0024598910451353686
52,"-70.820205924925,-33.1229238782","-70.8202137329,-33.1226621507","-70.8202245277,-33.1231852198","-70.8201981169,-33.1231856057","-70.8201873222,-33.1226625366",180.9902020439227,0.0024598956754908322
53,"-70.82015338387501,-33.12345238185","-70.8201719867,-33.1237137234","-70.8201455757,-33.1237141093","-70.8201347812,-33.1231910403","-70.8201611919,-33.1231906544",180.9901930329591,0.002459890186518442
54,"-70.820089954925,-33.123453308674996","-70.8200977632,-33.1231915812","-70.8201085575,-33.1237146502","-70.8200821466,-33.1237150362","-70.8200713524,-33.1231919671",180.9901506416059,0.0024598902569207422
55,"-70.8200041946,-33.122372034725004","-70.8200227966,-33.1226333764","-70.8199963859,-33.1226337622","-70.8199855927,-33.1221106931","-70.8200120032,-33.1221103072",180.99008108124806,0.002459897065696114
56,"-70.81994076642499,-33.122372961425","-70.8199485752,-33.1221112339","-70.8199593682,-33.1226343031","-70.8199329576,-33.1226346889","-70.8199221647,-33.1221116198",180.99004313483871,0.0024598923834120677
57,"-70.81999330845,-33.12184445775","-70.8200119102,-33.1221057994","-70.8199854997,-33.1221061853","-70.8199747068,-33.1215831161","-70.8200011171,-33.1215827302",180.9900596920678,0.00245989331354795
58,"-70.81992988062501,-33.121845384425","-70.8199376895,-33.1215836569","-70.8199484822,-33.1221067261","-70.8199220717,-33.122107112","-70.8199112791,-33.1215840427",180.9900214147023,0.0024598978457054427
59,"-70.81998242252499,-33.121316880725","-70.8200010241,-33.1215782224","-70.8199746137,-33.1215786083","-70.8199638211,-33.121055539","-70.8199902312,-33.1210551532",180.99004241425948,0.0024598940221029547
60,"-70.819918995075,-33.121317807375","-70.819926804,-33.1210560798","-70.8199375964,-33.1215791491","-70.8199111861,-33.1215795349","-70.8199003938,-33.1210564657",180.9899998873542,0.0024598939968443244
61,"-70.82014249635,-33.122924805","-70.8201610989,-33.1231861466","-70.8201346881,-33.1231865325","-70.8201238939,-33.1226634634","-70.8201503045,-33.1226630775",180.99016673836576,0.0024598909938669524
62,"-70.82007906780001,-33.122925731799995","-70.8200868761,-33.1226640043","-70.8200976702,-33.1231870734","-70.8200712594,-33.1231874593","-70.8200604655,-33.1226643902",180.99013336482818,0.0024598909679130676
63,"-70.82002652595,-33.12345423545","-70.8200451284,-33.123715577","-70.8200187174,-33.1237159629","-70.8200079236,-33.1231928939","-70.8200343344,-33.123192508",180.99012434775105,0.0024598947895899262
64,"-70.81996309697499,-33.1234551622","-70.8199709056,-33.1231934347","-70.8199816992,-33.1237165038","-70.8199552883,-33.1237168897","-70.8199444948,-33.1231938206",180.99008621236322,0.002459890108684374
65,"-70.819877338225,-33.1223738881","-70.8198959398,-33.1226352298","-70.8198695292,-33.1226356156","-70.8198587367,-33.1221125464","-70.8198851472,-33.1221121606",180.99001207745533,0.0024598922604894802
66,"-70.819813910025,-33.12237481475","-70.8198217192,-33.1221130872","-70.8198325114,-33.1226361564","-70.8198061008,-33.1226365423","-70.8197953087,-33.1221134731",180.98997001317142,0.002459892428486
67,"-70.8198664528,-33.121846311075004","-70.8198850542,-33.1221076528","-70.8198586437,-33.1221080386","-70.8198478515,-33.1215849694","-70.8198742618,-33.1215845835",180.98999526242036,0.0024598931640156356
68,"-70.819803025,-33.121847237699996","-70.8198108342,-33.1215855102","-70.8198216262,-33.1221085794","-70.8197952157,-33.1221089652","-70.8197844239,-33.121585896",180.98995259866496,0.0024598930411016996
69,"-70.819855567675,-33.121318734025","-70.8198741688,-33.1215800757","-70.8198477585,-33.1215804616","-70.8198369666,-33.1210573923","-70.8198633768,-33.1210570065",180.98996915580278,0.002459893970889516
70,"-70.819792140225,-33.121319660625","-70.8197999495,-33.1210579331","-70.8198107412,-33.1215810023","-70.8197843309,-33.1215813882","-70.8197735393,-33.1210583189",180.98993578387498,0.002459893944288067
71,"-70.8200156392,-33.122926658599994","-70.8200342414,-33.1231880002","-70.8200078306,-33.1231883861","-70.8199970371,-33.122665317","-70.8200234477,-33.1226649311",180.9901026350476,0.0024598909412906953
72,"-70.81995221060001,-33.122927585300005","-70.8199600193,-33.1226658578","-70.8199708126,-33.1231889269","-70.8199444018,-33.1231893128","-70.8199336087,-33.1226662437",180.99006010813548,0.0024598909160080964
73,"-70.81989966799999,-33.12345608890001","-70.8199182701,-33.1237174305","-70.8198918591,-33.1237178164","-70.819881066,-33.1231947473","-70.8199074768,-33.1231943614",180.99006005651415,0.00245989473834682
74,"-70.81983623904999,-33.123457015599996","-70.8198440481,-33.1231952881","-70.8198548409,-33.1237183572","-70.8198284299,-33.1237187431","-70.8198176373,-33.123195674",180.99000837508908,0.0024598947117404654
75,"-70.819750481825,-33.122375741375","-70.819769083,-33.1226370831","-70.8197426724,-33.1226374689","-70.8197318807,-33.1221143997","-70.8197582912,-33.1221140138",180.98993895484443,0.0024598923055646005
76,"-70.81968705365,-33.122376667925","-70.8196948632,-33.1221149404","-70.8197056547,-33.1226380096","-70.819679244,-33.1226383955","-70.8196684527,-33.1221153262",180.98990100379478,0.00245989693528973
77,"-70.81973959717502,-33.121848164300005","-70.8197581982,-33.122109506","-70.8197317877,-33.1221098918","-70.8197209962,-33.1215868226","-70.8197474066,-33.1215864368",180.98992644050594,0.0024598976715503444
78,"-70.81967616935,-33.121849090850006","-70.8196839789,-33.1215873633","-70.8196947702,-33.1221104326","-70.8196683597,-33.1221108184","-70.8196575686,-33.1215877491",180.9898883066773,0.0024598929898702196
79,"-70.8197287128,-33.12132058715","-70.8197473136,-33.1215819289","-70.8197209032,-33.1215823147","-70.8197101121,-33.1210592454","-70.8197365223,-33.1210588596",180.98990014402713,0.0024598984784283
80,"-70.819665285325,-33.121321513725","-70.819673095,-33.1210597862","-70.8196838859,-33.1215828555","-70.8196574756,-33.1215832413","-70.8196466848,-33.1210601719",180.98986187299158,0.0024598936991385876
81,"-70.81988878199999,-33.122928511975","-70.8199073838,-33.1231898536","-70.819880973,-33.1231902395","-70.8198701803,-33.1226671703","-70.8198965909,-33.1226667845",180.99002905059854,0.0024598907930778414
82,"-70.8198253534,-33.122929438650004","-70.8198331625,-33.1226677112","-70.819843955,-33.1231907803","-70.8198175442,-33.1231911661","-70.8198067519,-33.122668097",180.98998638743052,0.002459890669499927
83,"-70.819772810075,-33.12345794225","-70.8197914117,-33.1237192839","-70.8197650008,-33.1237196697","-70.8197542085,-33.1231966006","-70.8197806193,-33.1231962148",180.98998176199902,0.0024598898362235143
84,"-70.81970938110001,-33.123458868849994","-70.8197171905,-33.1231971414","-70.8197279826,-33.1237202105","-70.8197015716,-33.1237205963","-70.8196907797,-33.1231975272",180.98994381029127,0.0024598944658958677
85,"-70.81962362542501,-33.122377594475","-70.8196422263,-33.1226389362","-70.8196158156,-33.122639322","-70.8196050247,-33.1221162527","-70.8196314351,-33.122115867",180.989874389463,0.0024598920603919354
86,"-70.8195601972,-33.122378520975","-70.8195680071,-33.1221167935","-70.8195787979,-33.1226398627","-70.8195523872,-33.1226402485","-70.8195415966,-33.1221171792",180.98983643711026,0.002459896688830303
87,"-70.819612741525,-33.121850017350006","-70.8196313421,-33.1221113591","-70.8196049317,-33.1221117449","-70.819594141,-33.1215886756","-70.8196205513,-33.1215882898",180.9898529985158,0.002459888308219323
88,"-70.819549313675,-33.12185094385","-70.8195571237,-33.1215892163","-70.8195679141,-33.1221122856","-70.8195415036,-33.1221126714","-70.8195307133,-33.1215896021",180.98981046742296,0.0024598975930538594
89,"-70.8196018579,-33.121322440225","-70.8196204583,-33.121583782","-70.819594048,-33.1215841678","-70.8195832576,-33.1210610984","-70.8196096677,-33.1210607127",180.9898357194559,0.0024598890174321393
90,"-70.81953843045,-33.1213233667","-70.8195462405,-33.1210616391","-70.8195570307,-33.1215847085","-70.8195306203,-33.1215850943","-70.8195198303,-33.1210620249",180.9897933244696,0.0024598983999333515
91,"-70.819761924825,-33.122930365274996","-70.8197805263,-33.1231917069","-70.8197541155,-33.1231920928","-70.8197433234,-33.1226690236","-70.8197697341,-33.1226686378",180.98996952055694,0.0024598953961937784
92,"-70.81969849622499,-33.122931291899995","-70.8197063057,-33.1226695644","-70.8197170975,-33.1231926336","-70.8196906867,-33.1231930194","-70.819679895,-33.1226699502",180.98992667004703,0.0024598952739404035
93,"-70.8196459521,-33.123459795449996","-70.8196645534,-33.1237211371","-70.8196381424,-33.1237215229","-70.8196273509,-33.1231984538","-70.8196537617,-33.123198068",180.9899130779945,0.002459894439947011
94,"-70.819582523125,-33.123460722000004","-70.8195903329,-33.1231989945","-70.8196011242,-33.1237220637","-70.8195747133,-33.1237224495","-70.8195639221,-33.1231993803",180.98987494386506,0.0024598897590400936
95,"-70.819496769,-33.122379447449994","-70.8195153695,-33.1226407892","-70.8194889588,-33.122641175","-70.8194781686,-33.1221181057","-70.8195045791,-33.1221177199",180.9898058407545,0.002459896760488319
96,"-70.8194333408,-33.1223803739","-70.8194411511,-33.1221186464","-70.8194519411,-33.1226417157","-70.8194255304,-33.1226421014","-70.8194147406,-33.1221190321",180.98976285328663,0.002459896540656526
97,"-70.81948588585,-33.121851870324996","-70.8195044861,-33.1221132121","-70.8194780756,-33.1221135979","-70.8194672857,-33.1215905285","-70.819493696,-33.1215901428",180.98978398891668,0.002459892814428212
98,"-70.819422458025,-33.12185279675","-70.8194302684,-33.1215910692","-70.8194410581,-33.1221141386","-70.8194146476,-33.1221145243","-70.819403858,-33.1215914549",180.9897457108936,0.002459897347279548
99,"-70.819475002975,-33.121324293149996","-70.819493603,-33.121585635","-70.8194671927,-33.1215860207","-70.819456403,-33.1210629513","-70.8194828132,-33.1210625656",180.9897667094318,0.002459893523699522
100,"-70.819411575575,-33.12132521955","-70.819419386,-33.121063492","-70.8194301754,-33.1215865614","-70.8194037651,-33.1215869471","-70.8193929758,-33.1210638777",180.98972418426985,0.0024598934984268865
101,"-70.819635067625,-33.122932218399995","-70.8196536687,-33.1231935601","-70.8196272579,-33.1231939459","-70.8196164666,-33.1226708767","-70.8196428773,-33.1226704909",180.98989593734385,0.002459895247994864
102,"-70.819571639025,-33.122933144975","-70.8195794489,-33.1226714175","-70.8195902399,-33.1231944867","-70.8195638291,-33.1231948725","-70.8195530382,-33.1226718032",180.98985308607615,0.002459895124438137
103,"-70.81951909415,-33.1234616485","-70.8195376951,-33.1237229902","-70.8195112841,-33.123723376","-70.8195004933,-33.1232003068","-70.8195269041,-33.123199921",180.98984878560702,0.0024598943880535062
104,"-70.81945566515,-33.123462575","-70.8194634753,-33.1232008475","-70.8194742659,-33.1237239167","-70.8194478549,-33.1237243025","-70.8194370645,-33.1232012333",180.98980626089508,0.0024598943621074515
105,"-70.81936991260001,-33.122381300324996","-70.8193885127,-33.1226426421","-70.819362102,-33.1226430279","-70.8193513126,-33.1221199585","-70.8193777231,-33.1221195728",180.98973225589435,0.0024598966116541852
106,"-70.81930648435,-33.1223822267","-70.819314295,-33.1221204992","-70.8193250843,-33.1226435685","-70.8192986736,-33.1226439542","-70.8192878845,-33.1221208849",180.9896987499369,0.0024598964887652145
107,"-70.8193590302,-33.12185372315","-70.8193776301,-33.122115065","-70.8193512196,-33.1221154507","-70.8193404304,-33.1215923813","-70.8193668407,-33.1215919956",180.98971955815836,0.00245989266625821
108,"-70.81929560235,-33.12185464955","-70.8193034131,-33.121592922","-70.819314202,-33.1221159914","-70.8192877916,-33.1221163771","-70.8192770027,-33.1215933077",180.98967703274013,0.002459892639689578
109,"-70.819348148075,-33.12132614595","-70.8193667477,-33.1215874878","-70.8193403374,-33.1215878735","-70.8193295485,-33.1210648041","-70.8193559587,-33.1210644184",180.98969345044972,0.0024598934724788636
110,"-70.81928472062499,-33.121327072275","-70.8192925314,-33.1210653447","-70.8193033201,-33.1215884141","-70.8192769098,-33.1215887999","-70.8192661212,-33.1210657304",180.98966021572772,0.002459893543487587
111,"-70.81950821039999,-33.122934071475","-70.8195268111,-33.1231954132","-70.8195004003,-33.123195799","-70.8194896098,-33.1226727297","-70.8195160204,-33.122672344",180.98982693403582,0.0024598904434771115
112,"-70.8194447818,-33.122934997925","-70.819452592,-33.1226732704","-70.8194633823,-33.1231963397","-70.8194369715,-33.1231967254","-70.8194261814,-33.1226736562",180.98978440814426,0.0024598904175331753
113,"-70.81939223615,-33.12346350142501","-70.8194108367,-33.1237248432","-70.8193844257,-33.1237252289","-70.8193736357,-33.1232021597","-70.8194000465,-33.1232017739",180.98977520222957,0.00245989423921594
114,"-70.81932880715,-33.123464427875","-70.8193366177,-33.1232027004","-70.8193474075,-33.1237257696","-70.8193209965,-33.1237261554","-70.8193102069,-33.1232030861",180.9897326773459,0.002459894213932722
115,"-70.81924305614999,-33.122383153049995","-70.8192616559,-33.1226444949","-70.8192352452,-33.1226448806","-70.8192244565,-33.1221218112","-70.819250867,-33.1221214255",180.98966782730204,0.00245989646216969
116,"-70.81917962795,-33.122384079350006","-70.819187439,-33.1221223518","-70.8191982275,-33.1226454212","-70.8191718168,-33.1226458069","-70.8191610285,-33.1221227375",180.9896253011064,0.0024598964368918765
117,"-70.8192321745,-33.121855575850006","-70.819250774,-33.1221169177","-70.8192243635,-33.1221173034","-70.8192135751,-33.121594234","-70.8192399854,-33.1215938483",180.98964629899498,0.002459892614384602
118,"-70.819168746675,-33.121856502149996","-70.8191765578,-33.1215947746","-70.819187346,-33.122117844","-70.8191609355,-33.1221182297","-70.8191501474,-33.1215951603",180.98960834850158,0.002459897244834677
119,"-70.81922129315,-33.1213279986","-70.8192398924,-33.1215893405","-70.8192134821,-33.1215897262","-70.819202694,-33.1210666567","-70.8192291041,-33.121066271",180.98962458146715,0.002459888765507061
120,"-70.819157865725,-33.1213289249","-70.8191656769,-33.1210671973","-70.8191764648,-33.1215902668","-70.8191500545,-33.1215906525","-70.8191392667,-33.121067583",180.9895866304728,0.0024598933940008427
121,"-70.819381353175,-33.122935924375","-70.8193999535,-33.1231972661","-70.8193735427,-33.1231976519","-70.8193627529,-33.1226745826","-70.8193891636,-33.1226741969",180.98975824965214,0.0024598950459427107
122,"-70.81931792457499,-33.122936850775","-70.8193257352,-33.1226751233","-70.8193365247,-33.1231981925","-70.8193101139,-33.1231985783","-70.8192993245,-33.122675509",180.9897157253622,0.002459895021323163
123,"-70.819265378175,-33.123465354225","-70.8192839783,-33.123726696","-70.8192575674,-33.1237270817","-70.8192467781,-33.1232040125","-70.8192731889,-33.1232036267",180.9897065254521,0.0024598895323698416
124,"-70.819201949175,-33.1234662806","-70.8192097601,-33.1232045531","-70.8192205491,-33.1237276224","-70.8191941382,-33.1237280081","-70.8191833493,-33.1232049388",180.98966367491943,0.002459889408163321
125,"-70.819116199675,-33.12238500565","-70.819134799,-33.1226463475","-70.8191083884,-33.1226467332","-70.8190976004,-33.1221236638","-70.8191240109,-33.1221232781",180.98959914853677,0.0024598917552671167
126,"-70.819052771475,-33.122385931924995","-70.8190605829,-33.1221242044","-70.8190713706,-33.1226472738","-70.81904496,-33.1226476595","-70.8190341724,-33.12212459",180.98955629898217,0.0024598916324059567
127,"-70.819105318825,-33.121857428425","-70.8191239179,-33.1221187703","-70.8190975075,-33.122119156","-70.8190867198,-33.1215960865","-70.8191131301,-33.1215957009",180.98957729491121,0.002459887809871641
128,"-70.81904189095,-33.121858354625004","-70.8190497024,-33.1215966271","-70.8190604899,-33.1221196965","-70.8190340794,-33.1221200822","-70.8190232921,-33.1215970127",180.98953934423486,0.0024598924389872927
129,"-70.819094438225,-33.1213298511","-70.8191130371,-33.121591193","-70.8190866268,-33.1215915787","-70.8190758394,-33.1210685092","-70.8191022496,-33.1210681235",180.9895558964611,0.0024598933680653043
130,"-70.81903101075,-33.121330777349996","-70.8190388223,-33.1210690498","-70.8190496095,-33.1215921193","-70.8190231991,-33.1215925049","-70.8190124121,-33.1210694354",180.98951748366096,0.0024598978046933926
131,"-70.81925449595,-33.122937777124996","-70.8192730959,-33.1231991189","-70.8192466851,-33.1231995047","-70.8192358961,-33.1226764353","-70.8192623067,-33.1226760496",180.989689383083,0.0024598903397049354
132,"-70.819191067325,-33.1229387035","-70.8191988783,-33.122676976","-70.8192096671,-33.1232000453","-70.8191832563,-33.123200431","-70.8191724676,-33.1226773617",180.98965129514463,0.0024598948724920675
133,"-70.819138520175,-33.123467206899996","-70.81915712,-33.1237285487","-70.819130709,-33.1237289344","-70.8191199204,-33.1232058651","-70.8191463313,-33.1232054794",180.98964208981954,0.0024598986941475175
134,"-70.81907509115,-33.1234681332","-70.8190829024,-33.1232064057","-70.8190936908,-33.123729475","-70.8190672798,-33.1237298607","-70.8190564916,-33.1232067914",180.98960414625827,0.00245989401322672
135,"-70.81898934322501,-33.122386858125","-70.8190079422,-33.1226482","-70.8189815316,-33.1226485857","-70.8189707443,-33.1221255162","-70.8189971548,-33.1221251306",180.9895347193306,0.002459891606476276
136,"-70.818925915,-33.122387784325","-70.8189337268,-33.1221260568","-70.8189445138,-33.1226491262","-70.8189181031,-33.1226495119","-70.8189073163,-33.1221264424",180.98948761458516,0.0024598962362180187
137,"-70.818978463125,-33.12185928085","-70.8189970619,-33.1221206228","-70.8189706514,-33.1221210084","-70.8189598644,-33.1215979389","-70.8189862748,-33.1215975533",180.98951285873483,0.002459896972530966
138,"-70.81891503525,-33.121860207050005","-70.8189228471,-33.1215984795","-70.8189336338,-33.122121549","-70.8189072233,-33.1221219346","-70.8188964368,-33.1215988651",180.98946576000452,0.002459892290191993
139,"-70.818967583275,-33.121331703525","-70.8189861818,-33.1215930455","-70.8189597715,-33.1215934311","-70.8189489848,-33.1210703616","-70.818975395,-33.1210699759",180.98949146594398,0.0024598932192777703
140,"-70.8189041558,-33.121332629674995","-70.8189119677,-33.1210709021","-70.8189227542,-33.1215939716","-70.8188963438,-33.1215943573","-70.8188855575,-33.1210712877",180.98945351689252,0.0024598978497328175
141,"-70.81912763872499,-33.122939629775","-70.8191462383,-33.1232009716","-70.8191198275,-33.1232013573","-70.8191090392,-33.1226782879","-70.8191354499,-33.1226779023",180.98962023588325,0.0024598947489757397
142,"-70.819064210075,-33.12294055605","-70.8190720214,-33.1226788285","-70.8190828095,-33.1232018979","-70.8190563986,-33.1232022836","-70.8190456108,-33.1226792142",180.9895778485066,0.002459894820585846
143,"-70.81901166215,-33.123469059475","-70.8190302616,-33.1237304013","-70.8190038506,-33.123730787","-70.8189930628,-33.1232077176","-70.8190194736,-33.123207332",180.98957308640678,0.0024598938897027727
144,"-70.81894823315,-33.123469985724995","-70.8189560448,-33.1232082582","-70.8189668324,-33.1237313276","-70.8189404214,-33.1237317132","-70.818929634,-33.1232086439",180.98953056275172,0.0024598938637638706
145,"-70.81881628965,-33.120148359249995","-70.8188348873,-33.1204097013","-70.8188084773,-33.1204100869","-70.8187976921,-33.1198870172","-70.8188241019,-33.1198866316",180.98937150865777,0.002459893668588148
146,"-70.818752863,-33.120149285299995","-70.8187606754,-33.1198875577","-70.8187714605,-33.1204106274","-70.8187450505,-33.1204110129","-70.8187342656,-33.1198879432",180.98933767971604,0.002459893448863183
147,"-70.81886248674999,-33.122388710475","-70.8188810854,-33.1226500524","-70.8188546747,-33.122650438","-70.8188438882,-33.1221273686","-70.8188702987,-33.1221269829",180.9894660334036,0.002459896209621359
148,"-70.818799058525,-33.122389636625","-70.8188068707,-33.1221279091","-70.8188176569,-33.1226509785","-70.8187912463,-33.1226513642","-70.8187804602,-33.1221282947",180.98941893627392,0.002459891528669374
149,"-70.81885160739999,-33.12186113315","-70.8188702058,-33.1221224751","-70.8188437953,-33.1221228607","-70.8188330091,-33.1215997912","-70.8188594194,-33.1215994056",180.98944417955536,0.0024598922642587377
150,"-70.818788179525,-33.121862059250006","-70.8187959918,-33.1216003317","-70.8188067777,-33.1221234012","-70.8187803672,-33.1221237868","-70.8187695814,-33.1216007173",180.98939707583065,0.0024598968940597633
151,"-70.81884072829999,-33.1213335558","-70.8188593265,-33.1215948978","-70.8188329161,-33.1215952834","-70.8188221302,-33.1210722138","-70.8188485404,-33.1210718282",180.98942245482968,0.0024598977262154376
152,"-70.818777300825,-33.12133448190001","-70.8187851131,-33.1210727543","-70.8187958988,-33.1215958239","-70.8187694885,-33.1215962095","-70.8187587029,-33.1210731399",180.98938451221778,0.0024598930458713452
153,"-70.819000781425,-33.122941482275","-70.8190193806,-33.1232028241","-70.8189929698,-33.1232032098","-70.8189821823,-33.1226801404","-70.819008593,-33.1226797548",180.9895469764826,0.0024598946977671273
154,"-70.81893735279999,-33.1229424085","-70.8189451645,-33.122680681","-70.8189559518,-33.1232037504","-70.818929541,-33.123204136","-70.8189187539,-33.1226810666",180.98950871074908,0.002459889919222801
155,"-70.818663721275,-33.118902950725","-70.8186823181,-33.1191642929","-70.8186559084,-33.1191646784","-70.8186451246,-33.1186416086","-70.818671534,-33.118641223",180.98926140153438,0.0024598958530928834
156,"-70.818600295525,-33.118903876675","-70.8186081085,-33.118642149","-70.8186188921,-33.1191652188","-70.8185924825,-33.1191656044","-70.818581699,-33.1186425345",180.98921887829061,0.0024598958271942785
157,"-70.81870031405,-33.120677788825","-70.8187189116,-33.1209391309","-70.8186925014,-33.1209395164","-70.8186817166,-33.1204164468","-70.8187081266,-33.1204160612",180.98932879844548,0.002459897370246821
158,"-70.81863688704999,-33.12067871485","-70.8186446998,-33.1204169872","-70.8186554844,-33.1209400569","-70.8186290742,-33.1209404425","-70.8186182898,-33.1204173728",180.98928641245817,0.0024598974405454473
159,"-70.8186894364,-33.120150211325","-70.8187080337,-33.1204115534","-70.8186816237,-33.120411939","-70.8186708392,-33.1198888692","-70.818697249,-33.1198884837",180.98930707903475,0.0024598935198241363
160,"-70.81862600972501,-33.120151137275","-70.8186338225,-33.1198894096","-70.8186446068,-33.1204124794","-70.8186181969,-33.1204128649","-70.8186074127,-33.1198897952",180.98926913639656,0.002459888838099295
161,"-70.818678559,-33.119622633725","-70.8186971561,-33.1198839758","-70.8186707462,-33.1198843614","-70.818659962,-33.1193612916","-70.8186863717,-33.1193609061",180.98928554138507,0.002459898980657681
162,"-70.81861513272499,-33.1196235597","-70.8186229456,-33.119361832","-70.8186337296,-33.1198849018","-70.8186073198,-33.1198852874","-70.8185965359,-33.1193622176",180.98924773553182,0.0024598943958021014
163,"-70.81873563024999,-33.122390562675","-70.8187542285,-33.1226519046","-70.8187278178,-33.1226522903","-70.8187170321,-33.1221292207","-70.8187434426,-33.1221288351",180.989392586529,0.0024598961584220546
164,"-70.81867220205001,-33.12239148875","-70.8186800146,-33.1221297612","-70.8186908001,-33.1226528307","-70.8186643894,-33.1226532163","-70.8186536041,-33.1221301468",180.98934992640378,0.002459896035559704
165,"-70.818724751675,-33.12186298535","-70.8187433497,-33.1221243273","-70.8187169392,-33.1221247129","-70.8187061537,-33.1216016434","-70.8187325641,-33.1216012578",180.98937549438168,0.0024598968681264575
166,"-70.8186613238,-33.1218639114","-70.8186691364,-33.1216021838","-70.8186799216,-33.1221252534","-70.8186535111,-33.122125639","-70.8186427261,-33.1216025694",180.9893282083004,0.00245989218711509
167,"-70.818713873325,-33.1213354079","-70.8187324711,-33.1215967499","-70.8187060608,-33.1215971355","-70.8186952756,-33.1210740659","-70.8187216858,-33.1210736803",180.98935377470352,0.0024598930192797908
168,"-70.81865044585,-33.121336333975","-70.8186582585,-33.1210746064","-70.8186690435,-33.121597676","-70.8186426331,-33.1215980616","-70.8186318483,-33.1210749919",180.98931550154842,0.0024598975515301323
169,"-70.818873924175,-33.122943334675","-70.818892523,-33.1232046766","-70.8188661122,-33.1232050622","-70.8188553254,-33.1226819928","-70.8188817361,-33.1226816071",180.98948268671546,0.002459894645885732
170,"-70.818810495525,-33.122944260824994","-70.8188183076,-33.1226825333","-70.8188290942,-33.1232056027","-70.8188026833,-33.1232059884","-70.818791897,-33.1226829189",180.98944016289636,0.002459894619260503
171,"-70.8185368698,-33.118904802575","-70.8185554662,-33.1191661447","-70.8185290566,-33.1191665303","-70.8185182735,-33.1186434604","-70.8185446829,-33.1186430749",180.98919272013154,0.00245989114471646
172,"-70.81847344405,-33.11890572845","-70.8184812574,-33.1186440008","-70.8184920403,-33.1191670706","-70.8184656306,-33.1191674561","-70.8184548479,-33.1186443863",180.9891500550521,0.0024599003336500435
173,"-70.81857346005,-33.120679640800006","-70.8185920572,-33.1209409829","-70.818565647,-33.1209413684","-70.818554863,-33.1204182987","-70.818581273,-33.1204179132",180.98925521229316,0.002459897220823017
174,"-70.818510032975,-33.120680566725","-70.8185178461,-33.1204188391","-70.8185286299,-33.1209419088","-70.8185022198,-33.1209422944","-70.8184914361,-33.1204192246",180.9892174073164,0.0024598926360306353
175,"-70.8185625831,-33.120152063225","-70.81858118,-33.1204134053","-70.81855477,-33.1204137909","-70.8185439863,-33.1198907211","-70.8185703961,-33.1198903356",180.98923381798502,0.0024598934673146448
176,"-70.81849915644999,-33.12015298915","-70.8185069696,-33.1198912615","-70.8185177532,-33.1204143313","-70.8184913432,-33.1204147168","-70.8184805598,-33.119891647",180.989200125409,0.0024598933451522613
177,"-70.81855170645001,-33.11962448565","-70.8185703032,-33.1198858278","-70.8185438933,-33.1198862133","-70.8185331098,-33.1193631435","-70.8185595195,-33.119362758",180.98922110966956,0.002459898831912932
178,"-70.8184882802,-33.119625411550004","-70.8184960934,-33.1193636839","-70.8185068767,-33.1198867537","-70.8184804669,-33.1198871392","-70.8184696838,-33.1193640694",180.98917859283262,0.0024598894943087036
179,"-70.818608773775,-33.122392414775","-70.8186273716,-33.1226537568","-70.818600961,-33.1226541423","-70.818590176,-33.1221310728","-70.8186165865,-33.1221306872",180.98932344613775,0.002459891257058848
180,"-70.8185453455,-33.122393340775","-70.8185531584,-33.1221316132","-70.8185639432,-33.1226546828","-70.8185375325,-33.1226550683","-70.8185267479,-33.1221319988",180.98928549879454,0.0024598958868066257
181,"-70.81859789595,-33.1218648374","-70.8186164936,-33.1221261794","-70.8185900831,-33.122126565","-70.8185792984,-33.1216034954","-70.8186057087,-33.1216031098",180.9893066282329,0.0024598921611984036
182,"-70.81853446805,-33.121865763375","-70.818542281,-33.1216040358","-70.8185530655,-33.1221271054","-70.818526655,-33.122127491","-70.8185158707,-33.1216044213",180.9892637791889,0.0024598920383711144
183,"-70.81858701835,-33.121337259949996","-70.8186056158,-33.121598602","-70.8185792054,-33.1215989876","-70.818568421,-33.1210759179","-70.8185948312,-33.1210755323",180.98928490156476,0.00245989762316665
184,"-70.818523590875,-33.1213381859","-70.8185314039,-33.1210764583","-70.8185421881,-33.121599528","-70.8185157778,-33.1215999135","-70.8185049937,-33.1210768438",180.98924649694834,0.002459892747040394
185,"-70.818747066875,-33.122945186950005","-70.8187656653,-33.1232065289","-70.8187392545,-33.1232069145","-70.8187284685,-33.122683845","-70.8187548792,-33.1226834594",180.9894091023858,0.0024598944970925535
186,"-70.81868363825001,-33.122946113024994","-70.8186914507,-33.1226843855","-70.8187022365,-33.1232074549","-70.8186758257,-33.1232078406","-70.8186650401,-33.1226847711",180.98937148499868,0.0024598899124046864
187,"-70.8184100183,-33.118906654300005","-70.8184286143,-33.1191679965","-70.8184022047,-33.119168382","-70.8183914224,-33.1186453121","-70.8184178318,-33.1186449266",180.98911913368883,0.0024598909966333333
188,"-70.81834659255,-33.1189075801","-70.8183544062,-33.1186458524","-70.8183651884,-33.1191689223","-70.8183387788,-33.1191693078","-70.8183279968,-33.1186462379",180.98908576664968,0.0024598909707182932
189,"-70.818446605975,-33.120681492625","-70.8184652027,-33.1209428347","-70.8184387926,-33.1209432203","-70.8184280093,-33.1204201505","-70.8184544193,-33.120419765",180.9891866701367,0.0024598926094356426
190,"-70.818383178925,-33.120682418499996","-70.8183909924,-33.1204206909","-70.8184017755,-33.1209437606","-70.8183753654,-33.1209441461","-70.8183645824,-33.1204210764",180.98915316668695,0.002459892487942426
191,"-70.818435729825,-33.12015391505","-70.8184543264,-33.1204152572","-70.8184279164,-33.1204156427","-70.8184171333,-33.1198925729","-70.8184435432,-33.1198921874",180.98917396007505,0.002459897975051484
192,"-70.81837230315,-33.120154840875","-70.8183801167,-33.1198931132","-70.8183908995,-33.120416183","-70.8183644895,-33.1204165686","-70.8183537069,-33.1198934987",180.9891270014847,0.0024598933901928332
193,"-70.81842485395,-33.1196263374","-70.8184434503,-33.1198876796","-70.8184170404,-33.1198880651","-70.8184062577,-33.1193649952","-70.8184326674,-33.1193646097",180.9891476588565,0.0024598987794016763
194,"-70.818361427675,-33.11962726325","-70.8183692413,-33.1193655356","-70.8183800238,-33.1198886054","-70.818353614,-33.1198889909","-70.8183428316,-33.1193659211",180.98910990634602,0.002459894098313785
195,"-70.81848191727501,-33.12239426675","-70.8185005147,-33.1226556088","-70.8184741041,-33.1226559943","-70.8184633199,-33.1221329247","-70.8184897304,-33.1221325392",180.98924986249332,0.0024598911082864532
196,"-70.818418489,-33.122395192649996","-70.8184263023,-33.1221334651","-70.8184370863,-33.1226565347","-70.8184106756,-33.1226569202","-70.8183998918,-33.1221338506",180.98921191447235,0.0024598957373890987
197,"-70.818471040175,-33.121866689325","-70.8184896374,-33.1221280314","-70.8184632269,-33.1221284169","-70.818452443,-33.1216053473","-70.8184788534,-33.1216049617",180.9892284618499,0.002459896668162473
198,"-70.81840761232499,-33.121867615225","-70.8184154257,-33.1216058876","-70.8184262094,-33.1221289573","-70.8183997989,-33.1221293428","-70.8183890153,-33.1216062732",180.9891950956075,0.0024598966415869295
199,"-70.818460163375,-33.121339111825","-70.8184787604,-33.1216004539","-70.8184523501,-33.1216008394","-70.8184415664,-33.1210777698","-70.8184679766,-33.1210773842",180.98921608585633,0.002459892818678359
200,"-70.818396735875,-33.1213400377","-70.8184045493,-33.1210783101","-70.8184153327,-33.1216013798","-70.8183889224,-33.1216017653","-70.8183781391,-33.1210786956",180.98917323842994,0.002459892695186098
201,"-70.8186202096,-33.12294703905","-70.8186388077,-33.123208381","-70.8186123968,-33.1232087666","-70.8186016116,-33.1226856971","-70.8186280223,-33.1226853115",180.98934041690103,0.0024598991002209697
202,"-70.81855678092501,-33.12294796505","-70.8185645938,-33.1226862375","-70.8185753788,-33.123209307","-70.818548968,-33.1232096926","-70.8185381831,-33.1226866231",180.98930247497324,0.002459894419295098
203,"-70.818283166775,-33.118908505875","-70.8183017624,-33.1191698481","-70.8182753528,-33.1191702336","-70.8182645712,-33.1186471636","-70.8182909807,-33.1186467782",180.9890501208215,0.0024598955031545824
204,"-70.81821974102499,-33.118909431625","-70.8182275551,-33.1186477039","-70.8182383365,-33.1191707739","-70.8182119269,-33.1191711593","-70.8182011456,-33.1186480894",180.98901675468278,0.0024598954772269118
205,"-70.8183197519,-33.12068334435","-70.8183383483,-33.1209446865","-70.8183119381,-33.120945072","-70.8183011556,-33.1204220022","-70.8183275656,-33.1204216167",180.98911765801546,0.002459897117779852
206,"-70.8182563249,-33.12068427015","-70.8182641388,-33.1204225425","-70.8182749211,-33.1209456123","-70.8182485109,-33.1209459978","-70.8182377288,-33.120422928",180.98907513655826,0.0024598970912013776
207,"-70.818308876525,-33.120155766725006","-70.8183274727,-33.1204171089","-70.8183010627,-33.1204174944","-70.8182902804,-33.1198944245","-70.8183166903,-33.1198940391",180.98910037467897,0.0024598978256761936
208,"-70.818245449825,-33.1201566925","-70.8182532638,-33.1198949648","-70.8182640458,-33.1204180347","-70.8182376358,-33.1204184202","-70.8182268539,-33.1198953503",180.98905799054089,0.0024598978972735033
209,"-70.818298001375,-33.119628189025","-70.8183165973,-33.1198895312","-70.8182901875,-33.1198899167","-70.8182794055,-33.1193668468","-70.8183058152,-33.1193664614",180.98907884179013,0.002459893976174416
210,"-70.8182345751,-33.1196291148","-70.8182423891,-33.1193673871","-70.8182531709,-33.119890457","-70.818226761,-33.1198908425","-70.8182159794,-33.1193677726",180.98904103117908,0.002459898702295144
211,"-70.81835506075001,-33.12239611855","-70.8183736579,-33.1226574606","-70.8183472472,-33.1226578461","-70.8183364637,-33.1221347765","-70.8183628742,-33.122134391",180.98919033164955,0.0024598957121087063
212,"-70.8182916325,-33.122397044450004","-70.8182994462,-33.1221353169","-70.8183102294,-33.1226583865","-70.8182838187,-33.122658772","-70.8182730357,-33.1221357024",180.98913865451584,0.00245989568619425
213,"-70.818344184425,-33.1218685411","-70.8183627813,-33.1221298832","-70.8183363708,-33.1221302687","-70.8183255876,-33.121607199","-70.818351998,-33.1216068135",180.98916403181704,0.0024598965187558673
214,"-70.818280756525,-33.12186946695","-70.8182885703,-33.1216077394","-70.8182993532,-33.122130809","-70.8182729427,-33.1221311945","-70.8182621599,-33.1216081249",180.98912169900143,0.00245989649283644
215,"-70.818333308375,-33.121340963600005","-70.818351905,-33.1216023057","-70.8183254947,-33.1216026912","-70.8183147118,-33.1210796215","-70.818341122,-33.121079236",180.98914250024376,0.002459892669927445
216,"-70.818269880875,-33.1213418894","-70.8182776947,-33.1210801618","-70.8182884773,-33.1216032315","-70.818262067,-33.121603617","-70.8182512845,-33.1210805473",180.98909997929954,0.002459892643989328
217,"-70.8184933523,-33.122948891049994","-70.81851195,-33.123210233","-70.8184855392,-33.1232106186","-70.8184747547,-33.1226875491","-70.8185011653,-33.1226871635",180.98927631968408,0.0024598897376868836
218,"-70.81842992365,-33.122949817024995","-70.8184377369,-33.1226880895","-70.8184485212,-33.123211159","-70.8184221103,-33.1232115446","-70.8184113262,-33.122688475",180.98923346675292,0.0024598989248542334
219,"-70.81815631525001,-33.118910357325","-70.8181749105,-33.1191716996","-70.8181485009,-33.119172085","-70.8181377201,-33.1186490151","-70.8181641295,-33.1186486296",180.98898144053985,0.0024598907967398652
220,"-70.81809288952499,-33.118911283","-70.818100704,-33.1186495553","-70.8181114846,-33.1191726253","-70.818085075,-33.1191730107","-70.8180742945,-33.1186499407",180.98894316759163,0.0024598953291856893
221,"-70.81819289785,-33.120685195925","-70.8182114939,-33.1209465381","-70.8181850837,-33.1209469236","-70.8181743019,-33.1204238537","-70.8182007119,-33.1204234683",180.9890532276667,0.0024598969684061266
222,"-70.818129470825,-33.12068612165","-70.8181372851,-33.120424394","-70.8181480666,-33.1209474638","-70.8181216565,-33.1209478493","-70.8181108751,-33.1204247795",180.98900645752627,0.0024598923835874205
223,"-70.8181820232,-33.120157618275","-70.818200619,-33.1204189605","-70.818174209,-33.1204193459","-70.8181634275,-33.1198962761","-70.8181898373,-33.1198958906",180.989031695407,0.0024598931179990297
224,"-70.8181185965,-33.120158543974995","-70.8181264108,-33.1198968163","-70.8181371921,-33.1204198862","-70.8181107821,-33.1204202716","-70.818100001,-33.1198972018",180.98898917376312,0.0024598930920786436
225,"-70.818171148825,-33.11963004055","-70.8181897444,-33.1198913828","-70.8181633346,-33.1198917682","-70.8181525533,-33.1193686983","-70.818178963,-33.1193683129",180.98901441129695,0.0024598938268040804
226,"-70.818107722525,-33.11963096625","-70.8181155369,-33.1193692386","-70.8181263179,-33.1198923085","-70.8180999081,-33.1198926939","-70.8180891272,-33.119369624",180.98897188964327,0.0024598938008842065
227,"-70.818228204225,-33.1223979703","-70.8182468009,-33.1226593124","-70.8182203903,-33.1226596979","-70.8182096076,-33.1221366282","-70.8182360181,-33.1221362427",180.9891123109399,0.0024598910045820358
228,"-70.81816477595001,-33.1223988961","-70.81817259,-33.1221371685","-70.8181833725,-33.1226602382","-70.8181569618,-33.1226606237","-70.8181461795,-33.122137554",180.98907436313687,0.0024598956343419983
229,"-70.81821732865001,-33.121870392800005","-70.8182359252,-33.1221317349","-70.8182095146,-33.1221321204","-70.8181987322,-33.1216090507","-70.8182251426,-33.1216086652",180.98909534608623,0.0024599011226166057
230,"-70.818153900775,-33.12187131855","-70.8181617149,-33.1216095909","-70.8181724971,-33.1221326607","-70.8181460866,-33.1221330462","-70.8181353045,-33.1216099764",180.98905721678426,0.002459896440986615
231,"-70.81820645335,-33.121342815199995","-70.8182250496,-33.1216041573","-70.8181986393,-33.1216045428","-70.8181878572,-33.1210814731","-70.8182142673,-33.1210810876",180.98907382188398,0.0024598879623165685
232,"-70.818143025825,-33.121343740975","-70.81815084,-33.1210820134","-70.8181616219,-33.1216050831","-70.8181352116,-33.1216054686","-70.8181244298,-33.1210823988",180.9890355498215,0.002459892495944506
233,"-70.818366494975,-33.122950742925","-70.8183850923,-33.1232120849","-70.8183586815,-33.1232124705","-70.8183478977,-33.1226894009","-70.8183743084,-33.1226890154",180.98920731164466,0.002459894244613561
234,"-70.81830306629999,-33.122951668825","-70.8183108799,-33.1226899413","-70.8183216635,-33.1232130108","-70.8182952526,-33.1232133964","-70.8182844692,-33.1226903268",180.98916936270945,0.0024598988743198195
235,"-70.818029463725,-33.11891220865","-70.8180480586,-33.1191735509","-70.818021649,-33.1191739364","-70.8180108689,-33.1186508664","-70.8180372784,-33.1186504809",180.98891288933288,0.002459895496350657
236,"-70.81796603795,-33.1189131343","-70.8179738528,-33.1186514066","-70.8179846327,-33.1191744766","-70.817958223,-33.119174862","-70.8179474433,-33.118651792",180.98887448112976,0.002459899932552119
237,"-70.81806604375001,-33.120687047375","-70.8180846394,-33.1209483896","-70.8180582292,-33.120948775","-70.8180474482,-33.1204257052","-70.8180738582,-33.1204253197",180.98897996763688,0.0024598969159013695
238,"-70.8180026167,-33.120687973049996","-70.8180104313,-33.1204262454","-70.8180212122,-33.1209493153","-70.817994802,-33.1209497007","-70.8179840213,-33.1204266308",180.98894627606342,0.002459896793108912
239,"-70.818055169875,-33.12015946965","-70.8180737653,-33.1204208119","-70.8180473553,-33.1204211973","-70.8180365745,-33.1198981274","-70.8180629844,-33.119897742",180.98896268345345,0.0024598976257734916
240,"-70.81799174317499,-33.12016039535","-70.8179995579,-33.1198986677","-70.8180103384,-33.1204217376","-70.8179839284,-33.120422123","-70.817973148,-33.1198990531",180.9889201628194,0.0024598975998530543
241,"-70.81804429625001,-33.119631891924996","-70.8180628915,-33.1198932342","-70.8180364816,-33.1198936196","-70.8180257011,-33.1193705497","-70.8180521108,-33.1193701642",180.98894586119033,0.0024598985276626907
242,"-70.81798086994999,-33.119632817574995","-70.8179886847,-33.1193710899","-70.817999465,-33.1198941598","-70.8179730551,-33.1198945453","-70.817962275,-33.1193714753",180.98890334055014,0.0024598985017440108
243,"-70.818101347675,-33.122399821849996","-70.818119944,-33.122661164","-70.8180935334,-33.1226615494","-70.8180827514,-33.1221384797","-70.8181091619,-33.1221380943",180.9890477444975,0.0024598907589948316
244,"-70.81803791940001,-33.122400747575","-70.8180457338,-33.12213902","-70.8180565156,-33.1226620897","-70.8180301049,-33.1226624752","-70.8180193233,-33.1221394054",180.98900993382875,0.002459895485622382
245,"-70.818090472875,-33.1218722443","-70.818109069,-33.1221335864","-70.8180826585,-33.1221339719","-70.8180718768,-33.1216109022","-70.8180982872,-33.1216105167",180.98902666812162,0.002459896415056218
246,"-70.818027044975,-33.121873170025","-70.8180348595,-33.1216114424","-70.8180456409,-33.1221345122","-70.8180192304,-33.1221348976","-70.8180084491,-33.1216118279",180.98898382134968,0.0024598962922611463
247,"-70.818079598325,-33.121344666700004","-70.8180981942,-33.1216060089","-70.8180717839,-33.1216063943","-70.8180610025,-33.1210833245","-70.8180874127,-33.1210829391",180.9890044847837,0.002459892372488233
248,"-70.818016170825,-33.121345592400004","-70.8180239854,-33.1210838648","-70.8180347665,-33.1216069346","-70.8180083562,-33.12160732","-70.8179975752,-33.1210842502",180.98896196467535,0.0024598923472282912
249,"-70.81823963765,-33.122952594649995","-70.8182582346,-33.1232139367","-70.8182318238,-33.1232143222","-70.8182210408,-33.1226912526","-70.8182474514,-33.1226908671",180.98913830783923,0.0024598894395222483
250,"-70.818176208975,-33.122953520450004","-70.818184023,-33.1226917929","-70.8181948057,-33.1232148625","-70.8181683949,-33.123215248","-70.8181576123,-33.1226921784",180.98909120503112,0.0024598940699347175
251,"-70.817902612175,-33.11891405985","-70.8179212067,-33.1191754022","-70.8178947971,-33.1191757876","-70.8178840177,-33.1186527175","-70.8179104272,-33.1186523321",180.98884813166993,0.002459895252096776
252,"-70.817839186375,-33.1189149854","-70.8178470016,-33.1186532577","-70.8178577807,-33.1191763277","-70.8178313711,-33.1191767131","-70.8178205921,-33.1186536431",180.98880579958302,0.002459895224858538
253,"-70.817939189675,-33.120688898675","-70.8179577849,-33.1209502409","-70.8179313748,-33.1209506263","-70.8179205945,-33.1204275565","-70.8179470045,-33.120427171",180.98891128817286,0.0024598922096091365
254,"-70.8178757626,-33.120689824325005","-70.8178835776,-33.1204280966","-70.8178943577,-33.1209511666","-70.8178679475,-33.120951552","-70.8178571676,-33.1204284821",180.9888731538681,0.0024598968388043364
255,"-70.81792831655001,-33.120161320950004","-70.8179469116,-33.1204226632","-70.8179205016,-33.1204230486","-70.8179097216,-33.1198999787","-70.8179361314,-33.1198995933",180.98889400300993,0.002459892918110238
256,"-70.81786488985,-33.12016224655","-70.8178727049,-33.1199005189","-70.8178834847,-33.1204235888","-70.8178570747,-33.1204239742","-70.8178462951,-33.1199009043",180.98885148339315,0.0024598928921926487
257,"-70.81791744367499,-33.1196337432","-70.8179360385,-33.1198950855","-70.8179096287,-33.1198954709","-70.8178988489,-33.1193724009","-70.8179252586,-33.1193720155",180.98887685489328,0.002459893723128781
258,"-70.817854017375,-33.11963466875","-70.8178618325,-33.1193729411","-70.817872612,-33.1198960111","-70.8178462022,-33.1198963964","-70.8178354228,-33.1193733264",180.9888338730189,0.002459893503518851
259,"-70.8179744911,-33.122401673275","-70.8179930871,-33.1226630154","-70.8179666764,-33.1226634009","-70.8179558952,-33.1221403311","-70.8179823057,-33.1221399457",180.98897919710146,0.0024598954596997532
260,"-70.817911062825,-33.12240259895","-70.8179188776,-33.1221408714","-70.8179296586,-33.1226639411","-70.817903248,-33.1226643265","-70.8178924671,-33.1221412568",180.98894111991322,0.00245989068122709
261,"-70.81796361705001,-33.1218740957","-70.8179822128,-33.1221354379","-70.8179558023,-33.1221358233","-70.8179450214,-33.1216127535","-70.8179714317,-33.1216123681",180.98895733865666,0.002459891513740189
262,"-70.81790018915001,-33.121875021375","-70.817908004,-33.1216132938","-70.8179187847,-33.1221363635","-70.8178923742,-33.122136749","-70.8178815937,-33.1216136792",180.98891514385173,0.0024598915853526896
263,"-70.81795274327499,-33.1213465181","-70.8179713388,-33.1216078603","-70.8179449285,-33.1216082457","-70.8179341478,-33.1210851759","-70.817960558,-33.1210847905",180.98894038040092,0.002459892320645125
264,"-70.81788931577499,-33.1213474437","-70.8178971307,-33.1210857161","-70.8179079111,-33.1216087859","-70.8178815008,-33.1216091713","-70.8178707205,-33.1210861015",180.98889785953907,0.0024598922947263744
265,"-70.818112780325,-33.122954446275","-70.8181313769,-33.1232157884","-70.8181049661,-33.1232161738","-70.8180941838,-33.1226931042","-70.8181205945,-33.1226927187",180.98906929745877,0.0024598939471357087
266,"-70.818049351625,-33.122955372025004","-70.818057166,-33.1226936445","-70.818067948,-33.1232167141","-70.8180415372,-33.1232170996","-70.8180307553,-33.1226940299",180.9890267772849,0.0024598939212044746
267,"-70.81777576062501,-33.118915910925","-70.8177943548,-33.1191772533","-70.8177679451,-33.1191776386","-70.8177571666,-33.1186545686","-70.817783576,-33.1186541832",180.98877473282624,0.0024598951020697243
268,"-70.81771233485,-33.1189168364","-70.8177201504,-33.1186551087","-70.8177309288,-33.1191781788","-70.8177045192,-33.1191785641","-70.817693741,-33.118655494",180.988736468926,0.002459890324114232
269,"-70.81781233555,-33.12069074985","-70.8178309304,-33.1209520921","-70.8178045203,-33.1209524775","-70.8177937407,-33.1204294076","-70.8178201508,-33.1204290222",180.98884227670405,0.0024598967167054203
270,"-70.8177489085,-33.12069167542501","-70.8177567239,-33.1204299478","-70.8177675032,-33.1209530177","-70.817741093,-33.1209534031","-70.8177303139,-33.1204303331",180.98879943139983,0.002459896593920028
271,"-70.817801463175,-33.1201631721","-70.8178200579,-33.1204245144","-70.8177936478,-33.1204248998","-70.8177828686,-33.1199018298","-70.8178092784,-33.1199014444",180.98882512735733,0.0024598975214121946
272,"-70.8177380365,-33.120164097625","-70.8177458519,-33.11990237","-70.817756631,-33.1204254399","-70.817730221,-33.1204258253","-70.8177194421,-33.1199027553",180.98878705193323,0.002459892742852113
273,"-70.817790591075,-33.1196355943","-70.8178091855,-33.1198969366","-70.8177827757,-33.119897322","-70.8177719967,-33.119374252","-70.8177984064,-33.1193738666",180.9888035939747,0.0024598936712974273
274,"-70.8177271648,-33.1196365198","-70.8177349803,-33.1193747921","-70.8177457591,-33.1198978621","-70.8177193492,-33.1198982475","-70.8177085706,-33.1193751775",180.988765648811,0.0024598983012084196
275,"-70.81784763454999,-33.1224035246","-70.8178662302,-33.1226648668","-70.8178398195,-33.1226652522","-70.817829039,-33.1221421824","-70.8178554495,-33.122141797",180.9889147656843,0.002459895310984485
276,"-70.81778420625,-33.1224044502","-70.8177920214,-33.1221427226","-70.8178028017,-33.1226657924","-70.817776391,-33.1226661778","-70.8177656109,-33.122143108",180.98887224634763,0.0024598952850646543
277,"-70.81783676124999,-33.121875947","-70.8178553566,-33.1221372892","-70.8178289461,-33.1221376746","-70.817818166,-33.1216146048","-70.8178445763,-33.1216142194",180.98888407956923,0.0024598914632220645
278,"-70.817773333325,-33.121876872575","-70.8177811486,-33.121615145","-70.8177919285,-33.1221382148","-70.817765518,-33.1221386002","-70.8177547382,-33.1216155303",180.98884580879775,0.002459895995529193
279,"-70.81782588825,-33.121348369325005","-70.8178444834,-33.1216097115","-70.817818073,-33.121610097","-70.8178072932,-33.1210870271","-70.8178337034,-33.1210866417",180.98886267592712,0.0024598970207518707
280,"-70.81776246070001,-33.121349294874996","-70.817770276,-33.1210875673","-70.8177810557,-33.1216106371","-70.8177546453,-33.1216110225","-70.8177438658,-33.1210879526",180.98882884894198,0.0024598968017769526
281,"-70.81764890905,-33.11891776185","-70.8176675028,-33.1191791042","-70.8176410932,-33.1191794896","-70.8176303154,-33.1186564195","-70.8176567248,-33.1186560341",180.98870618883356,0.002459890492551347
282,"-70.817585483275,-33.118918687275","-70.8175932992,-33.1186569595","-70.8176040769,-33.1191800297","-70.8175776672,-33.119180415","-70.8175668898,-33.1186573449",180.98866791814064,0.0024598950243400522
283,"-70.81768548145001,-33.120692600925004","-70.817704076,-33.1209539432","-70.8176776658,-33.1209543286","-70.817666887,-33.1204312586","-70.817693297,-33.1204308733",180.98877784634882,0.0024598965673361802
284,"-70.81762205435001,-33.120693526425","-70.8176298701,-33.1204317988","-70.8176406487,-33.1209548687","-70.8176142385,-33.1209552541","-70.8176034601,-33.1204321841",180.98873532637933,0.0024598965420824384
285,"-70.81767460982499,-33.12016502315","-70.8176932041,-33.1204263655","-70.8176667941,-33.1204267508","-70.8176560156,-33.1199036808","-70.8176824255,-33.1199032955",180.98875140575632,0.0024598972759148855
286,"-70.817611183125,-33.1201659486","-70.817618999,-33.1199042209","-70.8176297772,-33.1204272909","-70.8176033672,-33.1204276763","-70.8175925891,-33.1199046063",180.98870934747833,0.0024598974443570173
287,"-70.81766373849999,-33.119637445274996","-70.8176823326,-33.1198987876","-70.8176559227,-33.119899173","-70.8176451445,-33.1193761029","-70.8176715542,-33.1193757176",180.98873458109375,0.0024598981784477677
288,"-70.8176003122,-33.119638370725","-70.8176081281,-33.119376643","-70.8176189061,-33.1198997131","-70.8175924962,-33.1199000984","-70.8175817184,-33.1193770284",180.9886920617502,0.0024598981518802548
289,"-70.81772077795,-33.1224053758","-70.8177393732,-33.122666718","-70.8177129625,-33.1226671034","-70.8177021828,-33.1221440336","-70.8177285933,-33.1221436482",180.9888415076429,0.002459895259144822
290,"-70.81765734965,-33.1224063013","-70.8176651652,-33.1221445737","-70.8176759447,-33.1226676435","-70.817649534,-33.1226680289","-70.8176387547,-33.1221449591",180.98879898873813,0.0024598952332277905
291,"-70.81770990542499,-33.121877798125","-70.8177285004,-33.1221391404","-70.8177020899,-33.1221395257","-70.8176913105,-33.1216164559","-70.8177177209,-33.1216160705",180.9888150684308,0.002459895969617946
292,"-70.8176464775,-33.12187872365","-70.8176542931,-33.121616996","-70.8176650723,-33.1221400659","-70.8176386618,-33.1221404513","-70.8176278828,-33.1216173814",180.9887772668779,0.0024598913848068523
293,"-70.8176990332,-33.12135022045","-70.817717628,-33.1216115627","-70.8176912176,-33.1216119481","-70.8176804385,-33.1210888782","-70.8177068487,-33.1210884928",180.98879824669535,0.002459896872051196
294,"-70.817635605625,-33.12135114595","-70.8176434213,-33.1210894183","-70.8176542002,-33.1216124882","-70.8176277899,-33.1216128736","-70.8176170111,-33.1210898037",180.988760307836,0.0024598921910555494
295,"-70.817522057475,-33.118919612650004","-70.8175406509,-33.1191809551","-70.8175142412,-33.1191813404","-70.8175034642,-33.1186582702","-70.8175298736,-33.1186578849",180.98863685056833,0.002459894901575753
296,"-70.81745863167501,-33.11892053805","-70.817466448,-33.1186588103","-70.8174772249,-33.1191818805","-70.8174508153,-33.1191822658","-70.8174400385,-33.1186591956",180.98860348755713,0.002459894876361203
297,"-70.817558627325,-33.120694451874996","-70.8175772215,-33.1209557942","-70.8175508113,-33.1209561796","-70.8175400332,-33.1204331095","-70.8175664433,-33.1204327242",180.98870897111294,0.0024599011713041497
298,"-70.81749520025001,-33.1206953773","-70.8175030164,-33.1204336496","-70.8175137942,-33.1209567196","-70.817487384,-33.120957105","-70.8174766064,-33.120434035",180.98866220355848,0.002459896585779088
299,"-70.817547756475,-33.120166874025","-70.8175663504,-33.1204282164","-70.8175399404,-33.1204286017","-70.8175291626,-33.1199055317","-70.8175555725,-33.1199051463",180.98868743619425,0.002459897321597191
300,"-70.817484329775,-33.120167799425005","-70.817492146,-33.1199060717","-70.8175029235,-33.1204291418","-70.8174765135,-33.1204295271","-70.8174657361,-33.1199064571",180.98864491664142,0.0024598972956851478
301,"-70.81753688585,-33.119639296125","-70.8175554796,-33.1199006385","-70.8175290697,-33.1199010238","-70.8175182922,-33.1193779538","-70.8175447019,-33.1193775684",180.98867047551673,0.0024598981266234655
302,"-70.81747345955,-33.1196402215","-70.8174812758,-33.1193784938","-70.8174920531,-33.1199015639","-70.8174656432,-33.1199019492","-70.8174548661,-33.1193788791",180.98862763107445,0.002459898004527232
303,"-70.81759392137499,-33.122407226825004","-70.8176125162,-33.1226685691","-70.8175861056,-33.1226689544","-70.8175753266,-33.1221458846","-70.8176017371,-33.1221454992",180.988772504696,0.002459890455445926
304,"-70.8175304931,-33.122408152325","-70.817538309,-33.1221464247","-70.8175490878,-33.1226694946","-70.8175226771,-33.1226698799","-70.8175118985,-33.1221468101",180.98873455889955,0.002459895084552915
305,"-70.817583049575,-33.121879649149996","-70.8176016442,-33.1221409914","-70.8175752337,-33.1221413768","-70.817564455,-33.1216183069","-70.8175908654,-33.1216179215",180.98875110064682,0.0024598960146244636
306,"-70.817519621675,-33.1218805746","-70.8175274377,-33.121618847","-70.8175382161,-33.1221419169","-70.8175118056,-33.1221423022","-70.8175010273,-33.1216192323",180.98870812110397,0.0024598957943536624
307,"-70.817572178125,-33.121352071424994","-70.8175907725,-33.1216134137","-70.8175643622,-33.1216137991","-70.8175535838,-33.1210907291","-70.817579994,-33.1210903438",180.98872924115338,0.0024598920676315982
308,"-70.81750875055,-33.12135299685","-70.8175165666,-33.1210912692","-70.8175273448,-33.1216143392","-70.8175009344,-33.1216147245","-70.8174901564,-33.1210916545",180.98869097180977,0.0024598966012666966
309,"-70.81739520587502,-33.118921463350006","-70.8174137989,-33.1191828058","-70.8173873893,-33.1191831911","-70.8173766129,-33.1186601209","-70.8174030224,-33.1186597356",180.9885727438848,0.002459894850453211
310,"-70.817331780075,-33.11892238865","-70.8173395968,-33.1186606609","-70.8173503729,-33.1191837311","-70.8173239633,-33.1191841164","-70.8173131873,-33.1186610462",180.9885302259292,0.0024598948238835966
311,"-70.817431773175,-33.120696302675","-70.8174503669,-33.120957645","-70.8174239568,-33.1209580304","-70.8174131795,-33.1204349603","-70.8174395895,-33.120434575",180.9886357183141,0.002459891808581164
312,"-70.8173683461,-33.12069722805","-70.8173761626,-33.1204355004","-70.8173869397,-33.1209585704","-70.8173605295,-33.1209589557","-70.8173497526,-33.1204358857",180.9885976363172,0.002459896341584576
313,"-70.81742090304999,-33.120168724799996","-70.8174394966,-33.1204300672","-70.8174130866,-33.1204304525","-70.8174023096,-33.1199073824","-70.8174287194,-33.1199069971",180.98861843095656,0.0024598925171086554
314,"-70.81735747635,-33.1201696501","-70.8173652929,-33.1199079224","-70.8173760697,-33.1204309925","-70.8173496597,-33.1204313778","-70.8173388831,-33.1199083077",180.98857591181581,0.002459892491199459
315,"-70.81741003325,-33.1196411469","-70.8174286266,-33.1199024893","-70.8174022167,-33.1199028746","-70.81739144,-33.1193798045","-70.8174178497,-33.1193794192",180.98859688977856,0.0024598979786157006
316,"-70.81734660695,-33.1196420722","-70.8173544236,-33.1193803445","-70.8173652001,-33.1199034146","-70.8173387902,-33.1199037999","-70.8173280139,-33.1193807298",180.98855437120102,0.002459897952045343
317,"-70.8174670648,-33.122409077774996","-70.8174856593,-33.12267042","-70.8174592486,-33.1226708054","-70.8174484704,-33.1221477355","-70.8174748809,-33.1221473502",180.98870382055796,0.002459895058630243
318,"-70.8174036365,-33.122410003199995","-70.8174114528,-33.1221482756","-70.8174222308,-33.1226713455","-70.8173958201,-33.1226717308","-70.8173850423,-33.1221486609",180.9886609764561,0.0024598949358751966
319,"-70.81745619374999,-33.121881500025","-70.817474788,-33.1221428423","-70.8174483775,-33.1221432277","-70.8174375996,-33.1216201577","-70.8174640099,-33.1216197724",180.9886820978616,0.002459891209552032
320,"-70.81739276582499,-33.121882425425","-70.8174005822,-33.1216206978","-70.8174113599,-33.1221437677","-70.8173849494,-33.1221441531","-70.8173741718,-33.1216210831",180.9886441531698,0.0024598958400411444
321,"-70.81744532305,-33.12135392225","-70.8174639171,-33.1216152646","-70.8174375067,-33.1216156499","-70.8174267291,-33.1210925799","-70.8174531393,-33.1210921946",180.9886602307927,0.002459896574691875
322,"-70.81738189547501,-33.121354847650004","-70.8173897119,-33.12109312","-70.8174004893,-33.12161619","-70.817374079,-33.1216165753","-70.8173633017,-33.1210935053",180.98862229335293,0.0024598918937194965
323,"-70.817268354275,-33.1189233139","-70.8172869469,-33.1191846564","-70.8172605373,-33.1191850416","-70.8172497617,-33.1186619714","-70.8172761712,-33.1186615862",180.98849902019222,0.002459894604994735
324,"-70.81720492847501,-33.118924239125","-70.8172127456,-33.1186625114","-70.8172235209,-33.1191855816","-70.8171971113,-33.1191859669","-70.8171863361,-33.1186628966",180.9884566400716,0.0024598946759109
325,"-70.817257485875,-33.118395735825","-70.8172760783,-33.1186570783","-70.8172496688,-33.1186574636","-70.8172388935,-33.1181343933","-70.8172653029,-33.1181340081",180.9884776144124,0.002459900161192564
326,"-70.81719406044999,-33.11839666105","-70.8172018776,-33.1181349333","-70.8172126527,-33.1186580036","-70.8171862432,-33.1186583888","-70.8171754683,-33.1181353185",180.98843935106265,0.0024598953832143462
327,"-70.81730491900001,-33.120698153374995","-70.8173235124,-33.1209594958","-70.8172971022,-33.120959881","-70.8172863257,-33.120436811","-70.8173127357,-33.1204364257",180.9885665700257,0.0024598962181906917
328,"-70.817241491925,-33.12069907865","-70.8172493088,-33.120437351","-70.8172600851,-33.1209604211","-70.817233675,-33.1209608063","-70.8172228988,-33.1204377362",180.98852830644722,0.0024598914403584802
329,"-70.81729404965,-33.12017057542501","-70.8173126428,-33.1204319179","-70.8172862328,-33.1204323031","-70.8172754566,-33.119909233","-70.8173018664,-33.1199088477",180.98854484508422,0.002459892368467596
330,"-70.81723062297499,-33.1201715007","-70.8172384399,-33.119909773","-70.817249216,-33.1204328431","-70.8172228059,-33.1204332284","-70.8172120301,-33.1199101583",180.98850722694112,0.0024598970945167256
331,"-70.8172831806,-33.119642997475","-70.8173017736,-33.1199043399","-70.8172753637,-33.1199047252","-70.8172645877,-33.119381655","-70.8172909974,-33.1193812698",180.98853245756192,0.002459897828653783
332,"-70.8172197543,-33.119643922725004","-70.8172275713,-33.119382195","-70.8172383471,-33.1199052652","-70.8172119372,-33.1199056504","-70.8172011616,-33.1193825803",180.9884899399746,0.002459897803408226
333,"-70.81734020817501,-33.122410928575","-70.8173588023,-33.1226722709","-70.8173323916,-33.1226726562","-70.8173216141,-33.1221495863","-70.8173480247,-33.1221492009",180.9886349466052,0.002459899662514727
334,"-70.817276779875,-33.1224118539","-70.8172845966,-33.1221501263","-70.8172953738,-33.1226731962","-70.8172689631,-33.1226735815","-70.817258186,-33.1221505116",180.98859229096485,0.002459899539094158
335,"-70.817329337925,-33.121883350800005","-70.8173479318,-33.1221446931","-70.8173215213,-33.1221450784","-70.8173107441,-33.1216220085","-70.8173371545,-33.1216216232",180.9886132753829,0.002459895716619373
336,"-70.81726590997499,-33.12188427615","-70.8172737267,-33.1216225485","-70.8172845037,-33.1221456185","-70.8172580931,-33.1221460038","-70.8172473164,-33.1216229338",180.98857056853916,0.0024598956906724395
337,"-70.81731846790001,-33.121355772950004","-70.8173370616,-33.1216171153","-70.8173106512,-33.1216175006","-70.8172998743,-33.1210944306","-70.8173262845,-33.1210940453",180.9885961264555,0.002459896522882014
338,"-70.8172550404,-33.1213566983","-70.8172628572,-33.1210949706","-70.8172736339,-33.1216180407","-70.8172472235,-33.121618426","-70.817236447,-33.1210953559",180.98855342019831,0.002459896497624934
339,"-70.81714150265,-33.118925164325","-70.8171600949,-33.1191865068","-70.8171336853,-33.1191868921","-70.8171229105,-33.1186638218","-70.8171493199,-33.1186634366",180.98843047739626,0.0024598899934457586
340,"-70.817078076825,-33.11892608945","-70.8170858943,-33.1186643617","-70.8170966689,-33.119187432","-70.8170702593,-33.1191878172","-70.8170594848,-33.1186647469",180.9883922078054,0.002459894527949062
341,"-70.817130635025,-33.118397586200004","-70.8171492271,-33.1186589287","-70.8171228176,-33.118659314","-70.817112043,-33.1181362437","-70.8171384524,-33.1181358584",180.9884136441651,0.002459900207521826
342,"-70.8170672096,-33.118398511349994","-70.8170750271,-33.1181367836","-70.8170858015,-33.1186598539","-70.817059392,-33.1186602391","-70.8170486178,-33.1181371688",180.98837524494888,0.002459895331400908
343,"-70.81717806485,-33.1207000039","-70.8171966579,-33.1209613463","-70.8171702477,-33.1209617316","-70.8171594719,-33.1204386615","-70.8171858819,-33.1204382762",180.98850260145792,0.002459896263201965
344,"-70.81711463775,-33.120700929150004","-70.817122455,-33.1204392015","-70.8171332306,-33.1209622716","-70.8171068204,-33.1209626568","-70.817096045,-33.1204395867",180.98845962088157,0.0024598960443183064
345,"-70.81716719625,-33.120172425975","-70.8171857891,-33.1204337684","-70.817159379,-33.1204341537","-70.8171486035,-33.1199110835","-70.8171750134,-33.1199106983",180.98848073270955,0.0024599016276182564
346,"-70.817103769575,-33.120173351175","-70.8171115869,-33.1199116235","-70.8171223622,-33.1204346936","-70.8170959522,-33.1204350789","-70.817085177,-33.1199120087",180.98844279613726,0.0024598969459077
347,"-70.817156327975,-33.11964484795","-70.8171749205,-33.1199061904","-70.8171485107,-33.1199065757","-70.8171377355,-33.1193835055","-70.8171641452,-33.1193831202",180.98845475889013,0.002459893218498147
348,"-70.817092901625,-33.119645773125","-70.817100719,-33.1193840454","-70.817111494,-33.1199071156","-70.8170850842,-33.1199075009","-70.8170743093,-33.1193844306",180.9884210710432,0.0024598930957779306
349,"-70.81721335155,-33.122412779225","-70.8172319453,-33.1226741216","-70.8172055346,-33.1226745068","-70.8171947579,-33.1221514369","-70.8172211684,-33.1221510516",180.98856580688985,0.002459894760653912
350,"-70.81714992325,-33.122413704525","-70.8171577403,-33.1221519769","-70.8171685168,-33.1226750469","-70.8171421061,-33.1226754321","-70.8171313298,-33.1221523622",180.98852328673402,0.0024598947354040725
351,"-70.81720248204999,-33.12188520145","-70.8172210756,-33.1221465438","-70.817194665,-33.1221469291","-70.8171838886,-33.1216238591","-70.817210299,-33.1216234738",180.98854440223946,0.0024599003204956683
352,"-70.81713905410001,-33.121886126700005","-70.8171468712,-33.1216243991","-70.8171576474,-33.1221474691","-70.8171312369,-33.1221478543","-70.8171204609,-33.1216247843",180.98850142882281,0.0024598907895151687
353,"-70.8171916128,-33.121357623575","-70.8172102061,-33.121618966","-70.8171837957,-33.1216193512","-70.8171730196,-33.1210962812","-70.8171994298,-33.1210958959",180.98852254157447,0.002459896374238682
354,"-70.81712818525,-33.121358548825","-70.8171360024,-33.1210968212","-70.8171467784,-33.1216198912","-70.817120368,-33.1216202765","-70.8171095922,-33.1210972064",180.98848917886994,0.002459896348991124
355,"-70.817014651025,-33.11892701465","-70.8170332429,-33.1191883572","-70.8170068333,-33.1191887424","-70.8169960592,-33.1186656721","-70.8170224687,-33.1186652869",180.98836146403718,0.0024598945013753638
356,"-70.816951225225,-33.118927939725","-70.8169590431,-33.118666212","-70.8169698169,-33.1191892823","-70.8169434073,-33.1191896675","-70.8169326336,-33.1186665971",180.9883186213666,0.0024598943780221906
357,"-70.817003784175,-33.11839943645","-70.8170223758,-33.118660779","-70.8169959664,-33.1186611642","-70.8169851926,-33.1181380939","-70.8170116019,-33.1181377087",180.98833992550524,0.0024598906496074457
358,"-70.81694035870001,-33.118400361525005","-70.8169481766,-33.1181386338","-70.8169589502,-33.1186617041","-70.8169325407,-33.1186620893","-70.8169217673,-33.1181390189",180.9883016581385,0.0024598951828078406
359,"-70.81705121064999,-33.120701854325006","-70.8170698033,-33.1209631968","-70.8170433931,-33.120963582","-70.8170326181,-33.1204405119","-70.8170590281,-33.1204401266",180.98842901427335,0.0024598961152271373
360,"-70.816987783575,-33.12070277949999","-70.8169956012,-33.1204410518","-70.817006376,-33.120964122","-70.8169799659,-33.1209645072","-70.8169691912,-33.120441437",180.98839075269132,0.0024598913360678117
361,"-70.817040342875,-33.1201742763","-70.8170589353,-33.1204356188","-70.8170325253,-33.120436004","-70.8170217505,-33.1199129338","-70.8170481604,-33.1199125486",180.9884117269062,0.0024598968238429978
362,"-70.81697691612499,-33.1201752015","-70.8169847338,-33.1199134738","-70.8169955084,-33.120436544","-70.8169690983,-33.1204369292","-70.816958324,-33.119913859",180.9883692107515,0.0024598967972472028
363,"-70.8170294753,-33.1196466983","-70.8170480675,-33.1199080408","-70.8170216576,-33.119908426","-70.8170108832,-33.1193853558","-70.8170372929,-33.1193849706",180.98838560986036,0.0024598976288760866
364,"-70.81696604895001,-33.1196476234","-70.8169738667,-33.1193858957","-70.816984641,-33.1199089659","-70.8169582311,-33.1199093511","-70.816947457,-33.1193862809",180.98835224897687,0.0024598976029729484
365,"-70.817086494925,-33.122414629750004","-70.8171050883,-33.1226759721","-70.8170786776,-33.1226763574","-70.8170679016,-33.1221532874","-70.8170943122,-33.1221529021",180.98849725789418,0.002459899462029576
366,"-70.8170230666,-33.122415554999996","-70.817030884,-33.1221538274","-70.8170416598,-33.1226768974","-70.8170152491,-33.1226772826","-70.8170044735,-33.1221542126",180.98845885871125,0.0024598945867695416
367,"-70.817075626175,-33.121887051925","-70.8170942193,-33.1221483943","-70.8170678088,-33.1221487796","-70.8170570331,-33.1216257095","-70.8170834435,-33.1216253243",180.98847539893788,0.002459895516162837
368,"-70.8170121982,-33.121887977125","-70.8170200157,-33.1216262495","-70.8170307912,-33.1221493195","-70.8170043806,-33.1221497048","-70.8169936053,-33.1216266347",180.98843745428996,0.0024599001459609873
369,"-70.8170647577,-33.121359474049996","-70.8170833506,-33.1216208165","-70.8170569402,-33.1216212017","-70.8170461649,-33.1210981316","-70.8170725751,-33.1210977464",180.98844895549556,0.0024598962255993877
370,"-70.81700133015,-33.12136039925","-70.8170091477,-33.1210986716","-70.8170199229,-33.1216217417","-70.8169935125,-33.1216221269","-70.8169827375,-33.1210990568",180.98841559380992,0.0024598962003465046
371,"-70.816887799375,-33.118928864775","-70.8169063909,-33.1191902074","-70.8168799813,-33.1191905925","-70.8168692079,-33.1186675222","-70.8168956174,-33.118667137",180.98829703248788,0.002459894352107229
372,"-70.816824373575,-33.118929789825","-70.8168321918,-33.1186680621","-70.8168429649,-33.1191911324","-70.8168165553,-33.1191915176","-70.8168057823,-33.1186684472",180.98825451509,0.002459894327543454
373,"-70.816876933275,-33.118401286600005","-70.8168955246,-33.1186626292","-70.8168691151,-33.1186630144","-70.816858342,-33.118139944","-70.8168847514,-33.1181395588",180.98827562441707,0.002459899908947364
374,"-70.81681350785,-33.1184022116","-70.8168213261,-33.1181404838","-70.816832099,-33.1186635542","-70.8168056895,-33.1186639394","-70.8167949168,-33.118140869",180.9882376877219,0.002459895227142824
375,"-70.81692435650001,-33.1207037046","-70.8169429488,-33.1209650471","-70.8169165386,-33.1209654323","-70.8169057643,-33.1204423621","-70.8169321743,-33.1204419769",180.988364584056,0.002459895966594736
376,"-70.8168609294,-33.1207046297","-70.8168687474,-33.120442902","-70.8168795215,-33.1209659722","-70.8168531113,-33.1209663574","-70.8168423374,-33.1204432872",180.988322068286,0.0024598959393673414
377,"-70.8169134894,-33.12017612659999","-70.8169320815,-33.1204374691","-70.8169056714,-33.1204378543","-70.8168948974,-33.1199147841","-70.8169213073,-33.1199143989",180.98834303991768,0.0024599014278302933
378,"-70.8168500627,-33.120177051675","-70.8168578808,-33.119915324","-70.8168686546,-33.1204383942","-70.8168422445,-33.1204387794","-70.8168314709,-33.1199157091",180.9883001987219,0.002459901305130654
379,"-70.81690262264999,-33.1196485485","-70.8169212145,-33.119909891","-70.8168948046,-33.1199102762","-70.8168840309,-33.119387206","-70.8169104406,-33.1193868208",180.98832150484708,0.002459897577069809
380,"-70.816839196275,-33.11964947355","-70.8168470144,-33.1193877458","-70.8168577879,-33.1199108161","-70.8168313781,-33.1199112013","-70.8168206047,-33.119388131",180.98828338005606,0.002459892895342754
381,"-70.816959638275,-33.122416480175","-70.8169782312,-33.1226778226","-70.8169518206,-33.1226782078","-70.8169410454,-33.1221551378","-70.8169674559,-33.1221547525",180.98842368044328,0.0024598900019981284
382,"-70.816896209925,-33.122417405324995","-70.8169040278,-33.1221556777","-70.8169148027,-33.1226787477","-70.816888392,-33.122679133","-70.8168776172,-33.1221560629",180.98838115624682,0.002459899287468782
383,"-70.816948770275,-33.1218889023","-70.816967363,-33.1221502447","-70.8169409525,-33.1221506299","-70.8169301776,-33.1216275599","-70.816956588,-33.1216271747",180.98840200246048,0.002459895367511496
384,"-70.816885342325,-33.12188982745","-70.8168931602,-33.1216280998","-70.8169039349,-33.1221511699","-70.8168775244,-33.1221515551","-70.8168667498,-33.121628485",180.98836845079,0.002459895341611645
385,"-70.81693790255,-33.121361324350005","-70.8169564951,-33.1216226668","-70.8169300847,-33.121623052","-70.8169193101,-33.1210999819","-70.8169457203,-33.1210995967",180.98838485232181,0.0024598961737800767
386,"-70.816874474975,-33.121362249499995","-70.8168822929,-33.1211005218","-70.8168930673,-33.121623592","-70.816866657,-33.1216239772","-70.8168558827,-33.121100907",180.98834672675542,0.002459891492800957
387,"-70.816760947775,-33.118930714825","-70.8167795389,-33.1191920574","-70.8167531293,-33.1191924426","-70.8167423567,-33.1186693722","-70.8167687662,-33.1186689871",180.9882237699542,0.0024598943003205998
388,"-70.8166975219,-33.118931639799996","-70.8167053405,-33.118669912","-70.8167161129,-33.1191929824","-70.8166897032,-33.1191933676","-70.816678931,-33.1186702972",180.98818596552653,0.0024598990270680472
389,"-70.816750082375,-33.118403136575004","-70.8167686733,-33.1186644792","-70.8167422638,-33.1186648644","-70.8167314915,-33.1181417939","-70.8167579009,-33.1181414088",180.98820203719302,0.002459899761690305
390,"-70.81668665695,-33.11840406155","-70.8166944756,-33.1181423338","-70.8167052477,-33.1186654042","-70.8166788382,-33.1186657893","-70.8166680663,-33.1181427189",180.9881639646115,0.0024598949824140804
391,"-70.8167386603,-33.117848511325","-70.816757251,-33.118109854","-70.8167308417,-33.1181102391","-70.8167200697,-33.1175871687","-70.8167464788,-33.1175867835",180.98818538194126,0.0024598920108679567
392,"-70.81667523524999,-33.117849436274994","-70.816683054,-33.1175877085","-70.8166938258,-33.1181107789","-70.8166674164,-33.1181111641","-70.8166566448,-33.1175880936",180.98814285889603,0.002459901296185508
393,"-70.8167975023,-33.1207055548","-70.8168160942,-33.1209668973","-70.816789684,-33.1209672825","-70.8167789105,-33.1204442123","-70.8168053205,-33.1204438271",180.98829132409148,0.002459895913463176
394,"-70.8167340752,-33.1207064798","-70.8167418936,-33.1204447521","-70.8167526669,-33.1209678223","-70.8167262567,-33.1209682075","-70.8167154836,-33.1204451373",180.98824880813095,0.002459895888223422
395,"-70.81678663595,-33.120177976724996","-70.8168052276,-33.1204393193","-70.8167788176,-33.1204397044","-70.8167680444,-33.1199166342","-70.8167944542,-33.119916249",180.98826946184684,0.0024598919669510705
396,"-70.81672320922499,-33.120178901725","-70.8167310277,-33.119917174","-70.8167418007,-33.1204402443","-70.8167153907,-33.1204406294","-70.8167046178,-33.1199175592",180.98823151935773,0.0024598965975299856
397,"-70.81677576995,-33.1196503986","-70.8167943614,-33.1199117412","-70.8167679515,-33.1199121263","-70.8167571786,-33.119389056","-70.8167835883,-33.1193886709",180.98824759262354,0.0024598973316797834
398,"-70.81671234359999,-33.1196513236","-70.8167201621,-33.1193895959","-70.8167309349,-33.1199126662","-70.816704525,-33.1199130513","-70.8166937524,-33.119389981",180.9882142307778,0.0024598973051109425
399,"-70.816821914375,-33.12189075255","-70.8168405068,-33.122152095","-70.8168140962,-33.1221524802","-70.8168033221,-33.1216294101","-70.8168297324,-33.1216290249",180.98833770994264,0.0024598953156785867
400,"-70.81675848642499,-33.121891677625","-70.8167663047,-33.12162995","-70.8167770786,-33.1221530201","-70.8167506681,-33.1221534053","-70.8167398943,-33.1216303351",180.98829486737628,0.0024598951930049884
401,"-70.81681104740001,-33.1213631746","-70.8168296396,-33.1216245171","-70.8168032292,-33.1216249023","-70.8167924553,-33.1211018321","-70.8168188655,-33.1211014469",180.9883205594347,0.002459896121969042
402,"-70.816747619825,-33.121364099625","-70.8167554382,-33.121102372","-70.8167662118,-33.1216254421","-70.8167398014,-33.1216258273","-70.8167290279,-33.1211027571",180.98827332432404,0.0024599006556936063
403,"-70.81663409609999,-33.118932564750004","-70.8166526869,-33.1191939074","-70.8166262772,-33.1191942925","-70.8166155054,-33.1186712221","-70.8166419149,-33.118670837",180.98815475774504,0.0024598988082381256
404,"-70.81657067022499,-33.11893348965","-70.8165784892,-33.1186717619","-70.8165892608,-33.1191948323","-70.8165628512,-33.1191952174","-70.8165520797,-33.118672147",180.98811682235765,0.0024598941258160067
405,"-70.816623231475,-33.11840498645","-70.816641822,-33.1186663291","-70.8166154126,-33.1186667142","-70.816604641,-33.1181436438","-70.8166310503,-33.1181432587",180.98813779875204,0.00245989030062614
406,"-70.816559806025,-33.11840591135","-70.8165676251,-33.1181441836","-70.8165783964,-33.118667254","-70.8165519869,-33.1186676391","-70.8165412157,-33.1181445687",180.9880952766593,0.002459899587195595
407,"-70.816611810175,-33.1178503612","-70.8166304005,-33.1181117039","-70.8166039912,-33.118112089","-70.8165932199,-33.1175890185","-70.8166196291,-33.1175886334",180.98811636831906,0.002459896518233102
408,"-70.81654838515,-33.117851286000004","-70.8165562042,-33.1175895582","-70.8165669753,-33.1181126287","-70.816540566,-33.1181130138","-70.8165297951,-33.1175899433",180.98807843423134,0.002459891836384534
409,"-70.816670648075,-33.120707404825005","-70.8166892396,-33.1209687474","-70.8166628294,-33.1209691325","-70.8166520566,-33.1204460623","-70.8166784667,-33.1204456771",180.98822231325047,0.002459900420660006
410,"-70.81660722095,-33.120708329775","-70.8166150397,-33.1204466021","-70.8166258123,-33.1209696723","-70.8165994021,-33.1209700575","-70.8165886297,-33.1204469872",180.98818437771527,0.0024598957402861494
411,"-70.816659782525,-33.120179826699996","-70.8166783738,-33.1204411693","-70.8166519638,-33.1204415544","-70.8166411913,-33.1199184841","-70.8166676012,-33.119918099",180.98820045063383,0.0024598964748331915
412,"-70.8165963558,-33.12018075165","-70.8166041746,-33.1199190239","-70.8166149469,-33.1204420942","-70.8165885369,-33.1204424794","-70.8165777648,-33.1199194091",180.9881629768385,0.002459891986695467
413,"-70.81664891725,-33.11965224855","-70.8166675083,-33.1199135912","-70.8166410985,-33.1199139763","-70.8166303262,-33.1193909059","-70.816656736,-33.1193905208",180.98818329848498,0.0024598972798944756
414,"-70.8165854909,-33.119653173475","-70.8165933098,-33.1193914457","-70.8166040818,-33.1199145161","-70.8165776719,-33.1199149012","-70.8165669001,-33.1193918309",180.9881411077863,0.00245989735010367
415,"-70.81669505845001,-33.12189260265","-70.8167136505,-33.1221539451","-70.8166872399,-33.1221543303","-70.8166764665,-33.1216312602","-70.8167028769,-33.121630875",180.98826902427083,0.002459899919597973
416,"-70.816631630475,-33.121893527675","-70.8166394491,-33.1216318","-70.8166502223,-33.1221548702","-70.8166238118,-33.1221552553","-70.8166130387,-33.1216321852",180.98823076324913,0.002459895141198313
417,"-70.816684192275,-33.12136502465","-70.8167027841,-33.1216263672","-70.8166763737,-33.1216267523","-70.8166656005,-33.1211036821","-70.8166920108,-33.121103297",180.9882514111232,0.0024599005323394114
418,"-70.81662076469999,-33.12136594965","-70.8166285834,-33.121104222","-70.8166393563,-33.1216272922","-70.8166129459,-33.1216276773","-70.8166021732,-33.1211046071",180.98820431984961,0.002459895851329658
419,"-70.816507244425,-33.1189344145","-70.8165258348,-33.1191957572","-70.8164994252,-33.1191961423","-70.8164886541,-33.1186730718","-70.8165150636,-33.1186726867",180.98808588907124,0.0024598940999274828
420,"-70.81644381855001,-33.118935339325","-70.8164516379,-33.1186736116","-70.8164624088,-33.119196682","-70.8164359991,-33.1191970671","-70.8164252284,-33.1186739966",180.98804780952645,0.0024598986337932144
421,"-70.8164963806,-33.1184068362","-70.8165149708,-33.1186681789","-70.8164885613,-33.118668564","-70.8164777905,-33.1181454935","-70.8165041998,-33.1181451084",180.9880689236244,0.002459894904058106
422,"-70.8164329551,-33.118407761","-70.8164407745,-33.1181460332","-70.8164515451,-33.1186691037","-70.8164251356,-33.1186694888","-70.8164143652,-33.1181464183",180.98802640799107,0.0024598948781714937
423,"-70.816484960075,-33.117852210875","-70.81650355,-33.1181135536","-70.8164771407,-33.1181139387","-70.8164663702,-33.1175908681","-70.8164927794,-33.1175904831",180.98804278062988,0.0024598963683502987
424,"-70.816421535025,-33.117853135675","-70.8164293545,-33.1175914079","-70.8164401248,-33.1181144784","-70.8164137155,-33.1181148635","-70.8164029453,-33.1175917929",180.98800941991578,0.0024598963431121017
425,"-70.81654379385,-33.1207092547","-70.816562385,-33.1209705973","-70.8165359748,-33.1209709824","-70.8165252028,-33.1204479121","-70.8165516128,-33.120447527",180.9881533090928,0.0024598956169285657
426,"-70.81648036675,-33.1207101796","-70.8164881859,-33.1204484519","-70.8164989577,-33.1209715222","-70.8164725475,-33.1209719073","-70.8164617759,-33.120448837",180.98811079278678,0.0024598955916916073
427,"-70.81653292907501,-33.120181676575","-70.81655152,-33.1204430192","-70.81652511,-33.1204434043","-70.8165143382,-33.119920334","-70.8165407481,-33.1199199488",180.988136481691,0.0024598965198247415
428,"-70.81646950232499,-33.12018260145","-70.8164773215,-33.1199208737","-70.8164880931,-33.1204439441","-70.816461683,-33.1204443292","-70.8164509117,-33.1199212588",180.988093640672,0.002459896397103015
429,"-70.816522064525,-33.119654098350004","-70.8165406552,-33.119915441","-70.8165142454,-33.1199158261","-70.8165034739,-33.1193927557","-70.8165298836,-33.1193923706",180.98811461831934,0.002459892572246217
430,"-70.81645863817499,-33.11965502325","-70.8164664575,-33.1193932955","-70.8164772287,-33.1199163659","-70.8164508188,-33.119916751","-70.8164400477,-33.1193936806",180.98807209546408,0.002459901857372485
431,"-70.81656820255,-33.121894452650004","-70.8165867942,-33.1221557952","-70.8165603836,-33.1221561803","-70.816549611,-33.1216331101","-70.8165760214,-33.121632725",180.98819511448406,0.0024598996742133273
432,"-70.816504774575,-33.121895377575","-70.8165125936,-33.1216336499","-70.816523366,-33.1221567201","-70.8164969555,-33.1221571053","-70.8164861832,-33.121634035",180.98815731670695,0.002459895089396255
433,"-70.8165573371,-33.121366874625","-70.8165759285,-33.1216282172","-70.8165495181,-33.1216286023","-70.8165387458,-33.1211055321","-70.816565156,-33.1211051469",180.98817371402558,0.002459895921570451
434,"-70.816493909525,-33.121367799525004","-70.8165017286,-33.1211060718","-70.8165125007,-33.1216291421","-70.8164860904,-33.1216295272","-70.8164753184,-33.121106457",180.98813577888603,0.0024598912405982554
435,"-70.81638039275,-33.118936264149994","-70.8163989828,-33.1191976069","-70.8163725731,-33.1191979919","-70.8163618028,-33.1186749214","-70.8163882123,-33.1186745364",180.9880167388807,0.002459898510465381
436,"-70.81631696687501,-33.118937188900006","-70.8163247866,-33.1186754611","-70.8163355567,-33.1191985316","-70.8163091471,-33.1191989167","-70.8162983771,-33.1186758462",180.98797926662775,0.002459894022913983
437,"-70.81636952965,-33.1184086858","-70.8163881195,-33.1186700285","-70.81636171,-33.1186704136","-70.8163509399,-33.1181473431","-70.8163773492,-33.118146958",180.98800481660717,0.0024598948529396345
438,"-70.816306104175,-33.118409610575","-70.816313924,-33.1181478828","-70.8163246938,-33.1186709533","-70.8162982843,-33.1186713384","-70.8162875146,-33.1181482678",180.98795739527853,0.0024598993855329556
439,"-70.816358109925,-33.11785406045","-70.8163766995,-33.1181154032","-70.8163502902,-33.1181157883","-70.8163395204,-33.1175927177","-70.8163659296,-33.1175923326",180.98797881007894,0.002459896413336599
440,"-70.816294684875,-33.117854985200005","-70.8163025047,-33.1175932574","-70.8163132743,-33.118116328","-70.8162868649,-33.118116713","-70.8162760956,-33.1175936424",180.98793583209596,0.0024598961951973384
441,"-70.816416939625,-33.1207111045","-70.8164355304,-33.1209724471","-70.8164091202,-33.1209728322","-70.8163983489,-33.1204497619","-70.816424759,-33.1204493768",180.98808462251125,0.0024599002209285577
442,"-70.8163535125,-33.120712029325","-70.816361332,-33.1204503016","-70.8163721031,-33.120973372","-70.8163456929,-33.120973757","-70.816334922,-33.1204506867",180.98804636307526,0.002459895442470249
443,"-70.816406075575,-33.120183526299996","-70.8164246661,-33.1204448689","-70.8163982561,-33.120445254","-70.8163874851,-33.1199221837","-70.816413895,-33.1199217986",180.98806308507608,0.0024598963712478368
444,"-70.816342648825,-33.12018445115","-70.8163504684,-33.1199227234","-70.8163612392,-33.1204457938","-70.8163348292,-33.1204461789","-70.8163240585,-33.1199231085",180.98802953590746,0.002459896345344301
445,"-70.81644134660002,-33.1218963025","-70.8164599379,-33.1221576451","-70.8164335273,-33.1221580302","-70.8164227554,-33.1216349599","-70.8164491658,-33.1216345748",180.98813082145352,0.002459899622405481
446,"-70.816377918625,-33.121897227350004","-70.816385738,-33.1216354997","-70.8163965097,-33.1221585699","-70.8163700992,-33.122158955","-70.8163593276,-33.1216358848",180.98809307573384,0.0024598949408074526
447,"-70.81643048195,-33.1213687244","-70.816449073,-33.121630067","-70.8164226626,-33.1216304521","-70.816411891,-33.1211073818","-70.8164383012,-33.1211069967",180.9881092837314,0.0024598957729758558
448,"-70.816367054325,-33.1213696493","-70.8163748738,-33.1211079216","-70.8163856452,-33.1216309919","-70.8163592348,-33.121631377","-70.8163484635,-33.1211083067",180.9880713423678,0.0024599004028388535
449,"-70.816253541025,-33.118938113675","-70.8162721307,-33.1191994564","-70.816245721,-33.1191998415","-70.8162349514,-33.1186767709","-70.816261361,-33.1186763859",180.9879481878711,0.002459903211342321
450,"-70.8161901152,-33.118939038375","-70.8161979353,-33.1186773106","-70.8162087047,-33.1192003811","-70.816182295,-33.1192007662","-70.8161715258,-33.1186776956",180.98791025491732,0.0024598985295595744
451,"-70.816242678675,-33.1184105353","-70.8162612681,-33.1186718781","-70.8162348586,-33.1186722631","-70.8162240893,-33.1181491925","-70.8162504987,-33.1181488075",180.98792632383226,0.0024598992641931697
452,"-70.81617925325,-33.118411460000004","-70.8161870734,-33.1181497322","-70.8161978425,-33.1186728028","-70.816171433,-33.1186731878","-70.8161606641,-33.1181501172",180.98788838923895,0.002459894582383019
453,"-70.816231259825,-33.1178559099","-70.816249849,-33.1181172527","-70.8162234397,-33.1181176377","-70.8162126707,-33.1175945671","-70.8162390799,-33.1175941821",180.9879050855053,0.002459896169334902
454,"-70.81616783474999,-33.11785683455","-70.816175655,-33.1175951067","-70.8161864238,-33.1181181774","-70.8161600144,-33.1181185624","-70.8161492458,-33.1175954917",180.98786695700605,0.002459900798705582
455,"-70.8162900854,-33.120712954125","-70.8163086758,-33.1209742968","-70.8162822656,-33.1209746818","-70.8162714951,-33.1204516115","-70.8162979051,-33.1204512264",180.9880156178114,0.0024598954172360887
456,"-70.816226658275,-33.12071387889999","-70.8162344782,-33.1204521512","-70.8162452485,-33.1209752216","-70.8162188383,-33.1209756066","-70.8162080681,-33.1204525362",180.98797735213725,0.0024598999497050167
457,"-70.81627922210001,-33.120185375925","-70.8162978123,-33.1204467186","-70.8162714022,-33.1204471037","-70.816260632,-33.1199240332","-70.8162870419,-33.1199236482",180.9879938842034,0.0024599008778207537
458,"-70.81621579532501,-33.120186300674995","-70.8162236153,-33.1199245729","-70.8162343853,-33.1204476434","-70.8162079753,-33.1204480284","-70.8161972054,-33.119924958",180.98795594998913,0.002459896196791024
459,"-70.81631449062499,-33.121898152225","-70.8163330815,-33.1221594948","-70.816306671,-33.1221598799","-70.8162958998,-33.1216368096","-70.8163223102,-33.1216364246",180.9880620073085,0.0024598948181368385
460,"-70.81625106265,-33.121899077025","-70.8162588824,-33.1216373494","-70.8162696534,-33.1221604196","-70.8162432428,-33.1221608047","-70.816232472,-33.1216377344",180.98802406456275,0.00245989944860793
461,"-70.816303626725,-33.1213705741","-70.8163222174,-33.1216319167","-70.816295807,-33.1216323018","-70.8162850361,-33.1211092315","-70.8163114464,-33.1211088464",180.98804059883454,0.00245990037694238
462,"-70.816240199125,-33.121371498900004","-70.816248019,-33.1211097712","-70.8162587896,-33.1216328415","-70.8162323792,-33.1216332266","-70.8162216087,-33.1211101563",180.98799808277232,0.00245990035103903
463,"-70.8161266893,-33.11893996307499","-70.8161452786,-33.1192013058","-70.8161188689,-33.1192016909","-70.8161081001,-33.1186786203","-70.8161345096,-33.1186782353",180.98787950889684,0.00245989850432995
464,"-70.816063263475,-33.1189408877","-70.816071084,-33.1186791599","-70.8160818526,-33.1192022305","-70.8160554429,-33.1192026155","-70.8160446744,-33.1186795449",180.9878412420696,0.002459903037560675
465,"-70.81611582775001,-33.118412384624996","-70.8161344168,-33.1186737274","-70.8161080073,-33.1186741125","-70.8160972388,-33.1181510418","-70.8161236481,-33.1181506568",180.98785777844017,0.002459894652604405
466,"-70.81605240225001,-33.118413309299996","-70.8160602228,-33.1181515815","-70.8160709911,-33.1186746521","-70.8160445816,-33.1186750371","-70.8160338135,-33.1181519665",180.98781512722522,0.0024598945306044295
467,"-70.81610440965,-33.1178577592","-70.8161229985,-33.118119102","-70.8160965891,-33.118119487","-70.8160858209,-33.1175964164","-70.8161122301,-33.1175960314",180.98783639734805,0.0024599007734784077
468,"-70.816040984575,-33.117858683799994","-70.8160488052,-33.117596956","-70.8160595732,-33.1181200266","-70.8160331639,-33.1181204116","-70.816022396,-33.117597341",180.98779846375848,0.0024598960910083775
469,"-70.81609354865,-33.11733018065","-70.8161121373,-33.1175915235","-70.8160857281,-33.1175919085","-70.8160749601,-33.1170688378","-70.8161013691,-33.1170684528",180.9878238227723,0.0024598969202689054
470,"-70.81603012395,-33.117331105249995","-70.8160379446,-33.1170693774","-70.8160487124,-33.1175924481","-70.8160223032,-33.1175928331","-70.8160115356,-33.1170697624",180.98778130901218,0.0024598968950436924
471,"-70.8161632311,-33.12071480365","-70.8161818211,-33.1209761463","-70.8161554109,-33.1209765314","-70.8161446412,-33.120453461","-70.8161710512,-33.1204530759",180.98794249467105,0.0024598954622044684
472,"-70.816099803975,-33.12071572835","-70.8161076243,-33.1204540006","-70.8161183938,-33.120977071","-70.8160919836,-33.1209774561","-70.8160812142,-33.1204543857",180.98790455425717,0.0024599000914605237
473,"-70.8161523686,-33.1201872254","-70.8161709584,-33.1204485681","-70.8161445484,-33.1204489531","-70.8161337789,-33.1199258827","-70.8161601887,-33.1199254977",180.98792964880963,0.0024598914176394513
474,"-70.81608894185001,-33.120188150074995","-70.8160967622,-33.1199264223","-70.8161075315,-33.1204494928","-70.8160811214,-33.1204498778","-70.8160703523,-33.1199268074",180.98788726288595,0.0024599008001419767
475,"-70.8161876347,-33.1219000018","-70.8162062252,-33.1221613444","-70.8161798147,-33.1221617295","-70.8161690443,-33.1216386592","-70.8161954546,-33.1216382741",180.98799346516347,0.0024598902080427455
476,"-70.81612420670001,-33.121900926574995","-70.8161320268,-33.1216391989","-70.816142797,-33.1221622692","-70.8161163865,-33.1221626543","-70.8161056165,-33.1216395839",180.9879506241478,0.0024598900853746095
477,"-70.81617677150001,-33.121372423675","-70.8161953618,-33.1216337663","-70.8161689514,-33.1216341514","-70.8161581813,-33.121111081","-70.8161845915,-33.121110696",180.98797159459693,0.0024598955732779383
478,"-70.8161133439,-33.1213733484","-70.8161211641,-33.1211116207","-70.816131934,-33.1216346911","-70.8161055236,-33.1216350761","-70.8160947539,-33.1211120057",180.9879287541883,0.0024598954499504243
479,"-70.8159998376,-33.1189418123","-70.8160184265,-33.1192031551","-70.8159920168,-33.1192035401","-70.8159812488,-33.1186804695","-70.8160076583,-33.1186800845",180.98780592037173,0.0024598983551192464
480,"-70.81593641175,-33.1189427369","-70.8159442326,-33.1186810091","-70.8159550005,-33.1192040797","-70.8159285908,-33.1192044647","-70.8159178231,-33.1186813941",180.98777256236332,0.002459898329892419
481,"-70.81598897680001,-33.118414233875","-70.8160075655,-33.1186755767","-70.815981156,-33.1186759617","-70.8159703882,-33.118152891","-70.8159967975,-33.1181525061",180.98779320979745,0.00245989440730896
482,"-70.8159255513,-33.11841515845","-70.8159333722,-33.1181534306","-70.8159441398,-33.1186765013","-70.8159177303,-33.1186768863","-70.8159069629,-33.1181538156",180.9877508321391,0.0024598944781684066
483,"-70.81597755947499,-33.117859608375","-70.8159961479,-33.1181209512","-70.8159697386,-33.1181213362","-70.8159589711,-33.1175982655","-70.8159853803,-33.1175978806",180.98776739046974,0.0024598959683753132
484,"-70.8159141344,-33.117860532925","-70.8159219554,-33.1175988051","-70.8159327227,-33.1181218758","-70.8159063133,-33.1181222608","-70.8158955462,-33.11759919",180.98772926277653,0.0024599005984102316
485,"-70.81596669925,-33.117332029825","-70.8159852875,-33.1175933727","-70.8159588783,-33.1175937577","-70.8159481111,-33.1170706869","-70.8159745201,-33.117070302",180.98775023409777,0.002459896772410989
486,"-70.81590327455,-33.117332954375","-70.8159110956,-33.1170712265","-70.8159218626,-33.1175942973","-70.8158954534,-33.1175946822","-70.8158846866,-33.1170716115",180.98770772078745,0.0024598967465256916
487,"-70.81603637685,-33.120716653025","-70.8160549665,-33.1209779957","-70.8160285563,-33.1209783808","-70.8160177873,-33.1204553103","-70.8160441973,-33.1204549253",180.98787806397266,0.0024598953136543552
488,"-70.815972949725,-33.12071757765","-70.8159807704,-33.1204558499","-70.8159915392,-33.1209789204","-70.815965129,-33.1209793054","-70.8159543603,-33.1204562349",180.98783979973842,0.002459899846134314
489,"-70.816025515075,-33.12018907475","-70.8160441045,-33.1204504175","-70.8160176945,-33.1204508025","-70.8160069257,-33.119927732","-70.8160333356,-33.119927347",180.9878607727914,0.002459896021681193
490,"-70.815962088325,-33.12018999935","-70.815969909,-33.1199282716","-70.8159806776,-33.1204513421","-70.8159542675,-33.1204517271","-70.8159434992,-33.1199286566",180.98781825876097,0.002459895995763801
491,"-70.816060778725,-33.121901851275","-70.8160793689,-33.1221631939","-70.8160529583,-33.122163579","-70.8160421887,-33.1216405086","-70.816068599,-33.1216401236",180.98792445417538,0.002459894715186794
492,"-70.815997350725,-33.121902775974995","-70.8160051712,-33.1216410483","-70.8160159407,-33.1221641186","-70.8159895301,-33.1221645037","-70.8159787609,-33.1216414333",180.98788193947007,0.002459894689292654
493,"-70.8160499163,-33.1213742731","-70.8160685062,-33.1216356158","-70.8160420958,-33.1216360008","-70.8160313265,-33.1211129304","-70.8160577367,-33.1211125454",180.98789800927022,0.0024598954247184073
494,"-70.815986488675,-33.12137519779999","-70.8159943093,-33.1211134701","-70.8160050784,-33.1216365405","-70.815978668,-33.1216369255","-70.815967899,-33.1211138551",180.98786006916362,0.0024599000539254606
495,"-70.81587298585,-33.118943661475","-70.8158915744,-33.1192050043","-70.8158651647,-33.1192053893","-70.8158543974,-33.1186823186","-70.8158808069,-33.1186819337",180.9877414895911,0.0024598982065965353
496,"-70.81580955999999,-33.118944585975","-70.8158173812,-33.1186828582","-70.8158281484,-33.1192059288","-70.8158017387,-33.1192063138","-70.8157909717,-33.1186832431",180.98770813079977,0.002459898181372505
497,"-70.8158621258,-33.11841608295","-70.8158807141,-33.1186774258","-70.8158543046,-33.1186778108","-70.8158435376,-33.1181547401","-70.8158699469,-33.1181543551",180.98772008484815,0.0024598944522833057
498,"-70.81579870032499,-33.11841700745","-70.8158065216,-33.1181552796","-70.8158172885,-33.1186783503","-70.8157908789,-33.1186787353","-70.8157801123,-33.1181556646",180.98768214599073,0.0024598990816279654
499,"-70.8158507093,-33.117861457425","-70.8158692974,-33.1181228003","-70.815842888,-33.1181231853","-70.8158321213,-33.1176001145","-70.8158585305,-33.1175997296",180.98769851384847,0.0024599005718639773
500,"-70.815787284225,-33.117862381925","-70.8157951056,-33.1176006541","-70.8158058721,-33.1181237248","-70.8157794628,-33.1181241098","-70.8157686964,-33.117601039",180.98766058110422,0.002459895891381846
501,"-70.815839849825,-33.117333878850005","-70.8158584377,-33.1175952218","-70.8158320285,-33.1175956067","-70.815821262,-33.1170725359","-70.8158476711,-33.117072151",180.98768122078474,0.002459901279872681
502,"-70.8157764251,-33.117334803325","-70.8157842465,-33.1170730755","-70.8157950128,-33.1175961462","-70.8157686036,-33.1175965312","-70.8157578375,-33.1170734604",180.98764361341384,0.002459896694097186
503,"-70.81590952255,-33.120718502275004","-70.8159281118,-33.120979845","-70.8159017016,-33.12098023","-70.8158909334,-33.1204571595","-70.8159173434,-33.1204567746",180.9878043423569,0.0024598950683612734
504,"-70.815846095425,-33.12071942685","-70.8158539165,-33.1204576991","-70.8158646845,-33.1209807696","-70.8158382743,-33.1209811546","-70.8158275064,-33.1204580841",180.98776653906106,0.0024598997943538594
505,"-70.815898661575,-33.12019092394999","-70.8159172506,-33.1204522667","-70.8158908406,-33.1204526517","-70.8158800726,-33.1199295812","-70.8159064825,-33.1199291962",180.9877875135855,0.0024598959699018625
506,"-70.8158352348,-33.120191848524996","-70.8158430559,-33.1199301208","-70.8158538237,-33.1204531913","-70.8158274136,-33.1204535763","-70.815816646,-33.1199305057",180.9877492480466,0.00245990050306379
507,"-70.81588780084999,-33.1196633456","-70.8159063897,-33.1199246884","-70.8158799798,-33.1199250734","-70.8158692121,-33.1194020028","-70.8158956218,-33.1194016178",180.98777035963096,0.0024598967756157223
508,"-70.81582437444999,-33.119664270125","-70.8158321956,-33.1194025424","-70.8158429631,-33.1199256129","-70.8158165532,-33.1199259979","-70.8158057859,-33.1194029273",180.98772770799445,0.0024598966529821124
509,"-70.81593392272501,-33.1219037006","-70.8159525125,-33.1221650433","-70.815926102,-33.1221654283","-70.815915333,-33.1216423579","-70.8159417434,-33.1216419729",180.98786002430484,0.002459894565995306
510,"-70.815870494725,-33.12190462525","-70.8158783156,-33.1216428976","-70.8158890843,-33.1221659679","-70.8158626738,-33.1221663529","-70.8158519052,-33.1216432826",180.9878176979261,0.002459894540102563
511,"-70.815923061075,-33.1213761224","-70.8159416506,-33.1216374651","-70.8159152402,-33.1216378501","-70.8159044716,-33.1211147797","-70.8159308819,-33.1211143947",180.98782932261545,0.0024599000280345817
512,"-70.81585963345,-33.121377046999996","-70.8158674544,-33.1211153193","-70.8158782228,-33.1216383897","-70.8158518124,-33.1216387747","-70.8158410442,-33.1211157043",180.98779139014883,0.0024598953470431183
513,"-70.81574613412499,-33.118945510475","-70.8157647223,-33.1192068533","-70.8157383126,-33.1192072383","-70.815727546,-33.1186841676","-70.8157539556,-33.1186837827",180.9876728017037,0.0024599028107166795
514,"-70.815682708275,-33.1189464349","-70.8156905299,-33.1186847071","-70.8157012962,-33.1192077778","-70.8156748866,-33.1192081627","-70.8156641204,-33.118685092",180.9876299698343,0.002459893376993252
515,"-70.81573527485,-33.118417931925","-70.8157538628,-33.1186792748","-70.8157274533,-33.1186796598","-70.815716687,-33.118156589","-70.8157430963,-33.1181562041",180.98765565193978,0.002459894303105531
516,"-70.81567184935,-33.118418856375","-70.815679671,-33.1181571285","-70.8156904371,-33.1186801993","-70.8156640276,-33.1186805842","-70.8156532617,-33.1181575135",180.9876131387901,0.0024598942778836174
517,"-70.815723859125,-33.11786330635","-70.8157424468,-33.1181246493","-70.8157160375,-33.1181250342","-70.8157052715,-33.1176019634","-70.8157316807,-33.1176015785",180.9876295075498,0.0024598957687527647
518,"-70.81566043402499,-33.117864230749994","-70.8156682558,-33.1176025029","-70.8156790215,-33.1181255737","-70.8156526122,-33.1181259586","-70.8156418466,-33.1176028878",180.98758699334638,0.0024598957428709945
519,"-70.81571300040001,-33.11733572775","-70.8157315879,-33.1175970707","-70.8157051787,-33.1175974556","-70.815694413,-33.1170743848","-70.815720822,-33.1170739999",180.98761253831134,0.00245989657213047
520,"-70.815649575675,-33.11733665215","-70.8156573975,-33.1170749243","-70.815668163,-33.1175979951","-70.8156417538,-33.11759838","-70.8156309884,-33.1170753092",180.98757459874014,0.0024599012022259626
521,"-70.8157826683,-33.120720351425","-70.8158012572,-33.1209816942","-70.815774847,-33.1209820792","-70.8157640795,-33.1204590086","-70.8157904895,-33.1204586237",180.98774004741867,0.0024598950159207007
522,"-70.8157192411,-33.120721275925","-70.8157270625,-33.1204595482","-70.8157378298,-33.1209826187","-70.8157114196,-33.1209830037","-70.8157006525,-33.1204599331",180.98769753484618,0.0024598949900333203
523,"-70.81577180802499,-33.12019277305001","-70.8157903967,-33.1204541159","-70.8157639867,-33.1204545008","-70.8157532194,-33.1199314302","-70.8157796293,-33.1199310453",180.98772275711647,0.002459895724632309
524,"-70.81570838122501,-33.12019369755","-70.8157162027,-33.1199319698","-70.8157269697,-33.1204550404","-70.8157005597,-33.1204554253","-70.8156897928,-33.1199323547",180.98768024335877,0.0024598956987454397
525,"-70.81576094805,-33.11966519465","-70.8157795365,-33.1199265375","-70.8157531266,-33.1199269224","-70.8157423597,-33.1194038518","-70.8157687694,-33.1194034669",180.98769663542976,0.002459896530348657
526,"-70.81569752165,-33.119666119125","-70.8157053432,-33.1194043913","-70.8157161099,-33.119927462","-70.8156897,-33.1199278469","-70.8156789335,-33.1194047763",180.98765425916264,0.0024598966012095574
527,"-70.81579620585,-33.121377971574994","-70.815814795,-33.1216393143","-70.8157883846,-33.1216396993","-70.8157776168,-33.1211166288","-70.815804027,-33.1211162439",180.98776031848487,0.002459895223751637
528,"-70.815732778225,-33.121378896124995","-70.8157405996,-33.1211171684","-70.8157513672,-33.1216402389","-70.8157249568,-33.1216406238","-70.8157141893,-33.1211175534",180.98772237978253,0.0024598998542791975
529,"-70.8156192824,-33.1189473593","-70.8156378702,-33.1192087022","-70.8156114605,-33.1192090871","-70.8156006947,-33.1186860164","-70.8156271042,-33.1186856315",180.98760379566886,0.002459898007642578
530,"-70.8155558565,-33.1189482837","-70.8155636785,-33.1186865559","-70.8155744441,-33.1192096266","-70.8155480344,-33.1192100115","-70.815537269,-33.1186869408",180.98756128298157,0.0024598979804433306
531,"-70.815608423825,-33.11841978075","-70.8156270114,-33.1186811237","-70.8156006019,-33.1186815086","-70.8155898363,-33.1181584378","-70.8156162457,-33.1181580529",180.98758663891502,0.002459898810513069
532,"-70.815544998325,-33.11842070515","-70.8155528204,-33.1181589773","-70.8155635857,-33.1186820481","-70.8155371762,-33.118682433","-70.815526411,-33.1181593622",180.98754412732018,0.002459898785953982
533,"-70.81559700892501,-33.11786515515","-70.8156155963,-33.1181264981","-70.8155891869,-33.118126883","-70.8155784217,-33.1176038122","-70.8156048308,-33.1176034273",180.98756540078986,0.002459895716975244
534,"-70.8155335838,-33.117866079525","-70.8155414059,-33.1176043517","-70.815552171,-33.1181274225","-70.8155257616,-33.1181278074","-70.8155149967,-33.1176047365",180.98752713510413,0.0024599002496461927
535,"-70.81558615095,-33.1173375765","-70.8156047381,-33.1175989195","-70.8155783289,-33.1175993044","-70.8155675639,-33.1170762335","-70.8155939729,-33.1170758486",180.98754824325903,0.002459896520376227
536,"-70.81552272625,-33.117338500825","-70.8155305484,-33.117076773","-70.8155413132,-33.1175998438","-70.815514904,-33.1176002287","-70.8155041394,-33.1170771578",180.98750559246895,0.002459896397768761
537,"-70.815655813975,-33.120722200425","-70.8156744025,-33.1209835432","-70.8156479923,-33.1209839282","-70.8156372255,-33.1204608576","-70.8156636356,-33.1204604727",180.98767136207027,0.0024598996199432163
538,"-70.81559238685,-33.12072312485","-70.8156002086,-33.1204613971","-70.8156109752,-33.1209844677","-70.815584565,-33.1209848526","-70.8155737986,-33.120461782",180.98763310452722,0.002459894842182676
539,"-70.815644954475,-33.120194622025","-70.8156635428,-33.1204559648","-70.8156371327,-33.1204563498","-70.8156263663,-33.1199332792","-70.8156527761,-33.1199328943",180.98764982154208,0.0024598957695777936
540,"-70.8155815277,-33.12019554645","-70.8155893495,-33.1199338187","-70.8156001158,-33.1204568893","-70.8155737058,-33.1204572742","-70.8155629397,-33.1199342036",180.98761156350946,0.0024598909911561773
541,"-70.8156340953,-33.119667043549995","-70.8156526834,-33.1199283864","-70.8156262735,-33.1199287713","-70.8156155073,-33.1194057007","-70.815641917,-33.1194053158",180.9876325293622,0.002459896478585615
542,"-70.815570668875,-33.119667968","-70.8155784908,-33.1194062402","-70.8155892568,-33.1199293109","-70.8155628469,-33.1199296958","-70.815552081,-33.1194066251",180.9875944010337,0.0024599011078921982
543,"-70.81566935059999,-33.12137982064999","-70.8156879394,-33.1216411634","-70.815661529,-33.1216415484","-70.8156507619,-33.1211184779","-70.8156771721,-33.1211180929",180.9876963516724,0.0024598952687132124
544,"-70.81560592297501,-33.1213807451","-70.8156137447,-33.1211190174","-70.8156245116,-33.1216420879","-70.8155981012,-33.1216424728","-70.8155873344,-33.1211194023",180.98765794996493,0.0024598997057643534
545,"-70.81549243059999,-33.118949208074994","-70.815511018,-33.119210551","-70.8154846083,-33.1192109359","-70.8154738433,-33.1186878651","-70.8155002528,-33.1186874803",180.9875302089813,0.0024598978584945454
546,"-70.81542900472499,-33.1189501324","-70.8154368271,-33.1186884046","-70.8154475919,-33.1192114753","-70.8154211823,-33.1192118602","-70.8154104176,-33.1186887895",180.9874926020786,0.0024598932728031654
547,"-70.81548157282501,-33.11842162945","-70.81550016,-33.1186829724","-70.8154737505,-33.1186833573","-70.8154629857,-33.1181602865","-70.8154893951,-33.1181599016",180.9875133782436,0.0024598987594127994
548,"-70.8154181473,-33.118422553775","-70.8154259697,-33.1181608259","-70.8154367343,-33.1186838968","-70.8154103248,-33.1186842816","-70.8153995604,-33.1181612108",180.9874751207356,0.0024598939808919886
549,"-70.8154701587,-33.117867003825","-70.8154887457,-33.1181283468","-70.8154623363,-33.1181287317","-70.8154515718,-33.1176056608","-70.815477981,-33.117605276",180.9874963861384,0.002459900223774042
550,"-70.8154067336,-33.117867928125","-70.8154145561,-33.1176062003","-70.8154253204,-33.1181292711","-70.815398911,-33.118129656","-70.8153881469,-33.1176065851",180.98745387383343,0.0024599001972265087
551,"-70.8154593015,-33.11733942515","-70.8154778882,-33.1176007682","-70.8154514791,-33.117601153","-70.8154407148,-33.1170780821","-70.8154671239,-33.1170776973",180.98747451718256,0.0024598962745481573
552,"-70.81539587675,-33.1173403494","-70.8154036993,-33.1170786215","-70.8154144633,-33.1176016924","-70.8153880541,-33.1176020773","-70.8153772903,-33.1170790064",180.98743246654973,0.0024598964427339732
553,"-70.81552895965001,-33.12072404925","-70.8155475478,-33.1209853921","-70.8155211376,-33.120985777","-70.8155103716,-33.1204627064","-70.8155367816,-33.1204623215",180.98760235740906,0.002459894815629606
554,"-70.815465532525,-33.12072497365","-70.8154733547,-33.1204632459","-70.8154841205,-33.1209863165","-70.8154577103,-33.1209867014","-70.8154469446,-33.1204636308",180.98756441841482,0.0024598994462106385
555,"-70.81551810095,-33.120196470850004","-70.8155366889,-33.1204578137","-70.8155102788,-33.1204581986","-70.8154995131,-33.119935128","-70.815525923,-33.1199347431",180.98758081045807,0.0024599002768878465
556,"-70.81545467415,-33.120197395199995","-70.8154624964,-33.1199356674","-70.8154732619,-33.1204587381","-70.8154468518,-33.120459123","-70.8154360865,-33.1199360523",180.98753810910358,0.002459900251011999
557,"-70.815507242475,-33.119668892375","-70.8155258302,-33.1199302353","-70.8154994203,-33.1199306201","-70.8154886548,-33.1194075495","-70.8155150646,-33.1194071646",180.9875635167041,0.0024599009859565075
558,"-70.81544381605,-33.1196698167","-70.8154516383,-33.1194080889","-70.8154624036,-33.1199311596","-70.8154359937,-33.1199315445","-70.8154252286,-33.1194084738",180.98752572126642,0.0024598964002678445
559,"-70.81554249535,-33.121381669525","-70.8155610838,-33.1216430123","-70.8155346734,-33.1216433973","-70.815523907,-33.1211203267","-70.8155503172,-33.1211199418",180.98763192149408,0.0024598951215172504
560,"-70.81547906770001,-33.12138259395","-70.8154868898,-33.1211208662","-70.8154976559,-33.1216439368","-70.8154712455,-33.1216443217","-70.8154604796,-33.1211212511",180.98757992923362,0.002459894997568509
561,"-70.81536557885,-33.1189510567","-70.8153841659,-33.1192123997","-70.8153577562,-33.1192127845","-70.8153469919,-33.1186897137","-70.8153734014,-33.1186893289",180.98746577764973,0.0024598977093577322
562,"-70.81530215295,-33.11895198095","-70.8153099757,-33.1186902531","-70.8153207398,-33.1192133239","-70.8152943301,-33.1192137088","-70.8152835662,-33.118690638",180.9874237273889,0.0024598978775695517
563,"-70.81535472179999,-33.118423478050005","-70.8153733086,-33.118684821","-70.8153468991,-33.1186852059","-70.8153361351,-33.1181621351","-70.8153625444,-33.1181617502",180.98744469655344,0.0024598940517345557
564,"-70.815291296275,-33.1184244023","-70.8152991191,-33.1181626745","-70.8153098829,-33.1186857453","-70.8152834734,-33.1186861301","-70.8152727097,-33.1181630593",180.98740629658045,0.0024598984883467435
565,"-70.8153433085,-33.117868852375","-70.8153618951,-33.1181301954","-70.8153354857,-33.1181305802","-70.815324722,-33.1176075094","-70.8153511312,-33.1176071245",180.9874231238852,0.0024599001720244243
566,"-70.81527988335,-33.1178697766","-70.8152877062,-33.1176080487","-70.8152984698,-33.1181311196","-70.8152720604,-33.1181315045","-70.815261297,-33.1176084336",180.98738990494783,0.0024599002421932465
567,"-70.81533245202499,-33.11734127365","-70.8153510384,-33.1176026167","-70.8153246292,-33.1176030015","-70.8153138657,-33.1170799306","-70.8153402748,-33.1170795458",180.98740582922633,0.0024599008780746582
568,"-70.8152690273,-33.11734219785","-70.8152768502,-33.11708047","-70.8152876135,-33.1176035409","-70.8152612043,-33.1176039257","-70.8152504412,-33.1170808548",180.98736789813597,0.0024598961968906327
569,"-70.815402105325,-33.12072589805","-70.8154206931,-33.1209872409","-70.8153942829,-33.1209876258","-70.8153835176,-33.1204645552","-70.8154099277,-33.1204641703",180.9875336715088,0.0024598994196643924
570,"-70.815338678175,-33.12072682235","-70.8153465007,-33.1204650946","-70.8153572658,-33.1209881652","-70.8153308555,-33.1209885501","-70.8153200907,-33.1204654795",180.98749115951648,0.00245989939440957
571,"-70.81539124737499,-33.120198319525","-70.8154098349,-33.1204596624","-70.8153834249,-33.1204600473","-70.8153726599,-33.1199369766","-70.8153990698,-33.1199365918",180.98751180484405,0.0024598954719497476
572,"-70.815327820575,-33.120199243849996","-70.8153356432,-33.1199375161","-70.8153464079,-33.1204605868","-70.8153199979,-33.1204609716","-70.8153092333,-33.1199379009",180.98746896757234,0.0024598953500010257
573,"-70.81538038965,-33.119670741","-70.815398977,-33.1199320839","-70.8153725671,-33.1199324688","-70.8153618024,-33.1194093981","-70.8153882121,-33.1194090132",180.98749497405393,0.0024598963750555782
574,"-70.81531696325,-33.119671665325","-70.8153247859,-33.1194099375","-70.8153355504,-33.1199330083","-70.8153091405,-33.1199333931","-70.8152983762,-33.1194103224",180.98745213618054,0.0024598962517843404
575,"-70.81541564005,-33.12138351835","-70.8154342281,-33.1216448612","-70.8154078177,-33.1216452461","-70.8153970521,-33.1211221755","-70.8154234623,-33.1211217906",180.9875583373397,0.002459894972344884
576,"-70.815352212425,-33.121384442675","-70.8153600349,-33.121122715","-70.8153708003,-33.1216457855","-70.8153443899,-33.1216461704","-70.8153336246,-33.1211230998",180.9875202629654,0.0024598995048411764
577,"-70.81523872705,-33.118952905200004","-70.8152573137,-33.1192142482","-70.815230904,-33.119214633","-70.8152201405,-33.1186915622","-70.81524655,-33.1186911774",180.9873925156866,0.0024598976575866513
578,"-70.815175301125,-33.1189538294","-70.8151831243,-33.1186921016","-70.8151938876,-33.1192151724","-70.8151674779,-33.1192155572","-70.8151567147,-33.1186924864",180.98735457889146,0.002459902288276145
579,"-70.815227870775,-33.118425326525","-70.8152464572,-33.1186866695","-70.8152200477,-33.1186870544","-70.8152092844,-33.1181639835","-70.8152356938,-33.1181635987",180.98737568301155,0.002459898559838548
580,"-70.81516444525,-33.118426250649996","-70.8151722684,-33.1181645228","-70.8151830315,-33.1186875937","-70.815156622,-33.1186879785","-70.8151458591,-33.1181649076",180.98733742749,0.0024598937806615297
581,"-70.81521645825,-33.117870700775","-70.8152350445,-33.1181320438","-70.8152086351,-33.1181324287","-70.8151978721,-33.1176093577","-70.8152242813,-33.1176089729",180.9873588287246,0.0024599001202580744
582,"-70.81515303315,-33.11787162495","-70.8151608564,-33.1176098971","-70.8151716192,-33.118132968","-70.8151452098,-33.1181333528","-70.8151344472,-33.1176102819",180.98731617977342,0.002459899998329923
583,"-70.815205602575,-33.117343121999994","-70.8152241886,-33.1176044651","-70.8151977794,-33.1176048499","-70.8151870166,-33.1170817789","-70.8152134257,-33.1170813941",180.98734153311636,0.0024599008269862695
584,"-70.8151421778,-33.11734404615","-70.8151500011,-33.1170823183","-70.8151607636,-33.1176053892","-70.8151343544,-33.117605774","-70.8151235921,-33.1170827031",180.98729463645645,0.0024598961457968724
585,"-70.815275251,-33.120727746625","-70.8152938384,-33.1209890895","-70.8152674282,-33.1209894744","-70.8152566637,-33.1204664037","-70.8152830737,-33.1204660189",180.98746466745712,0.0024598946153829345
586,"-70.8152118238,-33.1207286709","-70.8152196467,-33.1204669431","-70.815230411,-33.1209900138","-70.8152040008,-33.1209903987","-70.8151932367,-33.120467328",180.98742229279037,0.0024598946868849654
587,"-70.81526439379999,-33.12020016815","-70.815282981,-33.1204615111","-70.8152565709,-33.1204618959","-70.8152458067,-33.1199388252","-70.8152722166,-33.1199384404",180.98744279322776,0.002459899979269461
588,"-70.815200967,-33.12020109235","-70.81520879,-33.1199393646","-70.815219554,-33.1204624353","-70.8151931439,-33.1204628201","-70.8151823801,-33.1199397494",180.98740028107449,0.002459899954045685
589,"-70.815253536825,-33.119672589575","-70.8152721238,-33.1199339325","-70.8152457139,-33.1199343174","-70.8152349499,-33.1194112466","-70.8152613597,-33.1194108618",180.98742596142807,0.0024599008824334745
590,"-70.81519011042501,-33.119673513799995","-70.8151979335,-33.119411786","-70.8152086972,-33.1199348568","-70.8151822873,-33.1199352416","-70.8151715237,-33.1194121708",180.98738312511162,0.002459900759819734
591,"-70.8152887848,-33.121385367","-70.8153073725,-33.1216467099","-70.8152809621,-33.1216470947","-70.8152701972,-33.1211240241","-70.8152966074,-33.1211236393",180.98749377027931,0.002459894727135775
592,"-70.815225357125,-33.121386291274995","-70.81523318,-33.1211245635","-70.8152439446,-33.1216476342","-70.8152175342,-33.121648019","-70.8152067697,-33.1211249484",180.9874468144468,0.0024598994537376045
593,"-70.815111875225,-33.11895475355","-70.8151304615,-33.1192160966","-70.8151040518,-33.1192164814","-70.815093289,-33.1186934105","-70.8151196986,-33.1186930257",180.98732364002672,0.002459902261738596
594,"-70.815048449325,-33.11895567765","-70.8150562728,-33.1186939498","-70.8150670354,-33.1192170207","-70.8150406258,-33.1192174055","-70.8150298633,-33.1186943346",180.98729029032665,0.002459892925432478
595,"-70.815101019725,-33.11842717485","-70.8151196058,-33.1186885179","-70.8150931963,-33.1186889027","-70.8150824337,-33.1181658318","-70.8151088431,-33.118165447",180.98731125190776,0.002459898411372629
596,"-70.815037594225,-33.11842809895","-70.8150454178,-33.1181663711","-70.8150561801,-33.118689442","-70.8150297706,-33.1186898268","-70.8150190084,-33.1181667559",180.98726874024055,0.0024598983841754053
597,"-70.81514839665,-33.12072959515","-70.8151669837,-33.1209909381","-70.8151405735,-33.1209913229","-70.8151298097,-33.1204682522","-70.8151562197,-33.1204678674",180.98740023681069,0.002459894466893238
598,"-70.815084969475,-33.12073051935","-70.8150927928,-33.1204687916","-70.8151035563,-33.1209918623","-70.8150771461,-33.1209922471","-70.8150663827,-33.1204691764",180.98735314505635,0.0024598990974799353
599,"-70.81513754015,-33.12020201657499","-70.815156127,-33.1204633595","-70.8151297169,-33.1204637444","-70.8151189534,-33.1199406736","-70.8151453633,-33.1199402888",180.98737882441452,0.0024599000248807217
600,"-70.81507411335,-33.12020294075","-70.8150819367,-33.119941213","-70.8150927,-33.1204642837","-70.8150662899,-33.1204646685","-70.8150555268,-33.1199415978",180.98733617692648,0.0024598999022886325
601,"-70.815126684,-33.119674438000004","-70.8151452706,-33.119935781","-70.8151188607,-33.1199361658","-70.8151080975,-33.119413095","-70.8151345072,-33.1194127102",180.98735695597654,0.0024598960780885305
602,"-70.8150632576,-33.1196753621","-70.815071081,-33.1194136343","-70.815081844,-33.1199367051","-70.8150554341,-33.1199370899","-70.8150446713,-33.1194140191",180.9873144454574,0.002459896052213365
603,"-70.8151619295,-33.121387215525","-70.8151805168,-33.1216485584","-70.8151541064,-33.1216489433","-70.8151433423,-33.1211258726","-70.8151697525,-33.1211254878",180.98742064783733,0.002459894771432725
604,"-70.81509850184999,-33.121388139749996","-70.8151063251,-33.121126412","-70.815117089,-33.1216494827","-70.8150906785,-33.1216498675","-70.8150799148,-33.1211267968",180.98737780415513,0.002459903960982733
605,"-70.81502154227499,-33.12073144345","-70.8150401289,-33.1209927864","-70.8150137187,-33.1209931712","-70.8150029557,-33.1204701005","-70.8150293658,-33.1204697157",180.98732239572178,0.002459899070942083
606,"-70.8149581151,-33.1207323676","-70.8149659388,-33.1204706398","-70.8149767016,-33.1209937106","-70.8149502913,-33.1209940954","-70.8149395287,-33.1204710246",180.98728427063756,0.002459903701502304
607,"-70.81501068657501,-33.1202038649","-70.815029273,-33.1204652079","-70.815002863,-33.1204655927","-70.8149921002,-33.1199425219","-70.8150185101,-33.1199421371",180.98730981885058,0.0024598952206209834
608,"-70.81494725977501,-33.120204789","-70.8149550835,-33.1199430612","-70.814965846,-33.120466132","-70.814939436,-33.1204665168","-70.8149286736,-33.119943446",180.98726730929616,0.0024598951954069217
609,"-70.814999831175,-33.11967628625","-70.8150184174,-33.1199376293","-70.8149920075,-33.1199380141","-70.814981245,-33.1194149432","-70.8150076548,-33.1194145584",180.98728808087276,0.002459900682196762
610,"-70.81493640475,-33.11967721035","-70.8149442285,-33.1194154825","-70.8149549908,-33.1199385534","-70.8149285809,-33.1199389382","-70.8149178188,-33.1194158673",180.9872501514167,0.002459896000468504
611,"-70.815035074175,-33.12138906395","-70.8150536611,-33.1216504069","-70.8150272507,-33.1216507917","-70.8150164873,-33.121127721","-70.8150428976,-33.1211273362",180.98735163652645,0.0024598992787136908
612,"-70.81497164654999,-33.12138998805","-70.8149794701,-33.1211282603","-70.8149902333,-33.121651331","-70.8149638229,-33.1216517158","-70.8149530599,-33.1211286451",180.98731370515756,0.002459894597074557
613,"-70.81490821887499,-33.121390912175","-70.8149268054,-33.1216522552","-70.814900395,-33.1216526399","-70.8148896324,-33.1211295692","-70.8149160427,-33.1211291844",180.9872780513313,0.0024598991315930773
614,"-70.814844791225,-33.121391836274995","-70.8148526152,-33.1211301085","-70.8148633776,-33.1216531793","-70.8148369672,-33.121653564","-70.8148262049,-33.1211304933",180.98724469665729,0.0024598991050545724
615,"-70.820280241775,-33.12345052815","-70.8202988449,-33.1237118697","-70.820272434,-33.1237122556","-70.8202616387,-33.1231891866","-70.8202880495,-33.1231888007",180.99025713588244,0.0024598902371276883
616,"-70.820216812825,-33.12345145505","-70.8202246207,-33.1231897276","-70.8202354158,-33.1237127966","-70.8202090049,-33.1237131825","-70.8201982099,-33.1231901135",180.99022376241254,0.002459890212493678
617,"-70.820407099675,-33.123448674325","-70.8204257032,-33.1237100158","-70.8203992923,-33.1237104018","-70.8203884962,-33.1231873328","-70.820414907,-33.1231869469",180.99033071937677,0.002459890387364121
618,"-70.820343670725,-33.123449601275","-70.8203514782,-33.1231878738","-70.8203622741,-33.1237109428","-70.8203358631,-33.1237113287","-70.8203250675,-33.1231882598",180.9902881917427,0.002459890361377954
619,"-70.82053395755,-33.12344682035","-70.8205525615,-33.1237081618","-70.8205261505,-33.1237085478","-70.8205153537,-33.1231854789","-70.8205417645,-33.1231850929",180.99039972234274,0.002459895191233928
620,"-70.82047052865,-33.12344774735","-70.8204783358,-33.1231860199","-70.8204891324,-33.1237090888","-70.8204627214,-33.1237094748","-70.820451925,-33.1231864059",180.99035719375718,0.0024598951652876713
621,"-70.81639521185001,-33.11965594805","-70.8164138022,-33.1199172907","-70.8163873923,-33.1199176758","-70.8163766216,-33.1193946054","-70.8164030313,-33.1193942203",180.98804593151146,0.0024598971762793626
622,"-70.81633178544999,-33.119656872875","-70.8163396051,-33.1193951451","-70.8163503756,-33.1199182156","-70.8163239657,-33.1199186006","-70.8163131954,-33.1193955302",180.98800309092536,0.0024598970536261534
623,"-70.8209036391,-33.12291368105","-70.8209222439,-33.1231750224","-70.8208958331,-33.1231754085","-70.8208850344,-33.1226523397","-70.820911445,-33.1226519536",180.99058031648772,0.0024598916927531167
624,"-70.82084021054999,-33.122914608225","-70.8208480166,-33.1226528808","-70.8208588152,-33.1231759496","-70.8208324044,-33.1231763357","-70.820821606,-33.1226532668",180.99054661598723,0.0024598915704340243
625,"-70.820743551475,-33.121305758199995","-70.8207621553,-33.1215670997","-70.8207357449,-33.1215674857","-70.8207249478,-33.1210444167","-70.8207513579,-33.1210440307",180.99045567525994,0.002459894624518633
626,"-70.8206801241,-33.121306685225","-70.8206879307,-33.1210449577","-70.8206987277,-33.1215680267","-70.8206723174,-33.1215684128","-70.8206615206,-33.1210453437",180.99041786252562,0.002459890041171824
627,"-70.818805411475,-33.11962078175","-70.8188240089,-33.1198821238","-70.8187975991,-33.1198825094","-70.8187868141,-33.1193594397","-70.8188132238,-33.1193590541",180.9893545520102,0.0024598944742471184
628,"-70.81874198525,-33.11962170775","-70.8187497977,-33.1193599801","-70.8187605825,-33.1198830498","-70.8187341727,-33.1198834354","-70.8187233881,-33.1193603657",180.98931661132238,0.002459889791797296
629,"-70.815089607975,-33.117872549075","-70.8151081938,-33.1181338922","-70.8150817845,-33.1181342769","-70.8150710222,-33.117611206","-70.8150974314,-33.1176108212",180.98728968441162,0.0024598952198384406
630,"-70.815026182875,-33.117873473174996","-70.8150340065,-33.1176117453","-70.8150447685,-33.1181348163","-70.8150183592,-33.118135201","-70.8150075973,-33.1176121301",180.9872471733483,0.0024598951939650603
