name,point,polyP1,polyP2,polyP3,polyP4,yaw,ancho
1,"-70.8368880667,-33.112131369975","-70.8369067149,-33.1123927078","-70.8368803076,-33.1123930972","-70.8368694186,-33.1118700321","-70.8368958257,-33.1118696428",180.99899156144244,0.00245987399767539
2,"-70.83682464647501,-33.112132305025","-70.8368324057,-33.1118705778","-70.8368432945,-33.1123936429","-70.8368168872,-33.1123940322","-70.8368059985,-33.1118709672",180.99895355539326,0.0024598786277377463
3,"-70.83687708385001,-33.1116037971","-70.8368957319,-33.111865135","-70.8368693247,-33.1118655243","-70.8368584359,-33.1113424592","-70.8368848429,-33.1113420699",180.9989789076157,0.0024598793556466787
4,"-70.836813664025,-33.111604732125","-70.8368214233,-33.1113430049","-70.8368323118,-33.11186607","-70.8368059047,-33.1118664594","-70.8367950163,-33.1113433942",180.99893188567427,0.0024598747704220464
5,"-70.8368655383,-33.111049177474996","-70.8368841861,-33.1113105154","-70.8368577791,-33.1113109047","-70.8368468906,-33.1107878396","-70.8368732974,-33.1107874502",180.99895787083508,0.0024598763528307093
6,"-70.83680211880001,-33.111050112475","-70.8368098781,-33.1107883852","-70.8368207664,-33.1113114504","-70.8367943594,-33.1113118397","-70.8367834713,-33.1107887746",180.99891528864003,0.0024598763266593495
7,"-70.836854556,-33.110521604525","-70.8368732036,-33.1107829425","-70.8368467967,-33.1107833318","-70.8368359085,-33.1102602666","-70.8368623152,-33.1102598772",180.9989361953004,0.0024598818072782015
8,"-70.836791136925,-33.1105225395","-70.8367988963,-33.1102608122","-70.8368097843,-33.1107838775","-70.8367833775,-33.1107842668","-70.8367724896,-33.1102612015",180.9988978679276,0.0024598770276297068
9,"-70.83684357405,-33.1099940315","-70.8368622214,-33.1102553695","-70.8368358147,-33.1102557588","-70.8368249268,-33.1097326935","-70.8368513333,-33.1097323042",180.998914389066,0.0024598778515446994
10,"-70.83678015535,-33.1099949665","-70.8367879148,-33.1097332392","-70.8367988025,-33.1102563045","-70.8367723958,-33.1102566938","-70.8367615083,-33.1097336285",180.9988718070058,0.0024598778253813267
11,"-70.83677220860001,-33.112660812899996","-70.8367908567,-33.1129221508","-70.8367644492,-33.1129225401","-70.8367535606,-33.112399475","-70.8367799679,-33.1123990857",180.9989486018845,0.002459877704388006
12,"-70.83670878800001,-33.1126617479","-70.8367165475,-33.1124000207","-70.8367274359,-33.1129230858","-70.8367010284,-33.1129234751","-70.8366901402,-33.11240041",180.9989060188995,0.0024598776782150207
13,"-70.83676122625,-33.11213324005","-70.8367798741,-33.1123945779","-70.8367534668,-33.1123949673","-70.8367425785,-33.1118719022","-70.8367689856,-33.1118715128",180.99892758613169,0.0024598740438434167
14,"-70.836697806025,-33.112134175","-70.8367055656,-33.1118724478","-70.8367164537,-33.1123955129","-70.8366900464,-33.1123959022","-70.8366791584,-33.1118728371",180.99888911588988,0.002459878478202282
15,"-70.83675024415001,-33.11160566715","-70.8367688918,-33.1118670051","-70.8367424846,-33.1118673944","-70.8367315966,-33.1113443292","-70.8367580036,-33.1113439399",180.99890544819212,0.0024598793032944285
16,"-70.8366868243,-33.1116066021","-70.8366945839,-33.1113448749","-70.8367054718,-33.11186794","-70.8366790646,-33.1118683293","-70.8366681769,-33.1113452642",180.99887221311417,0.0024598792764621994
17,"-70.83673869937499,-33.11105104745","-70.8367573468,-33.1113123854","-70.8367309398,-33.1113127747","-70.836720052,-33.1107897095","-70.8367464589,-33.1107893202",180.9988888501984,0.002459880858267509
18,"-70.83667527989999,-33.111051982424996","-70.8366830396,-33.1107902552","-70.8366939271,-33.1113133204","-70.8366675201,-33.1113137097","-70.8366566328,-33.1107906444",180.998841367507,0.002459876079298466
19,"-70.836727717825,-33.11052347445","-70.836746365,-33.1107848124","-70.8367199582,-33.1107852017","-70.8367090707,-33.1102621365","-70.8367354774,-33.1102617472",180.9988673721288,0.0024598770007916238
20,"-70.83666429877499,-33.1105244094","-70.8366720585,-33.1102626821","-70.8366829458,-33.1107857474","-70.8366565389,-33.1107861367","-70.8366456519,-33.1102630714",180.9988245997766,0.0024598769752561473
21,"-70.83671673665,-33.1099959014","-70.8367353836,-33.1102572394","-70.8367089769,-33.1102576287","-70.8366980898,-33.1097345634","-70.8367244963,-33.1097341741",180.9988411206768,0.002459877799213801
22,"-70.836653317925,-33.1099968363","-70.8366610778,-33.109735109","-70.8366719647,-33.1102581743","-70.836645558,-33.1102585636","-70.8366346712,-33.1097354983",180.9988031129211,0.0024598824293888865
23,"-70.83663438577499,-33.112135109975","-70.8366530333,-33.1123964479","-70.8366266259,-33.1123968372","-70.8366157384,-33.111873772","-70.8366421455,-33.1118733828",180.9988581035436,0.0024598783535268653
24,"-70.836570965525,-33.112136044875","-70.8365787255,-33.1118743177","-70.8365896128,-33.1123973828","-70.8365632055,-33.1123977721","-70.8365523183,-33.1118747069",180.99881552211397,0.0024598783280400157
25,"-70.83662340445,-33.11160753705","-70.8366420517,-33.111868875","-70.8366156445,-33.1118692643","-70.8366047573,-33.1113461991","-70.8366311643,-33.1113458098",180.99883217932995,0.002459879250953333
26,"-70.8365599846,-33.111608471924995","-70.8365677446,-33.1113467447","-70.8365786317,-33.1118698099","-70.8365522245,-33.1118701992","-70.8365413376,-33.1113471339",180.99879842716166,0.002459879126956943
27,"-70.83661186045,-33.111052917325","-70.8366305075,-33.1113142553","-70.8366041005,-33.1113146446","-70.8365932135,-33.1107915793","-70.8366196203,-33.1107911901",180.99881983682576,0.0024598760531299012
28,"-70.83654844097501,-33.1110538522","-70.8365562011,-33.1107921249","-70.8365670878,-33.1113151902","-70.8365406808,-33.1113155795","-70.8365297942,-33.1107925142",180.99877280954226,0.002459880780421953
29,"-70.8366008797,-33.1105253443","-70.8366195265,-33.1107866823","-70.8365931197,-33.1107870716","-70.836582233,-33.1102640063","-70.8366086396,-33.110263617",180.99879849298193,0.0024598722927942703
30,"-70.8365374606,-33.11052627915","-70.8365452207,-33.1102645519","-70.8365561072,-33.1107876172","-70.8365297004,-33.1107880064","-70.8365188141,-33.1102649411",180.99875544943635,0.002459872070309713
31,"-70.83658989919999,-33.109997771175","-70.8366085458,-33.1102591092","-70.8365821391,-33.1102594985","-70.8365712527,-33.1097364331","-70.8365976592,-33.1097360439",180.99877668104156,0.002459877649044497
32,"-70.8365264805,-33.109998706024996","-70.8365342407,-33.1097369787","-70.8365451269,-33.1102600441","-70.8365187202,-33.1102604333","-70.8365078342,-33.109737368",180.99873409912425,0.0024598776228785257
33,"-70.83651852615,-33.1126645527","-70.8365371735,-33.1129258906","-70.836510766,-33.1129262799","-70.8364998789,-33.1124032148","-70.8365262862,-33.1124028255",180.99881122260797,0.00245987759970166
34,"-70.83645510555,-33.112665487575","-70.8364628658,-33.1124037604","-70.8364737527,-33.1129268255","-70.8364473452,-33.1129272148","-70.8364364585,-33.1124041496",180.99876831462961,0.0024598774757180683
35,"-70.8365075453,-33.112136979775","-70.8365261924,-33.1123983177","-70.8364997851,-33.112398707","-70.8364888983,-33.1118756418","-70.8365153054,-33.1118752526",180.9987894173596,0.0024598736449652084
36,"-70.83644412505,-33.112137914624995","-70.8364518854,-33.1118761874","-70.836462772,-33.1123992526","-70.8364363646,-33.1123996419","-70.8364254782,-33.1118765766",180.99874663972622,0.002459882931241807
37,"-70.8364965647,-33.111609406775","-70.8365152116,-33.1118707448","-70.8364888044,-33.111871134","-70.8364779179,-33.1113480688","-70.8365043249,-33.1113476795",180.99876774083506,0.0024598791007893485
38,"-70.836433144825,-33.111610341624996","-70.8364409052,-33.1113486144","-70.8364517915,-33.1118716796","-70.8364253844,-33.1118720689","-70.8364144982,-33.1113490036",180.99872974045417,0.002459874418385112
39,"-70.83648502152501,-33.111054787049994","-70.8365036682,-33.1113161251","-70.8364772612,-33.1113165143","-70.8364663749,-33.110793449","-70.8364927818,-33.1107930598",180.9987508162162,0.0024598805586060948
40,"-70.836421602025,-33.11105572185","-70.8364293625,-33.1107939946","-70.8364402485,-33.1113170599","-70.8364138415,-33.1113174491","-70.8364029556,-33.1107943838",180.99870823525538,0.0024598805324333264
41,"-70.83647404152501,-33.11052721395","-70.836492688,-33.110788552","-70.8364662811,-33.1107889412","-70.8364553952,-33.1102658759","-70.8364818018,-33.1102654867",180.9987293361397,0.002459876701100303
42,"-70.836410622425,-33.11052814875","-70.8364183829,-33.1102664215","-70.8364292687,-33.1107894868","-70.8364028618,-33.110789876","-70.8363919763,-33.1102668107",180.99868675401285,0.002459876674935052
43,"-70.8364630618,-33.109999640824995","-70.836481708,-33.1102609789","-70.8364553013,-33.1102613681","-70.8364444157,-33.1097383028","-70.8364708222,-33.1097379135",180.99870341088177,0.0024598775960521036
44,"-70.836399643075,-33.1100005756","-70.8364074037,-33.1097388483","-70.8364182891,-33.1102619137","-70.8363918824,-33.1102623029","-70.8363809971,-33.1097392375",180.99866507814698,0.0024598821290784485
45,"-70.83639168490001,-33.112666422425","-70.8364103319,-33.1129277604","-70.8363839244,-33.1129281496","-70.836373038,-33.1124050845","-70.8363994453,-33.1124046952",180.99874678376057,0.002459877449542485
46,"-70.83632826425,-33.1126673572","-70.8363360249,-33.11240563","-70.836346911,-33.1129286952","-70.8363205035,-33.1129290844","-70.8363096176,-33.1124060192",180.99869472131869,0.0024598773262164116
47,"-70.836380704775,-33.11213884945","-70.8363993515,-33.1124001874","-70.8363729442,-33.1124005767","-70.8363620581,-33.1118775115","-70.8363884653,-33.1118771222",180.99872085982932,0.0024598783480170123
48,"-70.83631728455,-33.112139784225","-70.8363250452,-33.111878057","-70.8363359311,-33.1124011222","-70.8363095238,-33.1124015115","-70.8362986381,-33.1118784462",180.99868253338303,0.0024598735664772406
49,"-70.83636972495,-33.111611276424995","-70.8363883715,-33.1118726144","-70.8363619643,-33.1118730037","-70.8363510785,-33.1113499384","-70.8363774855,-33.1113495492",180.99870362824083,0.0024598790477933985
50,"-70.83630630510001,-33.11161221115","-70.8363140659,-33.1113504839","-70.8363249514,-33.1118735492","-70.8362985443,-33.1118739384","-70.8362876588,-33.1113508731",180.99866072131073,0.002459878923842984
51,"-70.83635818255001,-33.11105665665","-70.8363768288,-33.1113179947","-70.8363504218,-33.1113183839","-70.8363395364,-33.1107953186","-70.8363659432,-33.1107949294",180.99867297301105,0.002459875849312056
52,"-70.8362947631,-33.111057591375","-70.8363025239,-33.1107958641","-70.8363134092,-33.1113189294","-70.8362870022,-33.1113193187","-70.8362761171,-33.1107962533",180.99863968399205,0.0024598759223066137
53,"-70.83634720330001,-33.1105290835","-70.8363658494,-33.1107904216","-70.8363394425,-33.1107908108","-70.8363285573,-33.1102677454","-70.836354964,-33.1102673562",180.99866045156784,0.002459881303776495
54,"-70.836283784225,-33.110530018225","-70.8362915451,-33.110268291","-70.8363024301,-33.1107913563","-70.8362760233,-33.1107917455","-70.8362651384,-33.1102686801",180.99862231696477,0.0024598765248469417
55,"-70.836336224375,-33.110001510325","-70.8363548702,-33.1102628484","-70.8363284635,-33.1102632377","-70.8363175786,-33.1097401722","-70.8363439852,-33.109739783",180.99863452416128,0.0024598822007436106
56,"-70.83627280565,-33.11000244505","-70.8362805666,-33.1097407177","-70.8362914513,-33.1102637832","-70.8362650446,-33.1102641724","-70.8362541601,-33.1097411069",180.99859619969243,0.002459877420410394
57,"-70.836253864275,-33.112140719","-70.8362725106,-33.112402057","-70.8362461033,-33.1124024462","-70.836235218,-33.111879381","-70.8362616252,-33.1118789918",180.99864712980775,0.0024598780987194185
58,"-70.836190444025,-33.1121416537","-70.8361982051,-33.1118799265","-70.8362090902,-33.1124029917","-70.8361826829,-33.1124033809","-70.8361717979,-33.1118803157",180.9986137051289,0.002459878073203121
59,"-70.83624288525,-33.11161314595","-70.8362615314,-33.111874484","-70.8362351242,-33.1118748732","-70.8362242392,-33.1113518079","-70.8362506462,-33.1113514187",180.99863003360682,0.0024598788976419508
60,"-70.83617946535,-33.11161408065","-70.8361872265,-33.1113523534","-70.8361981113,-33.1118754187","-70.8361717041,-33.1118758079","-70.8361608195,-33.1113527426",180.99858745405882,0.0024598788727948047
61,"-70.83623134359999,-33.1110585261","-70.8362499895,-33.1113198642","-70.8362235825,-33.1113202534","-70.8362126978,-33.110797188","-70.8362391046,-33.1107967988",180.9986086700409,0.0024598757983150346
62,"-70.83616792410001,-33.1110594608","-70.8361756853,-33.1107977335","-70.8361865698,-33.1113207989","-70.8361601628,-33.1113211881","-70.8361492785,-33.1107981227",180.99856608932248,0.0024598757721451124
63,"-70.836220365125,-33.11053095290001","-70.8362390108,-33.110792291","-70.836212604,-33.1107926802","-70.8362017195,-33.1102696148","-70.8362281262,-33.1102692256",180.9985917630677,0.002459876596480964
64,"-70.836156946025,-33.1105318876","-70.8361647073,-33.1102701603","-70.8361755915,-33.1107932257","-70.8361491847,-33.1107936149","-70.8361383006,-33.1102705495",180.9985491829723,0.0024598765696568223
65,"-70.83620938695,-33.110003379725","-70.8362280324,-33.1102647179","-70.8362016257,-33.110265107","-70.8361907416,-33.1097420416","-70.8362171481,-33.1097416524",180.99856537356692,0.002459877296439488
66,"-70.8361459682,-33.110004314375004","-70.8361537295,-33.1097425871","-70.8361646135,-33.1102656525","-70.8361382068,-33.1102660417","-70.836127323,-33.1097429762",180.9985319510415,0.00245987727028574
67,"-70.836127023725,-33.112142588375","-70.8361456697,-33.1124039264","-70.8361192624,-33.1124043156","-70.8361083778,-33.1118812503","-70.836134785,-33.1118808612",180.99858269114168,0.002459877948589295
68,"-70.8360636035,-33.11214352305","-70.8360713649,-33.1118817958","-70.8360822493,-33.1124048611","-70.836055842,-33.1124052503","-70.8360449578,-33.111882185",180.99854482829335,0.002459873364640203
69,"-70.83611604545,-33.1116150153","-70.8361346912,-33.1118763534","-70.836108284,-33.1118767426","-70.8360973998,-33.1113536772","-70.8361238068,-33.111353288",180.99855657543108,0.0024598788459848655
70,"-70.83605262557501,-33.111615949925","-70.8360603871,-33.1113542227","-70.8360712711,-33.111877288","-70.836044864,-33.1118776772","-70.8360339801,-33.1113546118",180.99851843984217,0.0024598740657772334
71,"-70.83610450465,-33.111060395425","-70.8361231502,-33.1113217335","-70.8360967432,-33.1113221227","-70.8360858592,-33.1107990573","-70.836112266,-33.1107986682",180.99854441998096,0.0024598756475335097
72,"-70.83604108515,-33.111061330050006","-70.8360488467,-33.1107996028","-70.8360597305,-33.1113226682","-70.8360333235,-33.1113230573","-70.8360224399,-33.1107999919",180.99850151446276,0.0024598755229012104
73,"-70.836093526925,-33.110532822225","-70.8361121722,-33.1107941604","-70.8360857654,-33.1107945495","-70.8360748817,-33.1102714841","-70.8361012884,-33.1102710949",180.99851816756092,0.002459876446355213
74,"-70.836030107825,-33.110533756825","-70.8360378695,-33.1102720295","-70.8360487529,-33.110795095","-70.8360223461,-33.1107954841","-70.8360114628,-33.1102724187",180.99847558788764,0.002459876420195555
75,"-70.8360825495,-33.110005249","-70.8361011946,-33.1102665872","-70.8360747879,-33.1102669763","-70.8360639045,-33.1097439108","-70.836090311,-33.1097435217",180.9985009345993,0.0024598771469779247
76,"-70.836019130775,-33.1100061836","-70.8360268925,-33.1097444563","-70.8360377757,-33.1102675218","-70.836011369,-33.1102679109","-70.8360004859,-33.1097448454",180.99846293003873,0.002459881776513846
77,"-70.836000183225,-33.112144457675","-70.8360188288,-33.1124057958","-70.8359924215,-33.1124061849","-70.8359815377,-33.1118831196","-70.8360079449,-33.1118827304",180.99850923226035,0.002459877896925403
78,"-70.83593676295,-33.112145392275","-70.8359445248,-33.111883665","-70.8359554084,-33.1124067304","-70.835929001,-33.1124071195","-70.8359181176,-33.1118840542",180.99847122733928,0.0024598825263042016
79,"-70.8359892057,-33.111616884549996","-70.8360078511,-33.1118782227","-70.8359814439,-33.1118786118","-70.8359705604,-33.1113555464","-70.8359969674,-33.1113551573",180.99849199998204,0.002459878598718132
80,"-70.8359257858,-33.111617819125","-70.8359335477,-33.1113560919","-70.835944431,-33.1118791572","-70.8359180238,-33.1118795464","-70.8359071407,-33.111356481",180.99844974765438,0.002459878669030422
81,"-70.83597766565,-33.111062264649995","-70.8359963108,-33.1113236028","-70.8359699038,-33.1113239919","-70.8359590206,-33.1108009265","-70.8359854274,-33.1108005374",180.9984708249144,0.0024598754974027204
82,"-70.83591424615,-33.1110631992","-70.8359220081,-33.1108014719","-70.8359328911,-33.1113245374","-70.8359064841,-33.1113249265","-70.8358956013,-33.110801861",180.9984280557315,0.0024598754719056255
83,"-70.835966688675,-33.1105346914","-70.8359853336,-33.1107960296","-70.8359589268,-33.1107964187","-70.8359480438,-33.1102733532","-70.8359744505,-33.1102729641",180.99845372718244,0.0024598762955721806
84,"-70.835903269575,-33.110535625924996","-70.8359110316,-33.1102738986","-70.8359219143,-33.1107969641","-70.8358955075,-33.1107973532","-70.8358846249,-33.1102742878",180.99841147491665,0.002459876367885988
85,"-70.835955712,-33.1100071181","-70.8359743567,-33.1102684563","-70.83594795,-33.1102688454","-70.8359370674,-33.1097457799","-70.8359634739,-33.1097453908",180.99842766562142,0.0024598770940076945
86,"-70.835892293275,-33.110008052625","-70.8359000554,-33.1097463253","-70.8359109378,-33.1102693908","-70.8358845311,-33.11026978","-70.8358736488,-33.1097467144",180.99838979622896,0.002459881821341398
87,"-70.835873342675,-33.112146326825","-70.8358919879,-33.1124076649","-70.8358655806,-33.1124080541","-70.8358546975,-33.1118849887","-70.8358811047,-33.1118845996",180.99844512059238,0.002459877843935824
88,"-70.8358099224,-33.11214726135","-70.8358176846,-33.1118855341","-70.8358285675,-33.1124085995","-70.8358021601,-33.1124089886","-70.8357912774,-33.1118859232",180.99840678911718,0.0024598823761893124
89,"-70.835862365875,-33.11161875365","-70.8358810109,-33.1118800918","-70.8358546037,-33.1118804809","-70.8358437209,-33.1113574155","-70.835870128,-33.1113570264",180.99842330623648,0.0024598832013334364
90,"-70.835798945975,-33.11161968815","-70.8358067083,-33.1113579609","-70.8358175908,-33.1118810263","-70.8357911836,-33.1118814154","-70.8357803012,-33.11135835",180.99838072735204,0.002459883175844048
91,"-70.835850826675,-33.1110641337","-70.8358694715,-33.1113254719","-70.8358430644,-33.111325861","-70.835832182,-33.1108027955","-70.8358585888,-33.1108024064",180.99840194019777,0.002459880101352577
92,"-70.83578740715001,-33.1110650682","-70.8357951695,-33.1108033409","-70.8358060518,-33.1113264064","-70.8357796447,-33.1113267955","-70.8357687626,-33.11080373",180.99836393638907,0.0024598847321505232
93,"-70.835839850475,-33.110536560425004","-70.835858495,-33.1107978986","-70.8358320882,-33.1107982878","-70.835821206,-33.1102752222","-70.8358476127,-33.1102748331",180.99838059397212,0.002459876341067648
94,"-70.835776431325,-33.1105374949","-70.8357841937,-33.1102757676","-70.8357950757,-33.1107988331","-70.8357686689,-33.1107992222","-70.835757787,-33.1102761567",180.99834703609736,0.0024598762171085405
95,"-70.83582887454999,-33.110008987149996","-70.8358475189,-33.1102703254","-70.8358211122,-33.1102707145","-70.8358102303,-33.1097476489","-70.8358366368,-33.1097472598",180.99836336015758,0.002459877041679712
96,"-70.835765455825,-33.11000992155","-70.8357732183,-33.1097481942","-70.8357841,-33.1102712598","-70.8357576933,-33.1102716489","-70.8357468117,-33.1097485833",180.99832535587012,0.002459881671882726
97,"-70.83574650210001,-33.112148195850004","-70.835765147,-33.112409534","-70.8357387396,-33.1124099231","-70.8357278573,-33.1118868577","-70.8357542645,-33.1118864686",180.99837610085615,0.002459882350030778
98,"-70.83568308182501,-33.11214913035","-70.8356908444,-33.1118874031","-70.8357017265,-33.1124104685","-70.8356753192,-33.1124108576","-70.8356644372,-33.1118877922",180.99833810344307,0.002459877668318463
99,"-70.83573552605,-33.11162062265","-70.8357541707,-33.1118819608","-70.8357277635,-33.1118823499","-70.8357168815,-33.1113592845","-70.8357432885,-33.1113588954",180.99835461971043,0.0024598784927531573
100,"-70.835672106175,-33.1116215571","-70.8356798688,-33.1113598298","-70.8356907506,-33.1118828953","-70.8356643435,-33.1118832844","-70.8356534618,-33.1113602189",180.99831643075657,0.0024598738103670673
101,"-70.835723987675,-33.1110660027","-70.8357426321,-33.1113273409","-70.8357162251,-33.11132773","-70.8357053433,-33.1108046645","-70.8357317502,-33.1108042754",180.99833782720256,0.0024598800484107028
102,"-70.835660568175,-33.1110669371","-70.8356683309,-33.1108052098","-70.8356792124,-33.1113282753","-70.8356528054,-33.1113286644","-70.835641924,-33.1108055989",180.9982952493419,0.0024598800229177578
103,"-70.8357130122,-33.11053842935","-70.8357316564,-33.1107997676","-70.8357052495,-33.1108001567","-70.8356943681,-33.1102770911","-70.8357207748,-33.110276702",180.99831157360146,0.0024598808479086463
104,"-70.8356495931,-33.11053936375","-70.8356573559,-33.1102776364","-70.8356682371,-33.110800702","-70.8356418302,-33.1108010911","-70.8356309492,-33.1102780255",180.99826899578602,0.002459880821092845
105,"-70.83570203705,-33.110010856","-70.835720681,-33.1102721943","-70.8356942743,-33.1102725833","-70.8356833932,-33.1097495177","-70.8357097997,-33.1097491287",180.99828962840772,0.002459876793829749
106,"-70.8356386183,-33.1100117904","-70.8356463811,-33.1097500631","-70.8356572621,-33.1102731287","-70.8356308554,-33.1102735177","-70.8356199746,-33.1097504521",180.99825620635121,0.0024598767683378956
107,"-70.83561966152502,-33.112150064750004","-70.835638306,-33.1124114029","-70.8356118987,-33.112411792","-70.8356010171,-33.1118887266","-70.8356274243,-33.1118883375",180.99830741421056,0.0024598776421697202
108,"-70.83555624124999,-33.11215099915","-70.8355640042,-33.1118892719","-70.8355748856,-33.1124123373","-70.8355484782,-33.1124127264","-70.835537597,-33.111889661",180.9982694104971,0.002459882271560769
109,"-70.835608686275,-33.1116224915","-70.8356273305,-33.1118838297","-70.8356009234,-33.1118842188","-70.8355900421,-33.1113611533","-70.8356164491,-33.1113607642",180.99828574218853,0.00245987378553531
110,"-70.835545266375,-33.1116234259","-70.8355530294,-33.1113616986","-70.8355639104,-33.1118847641","-70.8355375033,-33.1118851532","-70.8355266224,-33.1113620877",180.99824316357603,0.0024598737587185103
111,"-70.83559714865,-33.111067871475","-70.8356157927,-33.1113292097","-70.8355893857,-33.1113295988","-70.8355785047,-33.1108065332","-70.8356049115,-33.1108061442",180.99826881395268,0.0024598752426855074
112,"-70.83553372915,-33.111068805825","-70.8355414922,-33.1108070785","-70.835552373,-33.1113301441","-70.835525966,-33.1113305331","-70.8355150854,-33.1108074676",180.99822623645957,0.0024598752158707937
113,"-70.83558617394999,-33.11054029815","-70.8356048178,-33.1108016364","-70.8355784109,-33.1108020255","-70.8355675302,-33.1102789599","-70.8355939369,-33.1102785708",180.9982474607922,0.002459880795600418
114,"-70.83552275485,-33.1105412325","-70.835530518,-33.1102795052","-70.8355413985,-33.1108025708","-70.8355149916,-33.1108029598","-70.8355041113,-33.1102798942",180.998204419957,0.0024598805738926337
115,"-70.83557519955,-33.110012724725","-70.8355938432,-33.110274063","-70.8355674364,-33.1102744521","-70.835556556,-33.1097513864","-70.8355829626,-33.1097509974",180.99822564502026,0.002459886151973933
116,"-70.8355117808,-33.110013659075","-70.835519544,-33.1097519317","-70.8355304242,-33.1102749974","-70.8355040175,-33.1102753864","-70.8354931375,-33.1097523208",180.9981830731213,0.0024598768131434186
117,"-70.835503795775,-33.11267950675","-70.8355224401,-33.1129408449","-70.8354960326,-33.112941234","-70.8354851515,-33.1124181686","-70.8355115589,-33.1124177795",180.99825562798756,0.00245988144539222
118,"-70.8354403751,-33.112680441125","-70.8354481384,-33.1124187139","-70.8354590193,-33.1129417793","-70.8354326117,-33.1129421684","-70.835421731,-33.1124191029",180.99821729893392,0.002459885978301284
119,"-70.83549282095001,-33.112151933525","-70.8355114651,-33.1124132717","-70.8354850577,-33.1124136608","-70.8354741769,-33.1118905953","-70.8355005841,-33.1118902063",180.998238394498,0.0024598821482898553
120,"-70.835429400675,-33.11215286785","-70.835437164,-33.1118911406","-70.8354480446,-33.1124142061","-70.8354216373,-33.1124145951","-70.8354107568,-33.1118915296",180.99820007155907,0.002459877367488456
121,"-70.83548184645001,-33.111624360224994","-70.8355004903,-33.1118856985","-70.8354740832,-33.1118860875","-70.8354632026,-33.111363022","-70.8354896097,-33.1113626329",180.99821672267828,0.002459878291713296
122,"-70.83541842652501,-33.11162529455001","-70.8354261899,-33.1113635673","-70.8354370702,-33.1118866328","-70.8354106631,-33.1118870218","-70.8353997829,-33.1113639563",180.99817858969513,0.0024598735108568364
123,"-70.835470309625,-33.111069740175","-70.8354889533,-33.1113310784","-70.8354625463,-33.1113314675","-70.835451666,-33.1108084019","-70.8354780729,-33.1108080129",180.99820011918132,0.0024598798473415796
124,"-70.835406890125,-33.1110706745","-70.8354146536,-33.1108089472","-70.8354255336,-33.1113320128","-70.8353991266,-33.1113324018","-70.8353882467,-33.1108093362",180.99815721521117,0.0024598797227496825
125,"-70.835459335675,-33.1105421668","-70.8354779791,-33.1108035051","-70.8354515723,-33.1108038941","-70.8354406923,-33.1102808285","-70.835467099,-33.1102804395",180.998178310658,0.0024598758914472644
126,"-70.83539591655,-33.110543101074995","-70.8354036801,-33.1102813737","-70.8354145598,-33.1108044394","-70.8353881529,-33.1108048284","-70.8353772734,-33.1102817628",180.99813128724128,0.0024598806193683103
127,"-70.83544836205,-33.11001459335","-70.8354670053,-33.1102759317","-70.8354405986,-33.1102763207","-70.8354297189,-33.109753255","-70.8354561254,-33.109752866",180.99816121157656,0.0024598766892225477
128,"-70.835384943275,-33.11001552765","-70.8353927069,-33.1097538003","-70.8354035863,-33.110276866","-70.8353771796,-33.110277255","-70.8353663003,-33.1097541893",180.99811405222044,0.0024598813194214794
129,"-70.835376954425,-33.112681375425005","-70.8353955984,-33.1129427136","-70.8353691909,-33.1129431027","-70.8353583105,-33.1124200372","-70.8353847179,-33.1124196482",180.99819119040043,0.0024598812959744218
130,"-70.835313533725,-33.11268230975","-70.8353212974,-33.1124205825","-70.8353321775,-33.112943648","-70.83530577,-33.112944037","-70.83529489,-33.1124209715",180.99814828733602,0.0024598811720426455
131,"-70.835365980375,-33.112153802150004","-70.8353846241,-33.1124151404","-70.8353582168,-33.1124155294","-70.8353473367,-33.1118924639","-70.8353737439,-33.1118920749",180.99816938150886,0.0024598773419972427
132,"-70.83530256007501,-33.11215473645001","-70.8353103238,-33.1118930092","-70.8353212036,-33.1124160747","-70.8352947963,-33.1124164637","-70.8352839166,-33.1118933982",180.99812680424168,0.00245987731518267
133,"-70.835355006625,-33.111626228825","-70.8353736501,-33.1118875671","-70.835347243,-33.1118879561","-70.8353363632,-33.1113648906","-70.8353627702,-33.1113645015",180.99814803505862,0.002459873582482921
134,"-70.835291586675,-33.1116271631","-70.8352993505,-33.1113654358","-70.83531023,-33.1118885014","-70.8352838228,-33.1118888904","-70.8352729434,-33.1113658248",180.99810512477674,0.0024598827710474473
135,"-70.835343470575,-33.1110716087","-70.8353621139,-33.111332947","-70.8353357068,-33.111333336","-70.8353248274,-33.1108102704","-70.8353512342,-33.1108098814",180.99812652418854,0.0024598796972346106
136,"-70.83528005105,-33.111072542975","-70.8352878149,-33.1108108157","-70.8352986942,-33.1113338813","-70.8352722871,-33.1113342703","-70.835261408,-33.1108112046",180.99808819569486,0.0024598842296247947
137,"-70.8353324974,-33.1105440353","-70.8353511405,-33.1108053736","-70.8353247336,-33.1108057626","-70.8353138544,-33.110282697","-70.8353402611,-33.110282308",180.9981096155058,0.002459880494779787
138,"-70.83526907827499,-33.11054496955","-70.8352768422,-33.1102832422","-70.8352877211,-33.1108063079","-70.8352613143,-33.1108066969","-70.8352504355,-33.1102836312",180.99806227281374,0.002459875812997651
139,"-70.835321524525,-33.11001646185","-70.8353401674,-33.1102778002","-70.8353137607,-33.1102781892","-70.8353028817,-33.1097551235","-70.8353292883,-33.1097547345",180.99809251602704,0.002459881293273476
140,"-70.83525810575,-33.11001739605","-70.8352658697,-33.1097556687","-70.8352767484,-33.1102787344","-70.8352503417,-33.1102791234","-70.8352394632,-33.1097560577",180.9980453649033,0.002459876610775887
141,"-70.835250113075,-33.11268324395","-70.8352687567,-33.1129445822","-70.8352423491,-33.1129449712","-70.8352314696,-33.1124219057","-70.8352578769,-33.1124215167",180.99811759613652,0.002459881145864262
142,"-70.83518669239999,-33.1126841782","-70.8351944564,-33.1124224509","-70.8352053358,-33.1129455165","-70.8351789283,-33.1129459055","-70.8351680491,-33.1124228399",180.99807940991502,0.0024598764635316763
143,"-70.83523913977501,-33.11215567065","-70.8352577831,-33.1124170089","-70.8352313758,-33.1124173979","-70.8352204965,-33.1118943324","-70.8352469037,-33.1118939434",180.998096114311,0.0024598772890325757
144,"-70.8351757195,-33.112156604875004","-70.8351834836,-33.1118948776","-70.8351943627,-33.1124179432","-70.8351679553,-33.1124183321","-70.8351570764,-33.1118952666",180.99805778498433,0.0024598818219996677
145,"-70.83522816675,-33.1116280973","-70.8352468099,-33.1118894356","-70.8352204027,-33.1118898246","-70.8352095237,-33.111366759","-70.8352359307,-33.11136637",180.99807901436995,0.002459878087978868
146,"-70.83516474685,-33.1116290315","-70.835172511,-33.1113673042","-70.8351833898,-33.1118903698","-70.8351569826,-33.1118907588","-70.835146104,-33.1113676932",180.99803643699005,0.002459878061829291
147,"-70.835216631525,-33.111073477175","-70.8352352744,-33.1113348155","-70.8352088674,-33.1113352045","-70.8351979887,-33.1108121388","-70.8352243956,-33.1108117499",180.9980529303738,0.002459879546548124
148,"-70.83515321197501,-33.11107441135","-70.8351609762,-33.110812684","-70.8351718547,-33.1113357497","-70.8351454477,-33.1113361387","-70.8351345693,-33.110813073",180.99801964457902,0.0024598796181521266
149,"-70.8352056591,-33.1105459037","-70.8352243018,-33.1108072421","-70.8351978949,-33.110807631","-70.8351870165,-33.1102845653","-70.8352134232,-33.1102841764",180.99803569435244,0.002459880246977913
150,"-70.83514223995,-33.11054683785001","-70.8351500042,-33.1102851105","-70.8351608825,-33.1108081762","-70.8351344756,-33.1108085652","-70.8351235975,-33.1102854995",180.99800273487554,0.002459880416997306
151,"-70.835194686975,-33.1100183302","-70.8352133295,-33.1102796686","-70.8351869227,-33.1102800576","-70.8351760446,-33.1097569918","-70.8352024511,-33.1097566028",180.9980190549217,0.0024598812402894556
152,"-70.835131268225,-33.110019264325","-70.8351390326,-33.109757537","-70.8351499105,-33.1102806027","-70.8351235038,-33.1102809917","-70.835112626,-33.1097579259",180.9979763440425,0.0024598811164189913
153,"-70.8351232717,-33.1126851124","-70.8351419149,-33.1129464507","-70.8351155074,-33.1129468397","-70.8351046286,-33.1124237741","-70.8351310359,-33.1124233851",180.9980487194647,0.0024598764373810625
154,"-70.835059851,-33.112686046575","-70.8350676154,-33.1124243193","-70.835078494,-33.1129473849","-70.8350520865,-33.1129477738","-70.8350412081,-33.1124247083",180.99800600714164,0.002459876314147273
155,"-70.83511229915,-33.11215753905","-70.8351309422,-33.1124188774","-70.8351045348,-33.1124192663","-70.8350936562,-33.1118962007","-70.8351200634,-33.1118958118",180.9980359238798,0.00245988169744305
156,"-70.83504887885,-33.1121584732","-70.8350566433,-33.1118967459","-70.8350675217,-33.1124198115","-70.8350411143,-33.1124202005","-70.8350302361,-33.1118971349",180.99799380849765,0.0024598818674537518
157,"-70.83510132692501,-33.111629965625","-70.8351199697,-33.111891304","-70.8350935625,-33.1118916929","-70.8350826842,-33.1113686273","-70.8351090913,-33.1113682383",180.99800999434171,0.0024598825942004467
158,"-70.835037907,-33.111630899775","-70.8350456715,-33.1113691725","-70.8350565496,-33.1118922381","-70.8350301424,-33.1118926271","-70.8350192645,-33.1113695614",180.99797199903333,0.0024598779117810422
159,"-70.835089792475,-33.111075345474994","-70.835108435,-33.1113366838","-70.835082028,-33.1113370728","-70.83507115,-33.1108140071","-70.8350975569,-33.1108136182",180.9979888168122,0.002459879493591155
160,"-70.83502637295,-33.1110762796","-70.8350341375,-33.1108145523","-70.8350450153,-33.111337618","-70.8350186083,-33.1113380069","-70.8350077307,-33.1108149412",180.99795049582343,0.0024598747140595085
161,"-70.835078820825,-33.110547771975","-70.8350974631,-33.1108091104","-70.8350710563,-33.1108094993","-70.8350601786,-33.1102864336","-70.8350865853,-33.1102860446",180.99796714179175,0.0024598756368044206
162,"-70.83501540165,-33.11054870605","-70.8350231663,-33.1102869787","-70.8350340438,-33.1108100445","-70.8350076369,-33.1108104334","-70.8349967596,-33.1102873676",180.99792881307104,0.002459880168539333
163,"-70.835067849425,-33.110020198425005","-70.8350864915,-33.1102815368","-70.8350600848,-33.1102819258","-70.8350492074,-33.10975886","-70.835075614,-33.1097584711",180.99794565069413,0.002459881090273783
164,"-70.835004430675,-33.1100211325","-70.8350121954,-33.1097594051","-70.8350230726,-33.1102824709","-70.8349966659,-33.1102828599","-70.8349857888,-33.1097597941",180.99791236541262,0.002459881162543245
165,"-70.834996430275,-33.112686980674994","-70.8350150731,-33.112948319","-70.8349886656,-33.1129487079","-70.8349777875,-33.1124256424","-70.8350041949,-33.1124252534",180.99797989123766,0.002459880943545878
166,"-70.834933009625,-33.11268791475","-70.8349407744,-33.1124261875","-70.8349516523,-33.1129492531","-70.8349252448,-33.112949642","-70.834914367,-33.1124265764",180.99794614550078,0.0024598808196394798
167,"-70.83498545855001,-33.1121594073","-70.8350041012,-33.1124207456","-70.8349776938,-33.1124211346","-70.834966816,-33.111898069","-70.8349932232,-33.11189768",180.9979631171948,0.0024598818406447254
168,"-70.83492203822499,-33.112160341374995","-70.8349298031,-33.1118986141","-70.8349406806,-33.1124216797","-70.8349142733,-33.1124220687","-70.8349033959,-33.111899003",180.99791564103825,0.0024598770605373512
169,"-70.834974487025,-33.111631833874995","-70.8349931294,-33.1118931722","-70.8349667222,-33.1118935612","-70.8349558447,-33.1113704955","-70.8349822518,-33.1113701066",180.99793672616315,0.0024598825425603318
170,"-70.8349110671,-33.1116327679","-70.834918832,-33.1113710406","-70.8349297093,-33.1118941063","-70.8349033021,-33.1118944952","-70.834892425,-33.1113714295",180.99789840498516,0.002459877761737144
171,"-70.83496295340001,-33.111077213624995","-70.8349815956,-33.111338552","-70.8349551885,-33.111338941","-70.8349443113,-33.1108158752","-70.8349707182,-33.1108154863",180.99791993227896,0.00245988409756576
172,"-70.83489953385,-33.1110781477","-70.8349072988,-33.1108164204","-70.8349181758,-33.1113394861","-70.8348917688,-33.111339875","-70.834880892,-33.1108168093",180.99787722704002,0.0024598746617699144
173,"-70.834951982475,-33.110549640125","-70.8349706244,-33.1108109785","-70.8349442176,-33.1108113675","-70.8349333406,-33.1102883017","-70.8349597473,-33.1102879128",180.9979030278769,0.0024598755845216223
174,"-70.834888563325,-33.110550574150004","-70.8348963284,-33.1102888468","-70.8349072051,-33.1108119126","-70.8348807982,-33.1108123015","-70.8348699216,-33.1102892357",180.9978601195226,0.002459884772572375
175,"-70.83494101187499,-33.11002206655","-70.8349596536,-33.110283405","-70.8349332469,-33.1102837939","-70.8349223702,-33.1097607281","-70.8349487768,-33.1097603392",180.9978812095064,0.002459880940901607
176,"-70.83487759307499,-33.11002300055","-70.8348853582,-33.1097612732","-70.8348962346,-33.110284339","-70.8348698279,-33.1102847279","-70.8348589516,-33.1097616621",180.9978386346893,0.00245988091475225
177,"-70.834869588925,-33.11268884885","-70.8348882314,-33.1129501872","-70.8348618239,-33.1129505761","-70.8348509465,-33.1124275105","-70.8348773539,-33.1124271216",180.9979154536643,0.002459880793491611
178,"-70.834806168225,-33.11268978285","-70.8348139334,-33.1124280556","-70.8348248105,-33.1129511212","-70.834798403,-33.1129515101","-70.834787526,-33.1124284445",180.99787287686863,0.0024598807673465407
179,"-70.834858617875,-33.1121612754","-70.8348772601,-33.1124226138","-70.8348508528,-33.1124230027","-70.8348399757,-33.111899937","-70.8348663829,-33.1118995481",180.99789377852113,0.0024598769366394983
180,"-70.834795197575,-33.1121622094","-70.8348029628,-33.1119004821","-70.8348138396,-33.1124235478","-70.8347874323,-33.1124239367","-70.8347765556,-33.111900871",180.99785120350816,0.00245987691050194
181,"-70.834847647175,-33.111633701925","-70.8348662892,-33.1118950403","-70.834839882,-33.1118954293","-70.8348290052,-33.1113723635","-70.8348554123,-33.1113719746",180.99787242262272,0.0024598824896161324
182,"-70.83478422725,-33.111634635925","-70.8347919925,-33.1113729086","-70.8348028691,-33.1118959744","-70.8347764619,-33.1118963632","-70.8347655855,-33.1113732975",180.9978339676705,0.0024598776123897896
183,"-70.834836114325,-33.1110790817","-70.8348547561,-33.1113404201","-70.8348283491,-33.111340809","-70.8348174726,-33.1108177433","-70.8348438795,-33.1108173544",180.99785110888348,0.002459879292581885
184,"-70.83477269475,-33.11108001565","-70.8347804601,-33.1108182883","-70.8347913364,-33.1113413541","-70.8347649293,-33.111341743","-70.8347540532,-33.1108186772",180.99781291620712,0.002459883922705752
185,"-70.834825144175,-33.110551508149996","-70.8348437857,-33.1108128466","-70.8348173789,-33.1108132355","-70.8348065027,-33.1102901697","-70.8348329094,-33.1102897808",180.99782943306897,0.002459875434475507
186,"-70.834761725,-33.11055244204999","-70.8347694904,-33.1102907147","-70.8347803664,-33.1108137805","-70.8347539595,-33.1108141694","-70.8347430837,-33.1102911036",180.99779143142564,0.0024598800639676122
187,"-70.83481417429999,-33.1100239345","-70.8348328157,-33.110285273","-70.8348064089,-33.1102856619","-70.834795533,-33.109762596","-70.8348219396,-33.1097622071",180.99781232357915,0.0024598855449400703
188,"-70.834750755525,-33.110024868425","-70.834758521,-33.1097631411","-70.8347693967,-33.1102862069","-70.83474299,-33.1102865958","-70.8347321144,-33.1097635299",180.997774195055,0.002459880764750706
189,"-70.83473177725,-33.1121631434","-70.8347504191,-33.1124244818","-70.8347240118,-33.1124248707","-70.8347131354,-33.111901805","-70.8347395427,-33.1119014161",180.9978250858718,0.002459881541262295
190,"-70.8346683569,-33.112164077375","-70.8346761225,-33.1119023501","-70.8346869986,-33.1124254158","-70.8346605912,-33.1124258047","-70.8346497153,-33.1119027389",180.99778218372825,0.0024598814166947726
191,"-70.83472080725,-33.1116355699","-70.8347394489,-33.1118969083","-70.8347130417,-33.1118972972","-70.8347021657,-33.1113742315","-70.8347285727,-33.1113738426",180.99780360083304,0.002459877683973816
192,"-70.834657387325,-33.111636503825","-70.834665153,-33.1113747765","-70.8346760288,-33.1118978423","-70.8346496216,-33.1118982311","-70.8346387459,-33.1113751654",180.9977652737756,0.0024598822170234947
193,"-70.834709275225,-33.1110809496","-70.8347279166,-33.1113422881","-70.8347015096,-33.1113426769","-70.8346906339,-33.1108196111","-70.8347170408,-33.1108192223",180.99777718767416,0.0024598790448500706
194,"-70.834645855675,-33.111081883525","-70.8346536214,-33.1108201562","-70.8346644969,-33.111343222","-70.8346380899,-33.1113436109","-70.8346272145,-33.110820545",180.99774390465763,0.0024598791157744663
195,"-70.8346983058,-33.110553376","-70.834716947,-33.1108147145","-70.8346905401,-33.1108151034","-70.8346796647,-33.1102920375","-70.8347060714,-33.1102916486",180.99776054818318,0.002459880038494712
196,"-70.83463488665,-33.110554309875","-70.8346426524,-33.1102925825","-70.8346535277,-33.1108156484","-70.8346271208,-33.1108160372","-70.8346162457,-33.1102929714",180.99772699221285,0.002459879914628057
197,"-70.8346049366,-33.112165011274996","-70.8346235781,-33.1124263497","-70.8345971707,-33.1124267386","-70.8345862952,-33.1119036728","-70.8346127024,-33.111903284",180.99775149060474,0.0024598813905460713
198,"-70.83454151625,-33.11216594517499","-70.8345492822,-33.1119042179","-70.8345601576,-33.1124272836","-70.8345337502,-33.1124276725","-70.834522875,-33.1119046067",180.99771807137256,0.0024598813644112574
199,"-70.83459396735,-33.111637437724994","-70.8346126086,-33.1118987762","-70.8345862014,-33.111899165","-70.8345753262,-33.1113760993","-70.8346017332,-33.1113757104",180.99773000578793,0.0024598775339634265
200,"-70.83453054739999,-33.1116383716","-70.8345383134,-33.1113766443","-70.8345491885,-33.1118997101","-70.8345227813,-33.1119000989","-70.8345119064,-33.1113770331",180.9976962608696,0.0024598774107571406
201,"-70.834582436075,-33.1110828174","-70.8346010771,-33.1113441559","-70.8345746701,-33.1113445447","-70.8345637951,-33.1108214789","-70.834590202,-33.1108210901",180.99771307470087,0.0024598789925687633
202,"-70.83451901655,-33.111083751224996","-70.8345267826,-33.1108220239","-70.8345376574,-33.1113450897","-70.8345112504,-33.1113454786","-70.8345003758,-33.1108224127",180.9976752170727,0.0024598744072021513
203,"-70.834571467475,-33.11055524375","-70.8345901083,-33.1108165823","-70.8345637014,-33.1108169711","-70.8345528267,-33.1102939052","-70.8345792335,-33.1102935164",180.9976913914225,0.0024598844464283165
204,"-70.834508048275,-33.110556177549995","-70.8345158145,-33.1102944502","-70.8345266889,-33.1108175161","-70.834500282,-33.1108179049","-70.8344894077,-33.110294839",180.9976488166883,0.0024598844202839863
205,"-70.834478095925,-33.112166879","-70.834496737,-33.1124282175","-70.8344703297,-33.1124286063","-70.8344594549,-33.1119055405","-70.8344858621,-33.1119051517",180.9976824782941,0.0024598765843288134
206,"-70.83441467555001,-33.1121678128","-70.8344224419,-33.1119060855","-70.8344333165,-33.1124291513","-70.8344069091,-33.1124295401","-70.8343960347,-33.1119064743",180.99764447718115,0.0024598812144054766
207,"-70.834467127425,-33.1116393054","-70.8344857683,-33.1119006439","-70.8344593611,-33.1119010327","-70.8344484866,-33.1113779669","-70.8344748937,-33.1113775781",180.9976609863864,0.0024598820402214347
208,"-70.83440370747499,-33.111640239225","-70.8344114739,-33.1113785119","-70.8344223482,-33.1119015777","-70.834395941,-33.1119019666","-70.8343850668,-33.1113789007",180.99762770233505,0.002459882111802667
209,"-70.834455597,-33.11108468505","-70.8344742377,-33.1113460236","-70.8344478306,-33.1113464124","-70.8344369564,-33.1108233465","-70.8344633633,-33.1108229577",180.99764418963488,0.002459883595896008
210,"-70.834392177425,-33.11108561885","-70.8343999439,-33.1108238915","-70.8344108179,-33.1113469574","-70.8343844109,-33.1113473462","-70.834373537,-33.1108242803",180.99760619704028,0.0024598789128304254
211,"-70.834444629125,-33.11055711135","-70.8344632696,-33.1108184499","-70.8344368627,-33.1108188387","-70.8344259887,-33.1102957728","-70.8344523955,-33.110295384",180.9976272786581,0.002459884393484911
212,"-70.834381209925,-33.11055804515","-70.8343889765,-33.1102963178","-70.8343998502,-33.1108193837","-70.8343734433,-33.1108197725","-70.8343625697,-33.1102967066",180.99758470377952,0.002459884368016153
213,"-70.83435125522499,-33.1121687466","-70.834369896,-33.1124300851","-70.8343434886,-33.1124304739","-70.8343326145,-33.1119074081","-70.8343590218,-33.1119070193",180.9976183594671,0.002459885844502823
214,"-70.834287834875,-33.112169680375004","-70.8342956016,-33.1119079531","-70.8343064754,-33.1124310189","-70.8342800681,-33.1124314077","-70.8342691944,-33.1119083418",180.99757546591124,0.002459876408886144
215,"-70.83434028750001,-33.111641172999995","-70.834358928,-33.1119025115","-70.8343325208,-33.1119029003","-70.8343216471,-33.1113798345","-70.8343480541,-33.1113794457",180.99759229878654,0.0024598773316802823
216,"-70.83427686755,-33.11164210675","-70.8342846343,-33.1113803794","-70.8342955079,-33.1119034453","-70.8342691007,-33.1119038341","-70.8342582273,-33.1113807682",180.99755869065535,0.0024598773055363446
217,"-70.83432875782499,-33.11108655255","-70.8343473981,-33.1113478911","-70.8343209911,-33.1113482799","-70.8343101176,-33.110825214","-70.8343365245,-33.1108248252",180.99757550221258,0.0024598788873570546
218,"-70.83426533824999,-33.1110874863","-70.8342731051,-33.1108257589","-70.8342839784,-33.1113488249","-70.8342575713,-33.1113492137","-70.8342466982,-33.1108261477",180.99753731244687,0.002459883516831742
219,"-70.834317790725,-33.11055897885","-70.8343364308,-33.1108203174","-70.8343100239,-33.1108207062","-70.8342991507,-33.1102976403","-70.8343255575,-33.1102972515",180.99755400846556,0.0024598843412129323
220,"-70.83425437152499,-33.110559912575","-70.8342621385,-33.1102981852","-70.8342730114,-33.1108212512","-70.8342466045,-33.1108216399","-70.8342357317,-33.110298574",180.9975111088819,0.002459884218037227
221,"-70.8342244145,-33.1121706141","-70.8342430549,-33.1124319526","-70.8342166475,-33.1124323414","-70.8342057742,-33.1119092756","-70.8342321814,-33.1119088868",180.99754967345623,0.0024598811359913915
222,"-70.8341609942,-33.112171547775006","-70.8341687613,-33.1119098205","-70.8341796344,-33.1124328863","-70.834153227,-33.1124332751","-70.8341423541,-33.1119102092",180.99750677300779,0.0024598810128154056
223,"-70.83421344757501,-33.11164304045","-70.8342320877,-33.111904379","-70.8342056805,-33.1119047678","-70.8341948075,-33.1113817019","-70.8342212146,-33.1113813131",180.99752341534224,0.0024598819356718596
224,"-70.83415002762499,-33.1116439741","-70.8341577948,-33.1113822468","-70.8341686676,-33.1119053127","-70.8341422604,-33.1119057014","-70.8341313877,-33.1113826355",180.99748953398716,0.0024598817141334305
225,"-70.834201918725,-33.111088419975","-70.8342205586,-33.1113497586","-70.8341941516,-33.1113501473","-70.8341832789,-33.1108270814","-70.8342096858,-33.1108266926",180.9975019079076,0.0024598787373839165
226,"-70.83413849914999,-33.111089353625005","-70.8341462664,-33.1108276263","-70.8341571389,-33.1113506922","-70.8341307318,-33.111351081","-70.8341198595,-33.110828015",180.99746390892193,0.002459883366861513
227,"-70.8340975738,-33.11217248145","-70.8341162138,-33.11243382","-70.8340898064,-33.1124342088","-70.8340789339,-33.1119111429","-70.8341053411,-33.1119107541",180.9974762148537,0.0024598810837204634
228,"-70.83403415345,-33.112173415049995","-70.8340419209,-33.1119116877","-70.8340527933,-33.1124347536","-70.8340263859,-33.1124351424","-70.8340155137,-33.1119120765",180.997442797777,0.002459881058248777
229,"-70.834086607625,-33.111644907724994","-70.8341052474,-33.1119062463","-70.8340788402,-33.1119066351","-70.8340679679,-33.1113835691","-70.834094375,-33.1113831804",180.9974589759207,0.0024598817863637577
230,"-70.83402318762501,-33.11164584135","-70.8340309552,-33.111384114","-70.8340418272,-33.11190718","-70.83401542,-33.1119075687","-70.8340045481,-33.1113845027",180.99741607597076,0.00245988166185939
231,"-70.834075079575,-33.11109028725","-70.8340937191,-33.1113516259","-70.8340673121,-33.1113520146","-70.8340564401,-33.1108289486","-70.834082847,-33.1108285599",180.99743746870377,0.0024598785874221244
232,"-70.834011659975,-33.11109122085","-70.8340194276,-33.1108294935","-70.8340302993,-33.1113525595","-70.8340038923,-33.1113529482","-70.8339930207,-33.1108298822",180.99739489509216,0.0024598785606281728
233,"-70.833970733075,-33.112174348675","-70.8339893727,-33.1124356873","-70.8339629653,-33.112436076","-70.8339520935,-33.1119130101","-70.8339785008,-33.1119126213",180.99740719532218,0.0024598855899869944
234,"-70.83390731275,-33.1121752822","-70.8339150806,-33.1119135549","-70.8339259522,-33.1124366208","-70.8338995448,-33.1124370095","-70.8338886734,-33.1119139436",180.99736906830444,0.0024598808099244515
235,"-70.833959767675,-33.111646774925","-70.8339784071,-33.1119081135","-70.8339519999,-33.1119085023","-70.8339411283,-33.1113854363","-70.8339675354,-33.1113850476",180.99739486397826,0.0024598817340911175
236,"-70.833896347675,-33.11164770845","-70.8339041156,-33.1113859811","-70.8339149869,-33.1119090471","-70.8338885797,-33.1119094358","-70.8338777085,-33.1113863698",180.9973519650179,0.002459881609610369
237,"-70.8339482404,-33.111092154375","-70.8339668796,-33.111353493","-70.8339404725,-33.1113538818","-70.8339296013,-33.1108308157","-70.8339560082,-33.110830427",180.99736890997937,0.0024598832891137776
238,"-70.83388482080001,-33.1110930879","-70.8338925888,-33.1108313605","-70.8339034598,-33.1113544266","-70.8338770527,-33.1113548153","-70.8338661819,-33.1108317492",180.9973260116728,0.002459883164626863
239,"-70.833854857325,-33.1127037895","-70.8338734968,-33.1129651281","-70.8338470893,-33.1129655168","-70.8338362179,-33.1124424509","-70.8338626253,-33.1124420622",180.9973644407382,0.0024598799844122413
240,"-70.833791436575,-33.112704723","-70.8337992047,-33.1124429957","-70.8338100759,-33.1129660616","-70.8337836683,-33.1129664503","-70.8337727974,-33.1124433844",180.99732186902145,0.002459879958260373
241,"-70.83384389235,-33.11217621575","-70.8338625316,-33.1124375544","-70.8338361242,-33.1124379431","-70.8338252532,-33.1119148771","-70.8338516604,-33.1119144884",180.99733818303756,0.00245988078378554
242,"-70.833780472,-33.11217714925","-70.8337882402,-33.1119154219","-70.8337991111,-33.1124384879","-70.8337727037,-33.1124388766","-70.833761833,-33.1119158106",180.99730476744105,0.0024598807576619104
243,"-70.833832927675,-33.11164864195","-70.8338515667,-33.1119099806","-70.8338251595,-33.1119103693","-70.8338142887,-33.1113873033","-70.8338406958,-33.1113869146",180.99732126959893,0.0024598815841419953
244,"-70.83376950767499,-33.11164957545","-70.833777276,-33.1113878481","-70.8337881465,-33.1119109141","-70.8337617393,-33.1119113028","-70.8337508689,-33.1113882368",180.99727869737944,0.002459881557350262
245,"-70.83382140122501,-33.1110940214","-70.83384004,-33.1113553601","-70.833813633,-33.1113557488","-70.8338027625,-33.1108326827","-70.8338291694,-33.110832294",180.99729989691227,0.0024598784829000606
246,"-70.83375798162501,-33.111094954875","-70.83376575,-33.1108332275","-70.8337766202,-33.1113562936","-70.8337502132,-33.1113566822","-70.8337393431,-33.1108336162",180.99725718925993,0.0024598783584254616
247,"-70.833728015825,-33.112705656475","-70.8337466549,-33.1129669951","-70.8337202474,-33.1129673838","-70.8337093768,-33.1124443178","-70.8337357842,-33.1124439292",180.99729084720704,0.0024598798344738315
248,"-70.83366459505001,-33.112706589925","-70.8336723636,-33.1124448626","-70.833683234,-33.1129679286","-70.8336568264,-33.1129683172","-70.8336459562,-33.1124452513",180.99725284974605,0.0024598844645316855
249,"-70.8337170516,-33.1121780827","-70.8337356905,-33.1124394214","-70.8337092831,-33.11243981","-70.8336984128,-33.111916744","-70.83372482,-33.1119163554",180.99727360865663,0.0024598805361787258
250,"-70.833653631225,-33.11217901615","-70.8336613999,-33.1119172888","-70.8336722699,-33.1124403548","-70.8336458625,-33.1124407435","-70.8336349926,-33.1119176775",180.99722691853736,0.002459885361639698
251,"-70.83370608770001,-33.1116505089","-70.8337247264,-33.1119118476","-70.8336983191,-33.1119122363","-70.8336874491,-33.1113891702","-70.8337138562,-33.1113887815",180.9972523851131,0.002459886188119708
252,"-70.8336426677,-33.111651442325","-70.8336504364,-33.111389715","-70.8336613062,-33.111912781","-70.8336348989,-33.1119131697","-70.8336240293,-33.1113901036",180.99720967784174,0.0024598860636531536
253,"-70.8336011743,-33.11270752335","-70.833619813,-33.112968862","-70.8335934055,-33.1129692507","-70.8335825357,-33.1124461847","-70.833608943,-33.112445796",180.9972222970471,0.0024598752236770238
254,"-70.83353775354999,-33.1127084567","-70.8335455225,-33.1124467294","-70.8335563921,-33.1129697954","-70.8335299845,-33.112970184","-70.8335191151,-33.112447118",180.99717925667596,0.002459884313937095
255,"-70.833590210875,-33.112179949525","-70.8336088494,-33.1124412882","-70.833582442,-33.1124416769","-70.8335715724,-33.1119186108","-70.8335979797,-33.1119182222",180.9972050496323,0.0024598852378219767
256,"-70.83352679047499,-33.112180882925","-70.8335345595,-33.1119191556","-70.8335454288,-33.1124422216","-70.8335190214,-33.1124426103","-70.8335081522,-33.1119195442",180.99716247938085,0.0024598852117080324
257,"-70.833579247725,-33.1116523757","-70.833597886,-33.1119137144","-70.8335714788,-33.1119141031","-70.8335606095,-33.111391037","-70.8335870166,-33.1113906483",180.99718369869757,0.002459881479614892
258,"-70.8335158277,-33.11165330905","-70.8335235967,-33.1113915817","-70.8335344658,-33.1119146478","-70.8335080586,-33.1119150364","-70.8334971897,-33.1113919703",180.99714524669065,0.0024598766012229193
259,"-70.833474332775,-33.1127093901","-70.8334929711,-33.1129707288","-70.8334665636,-33.1129711174","-70.8334556945,-33.1124480514","-70.8334821019,-33.1124476628",180.99715314142642,0.0024598796322897556
260,"-70.833410912,-33.1127103234","-70.8334186813,-33.1124485961","-70.8334295502,-33.1129716621","-70.8334031426,-33.1129720507","-70.8333922739,-33.1124489847",180.99711514590052,0.0024598842616832053
261,"-70.83346337007501,-33.11218181625","-70.8334820082,-33.112443155","-70.8334556008,-33.1124435436","-70.833444732,-33.1119204775","-70.8334711393,-33.1119200889",180.99713145578446,0.0024598850879053746
262,"-70.8333999497,-33.11218274955","-70.8334077191,-33.1119210222","-70.8334185876,-33.1124440883","-70.8333921803,-33.1124444769","-70.8333813118,-33.1119214108",180.99709346696005,0.0024598804055717682
263,"-70.83345240770001,-33.11165424235","-70.8334710456,-33.1119155811","-70.8334446384,-33.1119159697","-70.8334337699,-33.1113929036","-70.8334601769,-33.111392515",180.99711454950238,0.0024598765757601875
264,"-70.833388987675,-33.11165517565","-70.8333967571,-33.1113934483","-70.8334076254,-33.1119165144","-70.8333812182,-33.111916903","-70.83337035,-33.1113938369",180.99707655352142,0.0024598812052383607
265,"-70.833347491225,-33.1127112567","-70.8333661292,-33.1129725954","-70.8333397217,-33.112972984","-70.8333288533,-33.112449918","-70.8333552607,-33.1124495294",180.9970890308325,0.0024598795800387626
266,"-70.833284070475,-33.11271218995","-70.8332918401,-33.1124504626","-70.8333027083,-33.1129735287","-70.8332763007,-33.1129739173","-70.8332654328,-33.1124508512",180.99704626991127,0.0024598795532252728
267,"-70.833336529325,-33.11218368285","-70.8333551671,-33.1124450216","-70.8333287597,-33.1124454102","-70.8333178916,-33.1119223441","-70.8333442989,-33.1119219555",180.99706734481495,0.002459885035655318
268,"-70.833273108925,-33.11218461605","-70.8332808787,-33.1119228887","-70.8332917465,-33.1124459548","-70.8332653391,-33.1124463434","-70.8332544714,-33.1119232773",180.9970247741506,0.002459885009533087
269,"-70.8332206497,-33.11271312315","-70.8332392873,-33.1129744619","-70.8332128797,-33.1129748505","-70.8332020122,-33.1124517844","-70.8332284196,-33.1124513958",180.9970109917359,0.002459884183972436
270,"-70.833157228925,-33.11271405635","-70.833164999,-33.112452329","-70.8331758663,-33.1129753951","-70.8331494588,-33.1129757837","-70.8331385916,-33.1124527176",180.99697300256065,0.0024598795016692676
271,"-70.83320968852499,-33.11218554925","-70.8332283259,-33.112446888","-70.8332019185,-33.1124472766","-70.8331910512,-33.1119242105","-70.8332174585,-33.1119238219",180.99699407717725,0.002459884983410857
272,"-70.8331462681,-33.112186482424995","-70.8331540382,-33.1119247551","-70.8331649053,-33.1124478212","-70.8331384979,-33.1124482098","-70.833127631,-33.1119251436",180.99695576181213,0.002459880203401249
273,"-70.83309380815,-33.112714989524996","-70.8331124454,-33.1129763283","-70.8330860378,-33.1129767169","-70.833075171,-33.1124536507","-70.8331015784,-33.1124532622",180.99694655376445,0.00245988403407582
274,"-70.83303038735,-33.112715922650004","-70.8330381578,-33.1124541953","-70.8330490244,-33.1129772615","-70.8330226168,-33.11297765","-70.8330117504,-33.1124545838",180.996903657698,0.0024598839103035083
275,"-70.8330828477,-33.112187415575","-70.8331014847,-33.1124487544","-70.8330750773,-33.1124491429","-70.8330642108,-33.1119260768","-70.833090618,-33.1119256882",180.99692506437822,0.002459880177280623
276,"-70.8330194273,-33.112188348675","-70.8330271978,-33.1119266213","-70.8330380641,-33.1124496875","-70.8330116567,-33.1124500761","-70.8330007906,-33.1119270098",180.99688230379152,0.0024598801518158197
277,"-70.832966966575,-33.112716855749994","-70.8329856034,-33.1129781946","-70.8329591959,-33.1129785831","-70.8329483298,-33.1124555169","-70.8329747372,-33.1124551284",180.99687754144728,0.0024598792280098518
278,"-70.832903545775,-33.11271778885","-70.8329113166,-33.1124560615","-70.8329221824,-33.1129791277","-70.8328957749,-33.1129795162","-70.8328849092,-33.11245645",180.9968349720039,0.002459879201889947
279,"-70.832956006875,-33.11218928175","-70.8329746435,-33.1124506206","-70.8329482361,-33.1124510091","-70.8329373703,-33.1119279429","-70.8329637776,-33.1119275544",180.99685604439213,0.0024598846836338447
280,"-70.832892586475,-33.1121902148","-70.8329003574,-33.1119284874","-70.8329112229,-33.1124515537","-70.8328848155,-33.1124519422","-70.8328739501,-33.1119288759",180.99681328482694,0.0024598846581774863
281,"-70.832840125,-33.11271872185","-70.8328587615,-33.1129800607","-70.8328323539,-33.1129804492","-70.8328214886,-33.112457383","-70.832847896,-33.1124569945",180.99680884860877,0.0024598838319464453
282,"-70.8327767042,-33.112719654850004","-70.8327844754,-33.1124579275","-70.8327953405,-33.1129809937","-70.8327689329,-33.1129813822","-70.832758068,-33.112458316",180.99676627964374,0.002459883805829289
283,"-70.8327132834,-33.112720587825","-70.8327319195,-33.1129819267","-70.8327055119,-33.1129823152","-70.8326946474,-33.1124592489","-70.8327210548,-33.1124588605",180.99673525526046,0.0024598836820930695
284,"-70.83264986255,-33.112721520725","-70.8326576341,-33.1124597934","-70.8326684985,-33.1129828596","-70.8326420909,-33.1129832481","-70.8326312267,-33.1124601818",180.9967018420923,0.00245988365597871
285,"-70.83258644175001,-33.11272245365","-70.8326050775,-33.1129837926","-70.8325786699,-33.112984181","-70.8325678061,-33.1124611147","-70.8325942135,-33.1124607263",180.99667081849793,0.002459883532237108
286,"-70.83252302097499,-33.11272338655","-70.8325307929,-33.1124616592","-70.8325416565,-33.1129847255","-70.832515249,-33.1129851139","-70.8325043855,-33.1124620476",180.99663283018896,0.0024598788499420824
287,"-70.83692505255001,-33.113907922950006","-70.8369437015,-33.1141692607","-70.8369172937,-33.1141696501","-70.8369064037,-33.1136465852","-70.8369328113,-33.1136461958",180.9990634766487,0.0024598709265581356
288,"-70.836861631025,-33.113908858025","-70.83686939,-33.1136471309","-70.8368802798,-33.1141701958","-70.836853872,-33.1141705852","-70.8368429823,-33.1136475202",180.99902514223965,0.0024598754580090376
289,"-70.83691406875,-33.113380350225","-70.8369327175,-33.113641688","-70.8369063098,-33.1136420774","-70.8368954201,-33.1131190124","-70.8369218276,-33.1131186231",180.9990416668166,0.002459876284364458
290,"-70.836850647625,-33.1133812853","-70.8368584067,-33.1131195581","-70.8368692962,-33.1136426231","-70.8368428885,-33.1136430125","-70.8368319991,-33.1131199475",180.99900379474434,0.002459881012873343
291,"-70.836809755975,-33.1144644125","-70.8368284048,-33.1147257503","-70.8368019968,-33.1147261396","-70.8367911072,-33.1142030747","-70.8368175151,-33.1142026854",180.99901549253292,0.0024598784316916507
292,"-70.836746334075,-33.11446534755","-70.8367540934,-33.1142036204","-70.8367649827,-33.1147266853","-70.8367385747,-33.1147270747","-70.8367276855,-33.1142040098",180.99897337232164,0.0024598786025448113
293,"-70.836798209525,-33.113909793124996","-70.8368168581,-33.1141711309","-70.8367904503,-33.1141715203","-70.836779561,-33.1136484553","-70.8368059687,-33.113648066",180.99899445700157,0.002459875431832033
294,"-70.836734788025,-33.11391072815","-70.8367425474,-33.113649001","-70.8367534364,-33.114172066","-70.8367270286,-33.1141724553","-70.8367161397,-33.1136493903",180.99895154984728,0.002459875307803877
295,"-70.83678722650001,-33.113382220350005","-70.8368058749,-33.1136435582","-70.8367794672,-33.1136439475","-70.8367685782,-33.1131208825","-70.8367949857,-33.1131204932",180.9989772296261,0.002459876134160561
296,"-70.83672380535,-33.113383155375004","-70.8367315648,-33.1131214282","-70.8367424535,-33.1136444932","-70.8367160459,-33.1136448826","-70.8367051572,-33.1131218175",180.99893478300152,0.0024598762058672995
297,"-70.83668291215,-33.114466282600006","-70.8367015606,-33.1147276204","-70.8366751526,-33.1147280097","-70.8366642638,-33.1142049448","-70.8366906716,-33.1142045555",180.9989468076806,0.0024598737238951977
298,"-70.836619490225,-33.114467217599994","-70.8366272499,-33.1142054905","-70.8366381385,-33.1147285554","-70.8366117305,-33.1147289447","-70.836600842,-33.1142058798",180.9989088004361,0.002459878354487788
299,"-70.836671366525,-33.11391166315","-70.8366900147,-33.114173001","-70.8366636069,-33.1141733903","-70.8366527184,-33.1136503253","-70.8366791261,-33.113649936",180.9989208654058,0.0024598752809749593
300,"-70.836607944975,-33.113912598149994","-70.8366157047,-33.113650871","-70.836626593,-33.114173936","-70.8366001852,-33.1141743253","-70.836589297,-33.1136512603",180.99888743928295,0.0024598752554624136
301,"-70.8366603842,-33.11338409035","-70.8366790322,-33.1136454282","-70.8366526245,-33.1136458175","-70.8366417363,-33.1131227525","-70.8366681438,-33.1131223632",180.9989039622385,0.0024598760818131836
302,"-70.836596963075,-33.11338502535","-70.8366047229,-33.1131232982","-70.8366156109,-33.1136463632","-70.8365892032,-33.1136467525","-70.8365783153,-33.1131236875",180.99886595514835,0.002459880711816433
303,"-70.836693895,-33.1149938553","-70.8367125437,-33.1152551931","-70.8366861355,-33.1152555824","-70.8366752464,-33.1147325175","-70.8367016544,-33.1147321282",180.99896828374793,0.0024598775783492262
304,"-70.83663047272499,-33.1149947903","-70.8366382323,-33.1147330632","-70.8366491212,-33.1152561281","-70.8366227131,-33.1152565174","-70.8366118243,-33.1147334525",180.99893028309992,0.0024598728967647307
305,"-70.836556068325,-33.11446815255","-70.8365747164,-33.1147294904","-70.8365483084,-33.1147298797","-70.8365374203,-33.1142068147","-70.8365638282,-33.1142064254",180.9988779248497,0.0024598783269910735
306,"-70.8364926464,-33.114469087475","-70.8365004064,-33.1142073604","-70.8365112943,-33.1147304253","-70.8364848863,-33.1147308146","-70.8364739986,-33.1142077496",180.99883978834606,0.002459873547539351
307,"-70.836544523475,-33.113913533075","-70.8365631713,-33.114174871","-70.8365367635,-33.1141752602","-70.8365258757,-33.1136521952","-70.8365522834,-33.1136518059",180.99885642852166,0.0024598751307935655
308,"-70.836481101975,-33.113914468","-70.8364888621,-33.1136527408","-70.8364997496,-33.1141758059","-70.8364733418,-33.1141761952","-70.8364624544,-33.1136531301",180.998813982179,0.002459875202456532
309,"-70.83653354195,-33.113385960275","-70.8365521896,-33.1136472982","-70.8365257819,-33.1136476874","-70.8365148944,-33.1131246224","-70.8365413019,-33.1131242331",180.99883952444546,0.0024598759323016606
310,"-70.83647012077499,-33.11338689515","-70.836477881,-33.113125168","-70.8364887682,-33.1136482331","-70.8364623605,-33.1136486223","-70.8364514734,-33.1131255572",180.99879203593423,0.00245988046381199
311,"-70.836567050425,-33.1149957253","-70.8365856987,-33.1152570631","-70.8365592906,-33.1152574524","-70.8365484022,-33.1147343875","-70.8365748102,-33.1147339982",180.99889959921543,0.0024598728712511204
312,"-70.83650362815001,-33.11499666025","-70.8365113881,-33.1147349331","-70.8365222763,-33.1152579981","-70.8364958681,-33.1152583874","-70.8364849801,-33.1147353224",180.9988614011882,0.0024598775004724387
313,"-70.83657803285001,-33.115523297975","-70.8365966814,-33.1157846357","-70.836570273,-33.1157850251","-70.8365593844,-33.1152619602","-70.8365857926,-33.1152615709",180.99891682014996,0.0024598814778519556
314,"-70.836514610175,-33.1155242329","-70.8365223701,-33.1152625058","-70.8365332585,-33.1157855707","-70.8365068502,-33.11578596","-70.8364959619,-33.1152628951",180.99887849416075,0.0024598766984650806
315,"-70.836429224475,-33.1144700224","-70.8364478722,-33.1147313603","-70.8364214642,-33.1147317495","-70.8364105768,-33.1142086845","-70.8364369847,-33.1142082953",180.99881335261932,0.0024598780789968347
316,"-70.83636580255,-33.11447095725","-70.836373563,-33.1142092301","-70.8363844501,-33.1147322951","-70.836358042,-33.1147326844","-70.8363471551,-33.1142096194",180.99876665206267,0.0024598829045667384
317,"-70.836417680425,-33.113915402874994","-70.8364363279,-33.1141767408","-70.8364099201,-33.11417713","-70.836399033,-33.113654065","-70.8364254407,-33.1136536757",180.99879231698364,0.0024598750791193554
318,"-70.8363542589,-33.113916337725","-70.8363620194,-33.1136546106","-70.8363729062,-33.1141776756","-70.8363464983,-33.1141780649","-70.8363356117,-33.1136549998",180.99874515592427,0.002459879709063661
319,"-70.83640669965,-33.11338783","-70.8364253469,-33.1136491679","-70.8363989392,-33.1136495572","-70.8363880525,-33.1131264921","-70.83641446,-33.1131261028",180.99876639349444,0.002459875977789883
320,"-70.83634327850001,-33.11338876485","-70.836351039,-33.1131270377","-70.8363619256,-33.1136501028","-70.8363355179,-33.113650492","-70.8363246315,-33.1131274269",180.9987325059924,0.0024598757553027403
321,"-70.83644020585,-33.11499759515","-70.8364588538,-33.115258933","-70.8364324456,-33.1152593223","-70.836421558,-33.1147362573","-70.836447966,-33.114735868",180.9988307168688,0.0024598774736452177
322,"-70.83637678355001,-33.11499853005","-70.8363845439,-33.1147368029","-70.8363954313,-33.1152598679","-70.8363690231,-33.1152602572","-70.8363581359,-33.1147371922",180.99878813735984,0.0024598774474727013
323,"-70.83645118749999,-33.115525167899996","-70.8364698357,-33.1157865057","-70.8364434273,-33.115786895","-70.8364325394,-33.1152638301","-70.8364589476,-33.1152634408",180.99885238566566,0.002459881328311121
324,"-70.8363877648,-33.115526102800004","-70.8363955251,-33.1152643757","-70.8364064128,-33.1157874406","-70.8363800044,-33.1157878299","-70.8363691169,-33.115264765",180.99880980376267,0.002459881302138037
325,"-70.83630238057499,-33.1144718921","-70.8363210279,-33.11473323","-70.8362946199,-33.1147336192","-70.8362837333,-33.1142105542","-70.8363101412,-33.114210165",180.9987400867628,0.0024598780273172955
326,"-70.83623895867501,-33.114472826925","-70.8362467195,-33.1142110998","-70.8362576058,-33.1147341648","-70.8362311978,-33.1147345541","-70.8362203116,-33.114211489",180.99869764175173,0.00245987809831374
327,"-70.83629083735,-33.11391727255","-70.8363094845,-33.1141786105","-70.8362830766,-33.1141789997","-70.8362721903,-33.1136559346","-70.836298598,-33.1136555454",180.99872329912412,0.0024598795857281993
328,"-70.83622741585,-33.11391820735","-70.8362351767,-33.1136564802","-70.8362460628,-33.1141795453","-70.8362196549,-33.1141799345","-70.836208769,-33.1136568694",180.99868071890626,0.002459879558904823
329,"-70.836279857325,-33.11338969965","-70.8362985042,-33.1136510376","-70.8362720965,-33.1136514268","-70.8362612105,-33.1131283617","-70.8362876181,-33.1131279725",180.99869723940233,0.002459880385966424
330,"-70.8362164362,-33.1133906344","-70.8362241971,-33.1131289072","-70.8362350829,-33.1136519724","-70.8362086752,-33.1136523616","-70.8361977896,-33.1131292964",180.99865904968533,0.0024598757029748964
331,"-70.836313361225,-33.1149994649","-70.8363320088,-33.1152608028","-70.8363056006,-33.115261192","-70.8362947137,-33.114738127","-70.8363211218,-33.1147377378",180.99876156404176,0.0024598818817305073
332,"-70.8362499389,-33.115000399725005","-70.8362576996,-33.1147386726","-70.8362685863,-33.1152617376","-70.8362421781,-33.1152621269","-70.8362312916,-33.1147390618",180.99872369994233,0.0024598772973031535
333,"-70.836324342125,-33.115527037675","-70.8363429899,-33.1157883755","-70.8363165816,-33.1157887648","-70.8363056944,-33.1152656998","-70.8363321026,-33.1152653106",180.99878337515733,0.0024598765221090697
334,"-70.836260919425,-33.115527972500004","-70.8362686801,-33.1152662454","-70.836279567,-33.1157893104","-70.8362531587,-33.1157896996","-70.8362422719,-33.1152666346",180.99874046789267,0.0024598763981170126
335,"-70.83617553675,-33.114473761650004","-70.8361941837,-33.1147350996","-70.8361677757,-33.1147354888","-70.8361568899,-33.1142124237","-70.8361832977,-33.1142120345",180.998671211343,0.0024598733188745912
336,"-70.8361121148,-33.114474696449996","-70.836119876,-33.1142129693","-70.8361307616,-33.1147360344","-70.8361043535,-33.1147364236","-70.8360934681,-33.1142133585",180.9986286242032,0.0024598826042343033
337,"-70.8361639943,-33.113919142075","-70.836182641,-33.11418048","-70.8361562332,-33.1141808693","-70.8361453476,-33.1136578041","-70.8361717554,-33.1136574149",180.99865016803642,0.0024598796305871653
338,"-70.83610057274998,-33.1139200768","-70.836108334,-33.1136583496","-70.8361192193,-33.1141814148","-70.8360928114,-33.114181804","-70.8360819263,-33.1136587388",180.99860726125263,0.002459879507219452
339,"-70.83615301500001,-33.11339156915","-70.8361716615,-33.1136529071","-70.8361452538,-33.1136532963","-70.8361343686,-33.1131302312","-70.8361607761,-33.113129842",180.99862855311267,0.002459875677476818
340,"-70.836089593875,-33.113392503849994","-70.8360973552,-33.1131307767","-70.8361082402,-33.1136538419","-70.8360818325,-33.113654231","-70.8360709476,-33.1131311658",180.99858989486034,0.002459880111207491
341,"-70.83618651660001,-33.1150013345","-70.8362051638,-33.1152626724","-70.8361787556,-33.1152630616","-70.8361678695,-33.1147399966","-70.8361942775,-33.1147396074",180.9986928801331,0.0024598771733062796
342,"-70.8361230943,-33.115002269274996","-70.8361308554,-33.1147405421","-70.8361417413,-33.1152636072","-70.8361153331,-33.1152639964","-70.8361044474,-33.1147409314",180.99865043491596,0.0024598772449652717
343,"-70.83619749672499,-33.1155289073","-70.8362161441,-33.1157902452","-70.8361897358,-33.1157906344","-70.8361788494,-33.1152675694","-70.8362052576,-33.1152671802",180.99870978374813,0.002459876371939824
344,"-70.83613407405,-33.1155298421","-70.8361418351,-33.115268115","-70.8361527213,-33.11579118","-70.8361263129,-33.1157915692","-70.8361154269,-33.1152685042",180.9986717786881,0.002459881001143832
345,"-70.83604869285,-33.11447563115","-70.8360673395,-33.1147369691","-70.8360409314,-33.1147373583","-70.8360300463,-33.1142142932","-70.8360564542,-33.114213904",180.99860709462268,0.002459882578722561
346,"-70.83598527092501,-33.114476565800004","-70.8359930325,-33.1142148386","-70.8360039173,-33.1147379038","-70.8359775093,-33.114738293","-70.8359666246,-33.1142152278",180.99855974862533,0.0024598778964866237
347,"-70.8360371512,-33.113921011500004","-70.8360557976,-33.1141823495","-70.8360293897,-33.1141827387","-70.8360185049,-33.1136596735","-70.8360449126,-33.1136592843",180.9985857301513,0.0024598794804058226
348,"-70.835973729675,-33.11392194615","-70.8359814913,-33.113660219","-70.8359923758,-33.1141832842","-70.835965968,-33.1141836733","-70.8359550836,-33.1136606081",180.99853811413857,0.002459874603169137
349,"-70.836026172675,-33.113393438500005","-70.8360448188,-33.1136547765","-70.8360184111,-33.1136551657","-70.8360075266,-33.1131321005","-70.8360339342,-33.1131317113",180.99855967018408,0.0024598802813175303
350,"-70.83596275155,-33.113394373175","-70.8359705132,-33.113132646","-70.8359813975,-33.1136557112","-70.8359549898,-33.1136561004","-70.8359441057,-33.1131330351",180.99852134658613,0.002459875501173116
351,"-70.83605967197501,-33.115003204","-70.8360783188,-33.1152645419","-70.8360519106,-33.1152649311","-70.8360410252,-33.1147418661","-70.8360674333,-33.1147414769",180.99862418836918,0.0024598817770542245
352,"-70.83599624965,-33.115004138675","-70.8360040111,-33.1147424116","-70.8360148963,-33.1152654766","-70.8359884881,-33.1152658658","-70.8359776031,-33.1147428007",180.99858586347017,0.0024598769970005205
353,"-70.83607065135,-33.1155307768","-70.8360892984,-33.1157921147","-70.83606289,-33.1157925039","-70.8360520044,-33.1152694389","-70.8360784126,-33.1152690497",180.9986410912498,0.002459880975644942
354,"-70.83600722865,-33.11553171155","-70.8360149901,-33.1152699844","-70.8360258755,-33.1157930495","-70.8359994671,-33.1157934387","-70.8359885819,-33.1152703736",180.9985983224381,0.002459880949469101
355,"-70.835921848975,-33.114477500425","-70.8359404952,-33.1147388384","-70.8359140872,-33.1147392276","-70.8359032028,-33.1142161624","-70.8359296107,-33.1142157733",180.99853808273824,0.0024598777731674043
356,"-70.835858427,-33.11447843505","-70.8358661889,-33.1142167079","-70.835877073,-33.1147397731","-70.835850665,-33.1147401622","-70.8358397811,-33.114217097",180.9984906025216,0.0024598729924396718
357,"-70.83591030810001,-33.11392288077499","-70.8359289541,-33.1141842188","-70.8359025462,-33.114184608","-70.8358916622,-33.1136615427","-70.8359180699,-33.1136611536",180.99851213743995,0.0024598793302747857
358,"-70.835846886575,-33.113923815375","-70.8358546486,-33.1136620882","-70.8358655324,-33.1141851534","-70.8358391245,-33.1141855426","-70.8358282408,-33.1136624773",180.99847413331537,0.0024598839609016507
359,"-70.83589933035,-33.113395307774994","-70.8359179761,-33.1136566458","-70.8358915684,-33.113657035","-70.8358806847,-33.1131339697","-70.8359070922,-33.1131335806",180.99849065809963,0.002459875475017563
360,"-70.8358359092,-33.113396242324995","-70.8358436712,-33.1131345151","-70.8358545548,-33.1136575804","-70.8358281471,-33.1136579695","-70.8358172637,-33.1131349043",180.99845723505064,0.0024598754481810533
361,"-70.83593282732501,-33.115005073350005","-70.8359514737,-33.1152664113","-70.8359250656,-33.1152668005","-70.835914181,-33.1147437354","-70.835940589,-33.1147433462",180.99855073907563,0.002459872413242081
362,"-70.83586940495,-33.115006007975","-70.8358771668,-33.1147442808","-70.8358880512,-33.115267346","-70.835861643,-33.1152677351","-70.8358507588,-33.11474467",180.99851240794845,0.0024598769446696296
363,"-70.835795005075,-33.11447936965","-70.8358136509,-33.1147407077","-70.8357872429,-33.1147410968","-70.8357763593,-33.1142180316","-70.8358027672,-33.1142176425",180.99846449049636,0.0024598776217202283
364,"-70.8357315831,-33.11448030415","-70.8357393454,-33.114218577","-70.8357502288,-33.1147416422","-70.8357238207,-33.1147420313","-70.8357129375,-33.1142189661",180.99842648502016,0.0024598822516374193
365,"-70.835783465,-33.113924749925","-70.8358021106,-33.114186088","-70.8357757027,-33.1141864771","-70.8357648195,-33.1136634119","-70.8357912272,-33.1136630227",180.99843887109915,0.0024598792779432508
366,"-70.83572004345,-33.113925684449995","-70.8357278058,-33.1136639573","-70.8357386889,-33.1141870225","-70.835712281,-33.1141874116","-70.8357013981,-33.1136643464",180.99840531143244,0.002459879153986425
367,"-70.835772488025,-33.113397176899994","-70.8357911334,-33.113658515","-70.8357647257,-33.1136589041","-70.8357538427,-33.1131358388","-70.8357802503,-33.1131354497",180.99842163814293,0.002459879980393327
368,"-70.835709066825,-33.1133981114","-70.8357168293,-33.1131363842","-70.835727712,-33.1136594495","-70.8357013043,-33.1136598386","-70.8356904217,-33.1131367733",180.99837906193244,0.00245987995424052
369,"-70.83580598265,-33.11500694257501","-70.8358246287,-33.1152682806","-70.8357982205,-33.1152686697","-70.8357873367,-33.1147456046","-70.8358137447,-33.1147452154",180.99848172156385,0.002459876919174109
370,"-70.835742560325,-33.11500787715","-70.8357503226,-33.11474615","-70.8357612062,-33.1152692152","-70.835734798,-33.1152696043","-70.8357239145,-33.1147465391",180.99844339141032,0.0024598814512855477
371,"-70.83566816115,-33.1144812387","-70.8356868066,-33.1147425768","-70.8356603986,-33.1147429659","-70.8356495158,-33.1142199006","-70.8356759236,-33.1142195115",180.99839561513505,0.002459872913284583
372,"-70.8356047392,-33.114482173149995","-70.8356125019,-33.114220446","-70.8356233845,-33.1147435112","-70.8355969764,-33.1147439003","-70.835586094,-33.1142208351",180.99835321963022,0.0024598821993295932
373,"-70.8356566219,-33.113926618949996","-70.8356752671,-33.114187957","-70.8356488593,-33.1141883461","-70.8356379767,-33.1136652809","-70.8356643845,-33.1136648918",180.9983746242983,0.00245987912851554
374,"-70.83559320035,-33.1139275534","-70.8356009631,-33.1136658262","-70.8356118454,-33.1141888915","-70.8355854375,-33.1141892806","-70.8355745554,-33.1136662153",180.9983318550622,0.0024598791016672743
375,"-70.83564564565,-33.113399045875","-70.8356642907,-33.113660384","-70.8356378829,-33.1136607731","-70.8356270007,-33.1131377077","-70.8356534083,-33.1131373187",180.9983526211375,0.002459884486446264
376,"-70.83558222447499,-33.1133999803","-70.8355899873,-33.1131382531","-70.8356008693,-33.1136613184","-70.8355744616,-33.1136617075","-70.8355635797,-33.1131386422",180.9983149509717,0.0024598799019238046
377,"-70.835679138,-33.11500881165","-70.8356977837,-33.1152701497","-70.8356713755,-33.1152705388","-70.8356604924,-33.1147474736","-70.8356869004,-33.1147470845",180.99841728499143,0.0024598767690325587
378,"-70.83561571562501,-33.115009746149994","-70.8356234783,-33.114748019","-70.8356343611,-33.1152710842","-70.8356079529,-33.1152714733","-70.8355970702,-33.1147484081",180.99837012642905,0.0024598813983011314
379,"-70.835541317225,-33.114483107625","-70.8355599623,-33.1147444457","-70.8355335543,-33.1147448348","-70.8355226722,-33.1142217695","-70.8355490801,-33.1142213805",180.99832678718585,0.0024598774193070718
380,"-70.83547789525,-33.114484042025","-70.8354856583,-33.1142223149","-70.8354965402,-33.1147453801","-70.8354701321,-33.1147457692","-70.8354592504,-33.1142227039",180.99828878309373,0.0024598820492338085
381,"-70.83552977875,-33.113928487825","-70.8355484236,-33.114189826","-70.8355220157,-33.114190215","-70.835511134,-33.1136671497","-70.8355375417,-33.1136667606",180.99830084055336,0.002459878978393238
382,"-70.8354663572,-33.113929422225","-70.8354741203,-33.113667695","-70.8354850019,-33.1141907604","-70.835458594,-33.1141911494","-70.8354477126,-33.1136680841",180.9982674187027,0.0024598789515740977
383,"-70.835518803275,-33.113400914725","-70.8355374479,-33.1136622529","-70.8355110402,-33.1136626419","-70.8355001587,-33.1131395766","-70.8355265663,-33.1131391875",180.99828393486808,0.002459879777981522
384,"-70.835455382075,-33.1134018491","-70.8354631453,-33.1131401219","-70.8354740265,-33.1136631873","-70.8354476188,-33.1136635763","-70.8354367377,-33.1131405109",180.99824103140836,0.002459879654054745
385,"-70.8355522933,-33.115010680649995","-70.8355709386,-33.1152720187","-70.8355445304,-33.1152724078","-70.8355336481,-33.1147493426","-70.8355600561,-33.1147489535",180.99834402017837,0.0024598767160621373
386,"-70.83548887095,-33.115011615075","-70.8354966339,-33.1147498879","-70.8355075161,-33.1152729532","-70.8354811079,-33.1152733422","-70.8354702259,-33.114750277",180.9983102712165,0.002459876592125288
387,"-70.835414473275,-33.1144849764","-70.835433118,-33.1147463145","-70.83540671,-33.1147467036","-70.8353958286,-33.1142236383","-70.8354222365,-33.1142232492",180.99826281247397,0.002459877464755403
388,"-70.8353510513,-33.114485910775","-70.8353588147,-33.1142241836","-70.8353696958,-33.1147472489","-70.8353432878,-33.114747638","-70.8353324069,-33.1142245726",180.99821533504166,0.002459872685376391
389,"-70.8354029356,-33.113930356625","-70.8354215801,-33.1141916948","-70.8353951722,-33.1141920838","-70.8353842912,-33.1136690185","-70.8354106989,-33.1136686294",180.99823673017067,0.002459878926071332
390,"-70.83533951402501,-33.113931290925","-70.8353472775,-33.1136695637","-70.8353581583,-33.1141926291","-70.8353317505,-33.1141930181","-70.8353208698,-33.1136699528",180.99819873384604,0.0024598742431475194
391,"-70.8353919609,-33.11340278345","-70.8354106052,-33.1136641216","-70.8353841974,-33.1136645107","-70.8353733167,-33.1131414453","-70.8353997243,-33.1131410562",180.99821537837428,0.0024598844795894427
392,"-70.835328539725,-33.113403717775","-70.8353363033,-33.1131419905","-70.8353471838,-33.113665056","-70.8353207761,-33.113665445","-70.8353098957,-33.1131423796",180.99817705690305,0.0024598796995217863
393,"-70.835425448575,-33.1150125495","-70.8354440935,-33.1152738876","-70.8354176853,-33.1152742767","-70.8354068037,-33.1147512114","-70.8354332118,-33.1147508223",180.99827513855914,0.0024598813198211883
394,"-70.83536202625001,-33.115013483875","-70.8353697896,-33.1147517567","-70.835380671,-33.115274822","-70.8353542628,-33.115275211","-70.8353433816,-33.1147521458",180.9982370056378,0.0024598765397943253
395,"-70.835276092475,-33.113932225225","-70.8352947366,-33.1141935634","-70.8352683287,-33.1141939524","-70.8352574484,-33.1136708871","-70.8352838562,-33.113670498",180.9981680388019,0.00245988352924898
396,"-70.835212670875,-33.1139331595","-70.8352204348,-33.1136714323","-70.8352313148,-33.1141944977","-70.8352049069,-33.1141948867","-70.835194027,-33.1136718213",180.99812513613693,0.0024598834046559714
397,"-70.8352651185,-33.113404652025004","-70.8352837624,-33.1136659902","-70.8352573547,-33.1136663793","-70.8352464747,-33.1131433138","-70.8352728822,-33.1131429248",180.9981509474149,0.0024598750171991772
398,"-70.8352016973,-33.113405586300004","-70.8352094612,-33.1131438591","-70.835220341,-33.1136669245","-70.8351939333,-33.1136673135","-70.8351830537,-33.1131442481",180.99810823517856,0.0024598748926064114
399,"-70.8351492493,-33.113934093750004","-70.835167893,-33.114195432","-70.8351414852,-33.114195821","-70.8351306056,-33.1136727555","-70.8351570134,-33.1136723665",180.99809883616683,0.002459878723711696
400,"-70.83508582772501,-33.11393502795","-70.835093592,-33.1136733007","-70.8351044713,-33.1141963662","-70.8350780634,-33.1141967552","-70.8350671842,-33.1136736897",180.99806083457423,0.0024598833530123706
401,"-70.83513827607501,-33.1134065205","-70.8351569196,-33.1136678587","-70.8351305119,-33.1136682477","-70.8351196326,-33.1131451823","-70.8351460402,-33.1131447933",180.9980821203075,0.0024598795232867237
402,"-70.835074854875,-33.1134074547","-70.8350826192,-33.1131457275","-70.8350934982,-33.113668793","-70.8350670905,-33.1136691819","-70.8350562116,-33.1131461164",180.99803889057375,0.0024598793009757277
403,"-70.835022406125,-33.113935962125005","-70.8350410495,-33.1141973004","-70.8350146416,-33.1141976893","-70.8350037628,-33.1136746239","-70.8350301706,-33.1136742349",180.9980300088916,0.002459883229770391
404,"-70.834958984525,-33.113936896249996","-70.8349667492,-33.113675169","-70.8349776277,-33.1141982345","-70.8349512198,-33.1141986235","-70.8349403414,-33.113675558",180.99798756871354,0.002459883300711299
405,"-70.835011433675,-33.113408388850004","-70.8350300768,-33.1136697271","-70.8350036691,-33.1136701161","-70.8349927906,-33.1131470506","-70.8350191982,-33.1131466616",180.99800866256746,0.0024598794709853895
406,"-70.83494801245,-33.113409322974995","-70.8349557771,-33.1131475957","-70.8349666554,-33.1136706613","-70.8349402477,-33.1136710502","-70.8349293696,-33.1131479847",180.9979703406438,0.0024598746909137506
407,"-70.834895562925,-33.11393783035","-70.8349142059,-33.1141991686","-70.834887798,-33.1141995576","-70.83487692,-33.1136764921","-70.8349033278,-33.1136761031",180.99795687854245,0.0024598832752238246
408,"-70.8348321413,-33.113938764425","-70.8348399063,-33.1136770372","-70.8348507841,-33.1142001027","-70.8348243762,-33.1142004917","-70.8348134986,-33.1136774261",180.997918556967,0.0024598784945124618
409,"-70.834884591225,-33.11341025705","-70.834903234,-33.1136715954","-70.8348768263,-33.1136719843","-70.8348659485,-33.1131489187","-70.8348923561,-33.1131485298",180.99794389803742,0.0024598792231833406
410,"-70.834821170025,-33.113411191125","-70.8348289351,-33.1131494639","-70.8348398126,-33.1136725294","-70.8348134049,-33.1136729184","-70.8348025275,-33.1131498528",180.99790164810955,0.0024598792947880307
411,"-70.83476871972499,-33.1139396985","-70.8347873623,-33.1142010368","-70.8347609545,-33.1142014257","-70.8347500772,-33.1136783602","-70.8347764849,-33.1136779713",180.9978923120383,0.0024598737151728723
412,"-70.83470529815,-33.113940632500004","-70.8347130635,-33.1136789053","-70.8347239406,-33.1142019708","-70.8346975327,-33.1142023597","-70.8346866558,-33.1136792942",180.99785431109567,0.0024598783444723165
413,"-70.83475774882501,-33.11341212515","-70.8347763912,-33.1136734635","-70.8347499835,-33.1136738524","-70.8347391065,-33.1131507868","-70.8347655141,-33.1131503979",180.99787063193762,0.0024598791708889947
414,"-70.83469432755,-33.11341305915","-70.834702093,-33.1131513319","-70.8347129698,-33.1136743975","-70.834686562,-33.1136747864","-70.8346756854,-33.1131517208",180.9978326304668,0.0024598838008854816
415,"-70.83464187655,-33.11394156645","-70.8346605188,-33.1142029048","-70.8346341109,-33.1142032937","-70.8346232344,-33.1136802281","-70.8346496421,-33.1136798392",180.99782342974217,0.002459878318989086
416,"-70.83457845492501,-33.113942500449994","-70.8345862207,-33.1136807732","-70.834597097,-33.1142038388","-70.8345706891,-33.1142042277","-70.8345598129,-33.1136811621",180.9977854297823,0.0024598829483230534
417,"-70.83463090635,-33.113413993075","-70.8346495484,-33.1136753315","-70.8346231406,-33.1136757203","-70.8346122644,-33.1131526547","-70.834638672,-33.1131522658",180.99780161330585,0.002459883677028574
418,"-70.834567485075,-33.113414927025005","-70.8345752509,-33.1131531998","-70.8345861269,-33.1136762654","-70.8345597192,-33.1136766543","-70.8345488433,-33.1131535886",180.99776361950325,0.0024598789953896062
419,"-70.83451503330001,-33.11394343435","-70.8345336752,-33.1142047727","-70.8345072673,-33.1142051616","-70.8344963915,-33.113682096","-70.8345227992,-33.1136817071",180.99775931999872,0.0024598782666992985
420,"-70.8344516117,-33.113944368225","-70.8344593778,-33.113682641","-70.8344702534,-33.1142057066","-70.8344438455,-33.1142060955","-70.8344329701,-33.1136830298",180.99771641807854,0.002459878142174337
421,"-70.834504063875,-33.113415860924995","-70.8345227055,-33.1136771993","-70.8344962978,-33.1136775882","-70.8344854223,-33.1131545225","-70.8345118299,-33.1131541337",180.99773292763797,0.002459878968584959
422,"-70.834440642625,-33.113416794775006","-70.8344484088,-33.1131550675","-70.8344592841,-33.1136781332","-70.8344328764,-33.113678522","-70.8344220012,-33.1131554564",180.99769950919475,0.0024598789431117814
423,"-70.83438819002501,-33.113945302075","-70.8344068315,-33.1142066405","-70.8343804236,-33.1142070293","-70.8343695486,-33.1136839637","-70.8343959564,-33.1136835748",180.99768114585353,0.0024598827728288903
424,"-70.8343247684,-33.113946235875005","-70.8343325349,-33.1136845086","-70.8343434097,-33.1142075743","-70.8343170018,-33.1142079631","-70.8343061272,-33.1136848975",180.99764315284668,0.002459878089884757
425,"-70.83437722139999,-33.1134177286","-70.8343958627,-33.113679067","-70.8343694549,-33.1136794559","-70.8343585802,-33.1131563902","-70.8343849878,-33.1131560013",180.9976643712763,0.0024598836701717457
426,"-70.834313800125,-33.113418662425","-70.8343215667,-33.1131569351","-70.8343324412,-33.1136800009","-70.8343060335,-33.1136803897","-70.8342951591,-33.113157324",180.99762605314817,0.0024598788908300213
427,"-70.83426134679999,-33.113947169650004","-70.8342799879,-33.1142085081","-70.83425358,-33.1142088969","-70.8342427058,-33.1136858312","-70.8342691135,-33.1136854424",180.997612134369,0.0024598779666928543
428,"-70.834197925175,-33.11394810345","-70.8342056921,-33.1136863762","-70.8342165661,-33.1142094419","-70.8341901582,-33.1142098307","-70.8341792843,-33.113686765",180.9975741338777,0.002459882595356936
429,"-70.834250378925,-33.11341959615","-70.8342690198,-33.1136809346","-70.8342426121,-33.1136813234","-70.8342317381,-33.1131582577","-70.8342581457,-33.1131578689",180.9975952234189,0.002459878766971648
430,"-70.83418695765,-33.1134205299","-70.8341947246,-33.1131588026","-70.8342055984,-33.1136818684","-70.8341791906,-33.1136822572","-70.834168317,-33.1131591914",180.9975570338209,0.0024598833963064863
431,"-70.83413450354999,-33.11394903715","-70.8341531443,-33.1142103756","-70.8341267364,-33.1142107644","-70.8341158629,-33.1136876987","-70.8341422706,-33.1136873099",180.9975480228569,0.002459877913738701
432,"-70.834071081925,-33.113949970825","-70.8340788492,-33.1136882436","-70.8340897225,-33.1142113093","-70.8340633146,-33.1142116981","-70.8340524414,-33.1136886323",180.9975096982513,0.002459882445379774
433,"-70.8341235364,-33.1134214636","-70.8341421769,-33.1136828021","-70.8341157692,-33.1136831909","-70.834104896,-33.1131601251","-70.8341313035,-33.1131597363",180.9975263474335,0.0024598740585186317
434,"-70.83406011515,-33.1134223973","-70.8340678825,-33.11316067","-70.8340787555,-33.1136837358","-70.8340523477,-33.1136841246","-70.8340414749,-33.1131610588",180.99748376761696,0.0024598833440316187
435,"-70.83400766025001,-33.113950904475","-70.8340263006,-33.114212243","-70.8339998927,-33.1142126317","-70.83398902,-33.113689566","-70.8340154277,-33.1136891772",180.99747443038544,0.002459877763108103
436,"-70.83394423862501,-33.113951838125","-70.8339520063,-33.1136901109","-70.8339628788,-33.1142131766","-70.8339364709,-33.1142135654","-70.8339255985,-33.1136904996",180.99743643187247,0.0024598823931066653
437,"-70.83399669387501,-33.1134233309","-70.834015334,-33.1136846694","-70.8339889263,-33.1136850582","-70.8339780538,-33.1131619924","-70.8340044614,-33.1131616036",180.99745765516124,0.0024598786624165673
438,"-70.83393327259999,-33.113424264525","-70.8339410403,-33.1131625372","-70.8339519126,-33.1136856031","-70.8339255048,-33.1136859918","-70.8339146327,-33.113162926",180.99741933101996,0.002459883194059695
439,"-70.833880817,-33.1139527717","-70.833899457,-33.1142141102","-70.8338730491,-33.114214499","-70.8338621771,-33.1136914332","-70.8338885848,-33.1136910444",180.99741045662424,0.002459877808539368
440,"-70.83381739535,-33.113953705250005","-70.8338251634,-33.113691978","-70.8338360352,-33.1142150438","-70.8338096272,-33.1142154325","-70.8337987556,-33.1136923667",180.99736741415143,0.0024598868992645067
441,"-70.833869851375,-33.1134251981","-70.8338884911,-33.1136865367","-70.8338620834,-33.1136869254","-70.8338512117,-33.1131638595","-70.8338776193,-33.1131634708",180.99738373654233,0.0024598784140812827
442,"-70.8338064301,-33.11342613165","-70.8338141982,-33.1131644044","-70.8338250697,-33.1136874702","-70.8337986619,-33.1136878589","-70.8337877906,-33.1131647931",180.99734592826718,0.0024598830440903992
443,"-70.8337539737,-33.1139546388","-70.8337726133,-33.1142159774","-70.8337462054,-33.1142163661","-70.8337353342,-33.1136933002","-70.8337617419,-33.1136929115",180.99733653670864,0.002459877561529109
444,"-70.83369055205,-33.1139555723","-70.8336983204,-33.113693845","-70.8337091915,-33.1142169109","-70.8336827836,-33.1142172996","-70.8336719127,-33.1136942337",180.99730312065668,0.002459877536065402
445,"-70.833743008825,-33.113427065125","-70.8337616482,-33.1136884037","-70.8337352405,-33.1136887924","-70.8337243695,-33.1131657265","-70.8337507771,-33.1131653379",180.9973194893041,0.0024598782634783368
446,"-70.83367958755,-33.1134279986","-70.833687356,-33.1131662713","-70.8336982268,-33.1136893372","-70.833671819,-33.1136897259","-70.8336609484,-33.11316666",180.9972816271142,0.002459882991828116
447,"-70.83362713037499,-33.113956505725","-70.8336457696,-33.1142178443","-70.8336193617,-33.114218233","-70.8336084912,-33.1136951671","-70.833634899,-33.1136947785",180.99726770887096,0.002459882067738607
448,"-70.83356370875,-33.1139574392","-70.8335714775,-33.1136957119","-70.8335823478,-33.1142187778","-70.8335559399,-33.1142191665","-70.8335450698,-33.1136961006",180.99722985433382,0.0024598774838035815
449,"-70.83361616625,-33.113428932074996","-70.8336348053,-33.1136902707","-70.8336083975,-33.1136906594","-70.8335975273,-33.1131675934","-70.8336239349,-33.1131672048",180.99725060617737,0.0024598828680269186
450,"-70.83355274497501,-33.113429865475","-70.8335605138,-33.1131681382","-70.8335713838,-33.1136912041","-70.8335449761,-33.1136915928","-70.8335341062,-33.1131685268",180.99721261626001,0.002459878185755761
451,"-70.83350028704999,-33.113958372575","-70.8335189259,-33.1142197112","-70.833492518,-33.1142200999","-70.8334816483,-33.1136970339","-70.833508056,-33.1136966453",180.9971988334055,0.0024598773593358923
452,"-70.833436865425,-33.113959305950004","-70.8334446346,-33.1136975787","-70.8334555041,-33.1142206446","-70.8334290962,-33.1142210332","-70.8334182268,-33.1136979673",180.99716070061726,0.002459881891010495
453,"-70.8334893237,-33.113430798875","-70.8335079624,-33.1136921375","-70.8334815546,-33.1136925262","-70.8334706851,-33.1131694602","-70.8334970927,-33.1131690716",180.99718649609025,0.002459882816423554
454,"-70.83342590240001,-33.1134317322","-70.8334336716,-33.1131700049","-70.8334445409,-33.1136930709","-70.8334181331,-33.1136934595","-70.833407264,-33.1131703935",180.99714359696463,0.002459882692626707
455,"-70.83338440665,-33.114487813","-70.8334030454,-33.1147491516","-70.8333766373,-33.1147495403","-70.833365768,-33.1142264744","-70.8333921759,-33.1142260857",180.99715653710348,0.002459881260195023
456,"-70.833320984575,-33.114488746324994","-70.8333287541,-33.114227019","-70.8333396231,-33.114750085","-70.833313215,-33.1147504736","-70.8333023461,-33.1142274077",180.99710905919846,0.0024598857918491255
457,"-70.83337344372501,-33.113960239275","-70.8333920822,-33.1142215779","-70.8333656743,-33.1142219666","-70.8333548053,-33.1136989006","-70.8333812131,-33.113698512",180.99713014212514,0.0024598819632217508
458,"-70.83331002207501,-33.1139611726","-70.8333177916,-33.1136994453","-70.8333286604,-33.1142225113","-70.8333022525,-33.1142228999","-70.8332913838,-33.1136998339",180.99709640105914,0.002459881838755564
459,"-70.833362481125,-33.1134326655","-70.8333811194,-33.1136940042","-70.8333547117,-33.1136943928","-70.8333438429,-33.1131713268","-70.8333702505,-33.1131709382",180.99711748309056,0.002459878009696459
460,"-70.833299059825,-33.1134335988","-70.8333068294,-33.1131718715","-70.8333176979,-33.1136949375","-70.8332912902,-33.1136953261","-70.8332804218,-33.1131722601",180.9970749123742,0.002459877984231929
461,"-70.83325756255,-33.1144896796","-70.8332762009,-33.1147510183","-70.8332497928,-33.1147514069","-70.8332389243,-33.1142283409","-70.8332653322,-33.1142279523",180.99708261832504,0.002459881011931765
462,"-70.833194140475,-33.11449061285","-70.8332019103,-33.1142288856","-70.8332127786,-33.1147519515","-70.8331863706,-33.1147523401","-70.8331755024,-33.1142292742",180.9970448186433,0.0024598763303812885
463,"-70.8332466004,-33.11396210585","-70.8332652385,-33.1142234445","-70.8332388306,-33.1142238331","-70.8332279624,-33.1137007672","-70.8332543701,-33.1137003786",180.99706132098666,0.002459877157149866
464,"-70.83318317872501,-33.1139630391","-70.8331909486,-33.1137013118","-70.8332018167,-33.1142243778","-70.8331754087,-33.1142247664","-70.8331645409,-33.1137017004",180.99702313414377,0.002459881787138773
465,"-70.83323563855001,-33.11343453205","-70.8332542765,-33.1136958708","-70.8332278687,-33.1136962594","-70.8332170007,-33.1131731933","-70.8332434083,-33.1131728047",180.9970486000277,0.0024598826135876946
466,"-70.83317221725,-33.113435465275","-70.8331799872,-33.113173738","-70.833190855,-33.113696804","-70.8331644472,-33.1136971926","-70.8331535796,-33.1131741265",180.99700589488026,0.0024598824898116652
467,"-70.833130718425,-33.1144915461","-70.8331493564,-33.1147528848","-70.8331229483,-33.1147532734","-70.8331120805,-33.1142302074","-70.8331384885,-33.1142298188",180.9970139268986,0.0024598856157939265
468,"-70.833067296375,-33.114492479275","-70.8330750666,-33.114230752","-70.8330859341,-33.114753818","-70.8330595261,-33.1147542065","-70.8330486587,-33.1142311406",180.99697122763953,0.002459876180486497
469,"-70.83311975705,-33.1139639723","-70.8331383948,-33.114225311","-70.8331119869,-33.1142256996","-70.8331011194,-33.1137026336","-70.8331275271,-33.113702245",180.99699701928526,0.002459877105562295
470,"-70.833056335375,-33.113964905475","-70.8330641057,-33.1137031782","-70.8330749729,-33.1142262442","-70.833048565,-33.1142266328","-70.8330376979,-33.1137035667",180.9969495422106,0.002459881637274467
471,"-70.83310879595,-33.11343639845","-70.8331274335,-33.1136977372","-70.8331010257,-33.1136981258","-70.8330901585,-33.1131750597","-70.8331165661,-33.1131746711",180.9969753334044,0.0024598825613407916
472,"-70.83304537465,-33.113437331600004","-70.833053145,-33.1131756043","-70.833064012,-33.1136986704","-70.8330376042,-33.1136990589","-70.8330267374,-33.1131759928",180.99693230191406,0.002459882339267341
473,"-70.8330038743,-33.11449341245","-70.8330225119,-33.1147547512","-70.8329961038,-33.1147551397","-70.8329852368,-33.1142320737","-70.8330116447,-33.1142316852",180.99694477989243,0.0024598807121356254
474,"-70.832940452225,-33.11449434555","-70.8329482228,-33.1142326183","-70.8329590896,-33.1147556843","-70.8329326816,-33.1147560728","-70.8329218149,-33.1142330068",180.99690679075047,0.002459876029920572
475,"-70.8329929137,-33.1139658386","-70.8330115511,-33.1142271774","-70.8329851431,-33.1142275659","-70.8329742764,-33.1137044998","-70.8330006842,-33.1137041113",180.99692309401703,0.002459886169615097
476,"-70.832929492025,-33.1139667717","-70.8329372627,-33.1137050444","-70.8329481292,-33.1142281105","-70.8329217213,-33.114228499","-70.8329108549,-33.1137054329",180.9968851055304,0.00245988148737254
477,"-70.83298195335,-33.1134382647","-70.8330005905,-33.1136996035","-70.8329741827,-33.113699992","-70.8329633163,-33.1131769259","-70.8329897239,-33.1131765374",180.99690160514854,0.0024598823144561465
478,"-70.83291853205,-33.1134391978","-70.8329263028,-33.1131774705","-70.832937169,-33.1137005366","-70.8329107612,-33.1137009251","-70.8328998952,-33.113177859",180.99685903571998,0.00245988228833549
479,"-70.832877030175,-33.11449527865","-70.8328956674,-33.1147566174","-70.8328692593,-33.1147570059","-70.832858393,-33.1142339399","-70.832884801,-33.1142335514",180.99687608729954,0.0024598853166680097
480,"-70.83281360807499,-33.1144962117","-70.8328213791,-33.1142344844","-70.8328322451,-33.1147575505","-70.832805837,-33.114757939","-70.8327949711,-33.1142348729",180.99683332858768,0.002459885289879069
481,"-70.832866070325,-33.1139677048","-70.8328847073,-33.1142290436","-70.8328582994,-33.1142294321","-70.8328474334,-33.113706366","-70.8328738412,-33.1137059775",180.99685440827182,0.002459881460596642
482,"-70.832802648625,-33.1139686378","-70.8328104197,-33.1137069105","-70.8328212854,-33.1142299766","-70.8327948775,-33.1142303651","-70.8327840119,-33.113707299",180.99681184093163,0.002459881434471329
483,"-70.8328551107,-33.1134401309","-70.8328737475,-33.1137014697","-70.8328473397,-33.1137018582","-70.832836474,-33.1131787921","-70.8328628816,-33.1131784036",180.99683749457773,0.0024598822615601013
484,"-70.8327916894,-33.1134410639","-70.8327994605,-33.1131793366","-70.832810326,-33.1137024027","-70.8327839182,-33.1137027912","-70.8327730529,-33.1131797251",180.99679492490299,0.0024598822360969753
485,"-70.83275018604999,-33.114497144725","-70.8327688229,-33.1147584835","-70.8327424148,-33.114758872","-70.8327315493,-33.1142358059","-70.8327579572,-33.1142354175",180.99680707753876,0.002459880510694132
486,"-70.83268676395001,-33.1144980777","-70.8326945353,-33.1142363504","-70.8327054006,-33.1147594165","-70.8326789925,-33.114759805","-70.8326681274,-33.1142367389",180.99676464484793,0.0024598805821888893
487,"-70.8327392269,-33.11396957085","-70.8327578635,-33.1142309097","-70.8327314556,-33.1142312982","-70.8327205904,-33.113708232","-70.8327469981,-33.1137078435",180.9967855334956,0.0024598767535398526
488,"-70.832675805225,-33.113970503825","-70.8326835766,-33.1137087765","-70.8326944417,-33.1142318427","-70.8326680337,-33.1142322311","-70.8326571689,-33.113709165",180.99674740316814,0.0024598812852483073
489,"-70.8327282681,-33.113441996875004","-70.8327469045,-33.1137033357","-70.8327204967,-33.1137037242","-70.8327096318,-33.113180658","-70.8327360394,-33.1131802696",180.99676390171823,0.0024598821116913897
490,"-70.832664846775,-33.11344292985","-70.8326726183,-33.1131812025","-70.832683483,-33.1137042687","-70.8326570752,-33.1137046572","-70.8326462106,-33.113181591",180.9967260429007,0.0024598868387161418
491,"-70.83262334185,-33.1144990107","-70.8326419783,-33.1147603495","-70.8326155702,-33.114760738","-70.8326047055,-33.1142376719","-70.8326311134,-33.1142372834",180.9967339477918,0.0024598805554083333
492,"-70.8325599198,-33.114499943625","-70.8325676915,-33.1142382163","-70.8325785561,-33.1147612825","-70.832552148,-33.1147616709","-70.8325412836,-33.1142386048",180.99670020916815,0.002459880432333466
493,"-70.8326123835,-33.113971436775","-70.8326310198,-33.1142327756","-70.8326046118,-33.1142331641","-70.8325937473,-33.1137100979","-70.8326201551,-33.1137097095",180.99672128056363,0.002459885915927762
494,"-70.8325489618,-33.113972369675004","-70.8325567336,-33.1137106424","-70.8325675979,-33.1142337085","-70.8325411899,-33.114234097","-70.8325303258,-33.1137110308",180.99667871229838,0.0024598858891504713
495,"-70.83260142545,-33.113443862775","-70.8326200615,-33.1137052017","-70.8325936537,-33.1137055901","-70.8325827895,-33.1131825239","-70.8326091971,-33.1131821354",180.99669960036164,0.0024598820594586256
496,"-70.83253800415001,-33.113444795675","-70.832545776,-33.1131830683","-70.83255664,-33.1137061346","-70.8325302322,-33.113706523","-70.8325193684,-33.1131834568",180.996657030983,0.002459882034005229
497,"-70.8324964977,-33.114500876525","-70.8325151338,-33.1147622154","-70.8324887257,-33.1147626038","-70.8324778617,-33.1142395377","-70.8325042696,-33.1142391492",180.9966695111585,0.0024598804055557073
498,"-70.8324330756,-33.1145018094","-70.8324408477,-33.1142400821","-70.8324517115,-33.1147631483","-70.8324253034,-33.1147635367","-70.8324144398,-33.1142404705",180.99662661708822,0.0024598802818204153
499,"-70.83248554010001,-33.11397330255","-70.832504176,-33.1142346414","-70.832477768,-33.1142350299","-70.8324669043,-33.1137119637","-70.8324933121,-33.1137115752",180.9966481504471,0.0024598859600004877
500,"-70.832422118425,-33.1139742354","-70.8324298906,-33.1137125081","-70.8324407541,-33.1142355743","-70.8324143462,-33.1142359627","-70.8324034828,-33.1137128965",180.9966097014114,0.002459881083187422
501,"-70.8324745828,-33.11344572855","-70.8324932185,-33.1137070675","-70.8324668107,-33.1137074559","-70.8324559472,-33.1131843896","-70.8324823548,-33.1131840012",180.99663516180476,0.002459881910271036
502,"-70.832411161475,-33.11344666135","-70.8324189337,-33.113184934","-70.8324297969,-33.1137080003","-70.8324033892,-33.1137083887","-70.8323925261,-33.1131853224",180.99658802076948,0.002459877228009508
503,"-70.83236965350001,-33.1145027422","-70.8323882892,-33.1147640811","-70.8323618811,-33.1147644695","-70.8323510179,-33.1142414033","-70.8323774258,-33.1142410149",180.99659591868104,0.0024598802563618417
504,"-70.83230623144999,-33.11450367505","-70.8323140039,-33.1142419477","-70.832324867,-33.114765014","-70.8322984589,-33.1147654024","-70.832287596,-33.1142423361",180.996562316952,0.0024598802295854793
505,"-70.832358696675,-33.113975168225004","-70.8323773322,-33.1142365071","-70.8323509242,-33.1142368956","-70.8323400613,-33.1137138293","-70.832366469,-33.1137134409",180.996579139143,0.0024598811540110107
506,"-70.83229527495,-33.113976101","-70.8323030475,-33.1137143737","-70.8323139103,-33.1142374399","-70.8322875023,-33.1142378283","-70.8322766397,-33.1137147621",180.99654100941143,0.0024598856870761262
507,"-70.832347740125,-33.113447594149996","-70.8323663754,-33.1137089331","-70.8323399676,-33.1137093215","-70.8323291049,-33.1131862552","-70.8323555126,-33.1131858668",180.9965573153686,0.0024598865135479087
508,"-70.8322843188,-33.113448526949995","-70.8322920914,-33.1131867996","-70.8323029539,-33.1137098659","-70.8322765461,-33.1137102543","-70.8322656838,-33.113187188",180.9965193284537,0.002459881831272572
509,"-70.832526673025,-33.115695687075004","-70.8325453096,-33.1159570259","-70.8325189012,-33.1159574143","-70.8325080365,-33.1154343483","-70.8325344448,-33.1154339598",180.9967156829552,0.0024598795484633952
510,"-70.83246325005,-33.115696619975004","-70.832471022,-33.1154348927","-70.8324818865,-33.1159579588","-70.832455478,-33.1159583472","-70.8324446137,-33.1154352812",180.996677690434,0.0024598841783691813
511,"-70.832242809325,-33.1145046078","-70.8322614447,-33.1147659467","-70.8322350366,-33.1147663351","-70.832224174,-33.1142432689","-70.832250582,-33.1142428805",180.9965363825905,0.002459884859587557
512,"-70.83217938722498,-33.11450554055","-70.8321871601,-33.1142438132","-70.8321980224,-33.1147668795","-70.8321716143,-33.1147672679","-70.8321607521,-33.1142442016",180.99649362594272,0.002459884834137267
513,"-70.83223185325,-33.11397703375","-70.8322504884,-33.1142383727","-70.8322240804,-33.1142387611","-70.8322132182,-33.1137156948","-70.832239626,-33.1137153064",180.99651012113037,0.002459885661619418
514,"-70.832168431525,-33.1139779665","-70.8321762044,-33.1137162392","-70.8321870665,-33.1142393055","-70.8321606585,-33.1142396938","-70.8321497967,-33.1137166275",180.9964716728934,0.002459880783508169
515,"-70.832220897475,-33.11344945965","-70.8322395324,-33.1137107986","-70.8322131246,-33.113711187","-70.8322022626,-33.1131881207","-70.8322286703,-33.1131877323",180.99649320416188,0.002459886460671341
516,"-70.832157476125,-33.113450392375","-70.8321652491,-33.113188665","-70.8321761108,-33.1137117314","-70.8321497031,-33.1137121197","-70.8321388415,-33.1131890534",180.9964503171376,0.0024598770259636796
517,"-70.8322543274,-33.1150592286","-70.832272963,-33.1153205675","-70.8322465547,-33.1153209559","-70.8322356919,-33.1147978897","-70.8322621,-33.1147975013",180.9965529947978,0.002459883300628557
518,"-70.8321909049,-33.11506016129999","-70.8321986777,-33.114798434","-70.8322095403,-33.1153215002","-70.832183132,-33.1153218886","-70.8321722696,-33.1147988224",180.99651042659588,0.0024598832758407803
519,"-70.832399827075,-33.11569755285","-70.8324184633,-33.1159588917","-70.8323920549,-33.1159592801","-70.8323811909,-33.115436214","-70.8324075992,-33.1154358256",180.99665124834053,0.0024598793992714413
520,"-70.832336404175,-33.11569848575","-70.8323441765,-33.1154367585","-70.8323550402,-33.1159598246","-70.8323286318,-33.115960213","-70.8323177682,-33.1154371469",180.9966086802551,0.0024598793731541602
521,"-70.832115965125,-33.114506473275","-70.8321346001,-33.1147678122","-70.832108192,-33.1147682006","-70.8320973302,-33.1142451343","-70.8321237382,-33.114244746",180.99646279240838,0.0024598847097630112
522,"-70.832052543,-33.11450740595","-70.8320603162,-33.1142456786","-70.8320711778,-33.1147687449","-70.8320447697,-33.1147691333","-70.8320339083,-33.114246067",180.99642494285914,0.0024598801251476043
523,"-70.8321050098,-33.113978899175","-70.8321236446,-33.1142402382","-70.8320972366,-33.1142406265","-70.8320863751,-33.1137175602","-70.8321127829,-33.1137171718",180.99644568478408,0.0024598855104878544
524,"-70.83204158807501,-33.113979831825","-70.8320493614,-33.1137181045","-70.8320602226,-33.1142411708","-70.8320338147,-33.1142415592","-70.8320229536,-33.1137184928",180.99639854384833,0.002459880828919717
525,"-70.83209405475,-33.11345132505","-70.8321126893,-33.1137126641","-70.8320862815,-33.1137130524","-70.8320754203,-33.113189986","-70.8321018279,-33.1131895977",180.99642386516018,0.00245988155840963
526,"-70.832030633425,-33.113452257675","-70.8320384068,-33.1131905303","-70.8320492678,-33.1137135967","-70.83202286,-33.113713985","-70.8320119991,-33.1131909187",180.99638619967152,0.0024598862853981254
527,"-70.83212748240001,-33.115061094075","-70.8321461176,-33.115322433","-70.8321197093,-33.1153228214","-70.8321088473,-33.1147997551","-70.8321352554,-33.1147993668",180.9964794021935,0.002459883151464346
528,"-70.83206405985,-33.115062026749996","-70.832071833,-33.1148002995","-70.8320826949,-33.1153233657","-70.8320562866,-33.115323754","-70.8320454249,-33.1148006878",180.99644585529012,0.00245988302775946
529,"-70.83227298119999,-33.11569941855","-70.8322916171,-33.1159607574","-70.8322652086,-33.1159611458","-70.8322543454,-33.1154380797","-70.8322807537,-33.1154376913",180.9965825567155,0.002459884002394014
530,"-70.832209558225,-33.115700351325","-70.8322173309,-33.1154386241","-70.8322281939,-33.1159616902","-70.8322017855,-33.1159620786","-70.8321909226,-33.1154390124",180.9965442454607,0.0024598792220010338
531,"-70.8319891209,-33.1145083386","-70.8320077555,-33.1147696776","-70.8319813474,-33.1147700659","-70.8319704864,-33.1142469996","-70.8319968943,-33.1142466113",180.9963937809635,0.0024598799044899585
532,"-70.8319256988,-33.1145092712","-70.8319334724,-33.1142475439","-70.8319443332,-33.1147706102","-70.8319179251,-33.1147709985","-70.8319070645,-33.1142479322",180.99635121479326,0.0024598798777275234
533,"-70.831978166325,-33.11398076445","-70.8319968007,-33.1142421035","-70.8319703928,-33.1142424918","-70.831959532,-33.1137194254","-70.8319859398,-33.1137190371",180.99637667232955,0.0024598807052170577
534,"-70.831914744625,-33.11398169705","-70.8319225183,-33.1137199697","-70.8319333788,-33.1142430361","-70.8319069709,-33.1142434244","-70.8318961105,-33.113720358",180.99633410553702,0.002459880679771529
535,"-70.83196721205,-33.11345319025","-70.8319858462,-33.1137145293","-70.8319594384,-33.1137149176","-70.831948578,-33.1131918512","-70.8319749856,-33.1131914629",180.99635060038514,0.002459881505534618
536,"-70.83190379070001,-33.11345412285","-70.8319115644,-33.1131923955","-70.8319224247,-33.1137154619","-70.8318960169,-33.1137158502","-70.8318851568,-33.1131927838",180.99631718841064,0.002459881479427944
537,"-70.83200063734999,-33.115062959425","-70.8320192722,-33.1153242984","-70.8319928639,-33.1153246867","-70.8319820026,-33.1148016205","-70.8320084107,-33.1148012321",180.99641529276744,0.002459883099250659
538,"-70.83193721485,-33.115063892025","-70.8319449884,-33.1148021647","-70.8319558495,-33.115325231","-70.8319294412,-33.1153256193","-70.8319185803,-33.1148025531",180.99637272716944,0.0024598830731354313
539,"-70.83214613530001,-33.115701284075","-70.8321647708,-33.115962623","-70.8321383623,-33.1159630113","-70.8321274999,-33.1154399452","-70.8321539082,-33.1154395568",180.99650896698105,0.0024598838532411656
540,"-70.832082712325,-33.1157022168","-70.8320904854,-33.1154404895","-70.8321013476,-33.1159635557","-70.8320749392,-33.1159639441","-70.8320640771,-33.1154408779",180.99647111670197,0.0024598792687004264
541,"-70.83186227667501,-33.11451020375","-70.8318809109,-33.1147715428","-70.8318545028,-33.1147719311","-70.8318436425,-33.1142488647","-70.8318700505,-33.1142484764",180.99632489830236,0.002459884507735266
542,"-70.83179885455,-33.1145111363","-70.8318066285,-33.114249409","-70.8318174886,-33.1147724753","-70.8317910805,-33.1147728636","-70.8317802206,-33.1142497973",180.99628710358508,0.0024598798261696326
543,"-70.83185132284999,-33.113982629649996","-70.8318699569,-33.1142439687","-70.8318435489,-33.114244357","-70.8318326889,-33.1137212906","-70.8318590967,-33.1137209023",180.99630798111122,0.002459885309103098
544,"-70.83178790115,-33.113983562150004","-70.8317956752,-33.1137218348","-70.831806535,-33.1142449012","-70.831780127,-33.1142452895","-70.8317692674,-33.1137222231",180.99626541532535,0.00245988528233699
545,"-70.83187379235,-33.115064824625","-70.8318924268,-33.1153261636","-70.8318660185,-33.1153265519","-70.831855158,-33.1148034857","-70.8318815661,-33.1148030973",180.9963420275395,0.0024598830470271404
546,"-70.831810369825,-33.1150657572","-70.8318181438,-33.1148040299","-70.8318290041,-33.1153270962","-70.8318025958,-33.1153274845","-70.8317917356,-33.1148044182",180.9963037087209,0.0024598875794094935
547,"-70.83201928935,-33.1157031495","-70.8320379245,-33.1159644884","-70.832011516,-33.1159648768","-70.8320006543,-33.1154418106","-70.8320270626,-33.1154414222",180.99644499229646,0.002459883898604528
548,"-70.83195586635,-33.115704082149996","-70.8319636398,-33.1154423549","-70.8319745013,-33.1159654211","-70.8319480928,-33.1159658094","-70.8319372315,-33.1154427432",180.99640196440393,0.0024598836759817926
549,"-70.83173543244999,-33.11451206885","-70.8317540663,-33.1147734079","-70.8317276582,-33.1147737962","-70.8317167987,-33.1142507298","-70.8317432066,-33.1142503415",180.9962562141753,0.002459879799401661
550,"-70.83167201032501,-33.1145130013","-70.8316797847,-33.114251274","-70.831690644,-33.1147743404","-70.8316642359,-33.1147747286","-70.8316533767,-33.1142516622",180.9962177614771,0.0024598842342663275
551,"-70.831724479375,-33.11398449465","-70.831743113,-33.1142458337","-70.8317167051,-33.114246222","-70.8317058458,-33.1137231556","-70.8317322536,-33.1137227673",180.9962392960368,0.0024598806001322237
552,"-70.83166105765,-33.113985427075","-70.8316688321,-33.1137236997","-70.8316796911,-33.1142467662","-70.8316532831,-33.1142471544","-70.8316424243,-33.113724088",180.99619182352467,0.00245988513322258
553,"-70.8317469473,-33.11506668975","-70.8317655814,-33.1153280288","-70.8317391731,-33.1153284171","-70.8317283133,-33.1148053507","-70.8317547214,-33.1148049624",180.99627740187287,0.002459882897217992
554,"-70.8316835248,-33.11506762225","-70.8316912991,-33.1148058949","-70.8317021587,-33.1153289613","-70.8316757504,-33.1153293496","-70.831664891,-33.1148062832",180.99623483533787,0.0024598828711055623
555,"-70.831892443375,-33.11570501475","-70.8319110781,-33.1159663537","-70.8318846697,-33.115966742","-70.8318738087,-33.1154436758","-70.831900217,-33.1154432875",180.9963758474548,0.0024598789951662285
556,"-70.831829020425,-33.11570594735","-70.8318367943,-33.1154442201","-70.831847655,-33.1159672863","-70.8318212465,-33.1159676746","-70.8318103859,-33.1154446084",180.99633327492757,0.0024598882811309557
557,"-70.8316085882,-33.11451393375","-70.8316272217,-33.1147752728","-70.8316008136,-33.1147756611","-70.8315899548,-33.1142525947","-70.8316163627,-33.1142522064",180.9961921049343,0.002459879747849366
558,"-70.83154516602501,-33.114514866175","-70.8315529408,-33.1142531388","-70.8315637993,-33.1147762053","-70.8315373912,-33.1147765935","-70.8315265328,-33.1142535271",180.99614463232206,0.002459884279629192
559,"-70.8315976359,-33.113986359525","-70.8316162692,-33.1142476986","-70.8315898612,-33.1142480869","-70.8315790027,-33.1137250204","-70.8316054105,-33.1137246322",180.99617027866398,0.0024598851071193804
560,"-70.83153421415,-33.113987291925","-70.8315419889,-33.1137255646","-70.8315528472,-33.114248631","-70.8315264393,-33.1142490193","-70.8315155812,-33.1137259528",180.99612772039592,0.0024598757687615555
561,"-70.83162010225,-33.115068554725","-70.831638736,-33.1153298938","-70.8316123277,-33.115330282","-70.8316014686,-33.1148072157","-70.8316278767,-33.1148068274",180.99621315579316,0.0024598827474244514
562,"-70.83155667975001,-33.11506948715","-70.8315644544,-33.1148077598","-70.8315753133,-33.1153308262","-70.831548905,-33.1153312145","-70.8315380463,-33.1148081481",180.9961707269229,0.002459882818242648
563,"-70.831765597475,-33.1157068799","-70.8317842318,-33.1159682189","-70.8317578234,-33.1159686072","-70.8317469632,-33.1154455409","-70.8317733715,-33.1154451526",180.996302390895,0.002459878942949848
564,"-70.831702174475,-33.1157078124","-70.8317099487,-33.1154460851","-70.8317208086,-33.1159691514","-70.8316944002,-33.1159695397","-70.8316835404,-33.1154464734",180.99625982780697,0.002459878916182108
565,"-70.8314817439,-33.11451579855","-70.831500377,-33.1147771377","-70.8314739689,-33.1147775259","-70.8314631109,-33.1142544594","-70.8314895188,-33.1142540712",180.9961181858524,0.002459879499844311
566,"-70.831418321775,-33.114516730925","-70.8314260969,-33.1142550036","-70.8314369547,-33.11477807","-70.8314105466,-33.1147784583","-70.8313996889,-33.1142553918",180.99608052174705,0.0024598842274334088
567,"-70.8314707924,-33.113988224275","-70.8314894253,-33.1142495634","-70.8314630173,-33.1142499517","-70.8314521596,-33.1137268851","-70.8314785674,-33.1137264969",180.996096821911,0.002459885054924416
568,"-70.831407370625,-33.11398915665","-70.8314151458,-33.1137274293","-70.8314260033,-33.1142504958","-70.8313995954,-33.114250884","-70.831388738,-33.1137278175",180.9960587028739,0.0024598802744712693
569,"-70.8314932572,-33.11507041955","-70.8315118905,-33.1153317586","-70.8314854823,-33.1153321469","-70.8314746239,-33.1148090805","-70.8315010321,-33.1148086922",180.99614002671322,0.0024598827928293317
570,"-70.83142983465001,-33.1150713519","-70.8314376097,-33.1148096246","-70.8314484678,-33.115332691","-70.8314220595,-33.1153330792","-70.8314112016,-33.1148100128",180.99609699875595,0.0024598825715475116
571,"-70.8316387515,-33.1157087449","-70.8316573855,-33.1159700839","-70.831630977,-33.1159704722","-70.8316201176,-33.1154474059","-70.8316465259,-33.1154470176",180.99623370160495,0.0024598835460988115
572,"-70.83157532850001,-33.1157096774","-70.8315831031,-33.1154479501","-70.8315939623,-33.1159710164","-70.8315675538,-33.1159714047","-70.8315566948,-33.1154483384",180.9961911366205,0.002459883520654318
573,"-70.83135489967499,-33.11451766325","-70.8313735324,-33.1147790024","-70.8313471243,-33.1147793906","-70.831336267,-33.1142563241","-70.831362675,-33.1142559359",180.9960494950791,0.0024598841037569027
574,"-70.831291477475,-33.11451859555","-70.831299253,-33.1142568682","-70.83131011,-33.1147799347","-70.8312837019,-33.1147803229","-70.831272845,-33.1142572564",180.99600693096414,0.0024598840776575348
575,"-70.83134394885,-33.11399008892501","-70.8313625814,-33.1142514281","-70.8313361734,-33.1142518163","-70.8313253164,-33.1137287497","-70.8313517242,-33.1137283616",180.9960322495245,0.0024598848075978418
576,"-70.831280527125,-33.1139910212","-70.8312883027,-33.1137292938","-70.8312991594,-33.1142523604","-70.8312727515,-33.1142527486","-70.8312618949,-33.113729682",180.99598524662267,0.002459880223598395
577,"-70.83136641212499,-33.11507228425","-70.8313850451,-33.1153336234","-70.8313586368,-33.1153340116","-70.8313477792,-33.1148109451","-70.8313741874,-33.1148105569",180.99607068349124,0.0024598872015308398
578,"-70.83130298959999,-33.11507321655","-70.831310765,-33.1148114892","-70.8313216224,-33.1153345557","-70.8312952141,-33.1153349439","-70.8312843569,-33.1148118774",180.9960326996649,0.002459882519346307
579,"-70.831511905525,-33.115710609825","-70.8315305391,-33.1159719489","-70.8315041307,-33.1159723371","-70.831493272,-33.1154492708","-70.8315196803,-33.1154488825",180.99616469111731,0.0024598787409578545
580,"-70.831448482525,-33.1157115422","-70.8314562575,-33.1154498149","-70.8314671159,-33.1159728813","-70.8314407075,-33.1159732695","-70.8314298492,-33.1154502031",180.99612179981554,0.002459878616617159
581,"-70.83122805535001,-33.114519527774995","-70.8312466877,-33.114780867","-70.8312202796,-33.1147812551","-70.8312094231,-33.1142581886","-70.831235831,-33.1142578004",180.9959804837022,0.0024598792978950223
582,"-70.831164633225,-33.114520460025005","-70.8311724091,-33.1142587327","-70.8311832654,-33.1147817992","-70.8311568573,-33.1147821874","-70.8311460011,-33.1142591208",180.99594249486648,0.0024598839285728522
583,"-70.83123956704999,-33.11507414885","-70.8312581996,-33.115335488","-70.8312317914,-33.1153358762","-70.8312209345,-33.1148128097","-70.8312473427,-33.1148124215",180.9960019986478,0.002459882493274132
584,"-70.8311761445,-33.1150750811","-70.8311839203,-33.1148133538","-70.8311947769,-33.1153364203","-70.8311683686,-33.1153368084","-70.8311575122,-33.1148137419",180.99595897329212,0.002459882272713937
585,"-70.831385059525,-33.1157124746","-70.8314036928,-33.1159738137","-70.8313772843,-33.1159742019","-70.8313664263,-33.1154511355","-70.8313928347,-33.1154507473",180.99610024942018,0.002459887902587529
586,"-70.831321636525,-33.1157134069","-70.8313294119,-33.1154516796","-70.8313402696,-33.115974746","-70.8313138611,-33.1159751342","-70.8313030035,-33.1154520678",180.9960576857654,0.0024598878771485808
587,"-70.83110121105,-33.114521392175","-70.831119843,-33.1147827314","-70.8310934349,-33.1147831195","-70.8310825792,-33.114260053","-70.8311089871,-33.1142596648",180.99590721806103,0.0024598792457019803
588,"-70.83103778892499,-33.114522324350006","-70.8310455652,-33.114260597","-70.8310564207,-33.1147836636","-70.8310300126,-33.1147840517","-70.8310191572,-33.1142609851",180.99586890236907,0.002459883778175757
589,"-70.83111272195,-33.1150760133","-70.8311313542,-33.1153373525","-70.8311049459,-33.1153377406","-70.8310940898,-33.1148146741","-70.8311204979,-33.114814286",180.99593742591014,0.002459882245955172
590,"-70.8310492994,-33.115076945474996","-70.8310570756,-33.1148152181","-70.8310679314,-33.1153382847","-70.8310415231,-33.1153386728","-70.8310306675,-33.1148156063",180.99588584346884,0.0024598823174031897
591,"-70.83125821349999,-33.1157143392","-70.8312768464,-33.1159756783","-70.8312504379,-33.1159760665","-70.8312395807,-33.1154530001","-70.831265989,-33.1154526119",180.99603156560582,0.002459883194990454
592,"-70.8311947905,-33.1157152715","-70.8312025662,-33.1154535442","-70.8312134232,-33.1159766106","-70.8311870147,-33.1159769988","-70.8311761579,-33.1154539324",180.99598900182917,0.0024598831682351874
593,"-70.83097436675001,-33.11452325645","-70.8309929984,-33.1147845957","-70.8309665902,-33.1147849838","-70.8309557352,-33.1142619172","-70.8309821432,-33.1142615291",180.99584277550676,0.002459888408161428
594,"-70.83091094459999,-33.11452418855","-70.8309187212,-33.1142624612","-70.830929576,-33.1147855278","-70.8309031679,-33.1147859159","-70.8308923133,-33.1142628493",180.99580021868144,0.0024598790705288916
595,"-70.83098587685,-33.115077877625005","-70.8310045087,-33.1153392168","-70.8309781004,-33.115339605","-70.8309672451,-33.1148165384","-70.8309936532,-33.1148161503",180.9958642985543,0.0024598822913073234
596,"-70.8309224543,-33.11507880975","-70.8309302309,-33.1148170824","-70.8309410859,-33.115340149","-70.8309146777,-33.1153405371","-70.8309038227,-33.1148174705",180.9958214078019,0.002459882167695774
597,"-70.8311313675,-33.115716203725","-70.83115,-33.1159775429","-70.8311235915,-33.115977931","-70.8311127351,-33.1154548646","-70.8311391434,-33.1154544764",180.99595797481118,0.0024598830439308463
598,"-70.8310679445,-33.115717135924996","-70.8310757206,-33.1154554086","-70.8310865768,-33.1159784751","-70.8310601683,-33.1159788632","-70.8310493123,-33.1154557968",180.99591541148095,0.002459883019149466
599,"-70.830859031725,-33.11507974185","-70.8308776632,-33.1153410811","-70.8308512549,-33.1153414692","-70.8308404003,-33.1148184026","-70.8308668085,-33.1148180145",180.99579528038075,0.0024598867976514077
600,"-70.830795609175,-33.11508067385","-70.8308033861,-33.1148189465","-70.8308142404,-33.1153420131","-70.8307878322,-33.1153424012","-70.830776978,-33.1148193346",180.99575272455368,0.0024598774594253975
601,"-70.831004521475,-33.1157180681","-70.8310231536,-33.1159794073","-70.8309967451,-33.1159797954","-70.8309858894,-33.1154567289","-70.8310122978,-33.1154563408",180.9958889577134,0.002459887551551853
602,"-70.83094109845001,-33.115719000225","-70.8309488749,-33.1154572729","-70.8309597304,-33.1159803394","-70.8309333219,-33.1159807276","-70.8309224666,-33.115457661",180.99585111236124,0.0024598829662949534
603,"-70.83073218659999,-33.115081605875","-70.8307508177,-33.1153429452","-70.8307244094,-33.1153433332","-70.8307135556,-33.1148202666","-70.8307399637,-33.1148198785",180.99572627059874,0.002459881991202277
604,"-70.830668764,-33.115082537875","-70.8306765413,-33.1148208105","-70.8306873949,-33.1153438772","-70.8306609866,-33.1153442652","-70.8306501332,-33.1148211986",180.99568370796584,0.0024598819657724166
605,"-70.83087767545,-33.115719932350004","-70.8308963072,-33.1159812716","-70.8308698987,-33.1159816597","-70.8308590438,-33.1154585931","-70.8308854521,-33.115458205",180.99582008512502,0.0024598828433097745
606,"-70.830814252425,-33.115720864400004","-70.8308220293,-33.1154591371","-70.830832884,-33.1159822036","-70.8308064755,-33.1159825917","-70.8307956209,-33.1154595252",180.99578228628735,0.002459887472619047
607,"-70.830605341475,-33.115083469824995","-70.8306239722,-33.1153448091","-70.8305975639,-33.1153451972","-70.8305867108,-33.1148221305","-70.830613119,-33.1148217425",180.99565757857118,0.002459886595766919
608,"-70.83054191887501,-33.11508440175","-70.8305496966,-33.1148226744","-70.8305605494,-33.1153457411","-70.8305341411,-33.1153461291","-70.8305232884,-33.1148230624",180.99561469137535,0.002459886472144444
609,"-70.830478496325,-33.11508533365","-70.8304971267,-33.115346673","-70.8304707184,-33.115347061","-70.830459866,-33.1148239943","-70.8304862742,-33.1148236063",180.99559314312475,0.002459886446062605
610,"-70.83041507375,-33.115086265475","-70.8304228518,-33.1148245381","-70.8304337039,-33.1153476048","-70.8304072956,-33.1153479929","-70.8303964437,-33.1148249261",180.9955461442853,0.0024598818614104652
611,"-70.83253763155001,-33.1162232609","-70.8325562684,-33.1164845997","-70.8325298598,-33.1164849881","-70.8325189948,-33.1159619221","-70.8325454032,-33.1159615337",180.99674161712255,0.0024598786488956364
612,"-70.83247420825,-33.116224193825005","-70.8324819801,-33.1159624666","-70.8324928449,-33.1164855326","-70.8324664363,-33.1164859211","-70.8324555717,-33.115962855",180.99669918579212,0.0024598787210655215
613,"-70.83241078492499,-33.116225126725","-70.8324294214,-33.1164864655","-70.8324030128,-33.116486854","-70.8323921485,-33.1159637879","-70.832418557,-33.1159633995",180.99667306251368,0.002459883349654148
614,"-70.83234736155,-33.116226059575006","-70.8323551338,-33.1159643323","-70.8323659978,-33.1164873984","-70.8323395892,-33.1164877868","-70.8323287254,-33.1159647208",180.9966259219441,0.002459878667515128
615,"-70.832283938225,-33.11622699245","-70.8323025743,-33.1164883313","-70.8322761657,-33.1164887197","-70.8322653022,-33.1159656536","-70.8322917107,-33.1159652652",180.99659947203742,0.002459883201117107
616,"-70.8322205149,-33.11622792525","-70.8322282875,-33.115966198","-70.8322391508,-33.1164892641","-70.8322127422,-33.1164896525","-70.8322018791,-33.1159665864",180.99656148696263,0.002459878518979425
617,"-70.832157091575,-33.116228858","-70.8321757273,-33.1164901969","-70.8321493187,-33.1164905852","-70.8321384559,-33.1159675191","-70.8321648644,-33.1159671308",180.99653490235778,0.0024598829530237372
618,"-70.8320936682,-33.11622979075","-70.8321014412,-33.1159680635","-70.8321123037,-33.1164911296","-70.8320858951,-33.116491518","-70.8320750328,-33.1159684519",180.99648822135742,0.0024598784660905745
619,"-70.832030244875,-33.116230723425","-70.8320488802,-33.1164920623","-70.8320224716,-33.1164924507","-70.8320116096,-33.1159693845","-70.8320380181,-33.1159689962",180.99646177415121,0.0024598829984001473
620,"-70.83196682152499,-33.116231656124995","-70.8319745949,-33.1159699289","-70.8319854567,-33.116492995","-70.8319590481,-33.1164933834","-70.8319481864,-33.1159703172",180.99642836232076,0.002459882972287897
621,"-70.83190339815,-33.116232588749995","-70.8319220331,-33.1164939277","-70.8318956245,-33.116494316","-70.8318847633,-33.1159712498","-70.8319111717,-33.1159708615",180.99639276401885,0.002459878192553366
622,"-70.831839974825,-33.11623352135","-70.8318477486,-33.1159717941","-70.8318586096,-33.1164948603","-70.831832201,-33.1164952486","-70.8318213401,-33.1159721824",180.9963547723218,0.0024598828224735945
623,"-70.83177655142501,-33.11623445395","-70.831795186,-33.1164957929","-70.8317687774,-33.1164961812","-70.8317579169,-33.115973115","-70.8317843254,-33.1159727267",180.99632407338535,0.002459882795702493
624,"-70.8317131281,-33.1162353865","-70.8317209022,-33.1159736592","-70.8317317625,-33.1164967255","-70.8317053539,-33.1164971138","-70.8316944938,-33.1159740475",180.99628589929142,0.002459878114233478
625,"-70.831649704725,-33.116236319","-70.8316683389,-33.116497658","-70.8316419303,-33.1164980463","-70.8316310706,-33.11597498","-70.8316574791,-33.1159745917",180.99625061903134,0.002459882744804137
626,"-70.831586281375,-33.1162372515","-70.8315940559,-33.1159755242","-70.8316049154,-33.1164985905","-70.8315785068,-33.1164989788","-70.8315676474,-33.1159759125",180.99621720965786,0.0024598827180358288
627,"-70.83152285797499,-33.116238183949996","-70.8315414918,-33.116499523","-70.8315150832,-33.1164999112","-70.8315042242,-33.1159768449","-70.8315306327,-33.1159764567",180.996186048219,0.00245988249612306
628,"-70.83145943465,-33.11623911635","-70.8314672095,-33.1159773891","-70.8314780683,-33.1165004554","-70.8314516597,-33.1165008436","-70.8314408011,-33.1159777773",180.99614806448704,0.0024598778153197137
629,"-70.83139601125,-33.11624004875","-70.8314146447,-33.1165013878","-70.8313882361,-33.116501776","-70.8313773779,-33.1159787097","-70.8314037863,-33.1159783215",180.99611736369906,0.0024598777892158993
630,"-70.831332587875,-33.1162409811","-70.8313403631,-33.1159792538","-70.8313512212,-33.1165023202","-70.8313248125,-33.1165027084","-70.8313139547,-33.115979642",180.99607918422012,0.0024598824184467946
631,"-70.83126916452501,-33.1162419134","-70.8312877976,-33.1165032525","-70.831261389,-33.1165036407","-70.8312505315,-33.1159805743","-70.83127694,-33.1159801861",180.99604848481138,0.0024598823917118045
632,"-70.831205741125,-33.1162428457","-70.8312135168,-33.1159811184","-70.831224374,-33.1165041848","-70.8311979654,-33.116504573","-70.8311871083,-33.1159815066",180.9960059198802,0.0024598823669340327
633,"-70.831142317725,-33.116243777950004","-70.8311609504,-33.1165051171","-70.8311345418,-33.1165055052","-70.8311236851,-33.1159824388","-70.8311500936,-33.1159820507",180.99597475836669,0.0024598821457456673
634,"-70.83107889435,-33.116244710174996","-70.8310866704,-33.1159829829","-70.8310975269,-33.1165060493","-70.8310711182,-33.1165064375","-70.8310602619,-33.115983371",180.99593690471227,0.002459886871855687
635,"-70.83101547095,-33.116245642375006","-70.8310341033,-33.1165069815","-70.8310076946,-33.1165073697","-70.8309968387,-33.1159843032","-70.8310232472,-33.1159839151",180.99590620443087,0.0024598868457573683
636,"-70.83095204755,-33.116246574499996","-70.8309598239,-33.1159848472","-70.8309706797,-33.1165079137","-70.8309442711,-33.1165083018","-70.8309334155,-33.1159852353",180.99587247711457,0.002459877411429505
637,"-70.83088862414999,-33.116247506625","-70.8309072561,-33.1165088458","-70.8308808475,-33.1165092339","-70.8308699923,-33.1159861675","-70.8308964007,-33.1159857793",180.99584210256387,0.00245987748287107
638,"-70.830825200725,-33.1162484387","-70.8308329775,-33.1159867114","-70.8308438325,-33.1165097779","-70.8308174239,-33.116510166","-70.830806569,-33.1159870995",180.99580378696828,0.002459882013931088
639,"-70.832548590375,-33.11675083465","-70.8325672274,-33.1170121734","-70.8325408187,-33.1170125619","-70.8325299534,-33.1164894959","-70.832556362,-33.1164891074",180.99675899346585,0.002459878042523428
640,"-70.8324851667,-33.1167517676","-70.8324929385,-33.1164900404","-70.8325038036,-33.1170131064","-70.8324773948,-33.1170134948","-70.8324665299,-33.1164904288",180.9967205380044,0.0024598824764555122
641,"-70.832421743,-33.116752700525","-70.8324403797,-33.1170140393","-70.8324139709,-33.1170144277","-70.8324031064,-33.1164913618","-70.832429515,-33.1164909733",180.996690168944,0.0024598825479631953
642,"-70.8323583193,-33.116753633399995","-70.8323660915,-33.1164919062","-70.8323769558,-33.1170149722","-70.832350547,-33.1170153606","-70.8323396829,-33.1164922946",180.9966472746175,0.002459882424225723
643,"-70.83229489555,-33.116754566275006","-70.8323135319,-33.1170159051","-70.8322871231,-33.1170162935","-70.8322762593,-33.1164932275","-70.8323026679,-33.116492839",180.9966258699631,0.0024598824950731583
644,"-70.83223147185,-33.116755499099995","-70.8322392444,-33.1164937719","-70.832250108,-33.1170168379","-70.8322236992,-33.1170172263","-70.8322128358,-33.1164941603",180.99658316678835,0.002459882371991791
645,"-70.83216804815001,-33.116756431875004","-70.8321866841,-33.1170177707","-70.8321602753,-33.1170181591","-70.8321494123,-33.116495093","-70.8321758209,-33.1164947047",180.996552142724,0.002459882248268366
646,"-70.83210462439999,-33.11675736465","-70.8321123974,-33.1164956374","-70.8321232601,-33.1170187035","-70.8320968514,-33.1170190919","-70.8320859887,-33.1164960258",180.99650971319238,0.0024598823197828465
647,"-70.83204120067501,-33.116758297349996","-70.8320598362,-33.1170196362","-70.8320334275,-33.1170200246","-70.8320225652,-33.1164969585","-70.8320489738,-33.1164965701",180.9964835957828,0.0024598776376894287
648,"-70.83197777695,-33.11675923005","-70.8319855503,-33.1164975028","-70.8319964123,-33.1170205689","-70.8319700035,-33.1170209573","-70.8319591417,-33.1164978912",180.9964364486788,0.002459882267529583
649,"-70.8319143532,-33.116760162725","-70.8319329884,-33.1170215016","-70.8319065796,-33.11702189","-70.8318957181,-33.1164988238","-70.8319221267,-33.1164984355",180.99641458113015,0.0024598821431611757
650,"-70.8318509295,-33.11676109535","-70.8318587032,-33.1164993681","-70.8318695645,-33.1170224343","-70.8318431557,-33.1170228226","-70.8318322946,-33.1164997564",180.99637168794283,0.002459882019455968
651,"-70.83178750575,-33.11676202795","-70.8318061406,-33.1170233669","-70.8317797318,-33.1170237552","-70.831768871,-33.116500689","-70.8317952796,-33.1165003007",180.9963501456144,0.002459881994007639
652,"-70.831724082025,-33.116762960524994","-70.8317318561,-33.1165012333","-70.8317427166,-33.1170242994","-70.8317163079,-33.1170246878","-70.8317054475,-33.1165016216",180.99630333150515,0.002459877410188
653,"-70.83166065825,-33.11676389305","-70.8316792927,-33.117025232","-70.8316528839,-33.1170256203","-70.8316420239,-33.1165025541","-70.8316684325,-33.1165021658",180.99627688235552,0.0024598819411219106
654,"-70.83159723455,-33.11676482555001","-70.831605009,-33.1165030983","-70.8316158688,-33.1170261645","-70.83158946,-33.1170265528","-70.8315786004,-33.1165034866",180.99623431732843,0.0024598819156833136
655,"-70.831533810775,-33.116765758","-70.8315524448,-33.117027097","-70.8315260361,-33.1170274853","-70.8315151768,-33.116504419","-70.8315415854,-33.1165040307",180.99620800934838,0.0024598772336107723
656,"-70.83147038702499,-33.116766690425","-70.8314781619,-33.1165049632","-70.8314890209,-33.1170280294","-70.8314626121,-33.1170284177","-70.8314517532,-33.1165053514",180.99616530138584,0.0024598864212291185
657,"-70.8314069633,-33.11676762285","-70.831425597,-33.1170289619","-70.8313991882,-33.1170293501","-70.8313883297,-33.1165062838","-70.8314147383,-33.1165058956",180.99613885688134,0.002459881642214512
658,"-70.8313435395,-33.1167685552","-70.8313513147,-33.1165068279","-70.831362173,-33.1170298942","-70.8313357642,-33.1170302825","-70.8313249061,-33.1165072162",180.9960967554892,0.002459881811257469
659,"-70.831280115775,-33.11676948755","-70.8312987491,-33.1170308266","-70.8312723403,-33.1170312148","-70.8312614825,-33.1165081485","-70.8312878912,-33.1165077603",180.9960701672909,0.0024598862460032196
660,"-70.831216691975,-33.11677041985","-70.8312244676,-33.1165086926","-70.8312353251,-33.1170317589","-70.8312089163,-33.1170321471","-70.8311980589,-33.1165090808",180.9960276034809,0.0024598862192399427
661,"-70.83115326825,-33.116771352125006","-70.8311719012,-33.1170326912","-70.8311454924,-33.1170330794","-70.8311346354,-33.116510013","-70.831161044,-33.1165096249",180.99600115761694,0.002459881439599983
662,"-70.83108984445,-33.116772284375","-70.8310976204,-33.1165105571","-70.8311084772,-33.1170336235","-70.8310820684,-33.1170340116","-70.8310712118,-33.1165109453",180.99595859482065,0.002459881414816311
663,"-70.8310264207,-33.116773216575","-70.8310450533,-33.1170345557","-70.8310186445,-33.1170349439","-70.8310077882,-33.1165118774","-70.8310341968,-33.1165114893",180.99593686059558,0.0024598813880557266
664,"-70.830962996925,-33.11677414875","-70.8309707733,-33.1165124215","-70.8309816293,-33.1170354879","-70.8309552205,-33.117035876","-70.8309443646,-33.1165128096",180.99588958010392,0.002459885919753408
665,"-70.83089957312501,-33.116775080875","-70.8309182053,-33.11703642","-70.8308917965,-33.1170368082","-70.830880941,-33.1165137417","-70.8309073497,-33.1165133536",180.99585901422745,0.002459885991194047
666,"-70.83083614937502,-33.116776013","-70.8308439261,-33.1165142857","-70.8308547814,-33.1170373522","-70.8308283726,-33.1170377403","-70.8308175174,-33.1165146738",180.9958252810875,0.0024598858682077125
667,"-70.832559549525,-33.1172784084","-70.8325781868,-33.1175397471","-70.8325517779,-33.1175401356","-70.8325409123,-33.1170170697","-70.8325673211,-33.1170166812",180.996780672179,0.002459881895143801
668,"-70.832496125425,-33.11727934135","-70.8325038972,-33.1170176142","-70.8325147625,-33.1175406801","-70.8324883536,-33.1175410685","-70.8324774884,-33.1170180026",180.99673764134747,0.002459881673108493
669,"-70.83243270135,-33.117280274275004","-70.8324513383,-33.117541613","-70.8324249293,-33.1175420015","-70.8324140645,-33.1170189355","-70.8324404733,-33.1170185471",180.99671165727884,0.0024598864005475327
670,"-70.83236927727499,-33.117281207175004","-70.8323770494,-33.11701948","-70.832387914,-33.1175425459","-70.8323615051,-33.1175429344","-70.8323506406,-33.1170198684",180.9966736704963,0.0024598817184898975
671,"-70.832305853175,-33.117282140075005","-70.8323244897,-33.1175434788","-70.8322980808,-33.1175438673","-70.8322872167,-33.1170208013","-70.8323136255,-33.1170204129",180.99664297469374,0.0024598816930395933
672,"-70.83224242907501,-33.1172830729","-70.8322502016,-33.1170213457","-70.8322610654,-33.1175444117","-70.8322346565,-33.1175448001","-70.8322237928,-33.1170217341",180.99660008189522,0.0024598815692890696
673,"-70.832179004975,-33.1172840057","-70.8321976411,-33.1175453445","-70.8321712322,-33.1175457329","-70.8321603689,-33.1170226669","-70.8321867777,-33.1170222785",180.99656938387747,0.002459881542511345
674,"-70.832115580875,-33.1172849385","-70.8321233538,-33.1170232113","-70.8321342168,-33.1175462773","-70.8321078079,-33.1175466657","-70.832096945,-33.1170235997",180.99652681773367,0.0024598815163952605
675,"-70.8320521568,-33.117285871225","-70.8320707926,-33.1175472101","-70.8320443836,-33.1175475984","-70.8320335211,-33.1170245324","-70.8320599299,-33.117024144",180.99650036963556,0.002459886048632658
676,"-70.83198873267499,-33.117286803949995","-70.8319965059,-33.1170250767","-70.8320073683,-33.1175481428","-70.8319809593,-33.1175485312","-70.8319700972,-33.1170254651",180.996462519595,0.0024598814641464996
677,"-70.83192530855,-33.117287736600005","-70.831943944,-33.1175490755","-70.831917535,-33.1175494638","-70.8319066732,-33.1170263977","-70.831933082,-33.1170260094",180.99643593444563,0.002459885899466849
678,"-70.83186188445,-33.117288669275","-70.8318696581,-33.117026942","-70.8318805197,-33.1175500082","-70.8318541107,-33.1175503965","-70.8318432493,-33.1170273304",180.9963935040115,0.0024598859709487504
679,"-70.83179846035,-33.117289601900005","-70.8318170954,-33.1175509408","-70.8317906864,-33.1175513291","-70.8317798254,-33.117028263","-70.8318062342,-33.1170278747",180.9963626710471,0.002459885846581329
680,"-70.831735036225,-33.11729053445001","-70.8317428102,-33.1170288072","-70.8317536711,-33.1175518734","-70.8317272621,-33.1175522617","-70.8317164015,-33.1170291955",180.9963244968817,0.0024598811645055144
681,"-70.83167161207498,-33.117291467","-70.8316902467,-33.1175528059","-70.8316638378,-33.1175531942","-70.8316529775,-33.1170301281","-70.8316793863,-33.1170297398",180.99629398851965,0.0024598811390788497
682,"-70.831608187975,-33.117292399549996","-70.8316159624,-33.1170306723","-70.8316268224,-33.1175537385","-70.8316004135,-33.1175541268","-70.8315895536,-33.1170310606",180.99625123333365,0.0024598811123150545
683,"-70.831544763825,-33.117293332025","-70.8315633981,-33.117554671","-70.8315369892,-33.1175550593","-70.8315261296,-33.117031993","-70.8315525384,-33.1170316048",180.9962293638497,0.0024598809892933454
684,"-70.831481339725,-33.117294264475","-70.8314891145,-33.1170325372","-70.8314999738,-33.1175556035","-70.8314735649,-33.1175559917","-70.8314627057,-33.1170329255",180.99618679919007,0.002459880963186835
685,"-70.831417915575,-33.1172951969","-70.8314365495,-33.1175565359","-70.8314101405,-33.1175569241","-70.8313992818,-33.1170338579","-70.8314256905,-33.1170334697",180.99615596496014,0.002459880838815518
686,"-70.83135449145,-33.117296129275005","-70.8313622666,-33.117034402","-70.8313731252,-33.1175574683","-70.8313467162,-33.1175578565","-70.8313358578,-33.1170347903",180.99611811157692,0.0024598855662544272
687,"-70.8312910673,-33.11729706165","-70.8313097008,-33.1175584007","-70.8312832919,-33.1175587889","-70.8312724339,-33.1170357226","-70.8312988426,-33.1170353344",180.99608709179233,0.002459876131991428
688,"-70.831227643175,-33.11729799395","-70.8312354187,-33.1170362667","-70.8312462765,-33.117559333","-70.8312198676,-33.1175597212","-70.8312090099,-33.1170366549",180.99604910210823,0.002459880761194389
689,"-70.831164219,-33.11729892625","-70.8311828522,-33.1175602653","-70.8311564432,-33.1175606535","-70.8311455859,-33.1170375872","-70.8311719947,-33.117037199",180.99602297678314,0.0024598853903695225
690,"-70.831100794875,-33.117299858525","-70.8311085708,-33.1170381313","-70.8311194278,-33.1175611976","-70.8310930189,-33.1175615858","-70.831082162,-33.1170385194",180.9959755136279,0.0024598806107780087
691,"-70.831037370725,-33.117300790725004","-70.8310560035,-33.1175621298","-70.8310295946,-33.117562518","-70.831018738,-33.1170394516","-70.8310451468,-33.1170390635",180.99595396870467,0.0024598805846787067
692,"-70.830973946575,-33.117301722925","-70.8309817228,-33.1170399957","-70.8309925792,-33.117563062","-70.8309661702,-33.1175634502","-70.8309553141,-33.1170403838",180.99591140566204,0.0024598805592198807
693,"-70.830910522425,-33.11730265509999","-70.8309291548,-33.1175639942","-70.8309027459,-33.1175643824","-70.8308918901,-33.117041316","-70.8309182989,-33.1170409278",180.9958808414631,0.0024598806300320424
694,"-70.83084709824999,-33.11730358725001","-70.8308548749,-33.11704186","-70.8308657305,-33.1175649264","-70.8308393215,-33.1175653145","-70.8308284661,-33.1170422481",180.99584239013745,0.0024598850647704366
695,"-70.831304358625,-33.1179373305","-70.8313229924,-33.1181986695","-70.8312965833,-33.1181990577","-70.8312857249,-33.1176759915","-70.8313121339,-33.1176756033",180.9961120755334,0.0024598814842025423
696,"-70.831240934,-33.117938262850004","-70.8312487094,-33.1176765356","-70.8312595676,-33.1181996019","-70.8312331585,-33.1181999901","-70.8312223005,-33.1176769238",180.9960739018232,0.0024598768021726223
697,"-70.831177509375,-33.11793919515","-70.8311961428,-33.1182005342","-70.8311697337,-33.1182009224","-70.831158876,-33.1176778561","-70.831185285,-33.1176774679",180.99604777699685,0.002459881432002586
698,"-70.83111408477501,-33.11794012745","-70.8311218606,-33.1176784002","-70.831132718,-33.1182014665","-70.8311063089,-33.1182018547","-70.8310954516,-33.1176787884",180.99600521355032,0.0024598814058998408
699,"-70.83105066017501,-33.1179410597","-70.8310692932,-33.1182023988","-70.8310428841,-33.1182027869","-70.8310320272,-33.1176797206","-70.8310584362,-33.1176793325",180.9959740525054,0.0024598811846958586
700,"-70.830987235575,-33.1179419919","-70.8309950118,-33.1176802647","-70.8310058684,-33.118203331","-70.8309794593,-33.1182037191","-70.8309686028,-33.1176806528",180.99593148892598,0.00245988115860284
701,"-70.830923810925,-33.11794292410001","-70.8309424436,-33.1182042632","-70.8309160345,-33.1182046513","-70.8309051783,-33.117681585","-70.8309315873,-33.1176811969",180.9959099440503,0.0024598811318343283
702,"-70.830860386325,-33.11794385625001","-70.8308681629,-33.117682129","-70.8308790188,-33.1182051954","-70.8308526097,-33.1182055835","-70.8308417539,-33.1176825171",180.99586719136394,0.0024598811063974105
703,"-70.832675437775,-33.116748968675005","-70.8326940752,-33.1170103074","-70.8326676665,-33.1170106959","-70.8326568004,-33.1164876299","-70.832683209,-33.1164872415",180.9968321213108,0.002459877995814924
704,"-70.832612014075,-33.116749901675","-70.8326197855,-33.1164881745","-70.8326306513,-33.1170112404","-70.8326042426,-33.1170116289","-70.8325933769,-33.1164885629",180.9967895529246,0.002459877970369331
705,"-70.8328022852,-33.116747102525","-70.832820923,-33.1170084412","-70.8327945142,-33.1170088297","-70.8327836475,-33.1164857639","-70.8328100561,-33.1164853753",180.99689230287294,0.002459882899968604
706,"-70.8327388615,-33.1167480356","-70.8327466326,-33.1164863084","-70.8327574991,-33.1170093743","-70.8327310903,-33.1170097628","-70.832720224,-33.1164866969",180.9968494061717,0.002459882776200421
707,"-70.832929132575,-33.116745236275","-70.8329477707,-33.1170065749","-70.832921362,-33.1170069635","-70.8329104945,-33.1164838976","-70.8329369031,-33.1164835091",180.9969609913643,0.0024598782969126546
708,"-70.8328657089,-33.116746169425","-70.8328734796,-33.1164844422","-70.8328843469,-33.1170075081","-70.8328579381,-33.1170078966","-70.832847071,-33.1164848308",180.99692299757066,0.0024598829254309155
709,"-70.83294009395,-33.1172728099","-70.8329587324,-33.1175341485","-70.8329323234,-33.1175345371","-70.8329214556,-33.1170114713","-70.8329478644,-33.1170110827",180.99698737966884,0.002459886902461687
710,"-70.8328766699,-33.11727374305","-70.8328844405,-33.1170120159","-70.8328953081,-33.1175350817","-70.8328688992,-33.1175354702","-70.8328580318,-33.1170124044",180.9969443548514,0.0024598773697951555
711,"-70.8330559799,-33.1167433699","-70.8330746185,-33.1170047085","-70.8330482097,-33.1170050971","-70.8330373414,-33.1164820313","-70.83306375,-33.1164816427",180.99703915687297,0.002459883102122422
712,"-70.83299255624999,-33.1167443031","-70.8330003266,-33.1164825759","-70.8330111946,-33.1170056417","-70.8329847858,-33.1170060303","-70.832973918,-33.1164829645",180.9969874310902,0.0024598830766573133
713,"-70.83306694207499,-33.11727094345","-70.8330855809,-33.117532282","-70.8330591719,-33.1175326706","-70.8330483034,-33.1170096049","-70.8330747121,-33.1170092163",180.9970562586111,0.002459882298751123
714,"-70.833003518025,-33.1172718767","-70.8330112883,-33.1170101495","-70.8330221566,-33.1175332153","-70.8329957477,-33.1175336039","-70.8329848795,-33.1170105381",180.99701349754864,0.0024598822726501776
715,"-70.83318282725,-33.1167415034","-70.8332014662,-33.117002842","-70.8331750574,-33.1170032306","-70.8331641884,-33.1164801648","-70.833190597,-33.1164797762",180.99710326451162,0.0024598831537170846
716,"-70.83311940357501,-33.116742436625","-70.8331271735,-33.1164807095","-70.8331380423,-33.1170037752","-70.8331116336,-33.1170041638","-70.8331007649,-33.116481098",180.99706513996458,0.002459878375294169
717,"-70.833193790175,-33.117269076925","-70.8332124293,-33.1175304155","-70.8331860204,-33.1175308041","-70.8331751511,-33.1170077384","-70.8332015599,-33.1170073497",180.99712050423196,0.002459882449368414
718,"-70.83313036614999,-33.1172700102","-70.833138136,-33.117008283","-70.8331490051,-33.1175313488","-70.8331225962,-33.1175317374","-70.8331117273,-33.1170086716",180.99708218760958,0.0024598776696025046
719,"-70.833320638275,-33.117267210225","-70.8333392778,-33.1175285487","-70.8333128689,-33.1175289374","-70.8333019988,-33.1170058717","-70.8333284076,-33.1170054831",180.99719395620696,0.0024598825016385003
720,"-70.83325721425,-33.117268143575004","-70.8332649837,-33.1170064164","-70.8332758536,-33.1175294821","-70.8332494447,-33.1175298708","-70.833238575,-33.117006805",180.99715577692058,0.0024598778195402816
721,"-70.83344748639999,-33.117265343425","-70.8334661263,-33.1175266819","-70.8334397174,-33.1175270706","-70.8334288466,-33.1170040049","-70.8334552553,-33.1170036163",180.99726264665978,0.0024598778972618083
722,"-70.833384062325,-33.117266276825","-70.8333918315,-33.1170045497","-70.833402702,-33.1175276153","-70.8333762931,-33.117528004","-70.8333654227,-33.1170049383",180.9972154949936,0.002459882527109725
723,"-70.83357433444999,-33.11726347645","-70.8335929747,-33.1175248149","-70.8335665658,-33.1175252036","-70.8335556943,-33.117002138","-70.833582103,-33.1170017493",180.997327080812,0.0024598780472164673
724,"-70.833510910425,-33.117264409949996","-70.8335186792,-33.1170026828","-70.8335295505,-33.1175257484","-70.8335031416,-33.1175261371","-70.8334922704,-33.1170030715",180.99728908430353,0.002459882677054377
725,"-70.833701182525,-33.117261609425","-70.8337198232,-33.1175229478","-70.8336934143,-33.1175233366","-70.8336825419,-33.117000271","-70.8337089507,-33.1169998823",180.99740524477693,0.0024598828531642186
726,"-70.83363775845001,-33.117262542949994","-70.8336455268,-33.1170008158","-70.8336563989,-33.1175238814","-70.83362999,-33.1175242701","-70.8336191181,-33.1170012045",180.99735777265155,0.002459878073359021
727,"-70.83439277865,-33.1182067393","-70.8344114217,-33.1184680775","-70.8343850125,-33.1184684664","-70.8343741357,-33.1179454011","-70.8344005447,-33.1179450122",180.99780311143996,0.002459879964211459
728,"-70.83432935395,-33.11820767325","-70.8343371202,-33.1179459462","-70.8343479968,-33.1184690115","-70.8343215876,-33.1184694003","-70.8343107112,-33.117946335",180.99776007643004,0.002459879742607689
729,"-70.83451962800001,-33.118204871375","-70.8345382714,-33.1184662095","-70.8345118622,-33.1184665985","-70.8345009847,-33.1179435332","-70.8345273937,-33.1179431443",180.99786754672047,0.002459880114255886
730,"-70.83445620330001,-33.118205805349994","-70.8344639692,-33.1179440783","-70.8344748465,-33.1184671435","-70.8344484373,-33.1184675324","-70.8344375602,-33.1179444672",180.9978248358878,0.002459879990353678
731,"-70.8346464773,-33.118203003275","-70.8346651211,-33.1184643414","-70.8346387119,-33.1184647304","-70.8346278336,-33.1179416651","-70.8346542426,-33.1179412762",180.9979408100768,0.0024598801665598074
732,"-70.83458305267499,-33.118203937349996","-70.8345908182,-33.1179422103","-70.8346016962,-33.1184652755","-70.8345752871,-33.1184656644","-70.8345644092,-33.1179425992",180.99789352412526,0.0024598753867664954
733,"-70.834773326675,-33.1182011351","-70.8347919708,-33.1184624732","-70.8347655617,-33.1184628622","-70.8347546826,-33.117939797","-70.8347810916,-33.117939408",180.99800982387896,0.0024598756600686055
734,"-70.834709902,-33.1182020692","-70.8347176671,-33.1179403421","-70.834728546,-33.1184634073","-70.8347021368,-33.1184637963","-70.8346912581,-33.1179407311",180.99797182396242,0.0024598802898033374
735,"-70.834900176025,-33.11819926675","-70.8349188205,-33.1184606048","-70.8348924114,-33.1184609938","-70.8348815316,-33.1179379287","-70.8349079406,-33.1179375397",180.9980741221731,0.0024598757123794244
736,"-70.83483675135001,-33.118200200925","-70.8348445161,-33.1179384739","-70.8348553957,-33.118461539","-70.8348289865,-33.118461928","-70.8348181071,-33.1179388628",180.99803579436738,0.0024598802450282297
737,"-70.83502702530001,-33.118197398250004","-70.8350456702,-33.1184587363","-70.835019261,-33.1184591253","-70.8350083805,-33.1179360602","-70.8350347895,-33.1179356712",180.9981428047114,0.0024598804212443513
738,"-70.83496360065,-33.118198332549994","-70.834971365,-33.1179366055","-70.8349822454,-33.1184596706","-70.8349558362,-33.1184600596","-70.834944956,-33.1179369945",180.99810938300394,0.0024598803950853956
739,"-70.8351538746,-33.1181955297","-70.8351725199,-33.1184568677","-70.8351461107,-33.1184572568","-70.8351352294,-33.1179341917","-70.8351616384,-33.1179338026",180.99821652974325,0.002459880669115936
740,"-70.83509044997501,-33.118196464025","-70.835098214,-33.117934737","-70.835109095,-33.118457802","-70.8350826859,-33.1184581911","-70.835071805,-33.117935126",180.99816924331603,0.0024598758892837537
741,"-70.8352807239,-33.118193660974995","-70.8352993696,-33.118454999","-70.8352729604,-33.118455388","-70.8352620783,-33.117932323","-70.8352884873,-33.1179319339",180.99828965545444,0.0024598806229913024
742,"-70.835217299275,-33.118194595325","-70.8352250629,-33.1179328683","-70.8352359447,-33.1184559333","-70.8352095356,-33.1184563224","-70.8351986539,-33.1179332573",180.99824250571726,0.0024598759416113083
743,"-70.83540757317499,-33.11819179215","-70.8354262192,-33.1184531301","-70.8353998101,-33.1184535192","-70.8353889272,-33.1179304542","-70.8354153362,-33.1179300651",180.99835867106708,0.0024598761178733245
744,"-70.83534414854999,-33.11819272655","-70.8353519118,-33.1179309995","-70.8353627944,-33.1184540645","-70.8353363852,-33.1184544536","-70.8353255028,-33.1179313886",180.99831151244172,0.0024598807475997874
745,"-70.835534422425,-33.11818992315","-70.8355530688,-33.1184512611","-70.8355266597,-33.1184516502","-70.8355157761,-33.1179285852","-70.8355421851,-33.1179281961",180.99842277894317,0.0024598761701953736
746,"-70.83547099782501,-33.11819085765","-70.8354787607,-33.1179291306","-70.835489644,-33.1184521956","-70.8354632349,-33.1184525847","-70.8354523517,-33.1179295197",180.99838020188974,0.002459876144037824
747,"-70.8356612717,-33.118188054025","-70.8356799185,-33.1184493919","-70.8356535093,-33.1184497811","-70.835642625,-33.1179267161","-70.835669034,-33.117926327",180.99849178730858,0.0024598809762188516
748,"-70.8355978471,-33.1181889886","-70.8356056096,-33.1179272616","-70.8356164937,-33.1184503265","-70.8355900845,-33.1184507156","-70.8355792006,-33.1179276507",180.99844907395988,0.002459880852242683
749,"-70.83578812095001,-33.118186184775","-70.8358067681,-33.1184475226","-70.8357803589,-33.1184479118","-70.8357694739,-33.1179248469","-70.8357958829,-33.1179244578",180.9985560857567,0.0024598810285549402
750,"-70.835724696325,-33.11818711945","-70.8357324584,-33.1179253924","-70.8357433433,-33.1184484573","-70.8357169341,-33.1184488465","-70.8357060495,-33.1179257816",180.99851822395073,0.002459876443617735
751,"-70.835914970175,-33.118184315425","-70.8359336177,-33.1184456532","-70.8359072086,-33.1184460425","-70.8358963227,-33.1179229776","-70.8359227317,-33.1179225884",180.99863439281174,0.0024598766199747527
752,"-70.835851545575,-33.11818525015","-70.8358593073,-33.1179235231","-70.8358701929,-33.118446588","-70.8358437838,-33.1184469772","-70.8358328983,-33.1179239123",180.99859148689893,0.002459876496637526
753,"-70.836041819425,-33.118182445925","-70.8360604673,-33.1184437837","-70.8360340582,-33.118444173","-70.8360231716,-33.1179211081","-70.8360495806,-33.1179207189",180.9986984995095,0.0024598766729724123
754,"-70.83597839482499,-33.1181833807","-70.8359861562,-33.1179216537","-70.8359970425,-33.1184447185","-70.8359706334,-33.1184451077","-70.8359597472,-33.1179220429",180.9986557849291,0.0024598765489721587
755,"-70.834403749375,-33.11873431235","-70.8344223926,-33.1189956505","-70.8343959833,-33.1189960394","-70.8343851062,-33.1184729742","-70.8344115154,-33.1184725853",180.9978202097789,0.00245987916051589
756,"-70.8343403243,-33.118735246300005","-70.8343480905,-33.1184735192","-70.8343589674,-33.1189965845","-70.834332558,-33.1189969734","-70.8343216813,-33.1184739081",180.99778201947817,0.0024598837895508374
757,"-70.8345305995,-33.118732444349995","-70.8345492431,-33.1189937825","-70.8345228338,-33.1189941714","-70.834511956,-33.1184711062","-70.8345383651,-33.1184707173",180.99788889739688,0.0024598745569161433
758,"-70.83446717445,-33.1187333784","-70.8344749403,-33.1184716513","-70.8344858179,-33.1189947166","-70.8344594085,-33.1189951055","-70.8344485311,-33.1184720402",180.9978461259949,0.0024598838425119256
759,"-70.83465744962498,-33.118730576275","-70.8346760936,-33.1189919144","-70.8346496843,-33.1189923033","-70.8346388057,-33.1184692382","-70.8346652149,-33.1184688492",180.9979579064629,0.002459879362199144
760,"-70.83459402455,-33.118731510349996","-70.83460179,-33.1184697833","-70.8346126684,-33.1189928485","-70.834586259,-33.1189932374","-70.8345753808,-33.1184701722",180.99791957943256,0.00245988389349233
761,"-70.834784299725,-33.118728708025","-70.8348029441,-33.1189900461","-70.8347765348,-33.1189904351","-70.8347656554,-33.1184673699","-70.8347920646,-33.118466981",180.9980311688005,0.002459879414515451
762,"-70.83472087465,-33.118729642175","-70.8347286397,-33.1184679151","-70.8347395188,-33.1189909803","-70.8347131095,-33.1189913692","-70.8347022306,-33.1184683041",180.99798401952907,0.002459874733133794
763,"-70.834911149775,-33.118726839649995","-70.8349297945,-33.1189881777","-70.8349033852,-33.1189885667","-70.8348925051,-33.1184655016","-70.8349189143,-33.1184651126",180.99809560144465,0.002459879565235131
764,"-70.83484772475,-33.11872777385","-70.8348554894,-33.1184660468","-70.8348663693,-33.1189891119","-70.83483996,-33.1189895009","-70.8348290803,-33.1184664358",180.99805760775118,0.0024598748831905597
765,"-70.835037999875,-33.11872497115","-70.835056645,-33.1189863092","-70.8350302357,-33.1189866982","-70.8350193548,-33.1184636331","-70.835045764,-33.1184632441",180.99816886377587,0.0024598796168896525
766,"-70.834974574825,-33.11872590545","-70.8349823391,-33.1184641784","-70.8349932198,-33.1189872435","-70.8349668104,-33.1189876325","-70.83495593,-33.1184645674",180.99812628833894,0.002459879590040824
767,"-70.83516484992501,-33.118723102524996","-70.8351834954,-33.1189844405","-70.8351570861,-33.1189848296","-70.8351462045,-33.1184617645","-70.8351726137,-33.1184613755",180.99823329757908,0.002459879766986969
768,"-70.8351014249,-33.11872403685","-70.8351091888,-33.1184623098","-70.8351200702,-33.1189853749","-70.8350936609,-33.1189857639","-70.8350827797,-33.1184626988",180.99819497555822,0.002459874987822655
769,"-70.83529169995,-33.118721233749994","-70.8353103458,-33.1189825717","-70.8352839365,-33.1189829608","-70.8352730542,-33.1184598958","-70.8352994633,-33.1184595067",180.99830231219497,0.0024598752611934525
770,"-70.835228274925,-33.11872216815","-70.8352360385,-33.1184604411","-70.8352469206,-33.1189835061","-70.8352205113,-33.1189838952","-70.8352096293,-33.1184608302",180.99826430945075,0.0024598798915876317
771,"-70.835418549975,-33.118719364875005","-70.8354371962,-33.1189807028","-70.8354107869,-33.1189810919","-70.8353999038,-33.1184580269","-70.835426313,-33.1184576379",180.99837085849163,0.0024598798722921264
772,"-70.835355124975,-33.11872029935","-70.8353628882,-33.1184585723","-70.835373771,-33.1189816373","-70.8353473617,-33.1189820264","-70.835336479,-33.1184589614",180.9983284165258,0.0024598799425819638
773,"-70.8355454,-33.11871749585001","-70.8355640466,-33.1189788337","-70.8355376373,-33.1189792229","-70.8355267535,-33.118456158","-70.8355531626,-33.1184557688",180.9984403354032,0.002459875560801787
774,"-70.835481975,-33.118718430399994","-70.8354897378,-33.1184567034","-70.8355006214,-33.1189797683","-70.8354742121,-33.1189801574","-70.8354633287,-33.1184570925",180.99839729489946,0.0024598753403528785
775,"-70.835672250025,-33.1187156267","-70.835690897,-33.1189769646","-70.8356644877,-33.1189773537","-70.8356536031,-33.1184542888","-70.8356800123,-33.1184538997",180.99850855414388,0.0024598800747347473
776,"-70.835608825025,-33.118716561300005","-70.8356165875,-33.1184548343","-70.8356274718,-33.1189778992","-70.8356010625,-33.1189782883","-70.8355901783,-33.1184552234",180.9984659766435,0.0024598800479052572
777,"-70.83579910005,-33.118713757425","-70.8358177474,-33.1189750953","-70.8357913381,-33.1189754844","-70.8357804528,-33.1184524196","-70.8358068619,-33.1184520304",180.9985775688156,0.002459875568987251
778,"-70.83573567502499,-33.118714692074995","-70.8357434371,-33.1184529651","-70.8357543222,-33.1189760299","-70.8357279129,-33.1189764191","-70.8357170279,-33.1184533542",180.9985395638547,0.0024598801987130514
779,"-70.83592595005,-33.118711888","-70.8359445978,-33.1189732258","-70.8359181885,-33.118973615","-70.8359073024,-33.1184505502","-70.8359337115,-33.118450161",180.99865115763373,0.0024598757184772866
780,"-70.83586252505,-33.11871282275","-70.8358702867,-33.1184510957","-70.8358811726,-33.1189741606","-70.8358547633,-33.1189745498","-70.8358438776,-33.1184514849",180.9986083887324,0.0024598756922983266
781,"-70.8350489747,-33.119252544","-70.83506762,-33.119513882","-70.8350412106,-33.119514271","-70.8350303294,-33.118991206","-70.8350567388,-33.118990817",180.99818595972408,0.0024598788134833093
782,"-70.834985549275,-33.119253478249995","-70.8349933135,-33.1189917512","-70.8350041944,-33.1195148163","-70.834977785,-33.1195152053","-70.8349669042,-33.1189921402",180.9981477745572,0.00245987413014144
783,"-70.8351758255,-33.1192506753","-70.8351944712,-33.1195120133","-70.8351680617,-33.1195124023","-70.8351571799,-33.1189893373","-70.8351835892,-33.1189889483",180.9982500668515,0.0024598788651167356
784,"-70.835112400125,-33.11925160965","-70.835120164,-33.1189898826","-70.8351310456,-33.1195129476","-70.8351046362,-33.1195133367","-70.8350937547,-33.1189902717",180.99821253280888,0.002459874378678524
785,"-70.8353026763,-33.119248806499996","-70.8353213224,-33.1195101444","-70.8352949129,-33.1195105335","-70.8352840303,-33.1189874686","-70.8353104396,-33.1189870795",180.9983239814656,0.0024598791129836124
786,"-70.8352392509,-33.119249740925","-70.8352470144,-33.1189880139","-70.8352578968,-33.1195110789","-70.8352314873,-33.1195114679","-70.8352206051,-33.118988403",180.99828107830876,0.0024598789883948794
787,"-70.8354295271,-33.119246937599996","-70.8354481736,-33.1195082755","-70.8354217641,-33.1195086646","-70.8354108807,-33.1189855997","-70.83543729,-33.1189852106",180.99839724340384,0.002459879165311987
788,"-70.8353661017,-33.119247872075","-70.8353738648,-33.1189861451","-70.835384748,-33.11950921","-70.8353583385,-33.1195095991","-70.8353474555,-33.1189865341",180.99835433920583,0.0024598790413833207
789,"-70.83555637787501,-33.119245068525004","-70.8355750247,-33.1195064064","-70.8355486153,-33.1195067955","-70.8355377311,-33.1189837307","-70.8355641404,-33.1189833415",180.99846625708378,0.0024598746596295722
790,"-70.8354929525,-33.119246003075","-70.8355007152,-33.1189842761","-70.8355115992,-33.1195073409","-70.8354851897,-33.1195077301","-70.8354743059,-33.1189846652",180.99842825394768,0.0024598792899494827
791,"-70.83568322865,-33.119243199325","-70.8357018759,-33.1195045372","-70.8356754664,-33.1195049263","-70.8356645815,-33.1189818615","-70.8356909908,-33.1189814723",180.9985349382236,0.0024598793677917644
792,"-70.83561980325001,-33.11924413395","-70.8356275656,-33.118982407","-70.8356384503,-33.1195054718","-70.8356120408,-33.1195058609","-70.8356011563,-33.1189827961",180.99849222371108,0.002459879243826834
793,"-70.8358100794,-33.11924133","-70.835828727,-33.1195026678","-70.8358023175,-33.119503057","-70.8357914319,-33.1189799922","-70.8358178412,-33.118979603",180.9985993723794,0.0024598795179416083
794,"-70.835746654025,-33.119242264700006","-70.835754416,-33.1189805377","-70.8357653014,-33.1195036025","-70.835738892,-33.1195039917","-70.8357280067,-33.1189809269",180.99856137456203,0.0024598748365999017
795,"-70.834000699975,-33.11765772245","-70.8340193417,-33.1179190608","-70.8339929326,-33.1179194496","-70.8339820584,-33.1173963841","-70.8340084672,-33.1173959953",180.9975750339846,0.0024598811724645623
796,"-70.833937275675,-33.117658656175","-70.8339450431,-33.1173969291","-70.8339559172,-33.1179199945","-70.8339295081,-33.1179203833","-70.8339186343,-33.1173973178",180.99753232418715,0.002459881048619843
797,"-70.834127548575,-33.117655854925","-70.8341461906,-33.1179171932","-70.8341197816,-33.1179175821","-70.8341089066,-33.1173945166","-70.8341353155,-33.1173941278",180.99763946786393,0.0024598813231680406
798,"-70.834064124275,-33.1176567887","-70.8340718914,-33.1173950616","-70.8340827661,-33.117918127","-70.8340563571,-33.1179185158","-70.8340454825,-33.1173954504",180.99759675826766,0.0024598811986283778
799,"-70.834254397175,-33.1176539873","-70.8342730396,-33.1179153256","-70.8342466306,-33.1179157144","-70.8342357548,-33.117392649","-70.8342621637,-33.1173922602",180.9977125945219,0.0024598812770686177
800,"-70.83419097287499,-33.1176549211","-70.8341987396,-33.117393194","-70.8342096151,-33.1179162594","-70.8341832061,-33.1179166482","-70.8341723307,-33.1173935828",180.99767002163549,0.0024598812509241865
801,"-70.834381245725,-33.11765211949999","-70.8343998885,-33.1179134577","-70.8343734795,-33.1179138466","-70.834362603,-33.1173907813","-70.8343890119,-33.1173903924",180.99777735599326,0.002459881524817558
802,"-70.834317821475,-33.117653053425","-70.8343255878,-33.1173913263","-70.8343364641,-33.1179143917","-70.8343100551,-33.1179147805","-70.8342991789,-33.1173917152",180.99774361127174,0.0024598814009422825
803,"-70.8356306371,-33.11267763795","-70.8356492818,-33.1129389761","-70.8356228743,-33.1129393652","-70.8356119925,-33.1124162998","-70.8356383998,-33.1124159107",180.99832432036516,0.002459876842165128
804,"-70.83556721644999,-33.112678572350006","-70.8355749793,-33.1124168451","-70.835585861,-33.1129399105","-70.8355594535,-33.1129402996","-70.835548572,-33.1124172342",180.99829089824652,0.0024598768166636496
805,"-70.83075082939999,-33.11572179645","-70.8307694608,-33.1159831357","-70.8307430523,-33.1159835238","-70.8307321981,-33.1154604572","-70.8307586064,-33.1154600691",180.9957559756584,0.002459882791122662
806,"-70.830687406375,-33.11572272845","-70.8306951836,-33.1154610011","-70.8307060375,-33.1159840677","-70.8306796291,-33.1159844558","-70.8306687753,-33.1154613892",180.99570883933538,0.0024598781083529932
807,"-70.830762338625,-33.116276417600005","-70.8307809702,-33.1165377568","-70.8307545616,-33.1165381449","-70.8307437071,-33.1160150784","-70.8307701156,-33.1160146903",180.9957727804134,0.002459881231276189
808,"-70.83069891515001,-33.1162773496","-70.8307066923,-33.1160156223","-70.8307175466,-33.1165386888","-70.8306911379,-33.1165390769","-70.8306802838,-33.1160160104",180.99573479191503,0.002459885860522173
809,"-70.830772725575,-33.1167769451","-70.8307913574,-33.1170382843","-70.8307649486,-33.1170386724","-70.8307540938,-33.1165156059","-70.8307805025,-33.1165152178",180.9957945799492,0.0024598858421116775
810,"-70.830709301775,-33.116777877124996","-70.8307170789,-33.1165161499","-70.8307279334,-33.1170392163","-70.8307015246,-33.1170396044","-70.8306906702,-33.1165165379",180.99575188222548,0.0024598857178301887
811,"-70.830783674075,-33.11730451935","-70.8308023061,-33.1175658585","-70.8307758972,-33.1175662466","-70.8307650421,-33.1170431802","-70.8307914509,-33.1170427921",180.9958162714417,0.0024598803827349347
812,"-70.83072024994999,-33.1173054514","-70.830728027,-33.1170437241","-70.8307388818,-33.1175667906","-70.8307124728,-33.1175671787","-70.8307016182,-33.1170441122",180.99576893784877,0.0024598850132403656
813,"-70.830796961725,-33.11794478835","-70.830815594,-33.1182061275","-70.8307891849,-33.1182065156","-70.8307783295,-33.1176834492","-70.8308047385,-33.1176830611",180.9958364906324,0.002459881080300259
814,"-70.83073353705,-33.11794572045","-70.830741314,-33.1176839932","-70.8307521692,-33.1182070596","-70.83072576,-33.1182074477","-70.830714905,-33.1176843813",180.99579850366672,0.002459885709453363
815,"-70.8366453674,-33.1126626829","-70.8366640151,-33.1129240208","-70.8366376076,-33.1129244101","-70.8366267198,-33.112401345","-70.8366531271,-33.1124009557",180.99887533337073,0.002459877652710662
816,"-70.836581946775,-33.1126636178","-70.8365897067,-33.1124018906","-70.8366005943,-33.1129249557","-70.8365741868,-33.112925345","-70.8365632993,-33.1124022799",180.9988373269291,0.0024598822820870244
817,"-70.835757478425,-33.112675769025","-70.8357761235,-33.1129371071","-70.835749716,-33.1129374963","-70.8357388334,-33.1124144309","-70.8357652408,-33.1124140418",180.99839333296114,0.0024598816484851416
818,"-70.8356940578,-33.1126767035","-70.8357018203,-33.1124149763","-70.8357127027,-33.1129380416","-70.8356862952,-33.1129384307","-70.835675413,-33.1124153654",180.99835519960868,0.0024598768676471648
819,"-70.83588431975,-33.112673899949996","-70.8359029652,-33.112935238","-70.8358765577,-33.1129356272","-70.8358656744,-33.1124125619","-70.8358920817,-33.1124121727",180.99846235341633,0.0024598771424067635
820,"-70.8358208991,-33.1126748345","-70.8358286612,-33.1124131073","-70.8358395444,-33.1129361726","-70.8358131369,-33.1129365617","-70.8358022539,-33.1124134964",180.99842846713594,0.002459876920640739
821,"-70.8339816988,-33.112701922350006","-70.8340003387,-33.1129632609","-70.8339739311,-33.1129636497","-70.833963059,-33.1124405838","-70.8339894664,-33.112440195",180.99743358973527,0.0024598848876015832
822,"-70.83391827807499,-33.1127028559","-70.8339260459,-33.1124411286","-70.8339369177,-33.1129641945","-70.8339105102,-33.1129645832","-70.8338996385,-33.1124415173",180.99738598036532,0.002459880010546128
823,"-70.834108540275,-33.112700055075","-70.8341271805,-33.1129613936","-70.834100773,-33.1129617824","-70.8340899001,-33.1124387165","-70.8341163075,-33.1124383278",180.99750214722116,0.0024598801866507454
824,"-70.834045119575,-33.112700988725","-70.834052887,-33.1124392614","-70.8340637596,-33.1129623273","-70.8340373521,-33.112962716","-70.8340264796,-33.1124396502",180.9974595734329,0.0024598801605152524
825,"-70.834235381725,-33.112698187700005","-70.8342540223,-33.1129595262","-70.8342276148,-33.112959915","-70.8342167412,-33.1124368492","-70.8342431486,-33.1124364604",180.9975665847084,0.0024598803366254595
826,"-70.83417196102499,-33.1126991214","-70.8341797281,-33.1124373941","-70.8341906014,-33.1129604599","-70.8341641939,-33.1129608487","-70.8341533207,-33.1124377829",180.99752401056298,0.002459880310488778
827,"-70.834362223225,-33.1126963202","-70.8343808642,-33.1129576587","-70.8343544567,-33.1129580475","-70.8343435823,-33.1124349817","-70.8343699897,-33.1124345929",180.99763985252613,0.0024598803889016186
828,"-70.83429880247499,-33.112697253975","-70.8343065691,-33.1124355267","-70.8343174433,-33.1129585924","-70.8342910357,-33.1129589813","-70.8342801618,-33.1124359155",180.9975976042404,0.0024598804598004597
829,"-70.832459600175,-33.11272431935","-70.8324782355,-33.1129856583","-70.832451828,-33.1129860467","-70.8324409649,-33.1124629804","-70.8324673723,-33.112462592",180.9966021324101,0.002459878823830569
830,"-70.83239617935,-33.11272525215","-70.8324039517,-33.1124635248","-70.8324148145,-33.1129865911","-70.8323884069,-33.1129869795","-70.8323775443,-33.1124639132",180.99655498243385,0.002459883453906556
831,"-70.8326644782,-33.11622139495","-70.8326831154,-33.1164827337","-70.8326567068,-33.1164831222","-70.8326458411,-33.1159600562","-70.8326722495,-33.1159596677",180.99680618796305,0.0024598788970576365
832,"-70.832601054875,-33.11622232795","-70.8326088264,-33.1159606007","-70.8326196919,-33.1164836667","-70.8325932833,-33.1164840552","-70.8325824179,-33.1159609892",180.99676819500326,0.002459883526952665
833,"-70.832791324825,-33.116219528825","-70.8328099624,-33.1164808675","-70.8327835538,-33.1164812561","-70.8327726873,-33.1159581901","-70.8327990958,-33.1159578016",180.99687519877733,0.002459883702976886
834,"-70.8327279015,-33.1162204619","-70.8327356726,-33.1159587347","-70.8327465389,-33.1164818006","-70.8327201303,-33.1164821891","-70.8327092642,-33.1159591232",180.99683707429944,0.002459878921849398
835,"-70.83291817145,-33.1162176626","-70.8329368094,-33.1164790013","-70.8329104008,-33.1164793898","-70.8328995336,-33.1159563239","-70.832925942,-33.1159559354",180.99694375227017,0.0024598790008812195
836,"-70.83285474812499,-33.11621859575","-70.8328625189,-33.1159568685","-70.8328733859,-33.1164799344","-70.8328469773,-33.116480323","-70.8328361104,-33.1159572571",180.99690621954312,0.0024598838267443322
837,"-70.83304501805,-33.116215796275","-70.8330636564,-33.1164771349","-70.8330372478,-33.1164775235","-70.8330263798,-33.1159544576","-70.8330527882,-33.1159540691",180.9970173416396,0.0024598791514449953
838,"-70.83298159475,-33.11621672945","-70.8329893651,-33.1159550022","-70.8330002329,-33.1164780681","-70.8329738243,-33.1164784567","-70.8329629567,-33.1159553908",180.99697490982288,0.0024598792229715205
839,"-70.83387385135,-33.11765958985","-70.8338924927,-33.1179209282","-70.8338660836,-33.117921317","-70.8338552101,-33.1173982515","-70.833881619,-33.1173978627",180.9975063455281,0.002459885776119612
840,"-70.83381042705,-33.1176605235","-70.8338181949,-33.1173987964","-70.8338290682,-33.1179218619","-70.8338026591,-33.1179222506","-70.833791786,-33.1173991851",180.99746330985005,0.0024598855545823924
