<?xml version="1.0" encoding="UTF-8"?>
<kml xmlns="http://www.opengis.net/kml/2.2" xmlns:gx="http://www.google.com/kml/ext/2.2" xmlns:globalmapper="http://www.bluemarblegeo.com/globalmapper">
<Document>
  <!-- Begin Style Definitions -->
  <Style id="area1">
    <LineStyle>
      <color>FF0000FF</color>
      <width>1</width>
    </LineStyle>
    <PolyStyle>
      <color>BF000000</color>
      <fill>0</fill>
      <outline>1</outline>
    </PolyStyle>
    <IconStyle><Icon></Icon></IconStyle>
  </Style>
  <Style id="area2">
    <LineStyle>
      <color>FF004F3B</color>
      <width>1</width>
    </LineStyle>
    <PolyStyle>
      <color>BF000000</color>
      <fill>0</fill>
      <outline>1</outline>
    </PolyStyle>
    <IconStyle><Icon></Icon></IconStyle>
  </Style>
  <Style id="area3">
    <LineStyle>
      <color>FF808080</color>
      <width>1</width>
    </LineStyle>
    <PolyStyle>
      <color>BF000000</color>
      <fill>0</fill>
      <outline>1</outline>
    </PolyStyle>
    <IconStyle><Icon></Icon></IconStyle>
  </Style>
  <Style id="area4">
    <LineStyle>
      <color>FF000000</color>
      <width>1</width>
    </LineStyle>
    <PolyStyle>
      <color>BF000000</color>
      <fill>0</fill>
      <outline>1</outline>
    </PolyStyle>
    <IconStyle><Icon></Icon></IconStyle>
  </Style>
  <Style id="area5">
    <LineStyle>
      <color>FF818100</color>
      <width>1</width>
    </LineStyle>
    <PolyStyle>
      <color>BF000000</color>
      <fill>0</fill>
      <outline>1</outline>
    </PolyStyle>
    <IconStyle><Icon></Icon></IconStyle>
  </Style>
  <Folder>
    <name>Area Features</name>
    <description>Area Features</description>
    <Placemark>
      <description><![CDATA[LIMITES_TRACKER<BR><BR><B>ELEVATION</B> = 0]]></description>
      <styleUrl>#area1</styleUrl>
      <Polygon>
        <altitudeMode>relativeToGround</altitudeMode>
        <extrude>1</extrude>
        <outerBoundaryIs>
          <LinearRing>
            <coordinates>
              -70.8369067149,-33.1123927078,0
              -70.8368803076,-33.1123930972,0
              -70.8368694186,-33.1118700321,0
              -70.8368958257,-33.1118696428,0
              -70.8369067149,-33.1123927078,0
            </coordinates>
          </LinearRing>
        </outerBoundaryIs>
      </Polygon>
    </Placemark>
    <Placemark>
      <description><![CDATA[LIMITES_TRACKER<BR><BR><B>ELEVATION</B> = 0]]></description>
      <styleUrl>#area1</styleUrl>
      <Polygon>
        <altitudeMode>relativeToGround</altitudeMode>
        <extrude>1</extrude>
        <outerBoundaryIs>
          <LinearRing>
            <coordinates>
              -70.8368324057,-33.1118705778,0
              -70.8368432945,-33.1123936429,0
              -70.8368168872,-33.1123940322,0
              -70.8368059985,-33.1118709672,0
              -70.8368324057,-33.1118705778,0
            </coordinates>
          </LinearRing>
        </outerBoundaryIs>
      </Polygon>
    </Placemark>
    <Placemark>
      <description><![CDATA[LIMITES_TRACKER<BR><BR><B>ELEVATION</B> = 0]]></description>
      <styleUrl>#area1</styleUrl>
      <Polygon>
        <altitudeMode>relativeToGround</altitudeMode>
        <extrude>1</extrude>
        <outerBoundaryIs>
          <LinearRing>
            <coordinates>
              -70.8368957319,-33.1118651350,0
              -70.8368693247,-33.1118655243,0
              -70.8368584359,-33.1113424592,0
              -70.8368848429,-33.1113420699,0
              -70.8368957319,-33.1118651350,0
            </coordinates>
          </LinearRing>
        </outerBoundaryIs>
      </Polygon>
    </Placemark>
    <Placemark>
      <description><![CDATA[LIMITES_TRACKER<BR><BR><B>ELEVATION</B> = 0]]></description>
      <styleUrl>#area1</styleUrl>
      <Polygon>
        <altitudeMode>relativeToGround</altitudeMode>
        <extrude>1</extrude>
        <outerBoundaryIs>
          <LinearRing>
            <coordinates>
              -70.8368214233,-33.1113430049,0
              -70.8368323118,-33.1118660700,0
              -70.8368059047,-33.1118664594,0
              -70.8367950163,-33.1113433942,0
              -70.8368214233,-33.1113430049,0
            </coordinates>
          </LinearRing>
        </outerBoundaryIs>
      </Polygon>
    </Placemark>
    <Placemark>
      <description><![CDATA[LIMITES_TRACKER<BR><BR><B>ELEVATION</B> = 0]]></description>
      <styleUrl>#area1</styleUrl>
      <Polygon>
        <altitudeMode>relativeToGround</altitudeMode>
        <extrude>1</extrude>
        <outerBoundaryIs>
          <LinearRing>
            <coordinates>
              -70.8368841861,-33.1113105154,0
              -70.8368577791,-33.1113109047,0
              -70.8368468906,-33.1107878396,0
              -70.8368732974,-33.1107874502,0
              -70.8368841861,-33.1113105154,0
            </coordinates>
          </LinearRing>
        </outerBoundaryIs>
      </Polygon>
    </Placemark>
    <Placemark>
      <description><![CDATA[LIMITES_TRACKER<BR><BR><B>ELEVATION</B> = 0]]></description>
      <styleUrl>#area1</styleUrl>
      <Polygon>
        <altitudeMode>relativeToGround</altitudeMode>
        <extrude>1</extrude>
        <outerBoundaryIs>
          <LinearRing>
            <coordinates>
              -70.8368098781,-33.1107883852,0
              -70.8368207664,-33.1113114504,0
              -70.8367943594,-33.1113118397,0
              -70.8367834713,-33.1107887746,0
              -70.8368098781,-33.1107883852,0
            </coordinates>
          </LinearRing>
        </outerBoundaryIs>
      </Polygon>
    </Placemark>
    <Placemark>
      <description><![CDATA[LIMITES_TRACKER<BR><BR><B>ELEVATION</B> = 0]]></description>
      <styleUrl>#area1</styleUrl>
      <Polygon>
        <altitudeMode>relativeToGround</altitudeMode>
        <extrude>1</extrude>
        <outerBoundaryIs>
          <LinearRing>
            <coordinates>
              -70.8368732036,-33.1107829425,0
              -70.8368467967,-33.1107833318,0
              -70.8368359085,-33.1102602666,0
              -70.8368623152,-33.1102598772,0
              -70.8368732036,-33.1107829425,0
            </coordinates>
          </LinearRing>
        </outerBoundaryIs>
      </Polygon>
    </Placemark>
    <Placemark>
      <description><![CDATA[LIMITES_TRACKER<BR><BR><B>ELEVATION</B> = 0]]></description>
      <styleUrl>#area1</styleUrl>
      <Polygon>
        <altitudeMode>relativeToGround</altitudeMode>
        <extrude>1</extrude>
        <outerBoundaryIs>
          <LinearRing>
            <coordinates>
              -70.8367988963,-33.1102608122,0
              -70.8368097843,-33.1107838775,0
              -70.8367833775,-33.1107842668,0
              -70.8367724896,-33.1102612015,0
              -70.8367988963,-33.1102608122,0
            </coordinates>
          </LinearRing>
        </outerBoundaryIs>
      </Polygon>
    </Placemark>
    <Placemark>
      <description><![CDATA[LIMITES_TRACKER<BR><BR><B>ELEVATION</B> = 0]]></description>
      <styleUrl>#area1</styleUrl>
      <Polygon>
        <altitudeMode>relativeToGround</altitudeMode>
        <extrude>1</extrude>
        <outerBoundaryIs>
          <LinearRing>
            <coordinates>
              -70.8368622214,-33.1102553695,0
              -70.8368358147,-33.1102557588,0
              -70.8368249268,-33.1097326935,0
              -70.8368513333,-33.1097323042,0
              -70.8368622214,-33.1102553695,0
            </coordinates>
          </LinearRing>
        </outerBoundaryIs>
      </Polygon>
    </Placemark>
    <Placemark>
      <description><![CDATA[LIMITES_TRACKER<BR><BR><B>ELEVATION</B> = 0]]></description>
      <styleUrl>#area1</styleUrl>
      <Polygon>
        <altitudeMode>relativeToGround</altitudeMode>
        <extrude>1</extrude>
        <outerBoundaryIs>
          <LinearRing>
            <coordinates>
              -70.8367879148,-33.1097332392,0
              -70.8367988025,-33.1102563045,0
              -70.8367723958,-33.1102566938,0
              -70.8367615083,-33.1097336285,0
              -70.8367879148,-33.1097332392,0
            </coordinates>
          </LinearRing>
        </outerBoundaryIs>
      </Polygon>
    </Placemark>
    <Placemark>
      <description><![CDATA[LIMITES_TRACKER<BR><BR><B>ELEVATION</B> = 0]]></description>
      <styleUrl>#area1</styleUrl>
      <Polygon>
        <altitudeMode>relativeToGround</altitudeMode>
        <extrude>1</extrude>
        <outerBoundaryIs>
          <LinearRing>
            <coordinates>
              -70.8367908567,-33.1129221508,0
              -70.8367644492,-33.1129225401,0
              -70.8367535606,-33.1123994750,0
              -70.8367799679,-33.1123990857,0
              -70.8367908567,-33.1129221508,0
            </coordinates>
          </LinearRing>
        </outerBoundaryIs>
      </Polygon>
    </Placemark>
    <Placemark>
      <description><![CDATA[LIMITES_TRACKER<BR><BR><B>ELEVATION</B> = 0]]></description>
      <styleUrl>#area1</styleUrl>
      <Polygon>
        <altitudeMode>relativeToGround</altitudeMode>
        <extrude>1</extrude>
        <outerBoundaryIs>
          <LinearRing>
            <coordinates>
              -70.8367165475,-33.1124000207,0
              -70.8367274359,-33.1129230858,0
              -70.8367010284,-33.1129234751,0
              -70.8366901402,-33.1124004100,0
              -70.8367165475,-33.1124000207,0
            </coordinates>
          </LinearRing>
        </outerBoundaryIs>
      </Polygon>
    </Placemark>
    <Placemark>
      <description><![CDATA[LIMITES_TRACKER<BR><BR><B>ELEVATION</B> = 0]]></description>
      <styleUrl>#area2</styleUrl>
      <Polygon>
        <altitudeMode>relativeToGround</altitudeMode>
        <extrude>1</extrude>
        <outerBoundaryIs>
          <LinearRing>
            <coordinates>
              -70.8367798741,-33.1123945779,0
              -70.8367534668,-33.1123949673,0
              -70.8367425785,-33.1118719022,0
              -70.8367689856,-33.1118715128,0
              -70.8367798741,-33.1123945779,0
            </coordinates>
          </LinearRing>
        </outerBoundaryIs>
      </Polygon>
    </Placemark>
    <Placemark>
      <description><![CDATA[LIMITES_TRACKER<BR><BR><B>ELEVATION</B> = 0]]></description>
      <styleUrl>#area2</styleUrl>
      <Polygon>
        <altitudeMode>relativeToGround</altitudeMode>
        <extrude>1</extrude>
        <outerBoundaryIs>
          <LinearRing>
            <coordinates>
              -70.8367055656,-33.1118724478,0
              -70.8367164537,-33.1123955129,0
              -70.8366900464,-33.1123959022,0
              -70.8366791584,-33.1118728371,0
              -70.8367055656,-33.1118724478,0
            </coordinates>
          </LinearRing>
        </outerBoundaryIs>
      </Polygon>
    </Placemark>
    <Placemark>
      <description><![CDATA[LIMITES_TRACKER<BR><BR><B>ELEVATION</B> = 0]]></description>
      <styleUrl>#area3</styleUrl>
      <Polygon>
        <altitudeMode>relativeToGround</altitudeMode>
        <extrude>1</extrude>
        <outerBoundaryIs>
          <LinearRing>
            <coordinates>
              -70.8367688918,-33.1118670051,0
              -70.8367424846,-33.1118673944,0
              -70.8367315966,-33.1113443292,0
              -70.8367580036,-33.1113439399,0
              -70.8367688918,-33.1118670051,0
            </coordinates>
          </LinearRing>
        </outerBoundaryIs>
      </Polygon>
    </Placemark>
    <Placemark>
      <description><![CDATA[LIMITES_TRACKER<BR><BR><B>ELEVATION</B> = 0]]></description>
      <styleUrl>#area3</styleUrl>
      <Polygon>
        <altitudeMode>relativeToGround</altitudeMode>
        <extrude>1</extrude>
        <outerBoundaryIs>
          <LinearRing>
            <coordinates>
              -70.8366945839,-33.1113448749,0
              -70.8367054718,-33.1118679400,0
              -70.8366790646,-33.1118683293,0
              -70.8366681769,-33.1113452642,0
              -70.8366945839,-33.1113448749,0
            </coordinates>
          </LinearRing>
        </outerBoundaryIs>
      </Polygon>
    </Placemark>
    <Placemark>
      <description><![CDATA[LIMITES_TRACKER<BR><BR><B>ELEVATION</B> = 0]]></description>
      <styleUrl>#area3</styleUrl>
      <Polygon>
        <altitudeMode>relativeToGround</altitudeMode>
        <extrude>1</extrude>
        <outerBoundaryIs>
          <LinearRing>
            <coordinates>
              -70.8367573468,-33.1113123854,0
              -70.8367309398,-33.1113127747,0
              -70.8367200520,-33.1107897095,0
              -70.8367464589,-33.1107893202,0
              -70.8367573468,-33.1113123854,0
            </coordinates>
          </LinearRing>
        </outerBoundaryIs>
      </Polygon>
    </Placemark>
    <Placemark>
      <description><![CDATA[LIMITES_TRACKER<BR><BR><B>ELEVATION</B> = 0]]></description>
      <styleUrl>#area3</styleUrl>
      <Polygon>
        <altitudeMode>relativeToGround</altitudeMode>
        <extrude>1</extrude>
        <outerBoundaryIs>
          <LinearRing>
            <coordinates>
              -70.8366830396,-33.1107902552,0
              -70.8366939271,-33.1113133204,0
              -70.8366675201,-33.1113137097,0
              -70.8366566328,-33.1107906444,0
              -70.8366830396,-33.1107902552,0
            </coordinates>
          </LinearRing>
        </outerBoundaryIs>
      </Polygon>
    </Placemark>
    <Placemark>
      <description><![CDATA[LIMITES_TRACKER<BR><BR><B>ELEVATION</B> = 0]]></description>
      <styleUrl>#area3</styleUrl>
      <Polygon>
        <altitudeMode>relativeToGround</altitudeMode>
        <extrude>1</extrude>
        <outerBoundaryIs>
          <LinearRing>
            <coordinates>
              -70.8367463650,-33.1107848124,0
              -70.8367199582,-33.1107852017,0
              -70.8367090707,-33.1102621365,0
              -70.8367354774,-33.1102617472,0
              -70.8367463650,-33.1107848124,0
            </coordinates>
          </LinearRing>
        </outerBoundaryIs>
      </Polygon>
    </Placemark>
    <Placemark>
      <description><![CDATA[LIMITES_TRACKER<BR><BR><B>ELEVATION</B> = 0]]></description>
      <styleUrl>#area3</styleUrl>
      <Polygon>
        <altitudeMode>relativeToGround</altitudeMode>
        <extrude>1</extrude>
        <outerBoundaryIs>
          <LinearRing>
            <coordinates>
              -70.8366720585,-33.1102626821,0
              -70.8366829458,-33.1107857474,0
              -70.8366565389,-33.1107861367,0
              -70.8366456519,-33.1102630714,0
              -70.8366720585,-33.1102626821,0
            </coordinates>
          </LinearRing>
        </outerBoundaryIs>
      </Polygon>
    </Placemark>
    <Placemark>
      <description><![CDATA[LIMITES_TRACKER<BR><BR><B>ELEVATION</B> = 0]]></description>
      <styleUrl>#area4</styleUrl>
      <Polygon>
        <altitudeMode>relativeToGround</altitudeMode>
        <extrude>1</extrude>
        <outerBoundaryIs>
          <LinearRing>
            <coordinates>
              -70.8367353836,-33.1102572394,0
              -70.8367089769,-33.1102576287,0
              -70.8366980898,-33.1097345634,0
              -70.8367244963,-33.1097341741,0
              -70.8367353836,-33.1102572394,0
            </coordinates>
          </LinearRing>
        </outerBoundaryIs>
      </Polygon>
    </Placemark>
    <Placemark>
      <description><![CDATA[LIMITES_TRACKER<BR><BR><B>ELEVATION</B> = 0]]></description>
      <styleUrl>#area4</styleUrl>
      <Polygon>
        <altitudeMode>relativeToGround</altitudeMode>
        <extrude>1</extrude>
        <outerBoundaryIs>
          <LinearRing>
            <coordinates>
              -70.8366610778,-33.1097351090,0
              -70.8366719647,-33.1102581743,0
              -70.8366455580,-33.1102585636,0
              -70.8366346712,-33.1097354983,0
              -70.8366610778,-33.1097351090,0
            </coordinates>
          </LinearRing>
        </outerBoundaryIs>
      </Polygon>
    </Placemark>
    <Placemark>
      <description><![CDATA[LIMITES_TRACKER<BR><BR><B>ELEVATION</B> = 0]]></description>
      <styleUrl>#area3</styleUrl>
      <Polygon>
        <altitudeMode>relativeToGround</altitudeMode>
        <extrude>1</extrude>
        <outerBoundaryIs>
          <LinearRing>
            <coordinates>
              -70.8366530333,-33.1123964479,0
              -70.8366266259,-33.1123968372,0
              -70.8366157384,-33.1118737720,0
              -70.8366421455,-33.1118733828,0
              -70.8366530333,-33.1123964479,0
            </coordinates>
          </LinearRing>
        </outerBoundaryIs>
      </Polygon>
    </Placemark>
    <Placemark>
      <description><![CDATA[LIMITES_TRACKER<BR><BR><B>ELEVATION</B> = 0]]></description>
      <styleUrl>#area3</styleUrl>
      <Polygon>
        <altitudeMode>relativeToGround</altitudeMode>
        <extrude>1</extrude>
        <outerBoundaryIs>
          <LinearRing>
            <coordinates>
              -70.8365787255,-33.1118743177,0
              -70.8365896128,-33.1123973828,0
              -70.8365632055,-33.1123977721,0
              -70.8365523183,-33.1118747069,0
              -70.8365787255,-33.1118743177,0
            </coordinates>
          </LinearRing>
        </outerBoundaryIs>
      </Polygon>
    </Placemark>
    <Placemark>
      <description><![CDATA[LIMITES_TRACKER<BR><BR><B>ELEVATION</B> = 0]]></description>
      <styleUrl>#area3</styleUrl>
      <Polygon>
        <altitudeMode>relativeToGround</altitudeMode>
        <extrude>1</extrude>
        <outerBoundaryIs>
          <LinearRing>
            <coordinates>
              -70.8366420517,-33.1118688750,0
              -70.8366156445,-33.1118692643,0
              -70.8366047573,-33.1113461991,0
              -70.8366311643,-33.1113458098,0
              -70.8366420517,-33.1118688750,0
            </coordinates>
          </LinearRing>
        </outerBoundaryIs>
      </Polygon>
    </Placemark>
    <Placemark>
      <description><![CDATA[LIMITES_TRACKER<BR><BR><B>ELEVATION</B> = 0]]></description>
      <styleUrl>#area3</styleUrl>
      <Polygon>
        <altitudeMode>relativeToGround</altitudeMode>
        <extrude>1</extrude>
        <outerBoundaryIs>
          <LinearRing>
            <coordinates>
              -70.8365677446,-33.1113467447,0
              -70.8365786317,-33.1118698099,0
              -70.8365522245,-33.1118701992,0
              -70.8365413376,-33.1113471339,0
              -70.8365677446,-33.1113467447,0
            </coordinates>
          </LinearRing>
        </outerBoundaryIs>
      </Polygon>
    </Placemark>
    <Placemark>
      <description><![CDATA[LIMITES_TRACKER<BR><BR><B>ELEVATION</B> = 0]]></description>
      <styleUrl>#area3</styleUrl>
      <Polygon>
        <altitudeMode>relativeToGround</altitudeMode>
        <extrude>1</extrude>
        <outerBoundaryIs>
          <LinearRing>
            <coordinates>
              -70.8366305075,-33.1113142553,0
              -70.8366041005,-33.1113146446,0
              -70.8365932135,-33.1107915793,0
              -70.8366196203,-33.1107911901,0
              -70.8366305075,-33.1113142553,0
            </coordinates>
          </LinearRing>
        </outerBoundaryIs>
      </Polygon>
    </Placemark>
    <Placemark>
      <description><![CDATA[LIMITES_TRACKER<BR><BR><B>ELEVATION</B> = 0]]></description>
      <styleUrl>#area3</styleUrl>
      <Polygon>
        <altitudeMode>relativeToGround</altitudeMode>
        <extrude>1</extrude>
        <outerBoundaryIs>
          <LinearRing>
            <coordinates>
              -70.8365562011,-33.1107921249,0
              -70.8365670878,-33.1113151902,0
              -70.8365406808,-33.1113155795,0
              -70.8365297942,-33.1107925142,0
              -70.8365562011,-33.1107921249,0
            </coordinates>
          </LinearRing>
        </outerBoundaryIs>
      </Polygon>
    </Placemark>
    <Placemark>
      <description><![CDATA[LIMITES_TRACKER<BR><BR><B>ELEVATION</B> = 0]]></description>
      <styleUrl>#area3</styleUrl>
      <Polygon>
        <altitudeMode>relativeToGround</altitudeMode>
        <extrude>1</extrude>
        <outerBoundaryIs>
          <LinearRing>
            <coordinates>
              -70.8366195265,-33.1107866823,0
              -70.8365931197,-33.1107870716,0
              -70.8365822330,-33.1102640063,0
              -70.8366086396,-33.1102636170,0
              -70.8366195265,-33.1107866823,0
            </coordinates>
          </LinearRing>
        </outerBoundaryIs>
      </Polygon>
    </Placemark>
    <Placemark>
      <description><![CDATA[LIMITES_TRACKER<BR><BR><B>ELEVATION</B> = 0]]></description>
      <styleUrl>#area3</styleUrl>
      <Polygon>
        <altitudeMode>relativeToGround</altitudeMode>
        <extrude>1</extrude>
        <outerBoundaryIs>
          <LinearRing>
            <coordinates>
              -70.8365452207,-33.1102645519,0
              -70.8365561072,-33.1107876172,0
              -70.8365297004,-33.1107880064,0
              -70.8365188141,-33.1102649411,0
              -70.8365452207,-33.1102645519,0
            </coordinates>
          </LinearRing>
        </outerBoundaryIs>
      </Polygon>
    </Placemark>
    <Placemark>
      <description><![CDATA[LIMITES_TRACKER<BR><BR><B>ELEVATION</B> = 0]]></description>
      <styleUrl>#area4</styleUrl>
      <Polygon>
        <altitudeMode>relativeToGround</altitudeMode>
        <extrude>1</extrude>
        <outerBoundaryIs>
          <LinearRing>
            <coordinates>
              -70.8366085458,-33.1102591092,0
              -70.8365821391,-33.1102594985,0
              -70.8365712527,-33.1097364331,0
              -70.8365976592,-33.1097360439,0
              -70.8366085458,-33.1102591092,0
            </coordinates>
          </LinearRing>
        </outerBoundaryIs>
      </Polygon>
    </Placemark>
    <Placemark>
      <description><![CDATA[LIMITES_TRACKER<BR><BR><B>ELEVATION</B> = 0]]></description>
      <styleUrl>#area4</styleUrl>
      <Polygon>
        <altitudeMode>relativeToGround</altitudeMode>
        <extrude>1</extrude>
        <outerBoundaryIs>
          <LinearRing>
            <coordinates>
              -70.8365342407,-33.1097369787,0
              -70.8365451269,-33.1102600441,0
              -70.8365187202,-33.1102604333,0
              -70.8365078342,-33.1097373680,0
              -70.8365342407,-33.1097369787,0
            </coordinates>
          </LinearRing>
        </outerBoundaryIs>
      </Polygon>
    </Placemark>
    <Placemark>
      <description><![CDATA[LIMITES_TRACKER<BR><BR><B>ELEVATION</B> = 0]]></description>
      <styleUrl>#area2</styleUrl>
      <Polygon>
        <altitudeMode>relativeToGround</altitudeMode>
        <extrude>1</extrude>
        <outerBoundaryIs>
          <LinearRing>
            <coordinates>
              -70.8365371735,-33.1129258906,0
              -70.8365107660,-33.1129262799,0
              -70.8364998789,-33.1124032148,0
              -70.8365262862,-33.1124028255,0
              -70.8365371735,-33.1129258906,0
            </coordinates>
          </LinearRing>
        </outerBoundaryIs>
      </Polygon>
    </Placemark>
    <Placemark>
      <description><![CDATA[LIMITES_TRACKER<BR><BR><B>ELEVATION</B> = 0]]></description>
      <styleUrl>#area2</styleUrl>
      <Polygon>
        <altitudeMode>relativeToGround</altitudeMode>
        <extrude>1</extrude>
        <outerBoundaryIs>
          <LinearRing>
            <coordinates>
              -70.8364628658,-33.1124037604,0
              -70.8364737527,-33.1129268255,0
              -70.8364473452,-33.1129272148,0
              -70.8364364585,-33.1124041496,0
              -70.8364628658,-33.1124037604,0
            </coordinates>
          </LinearRing>
        </outerBoundaryIs>
      </Polygon>
    </Placemark>
    <Placemark>
      <description><![CDATA[LIMITES_TRACKER<BR><BR><B>ELEVATION</B> = 0]]></description>
      <styleUrl>#area3</styleUrl>
      <Polygon>
        <altitudeMode>relativeToGround</altitudeMode>
        <extrude>1</extrude>
        <outerBoundaryIs>
          <LinearRing>
            <coordinates>
              -70.8365261924,-33.1123983177,0
              -70.8364997851,-33.1123987070,0
              -70.8364888983,-33.1118756418,0
              -70.8365153054,-33.1118752526,0
              -70.8365261924,-33.1123983177,0
            </coordinates>
          </LinearRing>
        </outerBoundaryIs>
      </Polygon>
    </Placemark>
    <Placemark>
      <description><![CDATA[LIMITES_TRACKER<BR><BR><B>ELEVATION</B> = 0]]></description>
      <styleUrl>#area3</styleUrl>
      <Polygon>
        <altitudeMode>relativeToGround</altitudeMode>
        <extrude>1</extrude>
        <outerBoundaryIs>
          <LinearRing>
            <coordinates>
              -70.8364518854,-33.1118761874,0
              -70.8364627720,-33.1123992526,0
              -70.8364363646,-33.1123996419,0
              -70.8364254782,-33.1118765766,0
              -70.8364518854,-33.1118761874,0
            </coordinates>
          </LinearRing>
        </outerBoundaryIs>
      </Polygon>
    </Placemark>
    <Placemark>
      <description><![CDATA[LIMITES_TRACKER<BR><BR><B>ELEVATION</B> = 0]]></description>
      <styleUrl>#area3</styleUrl>
      <Polygon>
        <altitudeMode>relativeToGround</altitudeMode>
        <extrude>1</extrude>
        <outerBoundaryIs>
          <LinearRing>
            <coordinates>
              -70.8365152116,-33.1118707448,0
              -70.8364888044,-33.1118711340,0
              -70.8364779179,-33.1113480688,0
              -70.8365043249,-33.1113476795,0
              -70.8365152116,-33.1118707448,0
            </coordinates>
          </LinearRing>
        </outerBoundaryIs>
      </Polygon>
    </Placemark>
    <Placemark>
      <description><![CDATA[LIMITES_TRACKER<BR><BR><B>ELEVATION</B> = 0]]></description>
      <styleUrl>#area3</styleUrl>
      <Polygon>
        <altitudeMode>relativeToGround</altitudeMode>
        <extrude>1</extrude>
        <outerBoundaryIs>
          <LinearRing>
            <coordinates>
              -70.8364409052,-33.1113486144,0
              -70.8364517915,-33.1118716796,0
              -70.8364253844,-33.1118720689,0
              -70.8364144982,-33.1113490036,0
              -70.8364409052,-33.1113486144,0
            </coordinates>
          </LinearRing>
        </outerBoundaryIs>
      </Polygon>
    </Placemark>
    <Placemark>
      <description><![CDATA[LIMITES_TRACKER<BR><BR><B>ELEVATION</B> = 0]]></description>
      <styleUrl>#area3</styleUrl>
      <Polygon>
        <altitudeMode>relativeToGround</altitudeMode>
        <extrude>1</extrude>
        <outerBoundaryIs>
          <LinearRing>
            <coordinates>
              -70.8365036682,-33.1113161251,0
              -70.8364772612,-33.1113165143,0
              -70.8364663749,-33.1107934490,0
              -70.8364927818,-33.1107930598,0
              -70.8365036682,-33.1113161251,0
            </coordinates>
          </LinearRing>
        </outerBoundaryIs>
      </Polygon>
    </Placemark>
    <Placemark>
      <description><![CDATA[LIMITES_TRACKER<BR><BR><B>ELEVATION</B> = 0]]></description>
      <styleUrl>#area3</styleUrl>
      <Polygon>
        <altitudeMode>relativeToGround</altitudeMode>
        <extrude>1</extrude>
        <outerBoundaryIs>
          <LinearRing>
            <coordinates>
              -70.8364293625,-33.1107939946,0
              -70.8364402485,-33.1113170599,0
              -70.8364138415,-33.1113174491,0
              -70.8364029556,-33.1107943838,0
              -70.8364293625,-33.1107939946,0
            </coordinates>
          </LinearRing>
        </outerBoundaryIs>
      </Polygon>
    </Placemark>
    <Placemark>
      <description><![CDATA[LIMITES_TRACKER<BR><BR><B>ELEVATION</B> = 0]]></description>
      <styleUrl>#area3</styleUrl>
      <Polygon>
        <altitudeMode>relativeToGround</altitudeMode>
        <extrude>1</extrude>
        <outerBoundaryIs>
          <LinearRing>
            <coordinates>
              -70.8364926880,-33.1107885520,0
              -70.8364662811,-33.1107889412,0
              -70.8364553952,-33.1102658759,0
              -70.8364818018,-33.1102654867,0
              -70.8364926880,-33.1107885520,0
            </coordinates>
          </LinearRing>
        </outerBoundaryIs>
      </Polygon>
    </Placemark>
    <Placemark>
      <description><![CDATA[LIMITES_TRACKER<BR><BR><B>ELEVATION</B> = 0]]></description>
      <styleUrl>#area3</styleUrl>
      <Polygon>
        <altitudeMode>relativeToGround</altitudeMode>
        <extrude>1</extrude>
        <outerBoundaryIs>
          <LinearRing>
            <coordinates>
              -70.8364183829,-33.1102664215,0
              -70.8364292687,-33.1107894868,0
              -70.8364028618,-33.1107898760,0
              -70.8363919763,-33.1102668107,0
              -70.8364183829,-33.1102664215,0
            </coordinates>
          </LinearRing>
        </outerBoundaryIs>
      </Polygon>
    </Placemark>
    <Placemark>
      <description><![CDATA[LIMITES_TRACKER<BR><BR><B>ELEVATION</B> = 0]]></description>
      <styleUrl>#area4</styleUrl>
      <Polygon>
        <altitudeMode>relativeToGround</altitudeMode>
        <extrude>1</extrude>
        <outerBoundaryIs>
          <LinearRing>
            <coordinates>
              -70.8364817080,-33.1102609789,0
              -70.8364553013,-33.1102613681,0
              -70.8364444157,-33.1097383028,0
              -70.8364708222,-33.1097379135,0
              -70.8364817080,-33.1102609789,0
            </coordinates>
          </LinearRing>
        </outerBoundaryIs>
      </Polygon>
    </Placemark>
    <Placemark>
      <description><![CDATA[LIMITES_TRACKER<BR><BR><B>ELEVATION</B> = 0]]></description>
      <styleUrl>#area4</styleUrl>
      <Polygon>
        <altitudeMode>relativeToGround</altitudeMode>
        <extrude>1</extrude>
        <outerBoundaryIs>
          <LinearRing>
            <coordinates>
              -70.8364074037,-33.1097388483,0
              -70.8364182891,-33.1102619137,0
              -70.8363918824,-33.1102623029,0
              -70.8363809971,-33.1097392375,0
              -70.8364074037,-33.1097388483,0
            </coordinates>
          </LinearRing>
        </outerBoundaryIs>
      </Polygon>
    </Placemark>
    <Placemark>
      <description><![CDATA[LIMITES_TRACKER<BR><BR><B>ELEVATION</B> = 0]]></description>
      <styleUrl>#area1</styleUrl>
      <Polygon>
        <altitudeMode>relativeToGround</altitudeMode>
        <extrude>1</extrude>
        <outerBoundaryIs>
          <LinearRing>
            <coordinates>
              -70.8364103319,-33.1129277604,0
              -70.8363839244,-33.1129281496,0
              -70.8363730380,-33.1124050845,0
              -70.8363994453,-33.1124046952,0
              -70.8364103319,-33.1129277604,0
            </coordinates>
          </LinearRing>
        </outerBoundaryIs>
      </Polygon>
    </Placemark>
    <Placemark>
      <description><![CDATA[LIMITES_TRACKER<BR><BR><B>ELEVATION</B> = 0]]></description>
      <styleUrl>#area1</styleUrl>
      <Polygon>
        <altitudeMode>relativeToGround</altitudeMode>
        <extrude>1</extrude>
        <outerBoundaryIs>
          <LinearRing>
            <coordinates>
              -70.8363360249,-33.1124056300,0
              -70.8363469110,-33.1129286952,0
              -70.8363205035,-33.1129290844,0
              -70.8363096176,-33.1124060192,0
              -70.8363360249,-33.1124056300,0
            </coordinates>
          </LinearRing>
        </outerBoundaryIs>
      </Polygon>
    </Placemark>
    <Placemark>
      <description><![CDATA[LIMITES_TRACKER<BR><BR><B>ELEVATION</B> = 0]]></description>
      <styleUrl>#area2</styleUrl>
      <Polygon>
        <altitudeMode>relativeToGround</altitudeMode>
        <extrude>1</extrude>
        <outerBoundaryIs>
          <LinearRing>
            <coordinates>
              -70.8363993515,-33.1124001874,0
              -70.8363729442,-33.1124005767,0
              -70.8363620581,-33.1118775115,0
              -70.8363884653,-33.1118771222,0
              -70.8363993515,-33.1124001874,0
            </coordinates>
          </LinearRing>
        </outerBoundaryIs>
      </Polygon>
    </Placemark>
    <Placemark>
      <description><![CDATA[LIMITES_TRACKER<BR><BR><B>ELEVATION</B> = 0]]></description>
      <styleUrl>#area2</styleUrl>
      <Polygon>
        <altitudeMode>relativeToGround</altitudeMode>
        <extrude>1</extrude>
        <outerBoundaryIs>
          <LinearRing>
            <coordinates>
              -70.8363250452,-33.1118780570,0
              -70.8363359311,-33.1124011222,0
              -70.8363095238,-33.1124015115,0
              -70.8362986381,-33.1118784462,0
              -70.8363250452,-33.1118780570,0
            </coordinates>
          </LinearRing>
        </outerBoundaryIs>
      </Polygon>
    </Placemark>
    <Placemark>
      <description><![CDATA[LIMITES_TRACKER<BR><BR><B>ELEVATION</B> = 0]]></description>
      <styleUrl>#area3</styleUrl>
      <Polygon>
        <altitudeMode>relativeToGround</altitudeMode>
        <extrude>1</extrude>
        <outerBoundaryIs>
          <LinearRing>
            <coordinates>
              -70.8363883715,-33.1118726144,0
              -70.8363619643,-33.1118730037,0
              -70.8363510785,-33.1113499384,0
              -70.8363774855,-33.1113495492,0
              -70.8363883715,-33.1118726144,0
            </coordinates>
          </LinearRing>
        </outerBoundaryIs>
      </Polygon>
    </Placemark>
    <Placemark>
      <description><![CDATA[LIMITES_TRACKER<BR><BR><B>ELEVATION</B> = 0]]></description>
      <styleUrl>#area3</styleUrl>
      <Polygon>
        <altitudeMode>relativeToGround</altitudeMode>
        <extrude>1</extrude>
        <outerBoundaryIs>
          <LinearRing>
            <coordinates>
              -70.8363140659,-33.1113504839,0
              -70.8363249514,-33.1118735492,0
              -70.8362985443,-33.1118739384,0
              -70.8362876588,-33.1113508731,0
              -70.8363140659,-33.1113504839,0
            </coordinates>
          </LinearRing>
        </outerBoundaryIs>
      </Polygon>
    </Placemark>
    <Placemark>
      <description><![CDATA[LIMITES_TRACKER<BR><BR><B>ELEVATION</B> = 0]]></description>
      <styleUrl>#area3</styleUrl>
      <Polygon>
        <altitudeMode>relativeToGround</altitudeMode>
        <extrude>1</extrude>
        <outerBoundaryIs>
          <LinearRing>
            <coordinates>
              -70.8363768288,-33.1113179947,0
              -70.8363504218,-33.1113183839,0
              -70.8363395364,-33.1107953186,0
              -70.8363659432,-33.1107949294,0
              -70.8363768288,-33.1113179947,0
            </coordinates>
          </LinearRing>
        </outerBoundaryIs>
      </Polygon>
    </Placemark>
    <Placemark>
      <description><![CDATA[LIMITES_TRACKER<BR><BR><B>ELEVATION</B> = 0]]></description>
      <styleUrl>#area3</styleUrl>
      <Polygon>
        <altitudeMode>relativeToGround</altitudeMode>
        <extrude>1</extrude>
        <outerBoundaryIs>
          <LinearRing>
            <coordinates>
              -70.8363025239,-33.1107958641,0
              -70.8363134092,-33.1113189294,0
              -70.8362870022,-33.1113193187,0
              -70.8362761171,-33.1107962533,0
              -70.8363025239,-33.1107958641,0
            </coordinates>
          </LinearRing>
        </outerBoundaryIs>
      </Polygon>
    </Placemark>
    <Placemark>
      <description><![CDATA[LIMITES_TRACKER<BR><BR><B>ELEVATION</B> = 0]]></description>
      <styleUrl>#area3</styleUrl>
      <Polygon>
        <altitudeMode>relativeToGround</altitudeMode>
        <extrude>1</extrude>
        <outerBoundaryIs>
          <LinearRing>
            <coordinates>
              -70.8363658494,-33.1107904216,0
              -70.8363394425,-33.1107908108,0
              -70.8363285573,-33.1102677454,0
              -70.8363549640,-33.1102673562,0
              -70.8363658494,-33.1107904216,0
            </coordinates>
          </LinearRing>
        </outerBoundaryIs>
      </Polygon>
    </Placemark>
    <Placemark>
      <description><![CDATA[LIMITES_TRACKER<BR><BR><B>ELEVATION</B> = 0]]></description>
      <styleUrl>#area3</styleUrl>
      <Polygon>
        <altitudeMode>relativeToGround</altitudeMode>
        <extrude>1</extrude>
        <outerBoundaryIs>
          <LinearRing>
            <coordinates>
              -70.8362915451,-33.1102682910,0
              -70.8363024301,-33.1107913563,0
              -70.8362760233,-33.1107917455,0
              -70.8362651384,-33.1102686801,0
              -70.8362915451,-33.1102682910,0
            </coordinates>
          </LinearRing>
        </outerBoundaryIs>
      </Polygon>
    </Placemark>
    <Placemark>
      <description><![CDATA[LIMITES_TRACKER<BR><BR><B>ELEVATION</B> = 0]]></description>
      <styleUrl>#area4</styleUrl>
      <Polygon>
        <altitudeMode>relativeToGround</altitudeMode>
        <extrude>1</extrude>
        <outerBoundaryIs>
          <LinearRing>
            <coordinates>
              -70.8363548702,-33.1102628484,0
              -70.8363284635,-33.1102632377,0
              -70.8363175786,-33.1097401722,0
              -70.8363439852,-33.1097397830,0
              -70.8363548702,-33.1102628484,0
            </coordinates>
          </LinearRing>
        </outerBoundaryIs>
      </Polygon>
    </Placemark>
    <Placemark>
      <description><![CDATA[LIMITES_TRACKER<BR><BR><B>ELEVATION</B> = 0]]></description>
      <styleUrl>#area4</styleUrl>
      <Polygon>
        <altitudeMode>relativeToGround</altitudeMode>
        <extrude>1</extrude>
        <outerBoundaryIs>
          <LinearRing>
            <coordinates>
              -70.8362805666,-33.1097407177,0
              -70.8362914513,-33.1102637832,0
              -70.8362650446,-33.1102641724,0
              -70.8362541601,-33.1097411069,0
              -70.8362805666,-33.1097407177,0
            </coordinates>
          </LinearRing>
        </outerBoundaryIs>
      </Polygon>
    </Placemark>
    <Placemark>
      <description><![CDATA[LIMITES_TRACKER<BR><BR><B>ELEVATION</B> = 0]]></description>
      <styleUrl>#area2</styleUrl>
      <Polygon>
        <altitudeMode>relativeToGround</altitudeMode>
        <extrude>1</extrude>
        <outerBoundaryIs>
          <LinearRing>
            <coordinates>
              -70.8362725106,-33.1124020570,0
              -70.8362461033,-33.1124024462,0
              -70.8362352180,-33.1118793810,0
              -70.8362616252,-33.1118789918,0
              -70.8362725106,-33.1124020570,0
            </coordinates>
          </LinearRing>
        </outerBoundaryIs>
      </Polygon>
    </Placemark>
    <Placemark>
      <description><![CDATA[LIMITES_TRACKER<BR><BR><B>ELEVATION</B> = 0]]></description>
      <styleUrl>#area2</styleUrl>
      <Polygon>
        <altitudeMode>relativeToGround</altitudeMode>
        <extrude>1</extrude>
        <outerBoundaryIs>
          <LinearRing>
            <coordinates>
              -70.8361982051,-33.1118799265,0
              -70.8362090902,-33.1124029917,0
              -70.8361826829,-33.1124033809,0
              -70.8361717979,-33.1118803157,0
              -70.8361982051,-33.1118799265,0
            </coordinates>
          </LinearRing>
        </outerBoundaryIs>
      </Polygon>
    </Placemark>
    <Placemark>
      <description><![CDATA[LIMITES_TRACKER<BR><BR><B>ELEVATION</B> = 0]]></description>
      <styleUrl>#area3</styleUrl>
      <Polygon>
        <altitudeMode>relativeToGround</altitudeMode>
        <extrude>1</extrude>
        <outerBoundaryIs>
          <LinearRing>
            <coordinates>
              -70.8362615314,-33.1118744840,0
              -70.8362351242,-33.1118748732,0
              -70.8362242392,-33.1113518079,0
              -70.8362506462,-33.1113514187,0
              -70.8362615314,-33.1118744840,0
            </coordinates>
          </LinearRing>
        </outerBoundaryIs>
      </Polygon>
    </Placemark>
    <Placemark>
      <description><![CDATA[LIMITES_TRACKER<BR><BR><B>ELEVATION</B> = 0]]></description>
      <styleUrl>#area3</styleUrl>
      <Polygon>
        <altitudeMode>relativeToGround</altitudeMode>
        <extrude>1</extrude>
        <outerBoundaryIs>
          <LinearRing>
            <coordinates>
              -70.8361872265,-33.1113523534,0
              -70.8361981113,-33.1118754187,0
              -70.8361717041,-33.1118758079,0
              -70.8361608195,-33.1113527426,0
              -70.8361872265,-33.1113523534,0
            </coordinates>
          </LinearRing>
        </outerBoundaryIs>
      </Polygon>
    </Placemark>
    <Placemark>
      <description><![CDATA[LIMITES_TRACKER<BR><BR><B>ELEVATION</B> = 0]]></description>
      <styleUrl>#area3</styleUrl>
      <Polygon>
        <altitudeMode>relativeToGround</altitudeMode>
        <extrude>1</extrude>
        <outerBoundaryIs>
          <LinearRing>
            <coordinates>
              -70.8362499895,-33.1113198642,0
              -70.8362235825,-33.1113202534,0
              -70.8362126978,-33.1107971880,0
              -70.8362391046,-33.1107967988,0
              -70.8362499895,-33.1113198642,0
            </coordinates>
          </LinearRing>
        </outerBoundaryIs>
      </Polygon>
    </Placemark>
    <Placemark>
      <description><![CDATA[LIMITES_TRACKER<BR><BR><B>ELEVATION</B> = 0]]></description>
      <styleUrl>#area3</styleUrl>
      <Polygon>
        <altitudeMode>relativeToGround</altitudeMode>
        <extrude>1</extrude>
        <outerBoundaryIs>
          <LinearRing>
            <coordinates>
              -70.8361756853,-33.1107977335,0
              -70.8361865698,-33.1113207989,0
              -70.8361601628,-33.1113211881,0
              -70.8361492785,-33.1107981227,0
              -70.8361756853,-33.1107977335,0
            </coordinates>
          </LinearRing>
        </outerBoundaryIs>
      </Polygon>
    </Placemark>
    <Placemark>
      <description><![CDATA[LIMITES_TRACKER<BR><BR><B>ELEVATION</B> = 0]]></description>
      <styleUrl>#area3</styleUrl>
      <Polygon>
        <altitudeMode>relativeToGround</altitudeMode>
        <extrude>1</extrude>
        <outerBoundaryIs>
          <LinearRing>
            <coordinates>
              -70.8362390108,-33.1107922910,0
              -70.8362126040,-33.1107926802,0
              -70.8362017195,-33.1102696148,0
              -70.8362281262,-33.1102692256,0
              -70.8362390108,-33.1107922910,0
            </coordinates>
          </LinearRing>
        </outerBoundaryIs>
      </Polygon>
    </Placemark>
    <Placemark>
      <description><![CDATA[LIMITES_TRACKER<BR><BR><B>ELEVATION</B> = 0]]></description>
      <styleUrl>#area3</styleUrl>
      <Polygon>
        <altitudeMode>relativeToGround</altitudeMode>
        <extrude>1</extrude>
        <outerBoundaryIs>
          <LinearRing>
            <coordinates>
              -70.8361647073,-33.1102701603,0
              -70.8361755915,-33.1107932257,0
              -70.8361491847,-33.1107936149,0
              -70.8361383006,-33.1102705495,0
              -70.8361647073,-33.1102701603,0
            </coordinates>
          </LinearRing>
        </outerBoundaryIs>
      </Polygon>
    </Placemark>
    <Placemark>
      <description><![CDATA[LIMITES_TRACKER<BR><BR><B>ELEVATION</B> = 0]]></description>
      <styleUrl>#area4</styleUrl>
      <Polygon>
        <altitudeMode>relativeToGround</altitudeMode>
        <extrude>1</extrude>
        <outerBoundaryIs>
          <LinearRing>
            <coordinates>
              -70.8362280324,-33.1102647179,0
              -70.8362016257,-33.1102651070,0
              -70.8361907416,-33.1097420416,0
              -70.8362171481,-33.1097416524,0
              -70.8362280324,-33.1102647179,0
            </coordinates>
          </LinearRing>
        </outerBoundaryIs>
      </Polygon>
    </Placemark>
    <Placemark>
      <description><![CDATA[LIMITES_TRACKER<BR><BR><B>ELEVATION</B> = 0]]></description>
      <styleUrl>#area4</styleUrl>
      <Polygon>
        <altitudeMode>relativeToGround</altitudeMode>
        <extrude>1</extrude>
        <outerBoundaryIs>
          <LinearRing>
            <coordinates>
              -70.8361537295,-33.1097425871,0
              -70.8361646135,-33.1102656525,0
              -70.8361382068,-33.1102660417,0
              -70.8361273230,-33.1097429762,0
              -70.8361537295,-33.1097425871,0
            </coordinates>
          </LinearRing>
        </outerBoundaryIs>
      </Polygon>
    </Placemark>
    <Placemark>
      <description><![CDATA[LIMITES_TRACKER<BR><BR><B>ELEVATION</B> = 0]]></description>
      <styleUrl>#area2</styleUrl>
      <Polygon>
        <altitudeMode>relativeToGround</altitudeMode>
        <extrude>1</extrude>
        <outerBoundaryIs>
          <LinearRing>
            <coordinates>
              -70.8361456697,-33.1124039264,0
              -70.8361192624,-33.1124043156,0
              -70.8361083778,-33.1118812503,0
              -70.8361347850,-33.1118808612,0
              -70.8361456697,-33.1124039264,0
            </coordinates>
          </LinearRing>
        </outerBoundaryIs>
      </Polygon>
    </Placemark>
    <Placemark>
      <description><![CDATA[LIMITES_TRACKER<BR><BR><B>ELEVATION</B> = 0]]></description>
      <styleUrl>#area2</styleUrl>
      <Polygon>
        <altitudeMode>relativeToGround</altitudeMode>
        <extrude>1</extrude>
        <outerBoundaryIs>
          <LinearRing>
            <coordinates>
              -70.8360713649,-33.1118817958,0
              -70.8360822493,-33.1124048611,0
              -70.8360558420,-33.1124052503,0
              -70.8360449578,-33.1118821850,0
              -70.8360713649,-33.1118817958,0
            </coordinates>
          </LinearRing>
        </outerBoundaryIs>
      </Polygon>
    </Placemark>
    <Placemark>
      <description><![CDATA[LIMITES_TRACKER<BR><BR><B>ELEVATION</B> = 0]]></description>
      <styleUrl>#area3</styleUrl>
      <Polygon>
        <altitudeMode>relativeToGround</altitudeMode>
        <extrude>1</extrude>
        <outerBoundaryIs>
          <LinearRing>
            <coordinates>
              -70.8361346912,-33.1118763534,0
              -70.8361082840,-33.1118767426,0
              -70.8360973998,-33.1113536772,0
              -70.8361238068,-33.1113532880,0
              -70.8361346912,-33.1118763534,0
            </coordinates>
          </LinearRing>
        </outerBoundaryIs>
      </Polygon>
    </Placemark>
    <Placemark>
      <description><![CDATA[LIMITES_TRACKER<BR><BR><B>ELEVATION</B> = 0]]></description>
      <styleUrl>#area3</styleUrl>
      <Polygon>
        <altitudeMode>relativeToGround</altitudeMode>
        <extrude>1</extrude>
        <outerBoundaryIs>
          <LinearRing>
            <coordinates>
              -70.8360603871,-33.1113542227,0
              -70.8360712711,-33.1118772880,0
              -70.8360448640,-33.1118776772,0
              -70.8360339801,-33.1113546118,0
              -70.8360603871,-33.1113542227,0
            </coordinates>
          </LinearRing>
        </outerBoundaryIs>
      </Polygon>
    </Placemark>
    <Placemark>
      <description><![CDATA[LIMITES_TRACKER<BR><BR><B>ELEVATION</B> = 0]]></description>
      <styleUrl>#area3</styleUrl>
      <Polygon>
        <altitudeMode>relativeToGround</altitudeMode>
        <extrude>1</extrude>
        <outerBoundaryIs>
          <LinearRing>
            <coordinates>
              -70.8361231502,-33.1113217335,0
              -70.8360967432,-33.1113221227,0
              -70.8360858592,-33.1107990573,0
              -70.8361122660,-33.1107986682,0
              -70.8361231502,-33.1113217335,0
            </coordinates>
          </LinearRing>
        </outerBoundaryIs>
      </Polygon>
    </Placemark>
    <Placemark>
      <description><![CDATA[LIMITES_TRACKER<BR><BR><B>ELEVATION</B> = 0]]></description>
      <styleUrl>#area3</styleUrl>
      <Polygon>
        <altitudeMode>relativeToGround</altitudeMode>
        <extrude>1</extrude>
        <outerBoundaryIs>
          <LinearRing>
            <coordinates>
              -70.8360488467,-33.1107996028,0
              -70.8360597305,-33.1113226682,0
              -70.8360333235,-33.1113230573,0
              -70.8360224399,-33.1107999919,0
              -70.8360488467,-33.1107996028,0
            </coordinates>
          </LinearRing>
        </outerBoundaryIs>
      </Polygon>
    </Placemark>
    <Placemark>
      <description><![CDATA[LIMITES_TRACKER<BR><BR><B>ELEVATION</B> = 0]]></description>
      <styleUrl>#area3</styleUrl>
      <Polygon>
        <altitudeMode>relativeToGround</altitudeMode>
        <extrude>1</extrude>
        <outerBoundaryIs>
          <LinearRing>
            <coordinates>
              -70.8361121722,-33.1107941604,0
              -70.8360857654,-33.1107945495,0
              -70.8360748817,-33.1102714841,0
              -70.8361012884,-33.1102710949,0
              -70.8361121722,-33.1107941604,0
            </coordinates>
          </LinearRing>
        </outerBoundaryIs>
      </Polygon>
    </Placemark>
    <Placemark>
      <description><![CDATA[LIMITES_TRACKER<BR><BR><B>ELEVATION</B> = 0]]></description>
      <styleUrl>#area3</styleUrl>
      <Polygon>
        <altitudeMode>relativeToGround</altitudeMode>
        <extrude>1</extrude>
        <outerBoundaryIs>
          <LinearRing>
            <coordinates>
              -70.8360378695,-33.1102720295,0
              -70.8360487529,-33.1107950950,0
              -70.8360223461,-33.1107954841,0
              -70.8360114628,-33.1102724187,0
              -70.8360378695,-33.1102720295,0
            </coordinates>
          </LinearRing>
        </outerBoundaryIs>
      </Polygon>
    </Placemark>
    <Placemark>
      <description><![CDATA[LIMITES_TRACKER<BR><BR><B>ELEVATION</B> = 0]]></description>
      <styleUrl>#area4</styleUrl>
      <Polygon>
        <altitudeMode>relativeToGround</altitudeMode>
        <extrude>1</extrude>
        <outerBoundaryIs>
          <LinearRing>
            <coordinates>
              -70.8361011946,-33.1102665872,0
              -70.8360747879,-33.1102669763,0
              -70.8360639045,-33.1097439108,0
              -70.8360903110,-33.1097435217,0
              -70.8361011946,-33.1102665872,0
            </coordinates>
          </LinearRing>
        </outerBoundaryIs>
      </Polygon>
    </Placemark>
    <Placemark>
      <description><![CDATA[LIMITES_TRACKER<BR><BR><B>ELEVATION</B> = 0]]></description>
      <styleUrl>#area4</styleUrl>
      <Polygon>
        <altitudeMode>relativeToGround</altitudeMode>
        <extrude>1</extrude>
        <outerBoundaryIs>
          <LinearRing>
            <coordinates>
              -70.8360268925,-33.1097444563,0
              -70.8360377757,-33.1102675218,0
              -70.8360113690,-33.1102679109,0
              -70.8360004859,-33.1097448454,0
              -70.8360268925,-33.1097444563,0
            </coordinates>
          </LinearRing>
        </outerBoundaryIs>
      </Polygon>
    </Placemark>
    <Placemark>
      <description><![CDATA[LIMITES_TRACKER<BR><BR><B>ELEVATION</B> = 0]]></description>
      <styleUrl>#area2</styleUrl>
      <Polygon>
        <altitudeMode>relativeToGround</altitudeMode>
        <extrude>1</extrude>
        <outerBoundaryIs>
          <LinearRing>
            <coordinates>
              -70.8360188288,-33.1124057958,0
              -70.8359924215,-33.1124061849,0
              -70.8359815377,-33.1118831196,0
              -70.8360079449,-33.1118827304,0
              -70.8360188288,-33.1124057958,0
            </coordinates>
          </LinearRing>
        </outerBoundaryIs>
      </Polygon>
    </Placemark>
    <Placemark>
      <description><![CDATA[LIMITES_TRACKER<BR><BR><B>ELEVATION</B> = 0]]></description>
      <styleUrl>#area2</styleUrl>
      <Polygon>
        <altitudeMode>relativeToGround</altitudeMode>
        <extrude>1</extrude>
        <outerBoundaryIs>
          <LinearRing>
            <coordinates>
              -70.8359445248,-33.1118836650,0
              -70.8359554084,-33.1124067304,0
              -70.8359290010,-33.1124071195,0
              -70.8359181176,-33.1118840542,0
              -70.8359445248,-33.1118836650,0
            </coordinates>
          </LinearRing>
        </outerBoundaryIs>
      </Polygon>
    </Placemark>
    <Placemark>
      <description><![CDATA[LIMITES_TRACKER<BR><BR><B>ELEVATION</B> = 0]]></description>
      <styleUrl>#area3</styleUrl>
      <Polygon>
        <altitudeMode>relativeToGround</altitudeMode>
        <extrude>1</extrude>
        <outerBoundaryIs>
          <LinearRing>
            <coordinates>
              -70.8360078511,-33.1118782227,0
              -70.8359814439,-33.1118786118,0
              -70.8359705604,-33.1113555464,0
              -70.8359969674,-33.1113551573,0
              -70.8360078511,-33.1118782227,0
            </coordinates>
          </LinearRing>
        </outerBoundaryIs>
      </Polygon>
    </Placemark>
    <Placemark>
      <description><![CDATA[LIMITES_TRACKER<BR><BR><B>ELEVATION</B> = 0]]></description>
      <styleUrl>#area3</styleUrl>
      <Polygon>
        <altitudeMode>relativeToGround</altitudeMode>
        <extrude>1</extrude>
        <outerBoundaryIs>
          <LinearRing>
            <coordinates>
              -70.8359335477,-33.1113560919,0
              -70.8359444310,-33.1118791572,0
              -70.8359180238,-33.1118795464,0
              -70.8359071407,-33.1113564810,0
              -70.8359335477,-33.1113560919,0
            </coordinates>
          </LinearRing>
        </outerBoundaryIs>
      </Polygon>
    </Placemark>
    <Placemark>
      <description><![CDATA[LIMITES_TRACKER<BR><BR><B>ELEVATION</B> = 0]]></description>
      <styleUrl>#area3</styleUrl>
      <Polygon>
        <altitudeMode>relativeToGround</altitudeMode>
        <extrude>1</extrude>
        <outerBoundaryIs>
          <LinearRing>
            <coordinates>
              -70.8359963108,-33.1113236028,0
              -70.8359699038,-33.1113239919,0
              -70.8359590206,-33.1108009265,0
              -70.8359854274,-33.1108005374,0
              -70.8359963108,-33.1113236028,0
            </coordinates>
          </LinearRing>
        </outerBoundaryIs>
      </Polygon>
    </Placemark>
    <Placemark>
      <description><![CDATA[LIMITES_TRACKER<BR><BR><B>ELEVATION</B> = 0]]></description>
      <styleUrl>#area3</styleUrl>
      <Polygon>
        <altitudeMode>relativeToGround</altitudeMode>
        <extrude>1</extrude>
        <outerBoundaryIs>
          <LinearRing>
            <coordinates>
              -70.8359220081,-33.1108014719,0
              -70.8359328911,-33.1113245374,0
              -70.8359064841,-33.1113249265,0
              -70.8358956013,-33.1108018610,0
              -70.8359220081,-33.1108014719,0
            </coordinates>
          </LinearRing>
        </outerBoundaryIs>
      </Polygon>
    </Placemark>
    <Placemark>
      <description><![CDATA[LIMITES_TRACKER<BR><BR><B>ELEVATION</B> = 0]]></description>
      <styleUrl>#area3</styleUrl>
      <Polygon>
        <altitudeMode>relativeToGround</altitudeMode>
        <extrude>1</extrude>
        <outerBoundaryIs>
          <LinearRing>
            <coordinates>
              -70.8359853336,-33.1107960296,0
              -70.8359589268,-33.1107964187,0
              -70.8359480438,-33.1102733532,0
              -70.8359744505,-33.1102729641,0
              -70.8359853336,-33.1107960296,0
            </coordinates>
          </LinearRing>
        </outerBoundaryIs>
      </Polygon>
    </Placemark>
    <Placemark>
      <description><![CDATA[LIMITES_TRACKER<BR><BR><B>ELEVATION</B> = 0]]></description>
      <styleUrl>#area3</styleUrl>
      <Polygon>
        <altitudeMode>relativeToGround</altitudeMode>
        <extrude>1</extrude>
        <outerBoundaryIs>
          <LinearRing>
            <coordinates>
              -70.8359110316,-33.1102738986,0
              -70.8359219143,-33.1107969641,0
              -70.8358955075,-33.1107973532,0
              -70.8358846249,-33.1102742878,0
              -70.8359110316,-33.1102738986,0
            </coordinates>
          </LinearRing>
        </outerBoundaryIs>
      </Polygon>
    </Placemark>
    <Placemark>
      <description><![CDATA[LIMITES_TRACKER<BR><BR><B>ELEVATION</B> = 0]]></description>
      <styleUrl>#area4</styleUrl>
      <Polygon>
        <altitudeMode>relativeToGround</altitudeMode>
        <extrude>1</extrude>
        <outerBoundaryIs>
          <LinearRing>
            <coordinates>
              -70.8359743567,-33.1102684563,0
              -70.8359479500,-33.1102688454,0
              -70.8359370674,-33.1097457799,0
              -70.8359634739,-33.1097453908,0
              -70.8359743567,-33.1102684563,0
            </coordinates>
          </LinearRing>
        </outerBoundaryIs>
      </Polygon>
    </Placemark>
    <Placemark>
      <description><![CDATA[LIMITES_TRACKER<BR><BR><B>ELEVATION</B> = 0]]></description>
      <styleUrl>#area4</styleUrl>
      <Polygon>
        <altitudeMode>relativeToGround</altitudeMode>
        <extrude>1</extrude>
        <outerBoundaryIs>
          <LinearRing>
            <coordinates>
              -70.8359000554,-33.1097463253,0
              -70.8359109378,-33.1102693908,0
              -70.8358845311,-33.1102697800,0
              -70.8358736488,-33.1097467144,0
              -70.8359000554,-33.1097463253,0
            </coordinates>
          </LinearRing>
        </outerBoundaryIs>
      </Polygon>
    </Placemark>
    <Placemark>
      <description><![CDATA[LIMITES_TRACKER<BR><BR><B>ELEVATION</B> = 0]]></description>
      <styleUrl>#area2</styleUrl>
      <Polygon>
        <altitudeMode>relativeToGround</altitudeMode>
        <extrude>1</extrude>
        <outerBoundaryIs>
          <LinearRing>
            <coordinates>
              -70.8358919879,-33.1124076649,0
              -70.8358655806,-33.1124080541,0
              -70.8358546975,-33.1118849887,0
              -70.8358811047,-33.1118845996,0
              -70.8358919879,-33.1124076649,0
            </coordinates>
          </LinearRing>
        </outerBoundaryIs>
      </Polygon>
    </Placemark>
    <Placemark>
      <description><![CDATA[LIMITES_TRACKER<BR><BR><B>ELEVATION</B> = 0]]></description>
      <styleUrl>#area2</styleUrl>
      <Polygon>
        <altitudeMode>relativeToGround</altitudeMode>
        <extrude>1</extrude>
        <outerBoundaryIs>
          <LinearRing>
            <coordinates>
              -70.8358176846,-33.1118855341,0
              -70.8358285675,-33.1124085995,0
              -70.8358021601,-33.1124089886,0
              -70.8357912774,-33.1118859232,0
              -70.8358176846,-33.1118855341,0
            </coordinates>
          </LinearRing>
        </outerBoundaryIs>
      </Polygon>
    </Placemark>
    <Placemark>
      <description><![CDATA[LIMITES_TRACKER<BR><BR><B>ELEVATION</B> = 0]]></description>
      <styleUrl>#area3</styleUrl>
      <Polygon>
        <altitudeMode>relativeToGround</altitudeMode>
        <extrude>1</extrude>
        <outerBoundaryIs>
          <LinearRing>
            <coordinates>
              -70.8358810109,-33.1118800918,0
              -70.8358546037,-33.1118804809,0
              -70.8358437209,-33.1113574155,0
              -70.8358701280,-33.1113570264,0
              -70.8358810109,-33.1118800918,0
            </coordinates>
          </LinearRing>
        </outerBoundaryIs>
      </Polygon>
    </Placemark>
    <Placemark>
      <description><![CDATA[LIMITES_TRACKER<BR><BR><B>ELEVATION</B> = 0]]></description>
      <styleUrl>#area3</styleUrl>
      <Polygon>
        <altitudeMode>relativeToGround</altitudeMode>
        <extrude>1</extrude>
        <outerBoundaryIs>
          <LinearRing>
            <coordinates>
              -70.8358067083,-33.1113579609,0
              -70.8358175908,-33.1118810263,0
              -70.8357911836,-33.1118814154,0
              -70.8357803012,-33.1113583500,0
              -70.8358067083,-33.1113579609,0
            </coordinates>
          </LinearRing>
        </outerBoundaryIs>
      </Polygon>
    </Placemark>
    <Placemark>
      <description><![CDATA[LIMITES_TRACKER<BR><BR><B>ELEVATION</B> = 0]]></description>
      <styleUrl>#area3</styleUrl>
      <Polygon>
        <altitudeMode>relativeToGround</altitudeMode>
        <extrude>1</extrude>
        <outerBoundaryIs>
          <LinearRing>
            <coordinates>
              -70.8358694715,-33.1113254719,0
              -70.8358430644,-33.1113258610,0
              -70.8358321820,-33.1108027955,0
              -70.8358585888,-33.1108024064,0
              -70.8358694715,-33.1113254719,0
            </coordinates>
          </LinearRing>
        </outerBoundaryIs>
      </Polygon>
    </Placemark>
    <Placemark>
      <description><![CDATA[LIMITES_TRACKER<BR><BR><B>ELEVATION</B> = 0]]></description>
      <styleUrl>#area3</styleUrl>
      <Polygon>
        <altitudeMode>relativeToGround</altitudeMode>
        <extrude>1</extrude>
        <outerBoundaryIs>
          <LinearRing>
            <coordinates>
              -70.8357951695,-33.1108033409,0
              -70.8358060518,-33.1113264064,0
              -70.8357796447,-33.1113267955,0
              -70.8357687626,-33.1108037300,0
              -70.8357951695,-33.1108033409,0
            </coordinates>
          </LinearRing>
        </outerBoundaryIs>
      </Polygon>
    </Placemark>
    <Placemark>
      <description><![CDATA[LIMITES_TRACKER<BR><BR><B>ELEVATION</B> = 0]]></description>
      <styleUrl>#area3</styleUrl>
      <Polygon>
        <altitudeMode>relativeToGround</altitudeMode>
        <extrude>1</extrude>
        <outerBoundaryIs>
          <LinearRing>
            <coordinates>
              -70.8358584950,-33.1107978986,0
              -70.8358320882,-33.1107982878,0
              -70.8358212060,-33.1102752222,0
              -70.8358476127,-33.1102748331,0
              -70.8358584950,-33.1107978986,0
            </coordinates>
          </LinearRing>
        </outerBoundaryIs>
      </Polygon>
    </Placemark>
    <Placemark>
      <description><![CDATA[LIMITES_TRACKER<BR><BR><B>ELEVATION</B> = 0]]></description>
      <styleUrl>#area3</styleUrl>
      <Polygon>
        <altitudeMode>relativeToGround</altitudeMode>
        <extrude>1</extrude>
        <outerBoundaryIs>
          <LinearRing>
            <coordinates>
              -70.8357841937,-33.1102757676,0
              -70.8357950757,-33.1107988331,0
              -70.8357686689,-33.1107992222,0
              -70.8357577870,-33.1102761567,0
              -70.8357841937,-33.1102757676,0
            </coordinates>
          </LinearRing>
        </outerBoundaryIs>
      </Polygon>
    </Placemark>
    <Placemark>
      <description><![CDATA[LIMITES_TRACKER<BR><BR><B>ELEVATION</B> = 0]]></description>
      <styleUrl>#area4</styleUrl>
      <Polygon>
        <altitudeMode>relativeToGround</altitudeMode>
        <extrude>1</extrude>
        <outerBoundaryIs>
          <LinearRing>
            <coordinates>
              -70.8358475189,-33.1102703254,0
              -70.8358211122,-33.1102707145,0
              -70.8358102303,-33.1097476489,0
              -70.8358366368,-33.1097472598,0
              -70.8358475189,-33.1102703254,0
            </coordinates>
          </LinearRing>
        </outerBoundaryIs>
      </Polygon>
    </Placemark>
    <Placemark>
      <description><![CDATA[LIMITES_TRACKER<BR><BR><B>ELEVATION</B> = 0]]></description>
      <styleUrl>#area4</styleUrl>
      <Polygon>
        <altitudeMode>relativeToGround</altitudeMode>
        <extrude>1</extrude>
        <outerBoundaryIs>
          <LinearRing>
            <coordinates>
              -70.8357732183,-33.1097481942,0
              -70.8357841000,-33.1102712598,0
              -70.8357576933,-33.1102716489,0
              -70.8357468117,-33.1097485833,0
              -70.8357732183,-33.1097481942,0
            </coordinates>
          </LinearRing>
        </outerBoundaryIs>
      </Polygon>
    </Placemark>
    <Placemark>
      <description><![CDATA[LIMITES_TRACKER<BR><BR><B>ELEVATION</B> = 0]]></description>
      <styleUrl>#area3</styleUrl>
      <Polygon>
        <altitudeMode>relativeToGround</altitudeMode>
        <extrude>1</extrude>
        <outerBoundaryIs>
          <LinearRing>
            <coordinates>
              -70.8357651470,-33.1124095340,0
              -70.8357387396,-33.1124099231,0
              -70.8357278573,-33.1118868577,0
              -70.8357542645,-33.1118864686,0
              -70.8357651470,-33.1124095340,0
            </coordinates>
          </LinearRing>
        </outerBoundaryIs>
      </Polygon>
    </Placemark>
    <Placemark>
      <description><![CDATA[LIMITES_TRACKER<BR><BR><B>ELEVATION</B> = 0]]></description>
      <styleUrl>#area3</styleUrl>
      <Polygon>
        <altitudeMode>relativeToGround</altitudeMode>
        <extrude>1</extrude>
        <outerBoundaryIs>
          <LinearRing>
            <coordinates>
              -70.8356908444,-33.1118874031,0
              -70.8357017265,-33.1124104685,0
              -70.8356753192,-33.1124108576,0
              -70.8356644372,-33.1118877922,0
              -70.8356908444,-33.1118874031,0
            </coordinates>
          </LinearRing>
        </outerBoundaryIs>
      </Polygon>
    </Placemark>
    <Placemark>
      <description><![CDATA[LIMITES_TRACKER<BR><BR><B>ELEVATION</B> = 0]]></description>
      <styleUrl>#area3</styleUrl>
      <Polygon>
        <altitudeMode>relativeToGround</altitudeMode>
        <extrude>1</extrude>
        <outerBoundaryIs>
          <LinearRing>
            <coordinates>
              -70.8357541707,-33.1118819608,0
              -70.8357277635,-33.1118823499,0
              -70.8357168815,-33.1113592845,0
              -70.8357432885,-33.1113588954,0
              -70.8357541707,-33.1118819608,0
            </coordinates>
          </LinearRing>
        </outerBoundaryIs>
      </Polygon>
    </Placemark>
    <Placemark>
      <description><![CDATA[LIMITES_TRACKER<BR><BR><B>ELEVATION</B> = 0]]></description>
      <styleUrl>#area3</styleUrl>
      <Polygon>
        <altitudeMode>relativeToGround</altitudeMode>
        <extrude>1</extrude>
        <outerBoundaryIs>
          <LinearRing>
            <coordinates>
              -70.8356798688,-33.1113598298,0
              -70.8356907506,-33.1118828953,0
              -70.8356643435,-33.1118832844,0
              -70.8356534618,-33.1113602189,0
              -70.8356798688,-33.1113598298,0
            </coordinates>
          </LinearRing>
        </outerBoundaryIs>
      </Polygon>
    </Placemark>
    <Placemark>
      <description><![CDATA[LIMITES_TRACKER<BR><BR><B>ELEVATION</B> = 0]]></description>
      <styleUrl>#area3</styleUrl>
      <Polygon>
        <altitudeMode>relativeToGround</altitudeMode>
        <extrude>1</extrude>
        <outerBoundaryIs>
          <LinearRing>
            <coordinates>
              -70.8357426321,-33.1113273409,0
              -70.8357162251,-33.1113277300,0
              -70.8357053433,-33.1108046645,0
              -70.8357317502,-33.1108042754,0
              -70.8357426321,-33.1113273409,0
            </coordinates>
          </LinearRing>
        </outerBoundaryIs>
      </Polygon>
    </Placemark>
    <Placemark>
      <description><![CDATA[LIMITES_TRACKER<BR><BR><B>ELEVATION</B> = 0]]></description>
      <styleUrl>#area3</styleUrl>
      <Polygon>
        <altitudeMode>relativeToGround</altitudeMode>
        <extrude>1</extrude>
        <outerBoundaryIs>
          <LinearRing>
            <coordinates>
              -70.8356683309,-33.1108052098,0
              -70.8356792124,-33.1113282753,0
              -70.8356528054,-33.1113286644,0
              -70.8356419240,-33.1108055989,0
              -70.8356683309,-33.1108052098,0
            </coordinates>
          </LinearRing>
        </outerBoundaryIs>
      </Polygon>
    </Placemark>
    <Placemark>
      <description><![CDATA[LIMITES_TRACKER<BR><BR><B>ELEVATION</B> = 0]]></description>
      <styleUrl>#area3</styleUrl>
      <Polygon>
        <altitudeMode>relativeToGround</altitudeMode>
        <extrude>1</extrude>
        <outerBoundaryIs>
          <LinearRing>
            <coordinates>
              -70.8357316564,-33.1107997676,0
              -70.8357052495,-33.1108001567,0
              -70.8356943681,-33.1102770911,0
              -70.8357207748,-33.1102767020,0
              -70.8357316564,-33.1107997676,0
            </coordinates>
          </LinearRing>
        </outerBoundaryIs>
      </Polygon>
    </Placemark>
    <Placemark>
      <description><![CDATA[LIMITES_TRACKER<BR><BR><B>ELEVATION</B> = 0]]></description>
      <styleUrl>#area3</styleUrl>
      <Polygon>
        <altitudeMode>relativeToGround</altitudeMode>
        <extrude>1</extrude>
        <outerBoundaryIs>
          <LinearRing>
            <coordinates>
              -70.8356573559,-33.1102776364,0
              -70.8356682371,-33.1108007020,0
              -70.8356418302,-33.1108010911,0
              -70.8356309492,-33.1102780255,0
              -70.8356573559,-33.1102776364,0
            </coordinates>
          </LinearRing>
        </outerBoundaryIs>
      </Polygon>
    </Placemark>
    <Placemark>
      <description><![CDATA[LIMITES_TRACKER<BR><BR><B>ELEVATION</B> = 0]]></description>
      <styleUrl>#area4</styleUrl>
      <Polygon>
        <altitudeMode>relativeToGround</altitudeMode>
        <extrude>1</extrude>
        <outerBoundaryIs>
          <LinearRing>
            <coordinates>
              -70.8357206810,-33.1102721943,0
              -70.8356942743,-33.1102725833,0
              -70.8356833932,-33.1097495177,0
              -70.8357097997,-33.1097491287,0
              -70.8357206810,-33.1102721943,0
            </coordinates>
          </LinearRing>
        </outerBoundaryIs>
      </Polygon>
    </Placemark>
    <Placemark>
      <description><![CDATA[LIMITES_TRACKER<BR><BR><B>ELEVATION</B> = 0]]></description>
      <styleUrl>#area4</styleUrl>
      <Polygon>
        <altitudeMode>relativeToGround</altitudeMode>
        <extrude>1</extrude>
        <outerBoundaryIs>
          <LinearRing>
            <coordinates>
              -70.8356463811,-33.1097500631,0
              -70.8356572621,-33.1102731287,0
              -70.8356308554,-33.1102735177,0
              -70.8356199746,-33.1097504521,0
              -70.8356463811,-33.1097500631,0
            </coordinates>
          </LinearRing>
        </outerBoundaryIs>
      </Polygon>
    </Placemark>
    <Placemark>
      <description><![CDATA[LIMITES_TRACKER<BR><BR><B>ELEVATION</B> = 0]]></description>
      <styleUrl>#area3</styleUrl>
      <Polygon>
        <altitudeMode>relativeToGround</altitudeMode>
        <extrude>1</extrude>
        <outerBoundaryIs>
          <LinearRing>
            <coordinates>
              -70.8356383060,-33.1124114029,0
              -70.8356118987,-33.1124117920,0
              -70.8356010171,-33.1118887266,0
              -70.8356274243,-33.1118883375,0
              -70.8356383060,-33.1124114029,0
            </coordinates>
          </LinearRing>
        </outerBoundaryIs>
      </Polygon>
    </Placemark>
    <Placemark>
      <description><![CDATA[LIMITES_TRACKER<BR><BR><B>ELEVATION</B> = 0]]></description>
      <styleUrl>#area3</styleUrl>
      <Polygon>
        <altitudeMode>relativeToGround</altitudeMode>
        <extrude>1</extrude>
        <outerBoundaryIs>
          <LinearRing>
            <coordinates>
              -70.8355640042,-33.1118892719,0
              -70.8355748856,-33.1124123373,0
              -70.8355484782,-33.1124127264,0
              -70.8355375970,-33.1118896610,0
              -70.8355640042,-33.1118892719,0
            </coordinates>
          </LinearRing>
        </outerBoundaryIs>
      </Polygon>
    </Placemark>
    <Placemark>
      <description><![CDATA[LIMITES_TRACKER<BR><BR><B>ELEVATION</B> = 0]]></description>
      <styleUrl>#area3</styleUrl>
      <Polygon>
        <altitudeMode>relativeToGround</altitudeMode>
        <extrude>1</extrude>
        <outerBoundaryIs>
          <LinearRing>
            <coordinates>
              -70.8356273305,-33.1118838297,0
              -70.8356009234,-33.1118842188,0
              -70.8355900421,-33.1113611533,0
              -70.8356164491,-33.1113607642,0
              -70.8356273305,-33.1118838297,0
            </coordinates>
          </LinearRing>
        </outerBoundaryIs>
      </Polygon>
    </Placemark>
    <Placemark>
      <description><![CDATA[LIMITES_TRACKER<BR><BR><B>ELEVATION</B> = 0]]></description>
      <styleUrl>#area3</styleUrl>
      <Polygon>
        <altitudeMode>relativeToGround</altitudeMode>
        <extrude>1</extrude>
        <outerBoundaryIs>
          <LinearRing>
            <coordinates>
              -70.8355530294,-33.1113616986,0
              -70.8355639104,-33.1118847641,0
              -70.8355375033,-33.1118851532,0
              -70.8355266224,-33.1113620877,0
              -70.8355530294,-33.1113616986,0
            </coordinates>
          </LinearRing>
        </outerBoundaryIs>
      </Polygon>
    </Placemark>
    <Placemark>
      <description><![CDATA[LIMITES_TRACKER<BR><BR><B>ELEVATION</B> = 0]]></description>
      <styleUrl>#area3</styleUrl>
      <Polygon>
        <altitudeMode>relativeToGround</altitudeMode>
        <extrude>1</extrude>
        <outerBoundaryIs>
          <LinearRing>
            <coordinates>
              -70.8356157927,-33.1113292097,0
              -70.8355893857,-33.1113295988,0
              -70.8355785047,-33.1108065332,0
              -70.8356049115,-33.1108061442,0
              -70.8356157927,-33.1113292097,0
            </coordinates>
          </LinearRing>
        </outerBoundaryIs>
      </Polygon>
    </Placemark>
    <Placemark>
      <description><![CDATA[LIMITES_TRACKER<BR><BR><B>ELEVATION</B> = 0]]></description>
      <styleUrl>#area3</styleUrl>
      <Polygon>
        <altitudeMode>relativeToGround</altitudeMode>
        <extrude>1</extrude>
        <outerBoundaryIs>
          <LinearRing>
            <coordinates>
              -70.8355414922,-33.1108070785,0
              -70.8355523730,-33.1113301441,0
              -70.8355259660,-33.1113305331,0
              -70.8355150854,-33.1108074676,0
              -70.8355414922,-33.1108070785,0
            </coordinates>
          </LinearRing>
        </outerBoundaryIs>
      </Polygon>
    </Placemark>
    <Placemark>
      <description><![CDATA[LIMITES_TRACKER<BR><BR><B>ELEVATION</B> = 0]]></description>
      <styleUrl>#area3</styleUrl>
      <Polygon>
        <altitudeMode>relativeToGround</altitudeMode>
        <extrude>1</extrude>
        <outerBoundaryIs>
          <LinearRing>
            <coordinates>
              -70.8356048178,-33.1108016364,0
              -70.8355784109,-33.1108020255,0
              -70.8355675302,-33.1102789599,0
              -70.8355939369,-33.1102785708,0
              -70.8356048178,-33.1108016364,0
            </coordinates>
          </LinearRing>
        </outerBoundaryIs>
      </Polygon>
    </Placemark>
    <Placemark>
      <description><![CDATA[LIMITES_TRACKER<BR><BR><B>ELEVATION</B> = 0]]></description>
      <styleUrl>#area3</styleUrl>
      <Polygon>
        <altitudeMode>relativeToGround</altitudeMode>
        <extrude>1</extrude>
        <outerBoundaryIs>
          <LinearRing>
            <coordinates>
              -70.8355305180,-33.1102795052,0
              -70.8355413985,-33.1108025708,0
              -70.8355149916,-33.1108029598,0
              -70.8355041113,-33.1102798942,0
              -70.8355305180,-33.1102795052,0
            </coordinates>
          </LinearRing>
        </outerBoundaryIs>
      </Polygon>
    </Placemark>
    <Placemark>
      <description><![CDATA[LIMITES_TRACKER<BR><BR><B>ELEVATION</B> = 0]]></description>
      <styleUrl>#area4</styleUrl>
      <Polygon>
        <altitudeMode>relativeToGround</altitudeMode>
        <extrude>1</extrude>
        <outerBoundaryIs>
          <LinearRing>
            <coordinates>
              -70.8355938432,-33.1102740630,0
              -70.8355674364,-33.1102744521,0
              -70.8355565560,-33.1097513864,0
              -70.8355829626,-33.1097509974,0
              -70.8355938432,-33.1102740630,0
            </coordinates>
          </LinearRing>
        </outerBoundaryIs>
      </Polygon>
    </Placemark>
    <Placemark>
      <description><![CDATA[LIMITES_TRACKER<BR><BR><B>ELEVATION</B> = 0]]></description>
      <styleUrl>#area4</styleUrl>
      <Polygon>
        <altitudeMode>relativeToGround</altitudeMode>
        <extrude>1</extrude>
        <outerBoundaryIs>
          <LinearRing>
            <coordinates>
              -70.8355195440,-33.1097519317,0
              -70.8355304242,-33.1102749974,0
              -70.8355040175,-33.1102753864,0
              -70.8354931375,-33.1097523208,0
              -70.8355195440,-33.1097519317,0
            </coordinates>
          </LinearRing>
        </outerBoundaryIs>
      </Polygon>
    </Placemark>
    <Placemark>
      <description><![CDATA[LIMITES_TRACKER<BR><BR><B>ELEVATION</B> = 0]]></description>
      <styleUrl>#area2</styleUrl>
      <Polygon>
        <altitudeMode>relativeToGround</altitudeMode>
        <extrude>1</extrude>
        <outerBoundaryIs>
          <LinearRing>
            <coordinates>
              -70.8355224401,-33.1129408449,0
              -70.8354960326,-33.1129412340,0
              -70.8354851515,-33.1124181686,0
              -70.8355115589,-33.1124177795,0
              -70.8355224401,-33.1129408449,0
            </coordinates>
          </LinearRing>
        </outerBoundaryIs>
      </Polygon>
    </Placemark>
    <Placemark>
      <description><![CDATA[LIMITES_TRACKER<BR><BR><B>ELEVATION</B> = 0]]></description>
      <styleUrl>#area2</styleUrl>
      <Polygon>
        <altitudeMode>relativeToGround</altitudeMode>
        <extrude>1</extrude>
        <outerBoundaryIs>
          <LinearRing>
            <coordinates>
              -70.8354481384,-33.1124187139,0
              -70.8354590193,-33.1129417793,0
              -70.8354326117,-33.1129421684,0
              -70.8354217310,-33.1124191029,0
              -70.8354481384,-33.1124187139,0
            </coordinates>
          </LinearRing>
        </outerBoundaryIs>
      </Polygon>
    </Placemark>
    <Placemark>
      <description><![CDATA[LIMITES_TRACKER<BR><BR><B>ELEVATION</B> = 0]]></description>
      <styleUrl>#area3</styleUrl>
      <Polygon>
        <altitudeMode>relativeToGround</altitudeMode>
        <extrude>1</extrude>
        <outerBoundaryIs>
          <LinearRing>
            <coordinates>
              -70.8355114651,-33.1124132717,0
              -70.8354850577,-33.1124136608,0
              -70.8354741769,-33.1118905953,0
              -70.8355005841,-33.1118902063,0
              -70.8355114651,-33.1124132717,0
            </coordinates>
          </LinearRing>
        </outerBoundaryIs>
      </Polygon>
    </Placemark>
    <Placemark>
      <description><![CDATA[LIMITES_TRACKER<BR><BR><B>ELEVATION</B> = 0]]></description>
      <styleUrl>#area3</styleUrl>
      <Polygon>
        <altitudeMode>relativeToGround</altitudeMode>
        <extrude>1</extrude>
        <outerBoundaryIs>
          <LinearRing>
            <coordinates>
              -70.8354371640,-33.1118911406,0
              -70.8354480446,-33.1124142061,0
              -70.8354216373,-33.1124145951,0
              -70.8354107568,-33.1118915296,0
              -70.8354371640,-33.1118911406,0
            </coordinates>
          </LinearRing>
        </outerBoundaryIs>
      </Polygon>
    </Placemark>
    <Placemark>
      <description><![CDATA[LIMITES_TRACKER<BR><BR><B>ELEVATION</B> = 0]]></description>
      <styleUrl>#area3</styleUrl>
      <Polygon>
        <altitudeMode>relativeToGround</altitudeMode>
        <extrude>1</extrude>
        <outerBoundaryIs>
          <LinearRing>
            <coordinates>
              -70.8355004903,-33.1118856985,0
              -70.8354740832,-33.1118860875,0
              -70.8354632026,-33.1113630220,0
              -70.8354896097,-33.1113626329,0
              -70.8355004903,-33.1118856985,0
            </coordinates>
          </LinearRing>
        </outerBoundaryIs>
      </Polygon>
    </Placemark>
    <Placemark>
      <description><![CDATA[LIMITES_TRACKER<BR><BR><B>ELEVATION</B> = 0]]></description>
      <styleUrl>#area3</styleUrl>
      <Polygon>
        <altitudeMode>relativeToGround</altitudeMode>
        <extrude>1</extrude>
        <outerBoundaryIs>
          <LinearRing>
            <coordinates>
              -70.8354261899,-33.1113635673,0
              -70.8354370702,-33.1118866328,0
              -70.8354106631,-33.1118870218,0
              -70.8353997829,-33.1113639563,0
              -70.8354261899,-33.1113635673,0
            </coordinates>
          </LinearRing>
        </outerBoundaryIs>
      </Polygon>
    </Placemark>
    <Placemark>
      <description><![CDATA[LIMITES_TRACKER<BR><BR><B>ELEVATION</B> = 0]]></description>
      <styleUrl>#area3</styleUrl>
      <Polygon>
        <altitudeMode>relativeToGround</altitudeMode>
        <extrude>1</extrude>
        <outerBoundaryIs>
          <LinearRing>
            <coordinates>
              -70.8354889533,-33.1113310784,0
              -70.8354625463,-33.1113314675,0
              -70.8354516660,-33.1108084019,0
              -70.8354780729,-33.1108080129,0
              -70.8354889533,-33.1113310784,0
            </coordinates>
          </LinearRing>
        </outerBoundaryIs>
      </Polygon>
    </Placemark>
    <Placemark>
      <description><![CDATA[LIMITES_TRACKER<BR><BR><B>ELEVATION</B> = 0]]></description>
      <styleUrl>#area3</styleUrl>
      <Polygon>
        <altitudeMode>relativeToGround</altitudeMode>
        <extrude>1</extrude>
        <outerBoundaryIs>
          <LinearRing>
            <coordinates>
              -70.8354146536,-33.1108089472,0
              -70.8354255336,-33.1113320128,0
              -70.8353991266,-33.1113324018,0
              -70.8353882467,-33.1108093362,0
              -70.8354146536,-33.1108089472,0
            </coordinates>
          </LinearRing>
        </outerBoundaryIs>
      </Polygon>
    </Placemark>
    <Placemark>
      <description><![CDATA[LIMITES_TRACKER<BR><BR><B>ELEVATION</B> = 0]]></description>
      <styleUrl>#area3</styleUrl>
      <Polygon>
        <altitudeMode>relativeToGround</altitudeMode>
        <extrude>1</extrude>
        <outerBoundaryIs>
          <LinearRing>
            <coordinates>
              -70.8354779791,-33.1108035051,0
              -70.8354515723,-33.1108038941,0
              -70.8354406923,-33.1102808285,0
              -70.8354670990,-33.1102804395,0
              -70.8354779791,-33.1108035051,0
            </coordinates>
          </LinearRing>
        </outerBoundaryIs>
      </Polygon>
    </Placemark>
    <Placemark>
      <description><![CDATA[LIMITES_TRACKER<BR><BR><B>ELEVATION</B> = 0]]></description>
      <styleUrl>#area3</styleUrl>
      <Polygon>
        <altitudeMode>relativeToGround</altitudeMode>
        <extrude>1</extrude>
        <outerBoundaryIs>
          <LinearRing>
            <coordinates>
              -70.8354036801,-33.1102813737,0
              -70.8354145598,-33.1108044394,0
              -70.8353881529,-33.1108048284,0
              -70.8353772734,-33.1102817628,0
              -70.8354036801,-33.1102813737,0
            </coordinates>
          </LinearRing>
        </outerBoundaryIs>
      </Polygon>
    </Placemark>
    <Placemark>
      <description><![CDATA[LIMITES_TRACKER<BR><BR><B>ELEVATION</B> = 0]]></description>
      <styleUrl>#area4</styleUrl>
      <Polygon>
        <altitudeMode>relativeToGround</altitudeMode>
        <extrude>1</extrude>
        <outerBoundaryIs>
          <LinearRing>
            <coordinates>
              -70.8354670053,-33.1102759317,0
              -70.8354405986,-33.1102763207,0
              -70.8354297189,-33.1097532550,0
              -70.8354561254,-33.1097528660,0
              -70.8354670053,-33.1102759317,0
            </coordinates>
          </LinearRing>
        </outerBoundaryIs>
      </Polygon>
    </Placemark>
    <Placemark>
      <description><![CDATA[LIMITES_TRACKER<BR><BR><B>ELEVATION</B> = 0]]></description>
      <styleUrl>#area4</styleUrl>
      <Polygon>
        <altitudeMode>relativeToGround</altitudeMode>
        <extrude>1</extrude>
        <outerBoundaryIs>
          <LinearRing>
            <coordinates>
              -70.8353927069,-33.1097538003,0
              -70.8354035863,-33.1102768660,0
              -70.8353771796,-33.1102772550,0
              -70.8353663003,-33.1097541893,0
              -70.8353927069,-33.1097538003,0
            </coordinates>
          </LinearRing>
        </outerBoundaryIs>
      </Polygon>
    </Placemark>
    <Placemark>
      <description><![CDATA[LIMITES_TRACKER<BR><BR><B>ELEVATION</B> = 0]]></description>
      <styleUrl>#area2</styleUrl>
      <Polygon>
        <altitudeMode>relativeToGround</altitudeMode>
        <extrude>1</extrude>
        <outerBoundaryIs>
          <LinearRing>
            <coordinates>
              -70.8353955984,-33.1129427136,0
              -70.8353691909,-33.1129431027,0
              -70.8353583105,-33.1124200372,0
              -70.8353847179,-33.1124196482,0
              -70.8353955984,-33.1129427136,0
            </coordinates>
          </LinearRing>
        </outerBoundaryIs>
      </Polygon>
    </Placemark>
    <Placemark>
      <description><![CDATA[LIMITES_TRACKER<BR><BR><B>ELEVATION</B> = 0]]></description>
      <styleUrl>#area2</styleUrl>
      <Polygon>
        <altitudeMode>relativeToGround</altitudeMode>
        <extrude>1</extrude>
        <outerBoundaryIs>
          <LinearRing>
            <coordinates>
              -70.8353212974,-33.1124205825,0
              -70.8353321775,-33.1129436480,0
              -70.8353057700,-33.1129440370,0
              -70.8352948900,-33.1124209715,0
              -70.8353212974,-33.1124205825,0
            </coordinates>
          </LinearRing>
        </outerBoundaryIs>
      </Polygon>
    </Placemark>
    <Placemark>
      <description><![CDATA[LIMITES_TRACKER<BR><BR><B>ELEVATION</B> = 0]]></description>
      <styleUrl>#area3</styleUrl>
      <Polygon>
        <altitudeMode>relativeToGround</altitudeMode>
        <extrude>1</extrude>
        <outerBoundaryIs>
          <LinearRing>
            <coordinates>
              -70.8353846241,-33.1124151404,0
              -70.8353582168,-33.1124155294,0
              -70.8353473367,-33.1118924639,0
              -70.8353737439,-33.1118920749,0
              -70.8353846241,-33.1124151404,0
            </coordinates>
          </LinearRing>
        </outerBoundaryIs>
      </Polygon>
    </Placemark>
    <Placemark>
      <description><![CDATA[LIMITES_TRACKER<BR><BR><B>ELEVATION</B> = 0]]></description>
      <styleUrl>#area3</styleUrl>
      <Polygon>
        <altitudeMode>relativeToGround</altitudeMode>
        <extrude>1</extrude>
        <outerBoundaryIs>
          <LinearRing>
            <coordinates>
              -70.8353103238,-33.1118930092,0
              -70.8353212036,-33.1124160747,0
              -70.8352947963,-33.1124164637,0
              -70.8352839166,-33.1118933982,0
              -70.8353103238,-33.1118930092,0
            </coordinates>
          </LinearRing>
        </outerBoundaryIs>
      </Polygon>
    </Placemark>
    <Placemark>
      <description><![CDATA[LIMITES_TRACKER<BR><BR><B>ELEVATION</B> = 0]]></description>
      <styleUrl>#area3</styleUrl>
      <Polygon>
        <altitudeMode>relativeToGround</altitudeMode>
        <extrude>1</extrude>
        <outerBoundaryIs>
          <LinearRing>
            <coordinates>
              -70.8353736501,-33.1118875671,0
              -70.8353472430,-33.1118879561,0
              -70.8353363632,-33.1113648906,0
              -70.8353627702,-33.1113645015,0
              -70.8353736501,-33.1118875671,0
            </coordinates>
          </LinearRing>
        </outerBoundaryIs>
      </Polygon>
    </Placemark>
    <Placemark>
      <description><![CDATA[LIMITES_TRACKER<BR><BR><B>ELEVATION</B> = 0]]></description>
      <styleUrl>#area3</styleUrl>
      <Polygon>
        <altitudeMode>relativeToGround</altitudeMode>
        <extrude>1</extrude>
        <outerBoundaryIs>
          <LinearRing>
            <coordinates>
              -70.8352993505,-33.1113654358,0
              -70.8353102300,-33.1118885014,0
              -70.8352838228,-33.1118888904,0
              -70.8352729434,-33.1113658248,0
              -70.8352993505,-33.1113654358,0
            </coordinates>
          </LinearRing>
        </outerBoundaryIs>
      </Polygon>
    </Placemark>
    <Placemark>
      <description><![CDATA[LIMITES_TRACKER<BR><BR><B>ELEVATION</B> = 0]]></description>
      <styleUrl>#area3</styleUrl>
      <Polygon>
        <altitudeMode>relativeToGround</altitudeMode>
        <extrude>1</extrude>
        <outerBoundaryIs>
          <LinearRing>
            <coordinates>
              -70.8353621139,-33.1113329470,0
              -70.8353357068,-33.1113333360,0
              -70.8353248274,-33.1108102704,0
              -70.8353512342,-33.1108098814,0
              -70.8353621139,-33.1113329470,0
            </coordinates>
          </LinearRing>
        </outerBoundaryIs>
      </Polygon>
    </Placemark>
    <Placemark>
      <description><![CDATA[LIMITES_TRACKER<BR><BR><B>ELEVATION</B> = 0]]></description>
      <styleUrl>#area3</styleUrl>
      <Polygon>
        <altitudeMode>relativeToGround</altitudeMode>
        <extrude>1</extrude>
        <outerBoundaryIs>
          <LinearRing>
            <coordinates>
              -70.8352878149,-33.1108108157,0
              -70.8352986942,-33.1113338813,0
              -70.8352722871,-33.1113342703,0
              -70.8352614080,-33.1108112046,0
              -70.8352878149,-33.1108108157,0
            </coordinates>
          </LinearRing>
        </outerBoundaryIs>
      </Polygon>
    </Placemark>
    <Placemark>
      <description><![CDATA[LIMITES_TRACKER<BR><BR><B>ELEVATION</B> = 0]]></description>
      <styleUrl>#area3</styleUrl>
      <Polygon>
        <altitudeMode>relativeToGround</altitudeMode>
        <extrude>1</extrude>
        <outerBoundaryIs>
          <LinearRing>
            <coordinates>
              -70.8353511405,-33.1108053736,0
              -70.8353247336,-33.1108057626,0
              -70.8353138544,-33.1102826970,0
              -70.8353402611,-33.1102823080,0
              -70.8353511405,-33.1108053736,0
            </coordinates>
          </LinearRing>
        </outerBoundaryIs>
      </Polygon>
    </Placemark>
    <Placemark>
      <description><![CDATA[LIMITES_TRACKER<BR><BR><B>ELEVATION</B> = 0]]></description>
      <styleUrl>#area3</styleUrl>
      <Polygon>
        <altitudeMode>relativeToGround</altitudeMode>
        <extrude>1</extrude>
        <outerBoundaryIs>
          <LinearRing>
            <coordinates>
              -70.8352768422,-33.1102832422,0
              -70.8352877211,-33.1108063079,0
              -70.8352613143,-33.1108066969,0
              -70.8352504355,-33.1102836312,0
              -70.8352768422,-33.1102832422,0
            </coordinates>
          </LinearRing>
        </outerBoundaryIs>
      </Polygon>
    </Placemark>
    <Placemark>
      <description><![CDATA[LIMITES_TRACKER<BR><BR><B>ELEVATION</B> = 0]]></description>
      <styleUrl>#area4</styleUrl>
      <Polygon>
        <altitudeMode>relativeToGround</altitudeMode>
        <extrude>1</extrude>
        <outerBoundaryIs>
          <LinearRing>
            <coordinates>
              -70.8353401674,-33.1102778002,0
              -70.8353137607,-33.1102781892,0
              -70.8353028817,-33.1097551235,0
              -70.8353292883,-33.1097547345,0
              -70.8353401674,-33.1102778002,0
            </coordinates>
          </LinearRing>
        </outerBoundaryIs>
      </Polygon>
    </Placemark>
    <Placemark>
      <description><![CDATA[LIMITES_TRACKER<BR><BR><B>ELEVATION</B> = 0]]></description>
      <styleUrl>#area4</styleUrl>
      <Polygon>
        <altitudeMode>relativeToGround</altitudeMode>
        <extrude>1</extrude>
        <outerBoundaryIs>
          <LinearRing>
            <coordinates>
              -70.8352658697,-33.1097556687,0
              -70.8352767484,-33.1102787344,0
              -70.8352503417,-33.1102791234,0
              -70.8352394632,-33.1097560577,0
              -70.8352658697,-33.1097556687,0
            </coordinates>
          </LinearRing>
        </outerBoundaryIs>
      </Polygon>
    </Placemark>
    <Placemark>
      <description><![CDATA[LIMITES_TRACKER<BR><BR><B>ELEVATION</B> = 0]]></description>
      <styleUrl>#area2</styleUrl>
      <Polygon>
        <altitudeMode>relativeToGround</altitudeMode>
        <extrude>1</extrude>
        <outerBoundaryIs>
          <LinearRing>
            <coordinates>
              -70.8352687567,-33.1129445822,0
              -70.8352423491,-33.1129449712,0
              -70.8352314696,-33.1124219057,0
              -70.8352578769,-33.1124215167,0
              -70.8352687567,-33.1129445822,0
            </coordinates>
          </LinearRing>
        </outerBoundaryIs>
      </Polygon>
    </Placemark>
    <Placemark>
      <description><![CDATA[LIMITES_TRACKER<BR><BR><B>ELEVATION</B> = 0]]></description>
      <styleUrl>#area2</styleUrl>
      <Polygon>
        <altitudeMode>relativeToGround</altitudeMode>
        <extrude>1</extrude>
        <outerBoundaryIs>
          <LinearRing>
            <coordinates>
              -70.8351944564,-33.1124224509,0
              -70.8352053358,-33.1129455165,0
              -70.8351789283,-33.1129459055,0
              -70.8351680491,-33.1124228399,0
              -70.8351944564,-33.1124224509,0
            </coordinates>
          </LinearRing>
        </outerBoundaryIs>
      </Polygon>
    </Placemark>
    <Placemark>
      <description><![CDATA[LIMITES_TRACKER<BR><BR><B>ELEVATION</B> = 0]]></description>
      <styleUrl>#area3</styleUrl>
      <Polygon>
        <altitudeMode>relativeToGround</altitudeMode>
        <extrude>1</extrude>
        <outerBoundaryIs>
          <LinearRing>
            <coordinates>
              -70.8352577831,-33.1124170089,0
              -70.8352313758,-33.1124173979,0
              -70.8352204965,-33.1118943324,0
              -70.8352469037,-33.1118939434,0
              -70.8352577831,-33.1124170089,0
            </coordinates>
          </LinearRing>
        </outerBoundaryIs>
      </Polygon>
    </Placemark>
    <Placemark>
      <description><![CDATA[LIMITES_TRACKER<BR><BR><B>ELEVATION</B> = 0]]></description>
      <styleUrl>#area3</styleUrl>
      <Polygon>
        <altitudeMode>relativeToGround</altitudeMode>
        <extrude>1</extrude>
        <outerBoundaryIs>
          <LinearRing>
            <coordinates>
              -70.8351834836,-33.1118948776,0
              -70.8351943627,-33.1124179432,0
              -70.8351679553,-33.1124183321,0
              -70.8351570764,-33.1118952666,0
              -70.8351834836,-33.1118948776,0
            </coordinates>
          </LinearRing>
        </outerBoundaryIs>
      </Polygon>
    </Placemark>
    <Placemark>
      <description><![CDATA[LIMITES_TRACKER<BR><BR><B>ELEVATION</B> = 0]]></description>
      <styleUrl>#area3</styleUrl>
      <Polygon>
        <altitudeMode>relativeToGround</altitudeMode>
        <extrude>1</extrude>
        <outerBoundaryIs>
          <LinearRing>
            <coordinates>
              -70.8352468099,-33.1118894356,0
              -70.8352204027,-33.1118898246,0
              -70.8352095237,-33.1113667590,0
              -70.8352359307,-33.1113663700,0
              -70.8352468099,-33.1118894356,0
            </coordinates>
          </LinearRing>
        </outerBoundaryIs>
      </Polygon>
    </Placemark>
    <Placemark>
      <description><![CDATA[LIMITES_TRACKER<BR><BR><B>ELEVATION</B> = 0]]></description>
      <styleUrl>#area3</styleUrl>
      <Polygon>
        <altitudeMode>relativeToGround</altitudeMode>
        <extrude>1</extrude>
        <outerBoundaryIs>
          <LinearRing>
            <coordinates>
              -70.8351725110,-33.1113673042,0
              -70.8351833898,-33.1118903698,0
              -70.8351569826,-33.1118907588,0
              -70.8351461040,-33.1113676932,0
              -70.8351725110,-33.1113673042,0
            </coordinates>
          </LinearRing>
        </outerBoundaryIs>
      </Polygon>
    </Placemark>
    <Placemark>
      <description><![CDATA[LIMITES_TRACKER<BR><BR><B>ELEVATION</B> = 0]]></description>
      <styleUrl>#area3</styleUrl>
      <Polygon>
        <altitudeMode>relativeToGround</altitudeMode>
        <extrude>1</extrude>
        <outerBoundaryIs>
          <LinearRing>
            <coordinates>
              -70.8352352744,-33.1113348155,0
              -70.8352088674,-33.1113352045,0
              -70.8351979887,-33.1108121388,0
              -70.8352243956,-33.1108117499,0
              -70.8352352744,-33.1113348155,0
            </coordinates>
          </LinearRing>
        </outerBoundaryIs>
      </Polygon>
    </Placemark>
    <Placemark>
      <description><![CDATA[LIMITES_TRACKER<BR><BR><B>ELEVATION</B> = 0]]></description>
      <styleUrl>#area3</styleUrl>
      <Polygon>
        <altitudeMode>relativeToGround</altitudeMode>
        <extrude>1</extrude>
        <outerBoundaryIs>
          <LinearRing>
            <coordinates>
              -70.8351609762,-33.1108126840,0
              -70.8351718547,-33.1113357497,0
              -70.8351454477,-33.1113361387,0
              -70.8351345693,-33.1108130730,0
              -70.8351609762,-33.1108126840,0
            </coordinates>
          </LinearRing>
        </outerBoundaryIs>
      </Polygon>
    </Placemark>
    <Placemark>
      <description><![CDATA[LIMITES_TRACKER<BR><BR><B>ELEVATION</B> = 0]]></description>
      <styleUrl>#area3</styleUrl>
      <Polygon>
        <altitudeMode>relativeToGround</altitudeMode>
        <extrude>1</extrude>
        <outerBoundaryIs>
          <LinearRing>
            <coordinates>
              -70.8352243018,-33.1108072421,0
              -70.8351978949,-33.1108076310,0
              -70.8351870165,-33.1102845653,0
              -70.8352134232,-33.1102841764,0
              -70.8352243018,-33.1108072421,0
            </coordinates>
          </LinearRing>
        </outerBoundaryIs>
      </Polygon>
    </Placemark>
    <Placemark>
      <description><![CDATA[LIMITES_TRACKER<BR><BR><B>ELEVATION</B> = 0]]></description>
      <styleUrl>#area3</styleUrl>
      <Polygon>
        <altitudeMode>relativeToGround</altitudeMode>
        <extrude>1</extrude>
        <outerBoundaryIs>
          <LinearRing>
            <coordinates>
              -70.8351500042,-33.1102851105,0
              -70.8351608825,-33.1108081762,0
              -70.8351344756,-33.1108085652,0
              -70.8351235975,-33.1102854995,0
              -70.8351500042,-33.1102851105,0
            </coordinates>
          </LinearRing>
        </outerBoundaryIs>
      </Polygon>
    </Placemark>
    <Placemark>
      <description><![CDATA[LIMITES_TRACKER<BR><BR><B>ELEVATION</B> = 0]]></description>
      <styleUrl>#area4</styleUrl>
      <Polygon>
        <altitudeMode>relativeToGround</altitudeMode>
        <extrude>1</extrude>
        <outerBoundaryIs>
          <LinearRing>
            <coordinates>
              -70.8352133295,-33.1102796686,0
              -70.8351869227,-33.1102800576,0
              -70.8351760446,-33.1097569918,0
              -70.8352024511,-33.1097566028,0
              -70.8352133295,-33.1102796686,0
            </coordinates>
          </LinearRing>
        </outerBoundaryIs>
      </Polygon>
    </Placemark>
    <Placemark>
      <description><![CDATA[LIMITES_TRACKER<BR><BR><B>ELEVATION</B> = 0]]></description>
      <styleUrl>#area4</styleUrl>
      <Polygon>
        <altitudeMode>relativeToGround</altitudeMode>
        <extrude>1</extrude>
        <outerBoundaryIs>
          <LinearRing>
            <coordinates>
              -70.8351390326,-33.1097575370,0
              -70.8351499105,-33.1102806027,0
              -70.8351235038,-33.1102809917,0
              -70.8351126260,-33.1097579259,0
              -70.8351390326,-33.1097575370,0
            </coordinates>
          </LinearRing>
        </outerBoundaryIs>
      </Polygon>
    </Placemark>
    <Placemark>
      <description><![CDATA[LIMITES_TRACKER<BR><BR><B>ELEVATION</B> = 0]]></description>
      <styleUrl>#area2</styleUrl>
      <Polygon>
        <altitudeMode>relativeToGround</altitudeMode>
        <extrude>1</extrude>
        <outerBoundaryIs>
          <LinearRing>
            <coordinates>
              -70.8351419149,-33.1129464507,0
              -70.8351155074,-33.1129468397,0
              -70.8351046286,-33.1124237741,0
              -70.8351310359,-33.1124233851,0
              -70.8351419149,-33.1129464507,0
            </coordinates>
          </LinearRing>
        </outerBoundaryIs>
      </Polygon>
    </Placemark>
    <Placemark>
      <description><![CDATA[LIMITES_TRACKER<BR><BR><B>ELEVATION</B> = 0]]></description>
      <styleUrl>#area2</styleUrl>
      <Polygon>
        <altitudeMode>relativeToGround</altitudeMode>
        <extrude>1</extrude>
        <outerBoundaryIs>
          <LinearRing>
            <coordinates>
              -70.8350676154,-33.1124243193,0
              -70.8350784940,-33.1129473849,0
              -70.8350520865,-33.1129477738,0
              -70.8350412081,-33.1124247083,0
              -70.8350676154,-33.1124243193,0
            </coordinates>
          </LinearRing>
        </outerBoundaryIs>
      </Polygon>
    </Placemark>
    <Placemark>
      <description><![CDATA[LIMITES_TRACKER<BR><BR><B>ELEVATION</B> = 0]]></description>
      <styleUrl>#area3</styleUrl>
      <Polygon>
        <altitudeMode>relativeToGround</altitudeMode>
        <extrude>1</extrude>
        <outerBoundaryIs>
          <LinearRing>
            <coordinates>
              -70.8351309422,-33.1124188774,0
              -70.8351045348,-33.1124192663,0
              -70.8350936562,-33.1118962007,0
              -70.8351200634,-33.1118958118,0
              -70.8351309422,-33.1124188774,0
            </coordinates>
          </LinearRing>
        </outerBoundaryIs>
      </Polygon>
    </Placemark>
    <Placemark>
      <description><![CDATA[LIMITES_TRACKER<BR><BR><B>ELEVATION</B> = 0]]></description>
      <styleUrl>#area3</styleUrl>
      <Polygon>
        <altitudeMode>relativeToGround</altitudeMode>
        <extrude>1</extrude>
        <outerBoundaryIs>
          <LinearRing>
            <coordinates>
              -70.8350566433,-33.1118967459,0
              -70.8350675217,-33.1124198115,0
              -70.8350411143,-33.1124202005,0
              -70.8350302361,-33.1118971349,0
              -70.8350566433,-33.1118967459,0
            </coordinates>
          </LinearRing>
        </outerBoundaryIs>
      </Polygon>
    </Placemark>
    <Placemark>
      <description><![CDATA[LIMITES_TRACKER<BR><BR><B>ELEVATION</B> = 0]]></description>
      <styleUrl>#area3</styleUrl>
      <Polygon>
        <altitudeMode>relativeToGround</altitudeMode>
        <extrude>1</extrude>
        <outerBoundaryIs>
          <LinearRing>
            <coordinates>
              -70.8351199697,-33.1118913040,0
              -70.8350935625,-33.1118916929,0
              -70.8350826842,-33.1113686273,0
              -70.8351090913,-33.1113682383,0
              -70.8351199697,-33.1118913040,0
            </coordinates>
          </LinearRing>
        </outerBoundaryIs>
      </Polygon>
    </Placemark>
    <Placemark>
      <description><![CDATA[LIMITES_TRACKER<BR><BR><B>ELEVATION</B> = 0]]></description>
      <styleUrl>#area3</styleUrl>
      <Polygon>
        <altitudeMode>relativeToGround</altitudeMode>
        <extrude>1</extrude>
        <outerBoundaryIs>
          <LinearRing>
            <coordinates>
              -70.8350456715,-33.1113691725,0
              -70.8350565496,-33.1118922381,0
              -70.8350301424,-33.1118926271,0
              -70.8350192645,-33.1113695614,0
              -70.8350456715,-33.1113691725,0
            </coordinates>
          </LinearRing>
        </outerBoundaryIs>
      </Polygon>
    </Placemark>
    <Placemark>
      <description><![CDATA[LIMITES_TRACKER<BR><BR><B>ELEVATION</B> = 0]]></description>
      <styleUrl>#area3</styleUrl>
      <Polygon>
        <altitudeMode>relativeToGround</altitudeMode>
        <extrude>1</extrude>
        <outerBoundaryIs>
          <LinearRing>
            <coordinates>
              -70.8351084350,-33.1113366838,0
              -70.8350820280,-33.1113370728,0
              -70.8350711500,-33.1108140071,0
              -70.8350975569,-33.1108136182,0
              -70.8351084350,-33.1113366838,0
            </coordinates>
          </LinearRing>
        </outerBoundaryIs>
      </Polygon>
    </Placemark>
    <Placemark>
      <description><![CDATA[LIMITES_TRACKER<BR><BR><B>ELEVATION</B> = 0]]></description>
      <styleUrl>#area3</styleUrl>
      <Polygon>
        <altitudeMode>relativeToGround</altitudeMode>
        <extrude>1</extrude>
        <outerBoundaryIs>
          <LinearRing>
            <coordinates>
              -70.8350341375,-33.1108145523,0
              -70.8350450153,-33.1113376180,0
              -70.8350186083,-33.1113380069,0
              -70.8350077307,-33.1108149412,0
              -70.8350341375,-33.1108145523,0
            </coordinates>
          </LinearRing>
        </outerBoundaryIs>
      </Polygon>
    </Placemark>
    <Placemark>
      <description><![CDATA[LIMITES_TRACKER<BR><BR><B>ELEVATION</B> = 0]]></description>
      <styleUrl>#area3</styleUrl>
      <Polygon>
        <altitudeMode>relativeToGround</altitudeMode>
        <extrude>1</extrude>
        <outerBoundaryIs>
          <LinearRing>
            <coordinates>
              -70.8350974631,-33.1108091104,0
              -70.8350710563,-33.1108094993,0
              -70.8350601786,-33.1102864336,0
              -70.8350865853,-33.1102860446,0
              -70.8350974631,-33.1108091104,0
            </coordinates>
          </LinearRing>
        </outerBoundaryIs>
      </Polygon>
    </Placemark>
    <Placemark>
      <description><![CDATA[LIMITES_TRACKER<BR><BR><B>ELEVATION</B> = 0]]></description>
      <styleUrl>#area3</styleUrl>
      <Polygon>
        <altitudeMode>relativeToGround</altitudeMode>
        <extrude>1</extrude>
        <outerBoundaryIs>
          <LinearRing>
            <coordinates>
              -70.8350231663,-33.1102869787,0
              -70.8350340438,-33.1108100445,0
              -70.8350076369,-33.1108104334,0
              -70.8349967596,-33.1102873676,0
              -70.8350231663,-33.1102869787,0
            </coordinates>
          </LinearRing>
        </outerBoundaryIs>
      </Polygon>
    </Placemark>
    <Placemark>
      <description><![CDATA[LIMITES_TRACKER<BR><BR><B>ELEVATION</B> = 0]]></description>
      <styleUrl>#area4</styleUrl>
      <Polygon>
        <altitudeMode>relativeToGround</altitudeMode>
        <extrude>1</extrude>
        <outerBoundaryIs>
          <LinearRing>
            <coordinates>
              -70.8350864915,-33.1102815368,0
              -70.8350600848,-33.1102819258,0
              -70.8350492074,-33.1097588600,0
              -70.8350756140,-33.1097584711,0
              -70.8350864915,-33.1102815368,0
            </coordinates>
          </LinearRing>
        </outerBoundaryIs>
      </Polygon>
    </Placemark>
    <Placemark>
      <description><![CDATA[LIMITES_TRACKER<BR><BR><B>ELEVATION</B> = 0]]></description>
      <styleUrl>#area4</styleUrl>
      <Polygon>
        <altitudeMode>relativeToGround</altitudeMode>
        <extrude>1</extrude>
        <outerBoundaryIs>
          <LinearRing>
            <coordinates>
              -70.8350121954,-33.1097594051,0
              -70.8350230726,-33.1102824709,0
              -70.8349966659,-33.1102828599,0
              -70.8349857888,-33.1097597941,0
              -70.8350121954,-33.1097594051,0
            </coordinates>
          </LinearRing>
        </outerBoundaryIs>
      </Polygon>
    </Placemark>
    <Placemark>
      <description><![CDATA[LIMITES_TRACKER<BR><BR><B>ELEVATION</B> = 0]]></description>
      <styleUrl>#area2</styleUrl>
      <Polygon>
        <altitudeMode>relativeToGround</altitudeMode>
        <extrude>1</extrude>
        <outerBoundaryIs>
          <LinearRing>
            <coordinates>
              -70.8350150731,-33.1129483190,0
              -70.8349886656,-33.1129487079,0
              -70.8349777875,-33.1124256424,0
              -70.8350041949,-33.1124252534,0
              -70.8350150731,-33.1129483190,0
            </coordinates>
          </LinearRing>
        </outerBoundaryIs>
      </Polygon>
    </Placemark>
    <Placemark>
      <description><![CDATA[LIMITES_TRACKER<BR><BR><B>ELEVATION</B> = 0]]></description>
      <styleUrl>#area2</styleUrl>
      <Polygon>
        <altitudeMode>relativeToGround</altitudeMode>
        <extrude>1</extrude>
        <outerBoundaryIs>
          <LinearRing>
            <coordinates>
              -70.8349407744,-33.1124261875,0
              -70.8349516523,-33.1129492531,0
              -70.8349252448,-33.1129496420,0
              -70.8349143670,-33.1124265764,0
              -70.8349407744,-33.1124261875,0
            </coordinates>
          </LinearRing>
        </outerBoundaryIs>
      </Polygon>
    </Placemark>
    <Placemark>
      <description><![CDATA[LIMITES_TRACKER<BR><BR><B>ELEVATION</B> = 0]]></description>
      <styleUrl>#area3</styleUrl>
      <Polygon>
        <altitudeMode>relativeToGround</altitudeMode>
        <extrude>1</extrude>
        <outerBoundaryIs>
          <LinearRing>
            <coordinates>
              -70.8350041012,-33.1124207456,0
              -70.8349776938,-33.1124211346,0
              -70.8349668160,-33.1118980690,0
              -70.8349932232,-33.1118976800,0
              -70.8350041012,-33.1124207456,0
            </coordinates>
          </LinearRing>
        </outerBoundaryIs>
      </Polygon>
    </Placemark>
    <Placemark>
      <description><![CDATA[LIMITES_TRACKER<BR><BR><B>ELEVATION</B> = 0]]></description>
      <styleUrl>#area3</styleUrl>
      <Polygon>
        <altitudeMode>relativeToGround</altitudeMode>
        <extrude>1</extrude>
        <outerBoundaryIs>
          <LinearRing>
            <coordinates>
              -70.8349298031,-33.1118986141,0
              -70.8349406806,-33.1124216797,0
              -70.8349142733,-33.1124220687,0
              -70.8349033959,-33.1118990030,0
              -70.8349298031,-33.1118986141,0
            </coordinates>
          </LinearRing>
        </outerBoundaryIs>
      </Polygon>
    </Placemark>
    <Placemark>
      <description><![CDATA[LIMITES_TRACKER<BR><BR><B>ELEVATION</B> = 0]]></description>
      <styleUrl>#area3</styleUrl>
      <Polygon>
        <altitudeMode>relativeToGround</altitudeMode>
        <extrude>1</extrude>
        <outerBoundaryIs>
          <LinearRing>
            <coordinates>
              -70.8349931294,-33.1118931722,0
              -70.8349667222,-33.1118935612,0
              -70.8349558447,-33.1113704955,0
              -70.8349822518,-33.1113701066,0
              -70.8349931294,-33.1118931722,0
            </coordinates>
          </LinearRing>
        </outerBoundaryIs>
      </Polygon>
    </Placemark>
    <Placemark>
      <description><![CDATA[LIMITES_TRACKER<BR><BR><B>ELEVATION</B> = 0]]></description>
      <styleUrl>#area3</styleUrl>
      <Polygon>
        <altitudeMode>relativeToGround</altitudeMode>
        <extrude>1</extrude>
        <outerBoundaryIs>
          <LinearRing>
            <coordinates>
              -70.8349188320,-33.1113710406,0
              -70.8349297093,-33.1118941063,0
              -70.8349033021,-33.1118944952,0
              -70.8348924250,-33.1113714295,0
              -70.8349188320,-33.1113710406,0
            </coordinates>
          </LinearRing>
        </outerBoundaryIs>
      </Polygon>
    </Placemark>
    <Placemark>
      <description><![CDATA[LIMITES_TRACKER<BR><BR><B>ELEVATION</B> = 0]]></description>
      <styleUrl>#area3</styleUrl>
      <Polygon>
        <altitudeMode>relativeToGround</altitudeMode>
        <extrude>1</extrude>
        <outerBoundaryIs>
          <LinearRing>
            <coordinates>
              -70.8349815956,-33.1113385520,0
              -70.8349551885,-33.1113389410,0
              -70.8349443113,-33.1108158752,0
              -70.8349707182,-33.1108154863,0
              -70.8349815956,-33.1113385520,0
            </coordinates>
          </LinearRing>
        </outerBoundaryIs>
      </Polygon>
    </Placemark>
    <Placemark>
      <description><![CDATA[LIMITES_TRACKER<BR><BR><B>ELEVATION</B> = 0]]></description>
      <styleUrl>#area3</styleUrl>
      <Polygon>
        <altitudeMode>relativeToGround</altitudeMode>
        <extrude>1</extrude>
        <outerBoundaryIs>
          <LinearRing>
            <coordinates>
              -70.8349072988,-33.1108164204,0
              -70.8349181758,-33.1113394861,0
              -70.8348917688,-33.1113398750,0
              -70.8348808920,-33.1108168093,0
              -70.8349072988,-33.1108164204,0
            </coordinates>
          </LinearRing>
        </outerBoundaryIs>
      </Polygon>
    </Placemark>
    <Placemark>
      <description><![CDATA[LIMITES_TRACKER<BR><BR><B>ELEVATION</B> = 0]]></description>
      <styleUrl>#area3</styleUrl>
      <Polygon>
        <altitudeMode>relativeToGround</altitudeMode>
        <extrude>1</extrude>
        <outerBoundaryIs>
          <LinearRing>
            <coordinates>
              -70.8349706244,-33.1108109785,0
              -70.8349442176,-33.1108113675,0
              -70.8349333406,-33.1102883017,0
              -70.8349597473,-33.1102879128,0
              -70.8349706244,-33.1108109785,0
            </coordinates>
          </LinearRing>
        </outerBoundaryIs>
      </Polygon>
    </Placemark>
    <Placemark>
      <description><![CDATA[LIMITES_TRACKER<BR><BR><B>ELEVATION</B> = 0]]></description>
      <styleUrl>#area3</styleUrl>
      <Polygon>
        <altitudeMode>relativeToGround</altitudeMode>
        <extrude>1</extrude>
        <outerBoundaryIs>
          <LinearRing>
            <coordinates>
              -70.8348963284,-33.1102888468,0
              -70.8349072051,-33.1108119126,0
              -70.8348807982,-33.1108123015,0
              -70.8348699216,-33.1102892357,0
              -70.8348963284,-33.1102888468,0
            </coordinates>
          </LinearRing>
        </outerBoundaryIs>
      </Polygon>
    </Placemark>
    <Placemark>
      <description><![CDATA[LIMITES_TRACKER<BR><BR><B>ELEVATION</B> = 0]]></description>
      <styleUrl>#area4</styleUrl>
      <Polygon>
        <altitudeMode>relativeToGround</altitudeMode>
        <extrude>1</extrude>
        <outerBoundaryIs>
          <LinearRing>
            <coordinates>
              -70.8349596536,-33.1102834050,0
              -70.8349332469,-33.1102837939,0
              -70.8349223702,-33.1097607281,0
              -70.8349487768,-33.1097603392,0
              -70.8349596536,-33.1102834050,0
            </coordinates>
          </LinearRing>
        </outerBoundaryIs>
      </Polygon>
    </Placemark>
    <Placemark>
      <description><![CDATA[LIMITES_TRACKER<BR><BR><B>ELEVATION</B> = 0]]></description>
      <styleUrl>#area4</styleUrl>
      <Polygon>
        <altitudeMode>relativeToGround</altitudeMode>
        <extrude>1</extrude>
        <outerBoundaryIs>
          <LinearRing>
            <coordinates>
              -70.8348853582,-33.1097612732,0
              -70.8348962346,-33.1102843390,0
              -70.8348698279,-33.1102847279,0
              -70.8348589516,-33.1097616621,0
              -70.8348853582,-33.1097612732,0
            </coordinates>
          </LinearRing>
        </outerBoundaryIs>
      </Polygon>
    </Placemark>
    <Placemark>
      <description><![CDATA[LIMITES_TRACKER<BR><BR><B>ELEVATION</B> = 0]]></description>
      <styleUrl>#area1</styleUrl>
      <Polygon>
        <altitudeMode>relativeToGround</altitudeMode>
        <extrude>1</extrude>
        <outerBoundaryIs>
          <LinearRing>
            <coordinates>
              -70.8348882314,-33.1129501872,0
              -70.8348618239,-33.1129505761,0
              -70.8348509465,-33.1124275105,0
              -70.8348773539,-33.1124271216,0
              -70.8348882314,-33.1129501872,0
            </coordinates>
          </LinearRing>
        </outerBoundaryIs>
      </Polygon>
    </Placemark>
    <Placemark>
      <description><![CDATA[LIMITES_TRACKER<BR><BR><B>ELEVATION</B> = 0]]></description>
      <styleUrl>#area1</styleUrl>
      <Polygon>
        <altitudeMode>relativeToGround</altitudeMode>
        <extrude>1</extrude>
        <outerBoundaryIs>
          <LinearRing>
            <coordinates>
              -70.8348139334,-33.1124280556,0
              -70.8348248105,-33.1129511212,0
              -70.8347984030,-33.1129515101,0
              -70.8347875260,-33.1124284445,0
              -70.8348139334,-33.1124280556,0
            </coordinates>
          </LinearRing>
        </outerBoundaryIs>
      </Polygon>
    </Placemark>
    <Placemark>
      <description><![CDATA[LIMITES_TRACKER<BR><BR><B>ELEVATION</B> = 0]]></description>
      <styleUrl>#area2</styleUrl>
      <Polygon>
        <altitudeMode>relativeToGround</altitudeMode>
        <extrude>1</extrude>
        <outerBoundaryIs>
          <LinearRing>
            <coordinates>
              -70.8348772601,-33.1124226138,0
              -70.8348508528,-33.1124230027,0
              -70.8348399757,-33.1118999370,0
              -70.8348663829,-33.1118995481,0
              -70.8348772601,-33.1124226138,0
            </coordinates>
          </LinearRing>
        </outerBoundaryIs>
      </Polygon>
    </Placemark>
    <Placemark>
      <description><![CDATA[LIMITES_TRACKER<BR><BR><B>ELEVATION</B> = 0]]></description>
      <styleUrl>#area2</styleUrl>
      <Polygon>
        <altitudeMode>relativeToGround</altitudeMode>
        <extrude>1</extrude>
        <outerBoundaryIs>
          <LinearRing>
            <coordinates>
              -70.8348029628,-33.1119004821,0
              -70.8348138396,-33.1124235478,0
              -70.8347874323,-33.1124239367,0
              -70.8347765556,-33.1119008710,0
              -70.8348029628,-33.1119004821,0
            </coordinates>
          </LinearRing>
        </outerBoundaryIs>
      </Polygon>
    </Placemark>
    <Placemark>
      <description><![CDATA[LIMITES_TRACKER<BR><BR><B>ELEVATION</B> = 0]]></description>
      <styleUrl>#area3</styleUrl>
      <Polygon>
        <altitudeMode>relativeToGround</altitudeMode>
        <extrude>1</extrude>
        <outerBoundaryIs>
          <LinearRing>
            <coordinates>
              -70.8348662892,-33.1118950403,0
              -70.8348398820,-33.1118954293,0
              -70.8348290052,-33.1113723635,0
              -70.8348554123,-33.1113719746,0
              -70.8348662892,-33.1118950403,0
            </coordinates>
          </LinearRing>
        </outerBoundaryIs>
      </Polygon>
    </Placemark>
    <Placemark>
      <description><![CDATA[LIMITES_TRACKER<BR><BR><B>ELEVATION</B> = 0]]></description>
      <styleUrl>#area3</styleUrl>
      <Polygon>
        <altitudeMode>relativeToGround</altitudeMode>
        <extrude>1</extrude>
        <outerBoundaryIs>
          <LinearRing>
            <coordinates>
              -70.8347919925,-33.1113729086,0
              -70.8348028691,-33.1118959744,0
              -70.8347764619,-33.1118963632,0
              -70.8347655855,-33.1113732975,0
              -70.8347919925,-33.1113729086,0
            </coordinates>
          </LinearRing>
        </outerBoundaryIs>
      </Polygon>
    </Placemark>
    <Placemark>
      <description><![CDATA[LIMITES_TRACKER<BR><BR><B>ELEVATION</B> = 0]]></description>
      <styleUrl>#area3</styleUrl>
      <Polygon>
        <altitudeMode>relativeToGround</altitudeMode>
        <extrude>1</extrude>
        <outerBoundaryIs>
          <LinearRing>
            <coordinates>
              -70.8348547561,-33.1113404201,0
              -70.8348283491,-33.1113408090,0
              -70.8348174726,-33.1108177433,0
              -70.8348438795,-33.1108173544,0
              -70.8348547561,-33.1113404201,0
            </coordinates>
          </LinearRing>
        </outerBoundaryIs>
      </Polygon>
    </Placemark>
    <Placemark>
      <description><![CDATA[LIMITES_TRACKER<BR><BR><B>ELEVATION</B> = 0]]></description>
      <styleUrl>#area3</styleUrl>
      <Polygon>
        <altitudeMode>relativeToGround</altitudeMode>
        <extrude>1</extrude>
        <outerBoundaryIs>
          <LinearRing>
            <coordinates>
              -70.8347804601,-33.1108182883,0
              -70.8347913364,-33.1113413541,0
              -70.8347649293,-33.1113417430,0
              -70.8347540532,-33.1108186772,0
              -70.8347804601,-33.1108182883,0
            </coordinates>
          </LinearRing>
        </outerBoundaryIs>
      </Polygon>
    </Placemark>
    <Placemark>
      <description><![CDATA[LIMITES_TRACKER<BR><BR><B>ELEVATION</B> = 0]]></description>
      <styleUrl>#area4</styleUrl>
      <Polygon>
        <altitudeMode>relativeToGround</altitudeMode>
        <extrude>1</extrude>
        <outerBoundaryIs>
          <LinearRing>
            <coordinates>
              -70.8348437857,-33.1108128466,0
              -70.8348173789,-33.1108132355,0
              -70.8348065027,-33.1102901697,0
              -70.8348329094,-33.1102897808,0
              -70.8348437857,-33.1108128466,0
            </coordinates>
          </LinearRing>
        </outerBoundaryIs>
      </Polygon>
    </Placemark>
    <Placemark>
      <description><![CDATA[LIMITES_TRACKER<BR><BR><B>ELEVATION</B> = 0]]></description>
      <styleUrl>#area4</styleUrl>
      <Polygon>
        <altitudeMode>relativeToGround</altitudeMode>
        <extrude>1</extrude>
        <outerBoundaryIs>
          <LinearRing>
            <coordinates>
              -70.8347694904,-33.1102907147,0
              -70.8347803664,-33.1108137805,0
              -70.8347539595,-33.1108141694,0
              -70.8347430837,-33.1102911036,0
              -70.8347694904,-33.1102907147,0
            </coordinates>
          </LinearRing>
        </outerBoundaryIs>
      </Polygon>
    </Placemark>
    <Placemark>
      <description><![CDATA[LIMITES_TRACKER<BR><BR><B>ELEVATION</B> = 0]]></description>
      <styleUrl>#area1</styleUrl>
      <Polygon>
        <altitudeMode>relativeToGround</altitudeMode>
        <extrude>1</extrude>
        <outerBoundaryIs>
          <LinearRing>
            <coordinates>
              -70.8348328157,-33.1102852730,0
              -70.8348064089,-33.1102856619,0
              -70.8347955330,-33.1097625960,0
              -70.8348219396,-33.1097622071,0
              -70.8348328157,-33.1102852730,0
            </coordinates>
          </LinearRing>
        </outerBoundaryIs>
      </Polygon>
    </Placemark>
    <Placemark>
      <description><![CDATA[LIMITES_TRACKER<BR><BR><B>ELEVATION</B> = 0]]></description>
      <styleUrl>#area1</styleUrl>
      <Polygon>
        <altitudeMode>relativeToGround</altitudeMode>
        <extrude>1</extrude>
        <outerBoundaryIs>
          <LinearRing>
            <coordinates>
              -70.8347585210,-33.1097631411,0
              -70.8347693967,-33.1102862069,0
              -70.8347429900,-33.1102865958,0
              -70.8347321144,-33.1097635299,0
              -70.8347585210,-33.1097631411,0
            </coordinates>
          </LinearRing>
        </outerBoundaryIs>
      </Polygon>
    </Placemark>
    <Placemark>
      <description><![CDATA[LIMITES_TRACKER<BR><BR><B>ELEVATION</B> = 0]]></description>
      <styleUrl>#area2</styleUrl>
      <Polygon>
        <altitudeMode>relativeToGround</altitudeMode>
        <extrude>1</extrude>
        <outerBoundaryIs>
          <LinearRing>
            <coordinates>
              -70.8347504191,-33.1124244818,0
              -70.8347240118,-33.1124248707,0
              -70.8347131354,-33.1119018050,0
              -70.8347395427,-33.1119014161,0
              -70.8347504191,-33.1124244818,0
            </coordinates>
          </LinearRing>
        </outerBoundaryIs>
      </Polygon>
    </Placemark>
    <Placemark>
      <description><![CDATA[LIMITES_TRACKER<BR><BR><B>ELEVATION</B> = 0]]></description>
      <styleUrl>#area2</styleUrl>
      <Polygon>
        <altitudeMode>relativeToGround</altitudeMode>
        <extrude>1</extrude>
        <outerBoundaryIs>
          <LinearRing>
            <coordinates>
              -70.8346761225,-33.1119023501,0
              -70.8346869986,-33.1124254158,0
              -70.8346605912,-33.1124258047,0
              -70.8346497153,-33.1119027389,0
              -70.8346761225,-33.1119023501,0
            </coordinates>
          </LinearRing>
        </outerBoundaryIs>
      </Polygon>
    </Placemark>
    <Placemark>
      <description><![CDATA[LIMITES_TRACKER<BR><BR><B>ELEVATION</B> = 0]]></description>
      <styleUrl>#area3</styleUrl>
      <Polygon>
        <altitudeMode>relativeToGround</altitudeMode>
        <extrude>1</extrude>
        <outerBoundaryIs>
          <LinearRing>
            <coordinates>
              -70.8347394489,-33.1118969083,0
              -70.8347130417,-33.1118972972,0
              -70.8347021657,-33.1113742315,0
              -70.8347285727,-33.1113738426,0
              -70.8347394489,-33.1118969083,0
            </coordinates>
          </LinearRing>
        </outerBoundaryIs>
      </Polygon>
    </Placemark>
    <Placemark>
      <description><![CDATA[LIMITES_TRACKER<BR><BR><B>ELEVATION</B> = 0]]></description>
      <styleUrl>#area3</styleUrl>
      <Polygon>
        <altitudeMode>relativeToGround</altitudeMode>
        <extrude>1</extrude>
        <outerBoundaryIs>
          <LinearRing>
            <coordinates>
              -70.8346651530,-33.1113747765,0
              -70.8346760288,-33.1118978423,0
              -70.8346496216,-33.1118982311,0
              -70.8346387459,-33.1113751654,0
              -70.8346651530,-33.1113747765,0
            </coordinates>
          </LinearRing>
        </outerBoundaryIs>
      </Polygon>
    </Placemark>
    <Placemark>
      <description><![CDATA[LIMITES_TRACKER<BR><BR><B>ELEVATION</B> = 0]]></description>
      <styleUrl>#area3</styleUrl>
      <Polygon>
        <altitudeMode>relativeToGround</altitudeMode>
        <extrude>1</extrude>
        <outerBoundaryIs>
          <LinearRing>
            <coordinates>
              -70.8347279166,-33.1113422881,0
              -70.8347015096,-33.1113426769,0
              -70.8346906339,-33.1108196111,0
              -70.8347170408,-33.1108192223,0
              -70.8347279166,-33.1113422881,0
            </coordinates>
          </LinearRing>
        </outerBoundaryIs>
      </Polygon>
    </Placemark>
    <Placemark>
      <description><![CDATA[LIMITES_TRACKER<BR><BR><B>ELEVATION</B> = 0]]></description>
      <styleUrl>#area3</styleUrl>
      <Polygon>
        <altitudeMode>relativeToGround</altitudeMode>
        <extrude>1</extrude>
        <outerBoundaryIs>
          <LinearRing>
            <coordinates>
              -70.8346536214,-33.1108201562,0
              -70.8346644969,-33.1113432220,0
              -70.8346380899,-33.1113436109,0
              -70.8346272145,-33.1108205450,0
              -70.8346536214,-33.1108201562,0
            </coordinates>
          </LinearRing>
        </outerBoundaryIs>
      </Polygon>
    </Placemark>
    <Placemark>
      <description><![CDATA[LIMITES_TRACKER<BR><BR><B>ELEVATION</B> = 0]]></description>
      <styleUrl>#area4</styleUrl>
      <Polygon>
        <altitudeMode>relativeToGround</altitudeMode>
        <extrude>1</extrude>
        <outerBoundaryIs>
          <LinearRing>
            <coordinates>
              -70.8347169470,-33.1108147145,0
              -70.8346905401,-33.1108151034,0
              -70.8346796647,-33.1102920375,0
              -70.8347060714,-33.1102916486,0
              -70.8347169470,-33.1108147145,0
            </coordinates>
          </LinearRing>
        </outerBoundaryIs>
      </Polygon>
    </Placemark>
    <Placemark>
      <description><![CDATA[LIMITES_TRACKER<BR><BR><B>ELEVATION</B> = 0]]></description>
      <styleUrl>#area4</styleUrl>
      <Polygon>
        <altitudeMode>relativeToGround</altitudeMode>
        <extrude>1</extrude>
        <outerBoundaryIs>
          <LinearRing>
            <coordinates>
              -70.8346426524,-33.1102925825,0
              -70.8346535277,-33.1108156484,0
              -70.8346271208,-33.1108160372,0
              -70.8346162457,-33.1102929714,0
              -70.8346426524,-33.1102925825,0
            </coordinates>
          </LinearRing>
        </outerBoundaryIs>
      </Polygon>
    </Placemark>
    <Placemark>
      <description><![CDATA[LIMITES_TRACKER<BR><BR><B>ELEVATION</B> = 0]]></description>
      <styleUrl>#area2</styleUrl>
      <Polygon>
        <altitudeMode>relativeToGround</altitudeMode>
        <extrude>1</extrude>
        <outerBoundaryIs>
          <LinearRing>
            <coordinates>
              -70.8346235781,-33.1124263497,0
              -70.8345971707,-33.1124267386,0
              -70.8345862952,-33.1119036728,0
              -70.8346127024,-33.1119032840,0
              -70.8346235781,-33.1124263497,0
            </coordinates>
          </LinearRing>
        </outerBoundaryIs>
      </Polygon>
    </Placemark>
    <Placemark>
      <description><![CDATA[LIMITES_TRACKER<BR><BR><B>ELEVATION</B> = 0]]></description>
      <styleUrl>#area2</styleUrl>
      <Polygon>
        <altitudeMode>relativeToGround</altitudeMode>
        <extrude>1</extrude>
        <outerBoundaryIs>
          <LinearRing>
            <coordinates>
              -70.8345492822,-33.1119042179,0
              -70.8345601576,-33.1124272836,0
              -70.8345337502,-33.1124276725,0
              -70.8345228750,-33.1119046067,0
              -70.8345492822,-33.1119042179,0
            </coordinates>
          </LinearRing>
        </outerBoundaryIs>
      </Polygon>
    </Placemark>
    <Placemark>
      <description><![CDATA[LIMITES_TRACKER<BR><BR><B>ELEVATION</B> = 0]]></description>
      <styleUrl>#area3</styleUrl>
      <Polygon>
        <altitudeMode>relativeToGround</altitudeMode>
        <extrude>1</extrude>
        <outerBoundaryIs>
          <LinearRing>
            <coordinates>
              -70.8346126086,-33.1118987762,0
              -70.8345862014,-33.1118991650,0
              -70.8345753262,-33.1113760993,0
              -70.8346017332,-33.1113757104,0
              -70.8346126086,-33.1118987762,0
            </coordinates>
          </LinearRing>
        </outerBoundaryIs>
      </Polygon>
    </Placemark>
    <Placemark>
      <description><![CDATA[LIMITES_TRACKER<BR><BR><B>ELEVATION</B> = 0]]></description>
      <styleUrl>#area3</styleUrl>
      <Polygon>
        <altitudeMode>relativeToGround</altitudeMode>
        <extrude>1</extrude>
        <outerBoundaryIs>
          <LinearRing>
            <coordinates>
              -70.8345383134,-33.1113766443,0
              -70.8345491885,-33.1118997101,0
              -70.8345227813,-33.1119000989,0
              -70.8345119064,-33.1113770331,0
              -70.8345383134,-33.1113766443,0
            </coordinates>
          </LinearRing>
        </outerBoundaryIs>
      </Polygon>
    </Placemark>
    <Placemark>
      <description><![CDATA[LIMITES_TRACKER<BR><BR><B>ELEVATION</B> = 0]]></description>
      <styleUrl>#area3</styleUrl>
      <Polygon>
        <altitudeMode>relativeToGround</altitudeMode>
        <extrude>1</extrude>
        <outerBoundaryIs>
          <LinearRing>
            <coordinates>
              -70.8346010771,-33.1113441559,0
              -70.8345746701,-33.1113445447,0
              -70.8345637951,-33.1108214789,0
              -70.8345902020,-33.1108210901,0
              -70.8346010771,-33.1113441559,0
            </coordinates>
          </LinearRing>
        </outerBoundaryIs>
      </Polygon>
    </Placemark>
    <Placemark>
      <description><![CDATA[LIMITES_TRACKER<BR><BR><B>ELEVATION</B> = 0]]></description>
      <styleUrl>#area3</styleUrl>
      <Polygon>
        <altitudeMode>relativeToGround</altitudeMode>
        <extrude>1</extrude>
        <outerBoundaryIs>
          <LinearRing>
            <coordinates>
              -70.8345267826,-33.1108220239,0
              -70.8345376574,-33.1113450897,0
              -70.8345112504,-33.1113454786,0
              -70.8345003758,-33.1108224127,0
              -70.8345267826,-33.1108220239,0
            </coordinates>
          </LinearRing>
        </outerBoundaryIs>
      </Polygon>
    </Placemark>
    <Placemark>
      <description><![CDATA[LIMITES_TRACKER<BR><BR><B>ELEVATION</B> = 0]]></description>
      <styleUrl>#area4</styleUrl>
      <Polygon>
        <altitudeMode>relativeToGround</altitudeMode>
        <extrude>1</extrude>
        <outerBoundaryIs>
          <LinearRing>
            <coordinates>
              -70.8345901083,-33.1108165823,0
              -70.8345637014,-33.1108169711,0
              -70.8345528267,-33.1102939052,0
              -70.8345792335,-33.1102935164,0
              -70.8345901083,-33.1108165823,0
            </coordinates>
          </LinearRing>
        </outerBoundaryIs>
      </Polygon>
    </Placemark>
    <Placemark>
      <description><![CDATA[LIMITES_TRACKER<BR><BR><B>ELEVATION</B> = 0]]></description>
      <styleUrl>#area4</styleUrl>
      <Polygon>
        <altitudeMode>relativeToGround</altitudeMode>
        <extrude>1</extrude>
        <outerBoundaryIs>
          <LinearRing>
            <coordinates>
              -70.8345158145,-33.1102944502,0
              -70.8345266889,-33.1108175161,0
              -70.8345002820,-33.1108179049,0
              -70.8344894077,-33.1102948390,0
              -70.8345158145,-33.1102944502,0
            </coordinates>
          </LinearRing>
        </outerBoundaryIs>
      </Polygon>
    </Placemark>
    <Placemark>
      <description><![CDATA[LIMITES_TRACKER<BR><BR><B>ELEVATION</B> = 0]]></description>
      <styleUrl>#area2</styleUrl>
      <Polygon>
        <altitudeMode>relativeToGround</altitudeMode>
        <extrude>1</extrude>
        <outerBoundaryIs>
          <LinearRing>
            <coordinates>
              -70.8344967370,-33.1124282175,0
              -70.8344703297,-33.1124286063,0
              -70.8344594549,-33.1119055405,0
              -70.8344858621,-33.1119051517,0
              -70.8344967370,-33.1124282175,0
            </coordinates>
          </LinearRing>
        </outerBoundaryIs>
      </Polygon>
    </Placemark>
    <Placemark>
      <description><![CDATA[LIMITES_TRACKER<BR><BR><B>ELEVATION</B> = 0]]></description>
      <styleUrl>#area2</styleUrl>
      <Polygon>
        <altitudeMode>relativeToGround</altitudeMode>
        <extrude>1</extrude>
        <outerBoundaryIs>
          <LinearRing>
            <coordinates>
              -70.8344224419,-33.1119060855,0
              -70.8344333165,-33.1124291513,0
              -70.8344069091,-33.1124295401,0
              -70.8343960347,-33.1119064743,0
              -70.8344224419,-33.1119060855,0
            </coordinates>
          </LinearRing>
        </outerBoundaryIs>
      </Polygon>
    </Placemark>
    <Placemark>
      <description><![CDATA[LIMITES_TRACKER<BR><BR><B>ELEVATION</B> = 0]]></description>
      <styleUrl>#area3</styleUrl>
      <Polygon>
        <altitudeMode>relativeToGround</altitudeMode>
        <extrude>1</extrude>
        <outerBoundaryIs>
          <LinearRing>
            <coordinates>
              -70.8344857683,-33.1119006439,0
              -70.8344593611,-33.1119010327,0
              -70.8344484866,-33.1113779669,0
              -70.8344748937,-33.1113775781,0
              -70.8344857683,-33.1119006439,0
            </coordinates>
          </LinearRing>
        </outerBoundaryIs>
      </Polygon>
    </Placemark>
    <Placemark>
      <description><![CDATA[LIMITES_TRACKER<BR><BR><B>ELEVATION</B> = 0]]></description>
      <styleUrl>#area3</styleUrl>
      <Polygon>
        <altitudeMode>relativeToGround</altitudeMode>
        <extrude>1</extrude>
        <outerBoundaryIs>
          <LinearRing>
            <coordinates>
              -70.8344114739,-33.1113785119,0
              -70.8344223482,-33.1119015777,0
              -70.8343959410,-33.1119019666,0
              -70.8343850668,-33.1113789007,0
              -70.8344114739,-33.1113785119,0
            </coordinates>
          </LinearRing>
        </outerBoundaryIs>
      </Polygon>
    </Placemark>
    <Placemark>
      <description><![CDATA[LIMITES_TRACKER<BR><BR><B>ELEVATION</B> = 0]]></description>
      <styleUrl>#area3</styleUrl>
      <Polygon>
        <altitudeMode>relativeToGround</altitudeMode>
        <extrude>1</extrude>
        <outerBoundaryIs>
          <LinearRing>
            <coordinates>
              -70.8344742377,-33.1113460236,0
              -70.8344478306,-33.1113464124,0
              -70.8344369564,-33.1108233465,0
              -70.8344633633,-33.1108229577,0
              -70.8344742377,-33.1113460236,0
            </coordinates>
          </LinearRing>
        </outerBoundaryIs>
      </Polygon>
    </Placemark>
    <Placemark>
      <description><![CDATA[LIMITES_TRACKER<BR><BR><B>ELEVATION</B> = 0]]></description>
      <styleUrl>#area3</styleUrl>
      <Polygon>
        <altitudeMode>relativeToGround</altitudeMode>
        <extrude>1</extrude>
        <outerBoundaryIs>
          <LinearRing>
            <coordinates>
              -70.8343999439,-33.1108238915,0
              -70.8344108179,-33.1113469574,0
              -70.8343844109,-33.1113473462,0
              -70.8343735370,-33.1108242803,0
              -70.8343999439,-33.1108238915,0
            </coordinates>
          </LinearRing>
        </outerBoundaryIs>
      </Polygon>
    </Placemark>
    <Placemark>
      <description><![CDATA[LIMITES_TRACKER<BR><BR><B>ELEVATION</B> = 0]]></description>
      <styleUrl>#area4</styleUrl>
      <Polygon>
        <altitudeMode>relativeToGround</altitudeMode>
        <extrude>1</extrude>
        <outerBoundaryIs>
          <LinearRing>
            <coordinates>
              -70.8344632696,-33.1108184499,0
              -70.8344368627,-33.1108188387,0
              -70.8344259887,-33.1102957728,0
              -70.8344523955,-33.1102953840,0
              -70.8344632696,-33.1108184499,0
            </coordinates>
          </LinearRing>
        </outerBoundaryIs>
      </Polygon>
    </Placemark>
    <Placemark>
      <description><![CDATA[LIMITES_TRACKER<BR><BR><B>ELEVATION</B> = 0]]></description>
      <styleUrl>#area4</styleUrl>
      <Polygon>
        <altitudeMode>relativeToGround</altitudeMode>
        <extrude>1</extrude>
        <outerBoundaryIs>
          <LinearRing>
            <coordinates>
              -70.8343889765,-33.1102963178,0
              -70.8343998502,-33.1108193837,0
              -70.8343734433,-33.1108197725,0
              -70.8343625697,-33.1102967066,0
              -70.8343889765,-33.1102963178,0
            </coordinates>
          </LinearRing>
        </outerBoundaryIs>
      </Polygon>
    </Placemark>
    <Placemark>
      <description><![CDATA[LIMITES_TRACKER<BR><BR><B>ELEVATION</B> = 0]]></description>
      <styleUrl>#area2</styleUrl>
      <Polygon>
        <altitudeMode>relativeToGround</altitudeMode>
        <extrude>1</extrude>
        <outerBoundaryIs>
          <LinearRing>
            <coordinates>
              -70.8343698960,-33.1124300851,0
              -70.8343434886,-33.1124304739,0
              -70.8343326145,-33.1119074081,0
              -70.8343590218,-33.1119070193,0
              -70.8343698960,-33.1124300851,0
            </coordinates>
          </LinearRing>
        </outerBoundaryIs>
      </Polygon>
    </Placemark>
    <Placemark>
      <description><![CDATA[LIMITES_TRACKER<BR><BR><B>ELEVATION</B> = 0]]></description>
      <styleUrl>#area2</styleUrl>
      <Polygon>
        <altitudeMode>relativeToGround</altitudeMode>
        <extrude>1</extrude>
        <outerBoundaryIs>
          <LinearRing>
            <coordinates>
              -70.8342956016,-33.1119079531,0
              -70.8343064754,-33.1124310189,0
              -70.8342800681,-33.1124314077,0
              -70.8342691944,-33.1119083418,0
              -70.8342956016,-33.1119079531,0
            </coordinates>
          </LinearRing>
        </outerBoundaryIs>
      </Polygon>
    </Placemark>
    <Placemark>
      <description><![CDATA[LIMITES_TRACKER<BR><BR><B>ELEVATION</B> = 0]]></description>
      <styleUrl>#area3</styleUrl>
      <Polygon>
        <altitudeMode>relativeToGround</altitudeMode>
        <extrude>1</extrude>
        <outerBoundaryIs>
          <LinearRing>
            <coordinates>
              -70.8343589280,-33.1119025115,0
              -70.8343325208,-33.1119029003,0
              -70.8343216471,-33.1113798345,0
              -70.8343480541,-33.1113794457,0
              -70.8343589280,-33.1119025115,0
            </coordinates>
          </LinearRing>
        </outerBoundaryIs>
      </Polygon>
    </Placemark>
    <Placemark>
      <description><![CDATA[LIMITES_TRACKER<BR><BR><B>ELEVATION</B> = 0]]></description>
      <styleUrl>#area3</styleUrl>
      <Polygon>
        <altitudeMode>relativeToGround</altitudeMode>
        <extrude>1</extrude>
        <outerBoundaryIs>
          <LinearRing>
            <coordinates>
              -70.8342846343,-33.1113803794,0
              -70.8342955079,-33.1119034453,0
              -70.8342691007,-33.1119038341,0
              -70.8342582273,-33.1113807682,0
              -70.8342846343,-33.1113803794,0
            </coordinates>
          </LinearRing>
        </outerBoundaryIs>
      </Polygon>
    </Placemark>
    <Placemark>
      <description><![CDATA[LIMITES_TRACKER<BR><BR><B>ELEVATION</B> = 0]]></description>
      <styleUrl>#area4</styleUrl>
      <Polygon>
        <altitudeMode>relativeToGround</altitudeMode>
        <extrude>1</extrude>
        <outerBoundaryIs>
          <LinearRing>
            <coordinates>
              -70.8343473981,-33.1113478911,0
              -70.8343209911,-33.1113482799,0
              -70.8343101176,-33.1108252140,0
              -70.8343365245,-33.1108248252,0
              -70.8343473981,-33.1113478911,0
            </coordinates>
          </LinearRing>
        </outerBoundaryIs>
      </Polygon>
    </Placemark>
    <Placemark>
      <description><![CDATA[LIMITES_TRACKER<BR><BR><B>ELEVATION</B> = 0]]></description>
      <styleUrl>#area4</styleUrl>
      <Polygon>
        <altitudeMode>relativeToGround</altitudeMode>
        <extrude>1</extrude>
        <outerBoundaryIs>
          <LinearRing>
            <coordinates>
              -70.8342731051,-33.1108257589,0
              -70.8342839784,-33.1113488249,0
              -70.8342575713,-33.1113492137,0
              -70.8342466982,-33.1108261477,0
              -70.8342731051,-33.1108257589,0
            </coordinates>
          </LinearRing>
        </outerBoundaryIs>
      </Polygon>
    </Placemark>
    <Placemark>
      <description><![CDATA[LIMITES_TRACKER<BR><BR><B>ELEVATION</B> = 0]]></description>
      <styleUrl>#area1</styleUrl>
      <Polygon>
        <altitudeMode>relativeToGround</altitudeMode>
        <extrude>1</extrude>
        <outerBoundaryIs>
          <LinearRing>
            <coordinates>
              -70.8343364308,-33.1108203174,0
              -70.8343100239,-33.1108207062,0
              -70.8342991507,-33.1102976403,0
              -70.8343255575,-33.1102972515,0
              -70.8343364308,-33.1108203174,0
            </coordinates>
          </LinearRing>
        </outerBoundaryIs>
      </Polygon>
    </Placemark>
    <Placemark>
      <description><![CDATA[LIMITES_TRACKER<BR><BR><B>ELEVATION</B> = 0]]></description>
      <styleUrl>#area1</styleUrl>
      <Polygon>
        <altitudeMode>relativeToGround</altitudeMode>
        <extrude>1</extrude>
        <outerBoundaryIs>
          <LinearRing>
            <coordinates>
              -70.8342621385,-33.1102981852,0
              -70.8342730114,-33.1108212512,0
              -70.8342466045,-33.1108216399,0
              -70.8342357317,-33.1102985740,0
              -70.8342621385,-33.1102981852,0
            </coordinates>
          </LinearRing>
        </outerBoundaryIs>
      </Polygon>
    </Placemark>
    <Placemark>
      <description><![CDATA[LIMITES_TRACKER<BR><BR><B>ELEVATION</B> = 0]]></description>
      <styleUrl>#area3</styleUrl>
      <Polygon>
        <altitudeMode>relativeToGround</altitudeMode>
        <extrude>1</extrude>
        <outerBoundaryIs>
          <LinearRing>
            <coordinates>
              -70.8342430549,-33.1124319526,0
              -70.8342166475,-33.1124323414,0
              -70.8342057742,-33.1119092756,0
              -70.8342321814,-33.1119088868,0
              -70.8342430549,-33.1124319526,0
            </coordinates>
          </LinearRing>
        </outerBoundaryIs>
      </Polygon>
    </Placemark>
    <Placemark>
      <description><![CDATA[LIMITES_TRACKER<BR><BR><B>ELEVATION</B> = 0]]></description>
      <styleUrl>#area3</styleUrl>
      <Polygon>
        <altitudeMode>relativeToGround</altitudeMode>
        <extrude>1</extrude>
        <outerBoundaryIs>
          <LinearRing>
            <coordinates>
              -70.8341687613,-33.1119098205,0
              -70.8341796344,-33.1124328863,0
              -70.8341532270,-33.1124332751,0
              -70.8341423541,-33.1119102092,0
              -70.8341687613,-33.1119098205,0
            </coordinates>
          </LinearRing>
        </outerBoundaryIs>
      </Polygon>
    </Placemark>
    <Placemark>
      <description><![CDATA[LIMITES_TRACKER<BR><BR><B>ELEVATION</B> = 0]]></description>
      <styleUrl>#area3</styleUrl>
      <Polygon>
        <altitudeMode>relativeToGround</altitudeMode>
        <extrude>1</extrude>
        <outerBoundaryIs>
          <LinearRing>
            <coordinates>
              -70.8342320877,-33.1119043790,0
              -70.8342056805,-33.1119047678,0
              -70.8341948075,-33.1113817019,0
              -70.8342212146,-33.1113813131,0
              -70.8342320877,-33.1119043790,0
            </coordinates>
          </LinearRing>
        </outerBoundaryIs>
      </Polygon>
    </Placemark>
    <Placemark>
      <description><![CDATA[LIMITES_TRACKER<BR><BR><B>ELEVATION</B> = 0]]></description>
      <styleUrl>#area3</styleUrl>
      <Polygon>
        <altitudeMode>relativeToGround</altitudeMode>
        <extrude>1</extrude>
        <outerBoundaryIs>
          <LinearRing>
            <coordinates>
              -70.8341577948,-33.1113822468,0
              -70.8341686676,-33.1119053127,0
              -70.8341422604,-33.1119057014,0
              -70.8341313877,-33.1113826355,0
              -70.8341577948,-33.1113822468,0
            </coordinates>
          </LinearRing>
        </outerBoundaryIs>
      </Polygon>
    </Placemark>
    <Placemark>
      <description><![CDATA[LIMITES_TRACKER<BR><BR><B>ELEVATION</B> = 0]]></description>
      <styleUrl>#area4</styleUrl>
      <Polygon>
        <altitudeMode>relativeToGround</altitudeMode>
        <extrude>1</extrude>
        <outerBoundaryIs>
          <LinearRing>
            <coordinates>
              -70.8342205586,-33.1113497586,0
              -70.8341941516,-33.1113501473,0
              -70.8341832789,-33.1108270814,0
              -70.8342096858,-33.1108266926,0
              -70.8342205586,-33.1113497586,0
            </coordinates>
          </LinearRing>
        </outerBoundaryIs>
      </Polygon>
    </Placemark>
    <Placemark>
      <description><![CDATA[LIMITES_TRACKER<BR><BR><B>ELEVATION</B> = 0]]></description>
      <styleUrl>#area4</styleUrl>
      <Polygon>
        <altitudeMode>relativeToGround</altitudeMode>
        <extrude>1</extrude>
        <outerBoundaryIs>
          <LinearRing>
            <coordinates>
              -70.8341462664,-33.1108276263,0
              -70.8341571389,-33.1113506922,0
              -70.8341307318,-33.1113510810,0
              -70.8341198595,-33.1108280150,0
              -70.8341462664,-33.1108276263,0
            </coordinates>
          </LinearRing>
        </outerBoundaryIs>
      </Polygon>
    </Placemark>
    <Placemark>
      <description><![CDATA[LIMITES_TRACKER<BR><BR><B>ELEVATION</B> = 0]]></description>
      <styleUrl>#area3</styleUrl>
      <Polygon>
        <altitudeMode>relativeToGround</altitudeMode>
        <extrude>1</extrude>
        <outerBoundaryIs>
          <LinearRing>
            <coordinates>
              -70.8341162138,-33.1124338200,0
              -70.8340898064,-33.1124342088,0
              -70.8340789339,-33.1119111429,0
              -70.8341053411,-33.1119107541,0
              -70.8341162138,-33.1124338200,0
            </coordinates>
          </LinearRing>
        </outerBoundaryIs>
      </Polygon>
    </Placemark>
    <Placemark>
      <description><![CDATA[LIMITES_TRACKER<BR><BR><B>ELEVATION</B> = 0]]></description>
      <styleUrl>#area3</styleUrl>
      <Polygon>
        <altitudeMode>relativeToGround</altitudeMode>
        <extrude>1</extrude>
        <outerBoundaryIs>
          <LinearRing>
            <coordinates>
              -70.8340419209,-33.1119116877,0
              -70.8340527933,-33.1124347536,0
              -70.8340263859,-33.1124351424,0
              -70.8340155137,-33.1119120765,0
              -70.8340419209,-33.1119116877,0
            </coordinates>
          </LinearRing>
        </outerBoundaryIs>
      </Polygon>
    </Placemark>
    <Placemark>
      <description><![CDATA[LIMITES_TRACKER<BR><BR><B>ELEVATION</B> = 0]]></description>
      <styleUrl>#area3</styleUrl>
      <Polygon>
        <altitudeMode>relativeToGround</altitudeMode>
        <extrude>1</extrude>
        <outerBoundaryIs>
          <LinearRing>
            <coordinates>
              -70.8341052474,-33.1119062463,0
              -70.8340788402,-33.1119066351,0
              -70.8340679679,-33.1113835691,0
              -70.8340943750,-33.1113831804,0
              -70.8341052474,-33.1119062463,0
            </coordinates>
          </LinearRing>
        </outerBoundaryIs>
      </Polygon>
    </Placemark>
    <Placemark>
      <description><![CDATA[LIMITES_TRACKER<BR><BR><B>ELEVATION</B> = 0]]></description>
      <styleUrl>#area3</styleUrl>
      <Polygon>
        <altitudeMode>relativeToGround</altitudeMode>
        <extrude>1</extrude>
        <outerBoundaryIs>
          <LinearRing>
            <coordinates>
              -70.8340309552,-33.1113841140,0
              -70.8340418272,-33.1119071800,0
              -70.8340154200,-33.1119075687,0
              -70.8340045481,-33.1113845027,0
              -70.8340309552,-33.1113841140,0
            </coordinates>
          </LinearRing>
        </outerBoundaryIs>
      </Polygon>
    </Placemark>
    <Placemark>
      <description><![CDATA[LIMITES_TRACKER<BR><BR><B>ELEVATION</B> = 0]]></description>
      <styleUrl>#area4</styleUrl>
      <Polygon>
        <altitudeMode>relativeToGround</altitudeMode>
        <extrude>1</extrude>
        <outerBoundaryIs>
          <LinearRing>
            <coordinates>
              -70.8340937191,-33.1113516259,0
              -70.8340673121,-33.1113520146,0
              -70.8340564401,-33.1108289486,0
              -70.8340828470,-33.1108285599,0
              -70.8340937191,-33.1113516259,0
            </coordinates>
          </LinearRing>
        </outerBoundaryIs>
      </Polygon>
    </Placemark>
    <Placemark>
      <description><![CDATA[LIMITES_TRACKER<BR><BR><B>ELEVATION</B> = 0]]></description>
      <styleUrl>#area4</styleUrl>
      <Polygon>
        <altitudeMode>relativeToGround</altitudeMode>
        <extrude>1</extrude>
        <outerBoundaryIs>
          <LinearRing>
            <coordinates>
              -70.8340194276,-33.1108294935,0
              -70.8340302993,-33.1113525595,0
              -70.8340038923,-33.1113529482,0
              -70.8339930207,-33.1108298822,0
              -70.8340194276,-33.1108294935,0
            </coordinates>
          </LinearRing>
        </outerBoundaryIs>
      </Polygon>
    </Placemark>
    <Placemark>
      <description><![CDATA[LIMITES_TRACKER<BR><BR><B>ELEVATION</B> = 0]]></description>
      <styleUrl>#area3</styleUrl>
      <Polygon>
        <altitudeMode>relativeToGround</altitudeMode>
        <extrude>1</extrude>
        <outerBoundaryIs>
          <LinearRing>
            <coordinates>
              -70.8339893727,-33.1124356873,0
              -70.8339629653,-33.1124360760,0
              -70.8339520935,-33.1119130101,0
              -70.8339785008,-33.1119126213,0
              -70.8339893727,-33.1124356873,0
            </coordinates>
          </LinearRing>
        </outerBoundaryIs>
      </Polygon>
    </Placemark>
    <Placemark>
      <description><![CDATA[LIMITES_TRACKER<BR><BR><B>ELEVATION</B> = 0]]></description>
      <styleUrl>#area3</styleUrl>
      <Polygon>
        <altitudeMode>relativeToGround</altitudeMode>
        <extrude>1</extrude>
        <outerBoundaryIs>
          <LinearRing>
            <coordinates>
              -70.8339150806,-33.1119135549,0
              -70.8339259522,-33.1124366208,0
              -70.8338995448,-33.1124370095,0
              -70.8338886734,-33.1119139436,0
              -70.8339150806,-33.1119135549,0
            </coordinates>
          </LinearRing>
        </outerBoundaryIs>
      </Polygon>
    </Placemark>
    <Placemark>
      <description><![CDATA[LIMITES_TRACKER<BR><BR><B>ELEVATION</B> = 0]]></description>
      <styleUrl>#area3</styleUrl>
      <Polygon>
        <altitudeMode>relativeToGround</altitudeMode>
        <extrude>1</extrude>
        <outerBoundaryIs>
          <LinearRing>
            <coordinates>
              -70.8339784071,-33.1119081135,0
              -70.8339519999,-33.1119085023,0
              -70.8339411283,-33.1113854363,0
              -70.8339675354,-33.1113850476,0
              -70.8339784071,-33.1119081135,0
            </coordinates>
          </LinearRing>
        </outerBoundaryIs>
      </Polygon>
    </Placemark>
    <Placemark>
      <description><![CDATA[LIMITES_TRACKER<BR><BR><B>ELEVATION</B> = 0]]></description>
      <styleUrl>#area3</styleUrl>
      <Polygon>
        <altitudeMode>relativeToGround</altitudeMode>
        <extrude>1</extrude>
        <outerBoundaryIs>
          <LinearRing>
            <coordinates>
              -70.8339041156,-33.1113859811,0
              -70.8339149869,-33.1119090471,0
              -70.8338885797,-33.1119094358,0
              -70.8338777085,-33.1113863698,0
              -70.8339041156,-33.1113859811,0
            </coordinates>
          </LinearRing>
        </outerBoundaryIs>
      </Polygon>
    </Placemark>
    <Placemark>
      <description><![CDATA[LIMITES_TRACKER<BR><BR><B>ELEVATION</B> = 0]]></description>
      <styleUrl>#area4</styleUrl>
      <Polygon>
        <altitudeMode>relativeToGround</altitudeMode>
        <extrude>1</extrude>
        <outerBoundaryIs>
          <LinearRing>
            <coordinates>
              -70.8339668796,-33.1113534930,0
              -70.8339404725,-33.1113538818,0
              -70.8339296013,-33.1108308157,0
              -70.8339560082,-33.1108304270,0
              -70.8339668796,-33.1113534930,0
            </coordinates>
          </LinearRing>
        </outerBoundaryIs>
      </Polygon>
    </Placemark>
    <Placemark>
      <description><![CDATA[LIMITES_TRACKER<BR><BR><B>ELEVATION</B> = 0]]></description>
      <styleUrl>#area4</styleUrl>
      <Polygon>
        <altitudeMode>relativeToGround</altitudeMode>
        <extrude>1</extrude>
        <outerBoundaryIs>
          <LinearRing>
            <coordinates>
              -70.8338925888,-33.1108313605,0
              -70.8339034598,-33.1113544266,0
              -70.8338770527,-33.1113548153,0
              -70.8338661819,-33.1108317492,0
              -70.8338925888,-33.1108313605,0
            </coordinates>
          </LinearRing>
        </outerBoundaryIs>
      </Polygon>
    </Placemark>
    <Placemark>
      <description><![CDATA[LIMITES_TRACKER<BR><BR><B>ELEVATION</B> = 0]]></description>
      <styleUrl>#area2</styleUrl>
      <Polygon>
        <altitudeMode>relativeToGround</altitudeMode>
        <extrude>1</extrude>
        <outerBoundaryIs>
          <LinearRing>
            <coordinates>
              -70.8338734968,-33.1129651281,0
              -70.8338470893,-33.1129655168,0
              -70.8338362179,-33.1124424509,0
              -70.8338626253,-33.1124420622,0
              -70.8338734968,-33.1129651281,0
            </coordinates>
          </LinearRing>
        </outerBoundaryIs>
      </Polygon>
    </Placemark>
    <Placemark>
      <description><![CDATA[LIMITES_TRACKER<BR><BR><B>ELEVATION</B> = 0]]></description>
      <styleUrl>#area2</styleUrl>
      <Polygon>
        <altitudeMode>relativeToGround</altitudeMode>
        <extrude>1</extrude>
        <outerBoundaryIs>
          <LinearRing>
            <coordinates>
              -70.8337992047,-33.1124429957,0
              -70.8338100759,-33.1129660616,0
              -70.8337836683,-33.1129664503,0
              -70.8337727974,-33.1124433844,0
              -70.8337992047,-33.1124429957,0
            </coordinates>
          </LinearRing>
        </outerBoundaryIs>
      </Polygon>
    </Placemark>
    <Placemark>
      <description><![CDATA[LIMITES_TRACKER<BR><BR><B>ELEVATION</B> = 0]]></description>
      <styleUrl>#area3</styleUrl>
      <Polygon>
        <altitudeMode>relativeToGround</altitudeMode>
        <extrude>1</extrude>
        <outerBoundaryIs>
          <LinearRing>
            <coordinates>
              -70.8338625316,-33.1124375544,0
              -70.8338361242,-33.1124379431,0
              -70.8338252532,-33.1119148771,0
              -70.8338516604,-33.1119144884,0
              -70.8338625316,-33.1124375544,0
            </coordinates>
          </LinearRing>
        </outerBoundaryIs>
      </Polygon>
    </Placemark>
    <Placemark>
      <description><![CDATA[LIMITES_TRACKER<BR><BR><B>ELEVATION</B> = 0]]></description>
      <styleUrl>#area3</styleUrl>
      <Polygon>
        <altitudeMode>relativeToGround</altitudeMode>
        <extrude>1</extrude>
        <outerBoundaryIs>
          <LinearRing>
            <coordinates>
              -70.8337882402,-33.1119154219,0
              -70.8337991111,-33.1124384879,0
              -70.8337727037,-33.1124388766,0
              -70.8337618330,-33.1119158106,0
              -70.8337882402,-33.1119154219,0
            </coordinates>
          </LinearRing>
        </outerBoundaryIs>
      </Polygon>
    </Placemark>
    <Placemark>
      <description><![CDATA[LIMITES_TRACKER<BR><BR><B>ELEVATION</B> = 0]]></description>
      <styleUrl>#area4</styleUrl>
      <Polygon>
        <altitudeMode>relativeToGround</altitudeMode>
        <extrude>1</extrude>
        <outerBoundaryIs>
          <LinearRing>
            <coordinates>
              -70.8338515667,-33.1119099806,0
              -70.8338251595,-33.1119103693,0
              -70.8338142887,-33.1113873033,0
              -70.8338406958,-33.1113869146,0
              -70.8338515667,-33.1119099806,0
            </coordinates>
          </LinearRing>
        </outerBoundaryIs>
      </Polygon>
    </Placemark>
    <Placemark>
      <description><![CDATA[LIMITES_TRACKER<BR><BR><B>ELEVATION</B> = 0]]></description>
      <styleUrl>#area4</styleUrl>
      <Polygon>
        <altitudeMode>relativeToGround</altitudeMode>
        <extrude>1</extrude>
        <outerBoundaryIs>
          <LinearRing>
            <coordinates>
              -70.8337772760,-33.1113878481,0
              -70.8337881465,-33.1119109141,0
              -70.8337617393,-33.1119113028,0
              -70.8337508689,-33.1113882368,0
              -70.8337772760,-33.1113878481,0
            </coordinates>
          </LinearRing>
        </outerBoundaryIs>
      </Polygon>
    </Placemark>
    <Placemark>
      <description><![CDATA[LIMITES_TRACKER<BR><BR><B>ELEVATION</B> = 0]]></description>
      <styleUrl>#area1</styleUrl>
      <Polygon>
        <altitudeMode>relativeToGround</altitudeMode>
        <extrude>1</extrude>
        <outerBoundaryIs>
          <LinearRing>
            <coordinates>
              -70.8338400400,-33.1113553601,0
              -70.8338136330,-33.1113557488,0
              -70.8338027625,-33.1108326827,0
              -70.8338291694,-33.1108322940,0
              -70.8338400400,-33.1113553601,0
            </coordinates>
          </LinearRing>
        </outerBoundaryIs>
      </Polygon>
    </Placemark>
    <Placemark>
      <description><![CDATA[LIMITES_TRACKER<BR><BR><B>ELEVATION</B> = 0]]></description>
      <styleUrl>#area1</styleUrl>
      <Polygon>
        <altitudeMode>relativeToGround</altitudeMode>
        <extrude>1</extrude>
        <outerBoundaryIs>
          <LinearRing>
            <coordinates>
              -70.8337657500,-33.1108332275,0
              -70.8337766202,-33.1113562936,0
              -70.8337502132,-33.1113566822,0
              -70.8337393431,-33.1108336162,0
              -70.8337657500,-33.1108332275,0
            </coordinates>
          </LinearRing>
        </outerBoundaryIs>
      </Polygon>
    </Placemark>
    <Placemark>
      <description><![CDATA[LIMITES_TRACKER<BR><BR><B>ELEVATION</B> = 0]]></description>
      <styleUrl>#area2</styleUrl>
      <Polygon>
        <altitudeMode>relativeToGround</altitudeMode>
        <extrude>1</extrude>
        <outerBoundaryIs>
          <LinearRing>
            <coordinates>
              -70.8337466549,-33.1129669951,0
              -70.8337202474,-33.1129673838,0
              -70.8337093768,-33.1124443178,0
              -70.8337357842,-33.1124439292,0
              -70.8337466549,-33.1129669951,0
            </coordinates>
          </LinearRing>
        </outerBoundaryIs>
      </Polygon>
    </Placemark>
    <Placemark>
      <description><![CDATA[LIMITES_TRACKER<BR><BR><B>ELEVATION</B> = 0]]></description>
      <styleUrl>#area2</styleUrl>
      <Polygon>
        <altitudeMode>relativeToGround</altitudeMode>
        <extrude>1</extrude>
        <outerBoundaryIs>
          <LinearRing>
            <coordinates>
              -70.8336723636,-33.1124448626,0
              -70.8336832340,-33.1129679286,0
              -70.8336568264,-33.1129683172,0
              -70.8336459562,-33.1124452513,0
              -70.8336723636,-33.1124448626,0
            </coordinates>
          </LinearRing>
        </outerBoundaryIs>
      </Polygon>
    </Placemark>
    <Placemark>
      <description><![CDATA[LIMITES_TRACKER<BR><BR><B>ELEVATION</B> = 0]]></description>
      <styleUrl>#area3</styleUrl>
      <Polygon>
        <altitudeMode>relativeToGround</altitudeMode>
        <extrude>1</extrude>
        <outerBoundaryIs>
          <LinearRing>
            <coordinates>
              -70.8337356905,-33.1124394214,0
              -70.8337092831,-33.1124398100,0
              -70.8336984128,-33.1119167440,0
              -70.8337248200,-33.1119163554,0
              -70.8337356905,-33.1124394214,0
            </coordinates>
          </LinearRing>
        </outerBoundaryIs>
      </Polygon>
    </Placemark>
    <Placemark>
      <description><![CDATA[LIMITES_TRACKER<BR><BR><B>ELEVATION</B> = 0]]></description>
      <styleUrl>#area3</styleUrl>
      <Polygon>
        <altitudeMode>relativeToGround</altitudeMode>
        <extrude>1</extrude>
        <outerBoundaryIs>
          <LinearRing>
            <coordinates>
              -70.8336613999,-33.1119172888,0
              -70.8336722699,-33.1124403548,0
              -70.8336458625,-33.1124407435,0
              -70.8336349926,-33.1119176775,0
              -70.8336613999,-33.1119172888,0
            </coordinates>
          </LinearRing>
        </outerBoundaryIs>
      </Polygon>
    </Placemark>
    <Placemark>
      <description><![CDATA[LIMITES_TRACKER<BR><BR><B>ELEVATION</B> = 0]]></description>
      <styleUrl>#area4</styleUrl>
      <Polygon>
        <altitudeMode>relativeToGround</altitudeMode>
        <extrude>1</extrude>
        <outerBoundaryIs>
          <LinearRing>
            <coordinates>
              -70.8337247264,-33.1119118476,0
              -70.8336983191,-33.1119122363,0
              -70.8336874491,-33.1113891702,0
              -70.8337138562,-33.1113887815,0
              -70.8337247264,-33.1119118476,0
            </coordinates>
          </LinearRing>
        </outerBoundaryIs>
      </Polygon>
    </Placemark>
    <Placemark>
      <description><![CDATA[LIMITES_TRACKER<BR><BR><B>ELEVATION</B> = 0]]></description>
      <styleUrl>#area4</styleUrl>
      <Polygon>
        <altitudeMode>relativeToGround</altitudeMode>
        <extrude>1</extrude>
        <outerBoundaryIs>
          <LinearRing>
            <coordinates>
              -70.8336504364,-33.1113897150,0
              -70.8336613062,-33.1119127810,0
              -70.8336348989,-33.1119131697,0
              -70.8336240293,-33.1113901036,0
              -70.8336504364,-33.1113897150,0
            </coordinates>
          </LinearRing>
        </outerBoundaryIs>
      </Polygon>
    </Placemark>
    <Placemark>
      <description><![CDATA[LIMITES_TRACKER<BR><BR><B>ELEVATION</B> = 0]]></description>
      <styleUrl>#area2</styleUrl>
      <Polygon>
        <altitudeMode>relativeToGround</altitudeMode>
        <extrude>1</extrude>
        <outerBoundaryIs>
          <LinearRing>
            <coordinates>
              -70.8336198130,-33.1129688620,0
              -70.8335934055,-33.1129692507,0
              -70.8335825357,-33.1124461847,0
              -70.8336089430,-33.1124457960,0
              -70.8336198130,-33.1129688620,0
            </coordinates>
          </LinearRing>
        </outerBoundaryIs>
      </Polygon>
    </Placemark>
    <Placemark>
      <description><![CDATA[LIMITES_TRACKER<BR><BR><B>ELEVATION</B> = 0]]></description>
      <styleUrl>#area2</styleUrl>
      <Polygon>
        <altitudeMode>relativeToGround</altitudeMode>
        <extrude>1</extrude>
        <outerBoundaryIs>
          <LinearRing>
            <coordinates>
              -70.8335455225,-33.1124467294,0
              -70.8335563921,-33.1129697954,0
              -70.8335299845,-33.1129701840,0
              -70.8335191151,-33.1124471180,0
              -70.8335455225,-33.1124467294,0
            </coordinates>
          </LinearRing>
        </outerBoundaryIs>
      </Polygon>
    </Placemark>
    <Placemark>
      <description><![CDATA[LIMITES_TRACKER<BR><BR><B>ELEVATION</B> = 0]]></description>
      <styleUrl>#area3</styleUrl>
      <Polygon>
        <altitudeMode>relativeToGround</altitudeMode>
        <extrude>1</extrude>
        <outerBoundaryIs>
          <LinearRing>
            <coordinates>
              -70.8336088494,-33.1124412882,0
              -70.8335824420,-33.1124416769,0
              -70.8335715724,-33.1119186108,0
              -70.8335979797,-33.1119182222,0
              -70.8336088494,-33.1124412882,0
            </coordinates>
          </LinearRing>
        </outerBoundaryIs>
      </Polygon>
    </Placemark>
    <Placemark>
      <description><![CDATA[LIMITES_TRACKER<BR><BR><B>ELEVATION</B> = 0]]></description>
      <styleUrl>#area3</styleUrl>
      <Polygon>
        <altitudeMode>relativeToGround</altitudeMode>
        <extrude>1</extrude>
        <outerBoundaryIs>
          <LinearRing>
            <coordinates>
              -70.8335345595,-33.1119191556,0
              -70.8335454288,-33.1124422216,0
              -70.8335190214,-33.1124426103,0
              -70.8335081522,-33.1119195442,0
              -70.8335345595,-33.1119191556,0
            </coordinates>
          </LinearRing>
        </outerBoundaryIs>
      </Polygon>
    </Placemark>
    <Placemark>
      <description><![CDATA[LIMITES_TRACKER<BR><BR><B>ELEVATION</B> = 0]]></description>
      <styleUrl>#area4</styleUrl>
      <Polygon>
        <altitudeMode>relativeToGround</altitudeMode>
        <extrude>1</extrude>
        <outerBoundaryIs>
          <LinearRing>
            <coordinates>
              -70.8335978860,-33.1119137144,0
              -70.8335714788,-33.1119141031,0
              -70.8335606095,-33.1113910370,0
              -70.8335870166,-33.1113906483,0
              -70.8335978860,-33.1119137144,0
            </coordinates>
          </LinearRing>
        </outerBoundaryIs>
      </Polygon>
    </Placemark>
    <Placemark>
      <description><![CDATA[LIMITES_TRACKER<BR><BR><B>ELEVATION</B> = 0]]></description>
      <styleUrl>#area4</styleUrl>
      <Polygon>
        <altitudeMode>relativeToGround</altitudeMode>
        <extrude>1</extrude>
        <outerBoundaryIs>
          <LinearRing>
            <coordinates>
              -70.8335235967,-33.1113915817,0
              -70.8335344658,-33.1119146478,0
              -70.8335080586,-33.1119150364,0
              -70.8334971897,-33.1113919703,0
              -70.8335235967,-33.1113915817,0
            </coordinates>
          </LinearRing>
        </outerBoundaryIs>
      </Polygon>
    </Placemark>
    <Placemark>
      <description><![CDATA[LIMITES_TRACKER<BR><BR><B>ELEVATION</B> = 0]]></description>
      <styleUrl>#area2</styleUrl>
      <Polygon>
        <altitudeMode>relativeToGround</altitudeMode>
        <extrude>1</extrude>
        <outerBoundaryIs>
          <LinearRing>
            <coordinates>
              -70.8334929711,-33.1129707288,0
              -70.8334665636,-33.1129711174,0
              -70.8334556945,-33.1124480514,0
              -70.8334821019,-33.1124476628,0
              -70.8334929711,-33.1129707288,0
            </coordinates>
          </LinearRing>
        </outerBoundaryIs>
      </Polygon>
    </Placemark>
    <Placemark>
      <description><![CDATA[LIMITES_TRACKER<BR><BR><B>ELEVATION</B> = 0]]></description>
      <styleUrl>#area2</styleUrl>
      <Polygon>
        <altitudeMode>relativeToGround</altitudeMode>
        <extrude>1</extrude>
        <outerBoundaryIs>
          <LinearRing>
            <coordinates>
              -70.8334186813,-33.1124485961,0
              -70.8334295502,-33.1129716621,0
              -70.8334031426,-33.1129720507,0
              -70.8333922739,-33.1124489847,0
              -70.8334186813,-33.1124485961,0
            </coordinates>
          </LinearRing>
        </outerBoundaryIs>
      </Polygon>
    </Placemark>
    <Placemark>
      <description><![CDATA[LIMITES_TRACKER<BR><BR><B>ELEVATION</B> = 0]]></description>
      <styleUrl>#area4</styleUrl>
      <Polygon>
        <altitudeMode>relativeToGround</altitudeMode>
        <extrude>1</extrude>
        <outerBoundaryIs>
          <LinearRing>
            <coordinates>
              -70.8334820082,-33.1124431550,0
              -70.8334556008,-33.1124435436,0
              -70.8334447320,-33.1119204775,0
              -70.8334711393,-33.1119200889,0
              -70.8334820082,-33.1124431550,0
            </coordinates>
          </LinearRing>
        </outerBoundaryIs>
      </Polygon>
    </Placemark>
    <Placemark>
      <description><![CDATA[LIMITES_TRACKER<BR><BR><B>ELEVATION</B> = 0]]></description>
      <styleUrl>#area4</styleUrl>
      <Polygon>
        <altitudeMode>relativeToGround</altitudeMode>
        <extrude>1</extrude>
        <outerBoundaryIs>
          <LinearRing>
            <coordinates>
              -70.8334077191,-33.1119210222,0
              -70.8334185876,-33.1124440883,0
              -70.8333921803,-33.1124444769,0
              -70.8333813118,-33.1119214108,0
              -70.8334077191,-33.1119210222,0
            </coordinates>
          </LinearRing>
        </outerBoundaryIs>
      </Polygon>
    </Placemark>
    <Placemark>
      <description><![CDATA[LIMITES_TRACKER<BR><BR><B>ELEVATION</B> = 0]]></description>
      <styleUrl>#area1</styleUrl>
      <Polygon>
        <altitudeMode>relativeToGround</altitudeMode>
        <extrude>1</extrude>
        <outerBoundaryIs>
          <LinearRing>
            <coordinates>
              -70.8334710456,-33.1119155811,0
              -70.8334446384,-33.1119159697,0
              -70.8334337699,-33.1113929036,0
              -70.8334601769,-33.1113925150,0
              -70.8334710456,-33.1119155811,0
            </coordinates>
          </LinearRing>
        </outerBoundaryIs>
      </Polygon>
    </Placemark>
    <Placemark>
      <description><![CDATA[LIMITES_TRACKER<BR><BR><B>ELEVATION</B> = 0]]></description>
      <styleUrl>#area1</styleUrl>
      <Polygon>
        <altitudeMode>relativeToGround</altitudeMode>
        <extrude>1</extrude>
        <outerBoundaryIs>
          <LinearRing>
            <coordinates>
              -70.8333967571,-33.1113934483,0
              -70.8334076254,-33.1119165144,0
              -70.8333812182,-33.1119169030,0
              -70.8333703500,-33.1113938369,0
              -70.8333967571,-33.1113934483,0
            </coordinates>
          </LinearRing>
        </outerBoundaryIs>
      </Polygon>
    </Placemark>
    <Placemark>
      <description><![CDATA[LIMITES_TRACKER<BR><BR><B>ELEVATION</B> = 0]]></description>
      <styleUrl>#area2</styleUrl>
      <Polygon>
        <altitudeMode>relativeToGround</altitudeMode>
        <extrude>1</extrude>
        <outerBoundaryIs>
          <LinearRing>
            <coordinates>
              -70.8333661292,-33.1129725954,0
              -70.8333397217,-33.1129729840,0
              -70.8333288533,-33.1124499180,0
              -70.8333552607,-33.1124495294,0
              -70.8333661292,-33.1129725954,0
            </coordinates>
          </LinearRing>
        </outerBoundaryIs>
      </Polygon>
    </Placemark>
    <Placemark>
      <description><![CDATA[LIMITES_TRACKER<BR><BR><B>ELEVATION</B> = 0]]></description>
      <styleUrl>#area2</styleUrl>
      <Polygon>
        <altitudeMode>relativeToGround</altitudeMode>
        <extrude>1</extrude>
        <outerBoundaryIs>
          <LinearRing>
            <coordinates>
              -70.8332918401,-33.1124504626,0
              -70.8333027083,-33.1129735287,0
              -70.8332763007,-33.1129739173,0
              -70.8332654328,-33.1124508512,0
              -70.8332918401,-33.1124504626,0
            </coordinates>
          </LinearRing>
        </outerBoundaryIs>
      </Polygon>
    </Placemark>
    <Placemark>
      <description><![CDATA[LIMITES_TRACKER<BR><BR><B>ELEVATION</B> = 0]]></description>
      <styleUrl>#area4</styleUrl>
      <Polygon>
        <altitudeMode>relativeToGround</altitudeMode>
        <extrude>1</extrude>
        <outerBoundaryIs>
          <LinearRing>
            <coordinates>
              -70.8333551671,-33.1124450216,0
              -70.8333287597,-33.1124454102,0
              -70.8333178916,-33.1119223441,0
              -70.8333442989,-33.1119219555,0
              -70.8333551671,-33.1124450216,0
            </coordinates>
          </LinearRing>
        </outerBoundaryIs>
      </Polygon>
    </Placemark>
    <Placemark>
      <description><![CDATA[LIMITES_TRACKER<BR><BR><B>ELEVATION</B> = 0]]></description>
      <styleUrl>#area4</styleUrl>
      <Polygon>
        <altitudeMode>relativeToGround</altitudeMode>
        <extrude>1</extrude>
        <outerBoundaryIs>
          <LinearRing>
            <coordinates>
              -70.8332808787,-33.1119228887,0
              -70.8332917465,-33.1124459548,0
              -70.8332653391,-33.1124463434,0
              -70.8332544714,-33.1119232773,0
              -70.8332808787,-33.1119228887,0
            </coordinates>
          </LinearRing>
        </outerBoundaryIs>
      </Polygon>
    </Placemark>
    <Placemark>
      <description><![CDATA[LIMITES_TRACKER<BR><BR><B>ELEVATION</B> = 0]]></description>
      <styleUrl>#area2</styleUrl>
      <Polygon>
        <altitudeMode>relativeToGround</altitudeMode>
        <extrude>1</extrude>
        <outerBoundaryIs>
          <LinearRing>
            <coordinates>
              -70.8332392873,-33.1129744619,0
              -70.8332128797,-33.1129748505,0
              -70.8332020122,-33.1124517844,0
              -70.8332284196,-33.1124513958,0
              -70.8332392873,-33.1129744619,0
            </coordinates>
          </LinearRing>
        </outerBoundaryIs>
      </Polygon>
    </Placemark>
    <Placemark>
      <description><![CDATA[LIMITES_TRACKER<BR><BR><B>ELEVATION</B> = 0]]></description>
      <styleUrl>#area2</styleUrl>
      <Polygon>
        <altitudeMode>relativeToGround</altitudeMode>
        <extrude>1</extrude>
        <outerBoundaryIs>
          <LinearRing>
            <coordinates>
              -70.8331649990,-33.1124523290,0
              -70.8331758663,-33.1129753951,0
              -70.8331494588,-33.1129757837,0
              -70.8331385916,-33.1124527176,0
              -70.8331649990,-33.1124523290,0
            </coordinates>
          </LinearRing>
        </outerBoundaryIs>
      </Polygon>
    </Placemark>
    <Placemark>
      <description><![CDATA[LIMITES_TRACKER<BR><BR><B>ELEVATION</B> = 0]]></description>
      <styleUrl>#area4</styleUrl>
      <Polygon>
        <altitudeMode>relativeToGround</altitudeMode>
        <extrude>1</extrude>
        <outerBoundaryIs>
          <LinearRing>
            <coordinates>
              -70.8332283259,-33.1124468880,0
              -70.8332019185,-33.1124472766,0
              -70.8331910512,-33.1119242105,0
              -70.8332174585,-33.1119238219,0
              -70.8332283259,-33.1124468880,0
            </coordinates>
          </LinearRing>
        </outerBoundaryIs>
      </Polygon>
    </Placemark>
    <Placemark>
      <description><![CDATA[LIMITES_TRACKER<BR><BR><B>ELEVATION</B> = 0]]></description>
      <styleUrl>#area4</styleUrl>
      <Polygon>
        <altitudeMode>relativeToGround</altitudeMode>
        <extrude>1</extrude>
        <outerBoundaryIs>
          <LinearRing>
            <coordinates>
              -70.8331540382,-33.1119247551,0
              -70.8331649053,-33.1124478212,0
              -70.8331384979,-33.1124482098,0
              -70.8331276310,-33.1119251436,0
              -70.8331540382,-33.1119247551,0
            </coordinates>
          </LinearRing>
        </outerBoundaryIs>
      </Polygon>
    </Placemark>
    <Placemark>
      <description><![CDATA[LIMITES_TRACKER<BR><BR><B>ELEVATION</B> = 0]]></description>
      <styleUrl>#area2</styleUrl>
      <Polygon>
        <altitudeMode>relativeToGround</altitudeMode>
        <extrude>1</extrude>
        <outerBoundaryIs>
          <LinearRing>
            <coordinates>
              -70.8331124454,-33.1129763283,0
              -70.8330860378,-33.1129767169,0
              -70.8330751710,-33.1124536507,0
              -70.8331015784,-33.1124532622,0
              -70.8331124454,-33.1129763283,0
            </coordinates>
          </LinearRing>
        </outerBoundaryIs>
      </Polygon>
    </Placemark>
    <Placemark>
      <description><![CDATA[LIMITES_TRACKER<BR><BR><B>ELEVATION</B> = 0]]></description>
      <styleUrl>#area2</styleUrl>
      <Polygon>
        <altitudeMode>relativeToGround</altitudeMode>
        <extrude>1</extrude>
        <outerBoundaryIs>
          <LinearRing>
            <coordinates>
              -70.8330381578,-33.1124541953,0
              -70.8330490244,-33.1129772615,0
              -70.8330226168,-33.1129776500,0
              -70.8330117504,-33.1124545838,0
              -70.8330381578,-33.1124541953,0
            </coordinates>
          </LinearRing>
        </outerBoundaryIs>
      </Polygon>
    </Placemark>
    <Placemark>
      <description><![CDATA[LIMITES_TRACKER<BR><BR><B>ELEVATION</B> = 0]]></description>
      <styleUrl>#area4</styleUrl>
      <Polygon>
        <altitudeMode>relativeToGround</altitudeMode>
        <extrude>1</extrude>
        <outerBoundaryIs>
          <LinearRing>
            <coordinates>
              -70.8331014847,-33.1124487544,0
              -70.8330750773,-33.1124491429,0
              -70.8330642108,-33.1119260768,0
              -70.8330906180,-33.1119256882,0
              -70.8331014847,-33.1124487544,0
            </coordinates>
          </LinearRing>
        </outerBoundaryIs>
      </Polygon>
    </Placemark>
    <Placemark>
      <description><![CDATA[LIMITES_TRACKER<BR><BR><B>ELEVATION</B> = 0]]></description>
      <styleUrl>#area4</styleUrl>
      <Polygon>
        <altitudeMode>relativeToGround</altitudeMode>
        <extrude>1</extrude>
        <outerBoundaryIs>
          <LinearRing>
            <coordinates>
              -70.8330271978,-33.1119266213,0
              -70.8330380641,-33.1124496875,0
              -70.8330116567,-33.1124500761,0
              -70.8330007906,-33.1119270098,0
              -70.8330271978,-33.1119266213,0
            </coordinates>
          </LinearRing>
        </outerBoundaryIs>
      </Polygon>
    </Placemark>
    <Placemark>
      <description><![CDATA[LIMITES_TRACKER<BR><BR><B>ELEVATION</B> = 0]]></description>
      <styleUrl>#area5</styleUrl>
      <Polygon>
        <altitudeMode>relativeToGround</altitudeMode>
        <extrude>1</extrude>
        <outerBoundaryIs>
          <LinearRing>
            <coordinates>
              -70.8329856034,-33.1129781946,0
              -70.8329591959,-33.1129785831,0
              -70.8329483298,-33.1124555169,0
              -70.8329747372,-33.1124551284,0
              -70.8329856034,-33.1129781946,0
            </coordinates>
          </LinearRing>
        </outerBoundaryIs>
      </Polygon>
    </Placemark>
    <Placemark>
      <description><![CDATA[LIMITES_TRACKER<BR><BR><B>ELEVATION</B> = 0]]></description>
      <styleUrl>#area5</styleUrl>
      <Polygon>
        <altitudeMode>relativeToGround</altitudeMode>
        <extrude>1</extrude>
        <outerBoundaryIs>
          <LinearRing>
            <coordinates>
              -70.8329113166,-33.1124560615,0
              -70.8329221824,-33.1129791277,0
              -70.8328957749,-33.1129795162,0
              -70.8328849092,-33.1124564500,0
              -70.8329113166,-33.1124560615,0
            </coordinates>
          </LinearRing>
        </outerBoundaryIs>
      </Polygon>
    </Placemark>
    <Placemark>
      <description><![CDATA[LIMITES_TRACKER<BR><BR><B>ELEVATION</B> = 0]]></description>
      <styleUrl>#area1</styleUrl>
      <Polygon>
        <altitudeMode>relativeToGround</altitudeMode>
        <extrude>1</extrude>
        <outerBoundaryIs>
          <LinearRing>
            <coordinates>
              -70.8329746435,-33.1124506206,0
              -70.8329482361,-33.1124510091,0
              -70.8329373703,-33.1119279429,0
              -70.8329637776,-33.1119275544,0
              -70.8329746435,-33.1124506206,0
            </coordinates>
          </LinearRing>
        </outerBoundaryIs>
      </Polygon>
    </Placemark>
    <Placemark>
      <description><![CDATA[LIMITES_TRACKER<BR><BR><B>ELEVATION</B> = 0]]></description>
      <styleUrl>#area1</styleUrl>
      <Polygon>
        <altitudeMode>relativeToGround</altitudeMode>
        <extrude>1</extrude>
        <outerBoundaryIs>
          <LinearRing>
            <coordinates>
              -70.8329003574,-33.1119284874,0
              -70.8329112229,-33.1124515537,0
              -70.8328848155,-33.1124519422,0
              -70.8328739501,-33.1119288759,0
              -70.8329003574,-33.1119284874,0
            </coordinates>
          </LinearRing>
        </outerBoundaryIs>
      </Polygon>
    </Placemark>
    <Placemark>
      <description><![CDATA[LIMITES_TRACKER<BR><BR><B>ELEVATION</B> = 0]]></description>
      <styleUrl>#area5</styleUrl>
      <Polygon>
        <altitudeMode>relativeToGround</altitudeMode>
        <extrude>1</extrude>
        <outerBoundaryIs>
          <LinearRing>
            <coordinates>
              -70.8328587615,-33.1129800607,0
              -70.8328323539,-33.1129804492,0
              -70.8328214886,-33.1124573830,0
              -70.8328478960,-33.1124569945,0
              -70.8328587615,-33.1129800607,0
            </coordinates>
          </LinearRing>
        </outerBoundaryIs>
      </Polygon>
    </Placemark>
    <Placemark>
      <description><![CDATA[LIMITES_TRACKER<BR><BR><B>ELEVATION</B> = 0]]></description>
      <styleUrl>#area5</styleUrl>
      <Polygon>
        <altitudeMode>relativeToGround</altitudeMode>
        <extrude>1</extrude>
        <outerBoundaryIs>
          <LinearRing>
            <coordinates>
              -70.8327844754,-33.1124579275,0
              -70.8327953405,-33.1129809937,0
              -70.8327689329,-33.1129813822,0
              -70.8327580680,-33.1124583160,0
              -70.8327844754,-33.1124579275,0
            </coordinates>
          </LinearRing>
        </outerBoundaryIs>
      </Polygon>
    </Placemark>
    <Placemark>
      <description><![CDATA[LIMITES_TRACKER<BR><BR><B>ELEVATION</B> = 0]]></description>
      <styleUrl>#area5</styleUrl>
      <Polygon>
        <altitudeMode>relativeToGround</altitudeMode>
        <extrude>1</extrude>
        <outerBoundaryIs>
          <LinearRing>
            <coordinates>
              -70.8327319195,-33.1129819267,0
              -70.8327055119,-33.1129823152,0
              -70.8326946474,-33.1124592489,0
              -70.8327210548,-33.1124588605,0
              -70.8327319195,-33.1129819267,0
            </coordinates>
          </LinearRing>
        </outerBoundaryIs>
      </Polygon>
    </Placemark>
    <Placemark>
      <description><![CDATA[LIMITES_TRACKER<BR><BR><B>ELEVATION</B> = 0]]></description>
      <styleUrl>#area5</styleUrl>
      <Polygon>
        <altitudeMode>relativeToGround</altitudeMode>
        <extrude>1</extrude>
        <outerBoundaryIs>
          <LinearRing>
            <coordinates>
              -70.8326576341,-33.1124597934,0
              -70.8326684985,-33.1129828596,0
              -70.8326420909,-33.1129832481,0
              -70.8326312267,-33.1124601818,0
              -70.8326576341,-33.1124597934,0
            </coordinates>
          </LinearRing>
        </outerBoundaryIs>
      </Polygon>
    </Placemark>
    <Placemark>
      <description><![CDATA[LIMITES_TRACKER<BR><BR><B>ELEVATION</B> = 0]]></description>
      <styleUrl>#area5</styleUrl>
      <Polygon>
        <altitudeMode>relativeToGround</altitudeMode>
        <extrude>1</extrude>
        <outerBoundaryIs>
          <LinearRing>
            <coordinates>
              -70.8326050775,-33.1129837926,0
              -70.8325786699,-33.1129841810,0
              -70.8325678061,-33.1124611147,0
              -70.8325942135,-33.1124607263,0
              -70.8326050775,-33.1129837926,0
            </coordinates>
          </LinearRing>
        </outerBoundaryIs>
      </Polygon>
    </Placemark>
    <Placemark>
      <description><![CDATA[LIMITES_TRACKER<BR><BR><B>ELEVATION</B> = 0]]></description>
      <styleUrl>#area5</styleUrl>
      <Polygon>
        <altitudeMode>relativeToGround</altitudeMode>
        <extrude>1</extrude>
        <outerBoundaryIs>
          <LinearRing>
            <coordinates>
              -70.8325307929,-33.1124616592,0
              -70.8325416565,-33.1129847255,0
              -70.8325152490,-33.1129851139,0
              -70.8325043855,-33.1124620476,0
              -70.8325307929,-33.1124616592,0
            </coordinates>
          </LinearRing>
        </outerBoundaryIs>
      </Polygon>
    </Placemark>
    <Placemark>
      <description><![CDATA[LIMITES_TRACKER<BR><BR><B>ELEVATION</B> = 0]]></description>
      <styleUrl>#area1</styleUrl>
      <Polygon>
        <altitudeMode>relativeToGround</altitudeMode>
        <extrude>1</extrude>
        <outerBoundaryIs>
          <LinearRing>
            <coordinates>
              -70.8369437015,-33.1141692607,0
              -70.8369172937,-33.1141696501,0
              -70.8369064037,-33.1136465852,0
              -70.8369328113,-33.1136461958,0
              -70.8369437015,-33.1141692607,0
            </coordinates>
          </LinearRing>
        </outerBoundaryIs>
      </Polygon>
    </Placemark>
    <Placemark>
      <description><![CDATA[LIMITES_TRACKER<BR><BR><B>ELEVATION</B> = 0]]></description>
      <styleUrl>#area1</styleUrl>
      <Polygon>
        <altitudeMode>relativeToGround</altitudeMode>
        <extrude>1</extrude>
        <outerBoundaryIs>
          <LinearRing>
            <coordinates>
              -70.8368693900,-33.1136471309,0
              -70.8368802798,-33.1141701958,0
              -70.8368538720,-33.1141705852,0
              -70.8368429823,-33.1136475202,0
              -70.8368693900,-33.1136471309,0
            </coordinates>
          </LinearRing>
        </outerBoundaryIs>
      </Polygon>
    </Placemark>
    <Placemark>
      <description><![CDATA[LIMITES_TRACKER<BR><BR><B>ELEVATION</B> = 0]]></description>
      <styleUrl>#area1</styleUrl>
      <Polygon>
        <altitudeMode>relativeToGround</altitudeMode>
        <extrude>1</extrude>
        <outerBoundaryIs>
          <LinearRing>
            <coordinates>
              -70.8369327175,-33.1136416880,0
              -70.8369063098,-33.1136420774,0
              -70.8368954201,-33.1131190124,0
              -70.8369218276,-33.1131186231,0
              -70.8369327175,-33.1136416880,0
            </coordinates>
          </LinearRing>
        </outerBoundaryIs>
      </Polygon>
    </Placemark>
    <Placemark>
      <description><![CDATA[LIMITES_TRACKER<BR><BR><B>ELEVATION</B> = 0]]></description>
      <styleUrl>#area1</styleUrl>
      <Polygon>
        <altitudeMode>relativeToGround</altitudeMode>
        <extrude>1</extrude>
        <outerBoundaryIs>
          <LinearRing>
            <coordinates>
              -70.8368584067,-33.1131195581,0
              -70.8368692962,-33.1136426231,0
              -70.8368428885,-33.1136430125,0
              -70.8368319991,-33.1131199475,0
              -70.8368584067,-33.1131195581,0
            </coordinates>
          </LinearRing>
        </outerBoundaryIs>
      </Polygon>
    </Placemark>
    <Placemark>
      <description><![CDATA[LIMITES_TRACKER<BR><BR><B>ELEVATION</B> = 0]]></description>
      <styleUrl>#area1</styleUrl>
      <Polygon>
        <altitudeMode>relativeToGround</altitudeMode>
        <extrude>1</extrude>
        <outerBoundaryIs>
          <LinearRing>
            <coordinates>
              -70.8368284048,-33.1147257503,0
              -70.8368019968,-33.1147261396,0
              -70.8367911072,-33.1142030747,0
              -70.8368175151,-33.1142026854,0
              -70.8368284048,-33.1147257503,0
            </coordinates>
          </LinearRing>
        </outerBoundaryIs>
      </Polygon>
    </Placemark>
    <Placemark>
      <description><![CDATA[LIMITES_TRACKER<BR><BR><B>ELEVATION</B> = 0]]></description>
      <styleUrl>#area1</styleUrl>
      <Polygon>
        <altitudeMode>relativeToGround</altitudeMode>
        <extrude>1</extrude>
        <outerBoundaryIs>
          <LinearRing>
            <coordinates>
              -70.8367540934,-33.1142036204,0
              -70.8367649827,-33.1147266853,0
              -70.8367385747,-33.1147270747,0
              -70.8367276855,-33.1142040098,0
              -70.8367540934,-33.1142036204,0
            </coordinates>
          </LinearRing>
        </outerBoundaryIs>
      </Polygon>
    </Placemark>
    <Placemark>
      <description><![CDATA[LIMITES_TRACKER<BR><BR><B>ELEVATION</B> = 0]]></description>
      <styleUrl>#area2</styleUrl>
      <Polygon>
        <altitudeMode>relativeToGround</altitudeMode>
        <extrude>1</extrude>
        <outerBoundaryIs>
          <LinearRing>
            <coordinates>
              -70.8368168581,-33.1141711309,0
              -70.8367904503,-33.1141715203,0
              -70.8367795610,-33.1136484553,0
              -70.8368059687,-33.1136480660,0
              -70.8368168581,-33.1141711309,0
            </coordinates>
          </LinearRing>
        </outerBoundaryIs>
      </Polygon>
    </Placemark>
    <Placemark>
      <description><![CDATA[LIMITES_TRACKER<BR><BR><B>ELEVATION</B> = 0]]></description>
      <styleUrl>#area2</styleUrl>
      <Polygon>
        <altitudeMode>relativeToGround</altitudeMode>
        <extrude>1</extrude>
        <outerBoundaryIs>
          <LinearRing>
            <coordinates>
              -70.8367425474,-33.1136490010,0
              -70.8367534364,-33.1141720660,0
              -70.8367270286,-33.1141724553,0
              -70.8367161397,-33.1136493903,0
              -70.8367425474,-33.1136490010,0
            </coordinates>
          </LinearRing>
        </outerBoundaryIs>
      </Polygon>
    </Placemark>
    <Placemark>
      <description><![CDATA[LIMITES_TRACKER<BR><BR><B>ELEVATION</B> = 0]]></description>
      <styleUrl>#area4</styleUrl>
      <Polygon>
        <altitudeMode>relativeToGround</altitudeMode>
        <extrude>1</extrude>
        <outerBoundaryIs>
          <LinearRing>
            <coordinates>
              -70.8368058749,-33.1136435582,0
              -70.8367794672,-33.1136439475,0
              -70.8367685782,-33.1131208825,0
              -70.8367949857,-33.1131204932,0
              -70.8368058749,-33.1136435582,0
            </coordinates>
          </LinearRing>
        </outerBoundaryIs>
      </Polygon>
    </Placemark>
    <Placemark>
      <description><![CDATA[LIMITES_TRACKER<BR><BR><B>ELEVATION</B> = 0]]></description>
      <styleUrl>#area4</styleUrl>
      <Polygon>
        <altitudeMode>relativeToGround</altitudeMode>
        <extrude>1</extrude>
        <outerBoundaryIs>
          <LinearRing>
            <coordinates>
              -70.8367315648,-33.1131214282,0
              -70.8367424535,-33.1136444932,0
              -70.8367160459,-33.1136448826,0
              -70.8367051572,-33.1131218175,0
              -70.8367315648,-33.1131214282,0
            </coordinates>
          </LinearRing>
        </outerBoundaryIs>
      </Polygon>
    </Placemark>
    <Placemark>
      <description><![CDATA[LIMITES_TRACKER<BR><BR><B>ELEVATION</B> = 0]]></description>
      <styleUrl>#area2</styleUrl>
      <Polygon>
        <altitudeMode>relativeToGround</altitudeMode>
        <extrude>1</extrude>
        <outerBoundaryIs>
          <LinearRing>
            <coordinates>
              -70.8367015606,-33.1147276204,0
              -70.8366751526,-33.1147280097,0
              -70.8366642638,-33.1142049448,0
              -70.8366906716,-33.1142045555,0
              -70.8367015606,-33.1147276204,0
            </coordinates>
          </LinearRing>
        </outerBoundaryIs>
      </Polygon>
    </Placemark>
    <Placemark>
      <description><![CDATA[LIMITES_TRACKER<BR><BR><B>ELEVATION</B> = 0]]></description>
      <styleUrl>#area2</styleUrl>
      <Polygon>
        <altitudeMode>relativeToGround</altitudeMode>
        <extrude>1</extrude>
        <outerBoundaryIs>
          <LinearRing>
            <coordinates>
              -70.8366272499,-33.1142054905,0
              -70.8366381385,-33.1147285554,0
              -70.8366117305,-33.1147289447,0
              -70.8366008420,-33.1142058798,0
              -70.8366272499,-33.1142054905,0
            </coordinates>
          </LinearRing>
        </outerBoundaryIs>
      </Polygon>
    </Placemark>
    <Placemark>
      <description><![CDATA[LIMITES_TRACKER<BR><BR><B>ELEVATION</B> = 0]]></description>
      <styleUrl>#area3</styleUrl>
      <Polygon>
        <altitudeMode>relativeToGround</altitudeMode>
        <extrude>1</extrude>
        <outerBoundaryIs>
          <LinearRing>
            <coordinates>
              -70.8366900147,-33.1141730010,0
              -70.8366636069,-33.1141733903,0
              -70.8366527184,-33.1136503253,0
              -70.8366791261,-33.1136499360,0
              -70.8366900147,-33.1141730010,0
            </coordinates>
          </LinearRing>
        </outerBoundaryIs>
      </Polygon>
    </Placemark>
    <Placemark>
      <description><![CDATA[LIMITES_TRACKER<BR><BR><B>ELEVATION</B> = 0]]></description>
      <styleUrl>#area3</styleUrl>
      <Polygon>
        <altitudeMode>relativeToGround</altitudeMode>
        <extrude>1</extrude>
        <outerBoundaryIs>
          <LinearRing>
            <coordinates>
              -70.8366157047,-33.1136508710,0
              -70.8366265930,-33.1141739360,0
              -70.8366001852,-33.1141743253,0
              -70.8365892970,-33.1136512603,0
              -70.8366157047,-33.1136508710,0
            </coordinates>
          </LinearRing>
        </outerBoundaryIs>
      </Polygon>
    </Placemark>
    <Placemark>
      <description><![CDATA[LIMITES_TRACKER<BR><BR><B>ELEVATION</B> = 0]]></description>
      <styleUrl>#area4</styleUrl>
      <Polygon>
        <altitudeMode>relativeToGround</altitudeMode>
        <extrude>1</extrude>
        <outerBoundaryIs>
          <LinearRing>
            <coordinates>
              -70.8366790322,-33.1136454282,0
              -70.8366526245,-33.1136458175,0
              -70.8366417363,-33.1131227525,0
              -70.8366681438,-33.1131223632,0
              -70.8366790322,-33.1136454282,0
            </coordinates>
          </LinearRing>
        </outerBoundaryIs>
      </Polygon>
    </Placemark>
    <Placemark>
      <description><![CDATA[LIMITES_TRACKER<BR><BR><B>ELEVATION</B> = 0]]></description>
      <styleUrl>#area4</styleUrl>
      <Polygon>
        <altitudeMode>relativeToGround</altitudeMode>
        <extrude>1</extrude>
        <outerBoundaryIs>
          <LinearRing>
            <coordinates>
              -70.8366047229,-33.1131232982,0
              -70.8366156109,-33.1136463632,0
              -70.8365892032,-33.1136467525,0
              -70.8365783153,-33.1131236875,0
              -70.8366047229,-33.1131232982,0
            </coordinates>
          </LinearRing>
        </outerBoundaryIs>
      </Polygon>
    </Placemark>
    <Placemark>
      <description><![CDATA[LIMITES_TRACKER<BR><BR><B>ELEVATION</B> = 0]]></description>
      <styleUrl>#area1</styleUrl>
      <Polygon>
        <altitudeMode>relativeToGround</altitudeMode>
        <extrude>1</extrude>
        <outerBoundaryIs>
          <LinearRing>
            <coordinates>
              -70.8367125437,-33.1152551931,0
              -70.8366861355,-33.1152555824,0
              -70.8366752464,-33.1147325175,0
              -70.8367016544,-33.1147321282,0
              -70.8367125437,-33.1152551931,0
            </coordinates>
          </LinearRing>
        </outerBoundaryIs>
      </Polygon>
    </Placemark>
    <Placemark>
      <description><![CDATA[LIMITES_TRACKER<BR><BR><B>ELEVATION</B> = 0]]></description>
      <styleUrl>#area1</styleUrl>
      <Polygon>
        <altitudeMode>relativeToGround</altitudeMode>
        <extrude>1</extrude>
        <outerBoundaryIs>
          <LinearRing>
            <coordinates>
              -70.8366382323,-33.1147330632,0
              -70.8366491212,-33.1152561281,0
              -70.8366227131,-33.1152565174,0
              -70.8366118243,-33.1147334525,0
              -70.8366382323,-33.1147330632,0
            </coordinates>
          </LinearRing>
        </outerBoundaryIs>
      </Polygon>
    </Placemark>
    <Placemark>
      <description><![CDATA[LIMITES_TRACKER<BR><BR><B>ELEVATION</B> = 0]]></description>
      <styleUrl>#area3</styleUrl>
      <Polygon>
        <altitudeMode>relativeToGround</altitudeMode>
        <extrude>1</extrude>
        <outerBoundaryIs>
          <LinearRing>
            <coordinates>
              -70.8365747164,-33.1147294904,0
              -70.8365483084,-33.1147298797,0
              -70.8365374203,-33.1142068147,0
              -70.8365638282,-33.1142064254,0
              -70.8365747164,-33.1147294904,0
            </coordinates>
          </LinearRing>
        </outerBoundaryIs>
      </Polygon>
    </Placemark>
    <Placemark>
      <description><![CDATA[LIMITES_TRACKER<BR><BR><B>ELEVATION</B> = 0]]></description>
      <styleUrl>#area3</styleUrl>
      <Polygon>
        <altitudeMode>relativeToGround</altitudeMode>
        <extrude>1</extrude>
        <outerBoundaryIs>
          <LinearRing>
            <coordinates>
              -70.8365004064,-33.1142073604,0
              -70.8365112943,-33.1147304253,0
              -70.8364848863,-33.1147308146,0
              -70.8364739986,-33.1142077496,0
              -70.8365004064,-33.1142073604,0
            </coordinates>
          </LinearRing>
        </outerBoundaryIs>
      </Polygon>
    </Placemark>
    <Placemark>
      <description><![CDATA[LIMITES_TRACKER<BR><BR><B>ELEVATION</B> = 0]]></description>
      <styleUrl>#area3</styleUrl>
      <Polygon>
        <altitudeMode>relativeToGround</altitudeMode>
        <extrude>1</extrude>
        <outerBoundaryIs>
          <LinearRing>
            <coordinates>
              -70.8365631713,-33.1141748710,0
              -70.8365367635,-33.1141752602,0
              -70.8365258757,-33.1136521952,0
              -70.8365522834,-33.1136518059,0
              -70.8365631713,-33.1141748710,0
            </coordinates>
          </LinearRing>
        </outerBoundaryIs>
      </Polygon>
    </Placemark>
    <Placemark>
      <description><![CDATA[LIMITES_TRACKER<BR><BR><B>ELEVATION</B> = 0]]></description>
      <styleUrl>#area3</styleUrl>
      <Polygon>
        <altitudeMode>relativeToGround</altitudeMode>
        <extrude>1</extrude>
        <outerBoundaryIs>
          <LinearRing>
            <coordinates>
              -70.8364888621,-33.1136527408,0
              -70.8364997496,-33.1141758059,0
              -70.8364733418,-33.1141761952,0
              -70.8364624544,-33.1136531301,0
              -70.8364888621,-33.1136527408,0
            </coordinates>
          </LinearRing>
        </outerBoundaryIs>
      </Polygon>
    </Placemark>
    <Placemark>
      <description><![CDATA[LIMITES_TRACKER<BR><BR><B>ELEVATION</B> = 0]]></description>
      <styleUrl>#area4</styleUrl>
      <Polygon>
        <altitudeMode>relativeToGround</altitudeMode>
        <extrude>1</extrude>
        <outerBoundaryIs>
          <LinearRing>
            <coordinates>
              -70.8365521896,-33.1136472982,0
              -70.8365257819,-33.1136476874,0
              -70.8365148944,-33.1131246224,0
              -70.8365413019,-33.1131242331,0
              -70.8365521896,-33.1136472982,0
            </coordinates>
          </LinearRing>
        </outerBoundaryIs>
      </Polygon>
    </Placemark>
    <Placemark>
      <description><![CDATA[LIMITES_TRACKER<BR><BR><B>ELEVATION</B> = 0]]></description>
      <styleUrl>#area4</styleUrl>
      <Polygon>
        <altitudeMode>relativeToGround</altitudeMode>
        <extrude>1</extrude>
        <outerBoundaryIs>
          <LinearRing>
            <coordinates>
              -70.8364778810,-33.1131251680,0
              -70.8364887682,-33.1136482331,0
              -70.8364623605,-33.1136486223,0
              -70.8364514734,-33.1131255572,0
              -70.8364778810,-33.1131251680,0
            </coordinates>
          </LinearRing>
        </outerBoundaryIs>
      </Polygon>
    </Placemark>
    <Placemark>
      <description><![CDATA[LIMITES_TRACKER<BR><BR><B>ELEVATION</B> = 0]]></description>
      <styleUrl>#area2</styleUrl>
      <Polygon>
        <altitudeMode>relativeToGround</altitudeMode>
        <extrude>1</extrude>
        <outerBoundaryIs>
          <LinearRing>
            <coordinates>
              -70.8365856987,-33.1152570631,0
              -70.8365592906,-33.1152574524,0
              -70.8365484022,-33.1147343875,0
              -70.8365748102,-33.1147339982,0
              -70.8365856987,-33.1152570631,0
            </coordinates>
          </LinearRing>
        </outerBoundaryIs>
      </Polygon>
    </Placemark>
    <Placemark>
      <description><![CDATA[LIMITES_TRACKER<BR><BR><B>ELEVATION</B> = 0]]></description>
      <styleUrl>#area2</styleUrl>
      <Polygon>
        <altitudeMode>relativeToGround</altitudeMode>
        <extrude>1</extrude>
        <outerBoundaryIs>
          <LinearRing>
            <coordinates>
              -70.8365113881,-33.1147349331,0
              -70.8365222763,-33.1152579981,0
              -70.8364958681,-33.1152583874,0
              -70.8364849801,-33.1147353224,0
              -70.8365113881,-33.1147349331,0
            </coordinates>
          </LinearRing>
        </outerBoundaryIs>
      </Polygon>
    </Placemark>
    <Placemark>
      <description><![CDATA[LIMITES_TRACKER<BR><BR><B>ELEVATION</B> = 0]]></description>
      <styleUrl>#area1</styleUrl>
      <Polygon>
        <altitudeMode>relativeToGround</altitudeMode>
        <extrude>1</extrude>
        <outerBoundaryIs>
          <LinearRing>
            <coordinates>
              -70.8365966814,-33.1157846357,0
              -70.8365702730,-33.1157850251,0
              -70.8365593844,-33.1152619602,0
              -70.8365857926,-33.1152615709,0
              -70.8365966814,-33.1157846357,0
            </coordinates>
          </LinearRing>
        </outerBoundaryIs>
      </Polygon>
    </Placemark>
    <Placemark>
      <description><![CDATA[LIMITES_TRACKER<BR><BR><B>ELEVATION</B> = 0]]></description>
      <styleUrl>#area1</styleUrl>
      <Polygon>
        <altitudeMode>relativeToGround</altitudeMode>
        <extrude>1</extrude>
        <outerBoundaryIs>
          <LinearRing>
            <coordinates>
              -70.8365223701,-33.1152625058,0
              -70.8365332585,-33.1157855707,0
              -70.8365068502,-33.1157859600,0
              -70.8364959619,-33.1152628951,0
              -70.8365223701,-33.1152625058,0
            </coordinates>
          </LinearRing>
        </outerBoundaryIs>
      </Polygon>
    </Placemark>
    <Placemark>
      <description><![CDATA[LIMITES_TRACKER<BR><BR><B>ELEVATION</B> = 0]]></description>
      <styleUrl>#area3</styleUrl>
      <Polygon>
        <altitudeMode>relativeToGround</altitudeMode>
        <extrude>1</extrude>
        <outerBoundaryIs>
          <LinearRing>
            <coordinates>
              -70.8364478722,-33.1147313603,0
              -70.8364214642,-33.1147317495,0
              -70.8364105768,-33.1142086845,0
              -70.8364369847,-33.1142082953,0
              -70.8364478722,-33.1147313603,0
            </coordinates>
          </LinearRing>
        </outerBoundaryIs>
      </Polygon>
    </Placemark>
    <Placemark>
      <description><![CDATA[LIMITES_TRACKER<BR><BR><B>ELEVATION</B> = 0]]></description>
      <styleUrl>#area3</styleUrl>
      <Polygon>
        <altitudeMode>relativeToGround</altitudeMode>
        <extrude>1</extrude>
        <outerBoundaryIs>
          <LinearRing>
            <coordinates>
              -70.8363735630,-33.1142092301,0
              -70.8363844501,-33.1147322951,0
              -70.8363580420,-33.1147326844,0
              -70.8363471551,-33.1142096194,0
              -70.8363735630,-33.1142092301,0
            </coordinates>
          </LinearRing>
        </outerBoundaryIs>
      </Polygon>
    </Placemark>
    <Placemark>
      <description><![CDATA[LIMITES_TRACKER<BR><BR><B>ELEVATION</B> = 0]]></description>
      <styleUrl>#area3</styleUrl>
      <Polygon>
        <altitudeMode>relativeToGround</altitudeMode>
        <extrude>1</extrude>
        <outerBoundaryIs>
          <LinearRing>
            <coordinates>
              -70.8364363279,-33.1141767408,0
              -70.8364099201,-33.1141771300,0
              -70.8363990330,-33.1136540650,0
              -70.8364254407,-33.1136536757,0
              -70.8364363279,-33.1141767408,0
            </coordinates>
          </LinearRing>
        </outerBoundaryIs>
      </Polygon>
    </Placemark>
    <Placemark>
      <description><![CDATA[LIMITES_TRACKER<BR><BR><B>ELEVATION</B> = 0]]></description>
      <styleUrl>#area3</styleUrl>
      <Polygon>
        <altitudeMode>relativeToGround</altitudeMode>
        <extrude>1</extrude>
        <outerBoundaryIs>
          <LinearRing>
            <coordinates>
              -70.8363620194,-33.1136546106,0
              -70.8363729062,-33.1141776756,0
              -70.8363464983,-33.1141780649,0
              -70.8363356117,-33.1136549998,0
              -70.8363620194,-33.1136546106,0
            </coordinates>
          </LinearRing>
        </outerBoundaryIs>
      </Polygon>
    </Placemark>
    <Placemark>
      <description><![CDATA[LIMITES_TRACKER<BR><BR><B>ELEVATION</B> = 0]]></description>
      <styleUrl>#area4</styleUrl>
      <Polygon>
        <altitudeMode>relativeToGround</altitudeMode>
        <extrude>1</extrude>
        <outerBoundaryIs>
          <LinearRing>
            <coordinates>
              -70.8364253469,-33.1136491679,0
              -70.8363989392,-33.1136495572,0
              -70.8363880525,-33.1131264921,0
              -70.8364144600,-33.1131261028,0
              -70.8364253469,-33.1136491679,0
            </coordinates>
          </LinearRing>
        </outerBoundaryIs>
      </Polygon>
    </Placemark>
    <Placemark>
      <description><![CDATA[LIMITES_TRACKER<BR><BR><B>ELEVATION</B> = 0]]></description>
      <styleUrl>#area4</styleUrl>
      <Polygon>
        <altitudeMode>relativeToGround</altitudeMode>
        <extrude>1</extrude>
        <outerBoundaryIs>
          <LinearRing>
            <coordinates>
              -70.8363510390,-33.1131270377,0
              -70.8363619256,-33.1136501028,0
              -70.8363355179,-33.1136504920,0
              -70.8363246315,-33.1131274269,0
              -70.8363510390,-33.1131270377,0
            </coordinates>
          </LinearRing>
        </outerBoundaryIs>
      </Polygon>
    </Placemark>
    <Placemark>
      <description><![CDATA[LIMITES_TRACKER<BR><BR><B>ELEVATION</B> = 0]]></description>
      <styleUrl>#area3</styleUrl>
      <Polygon>
        <altitudeMode>relativeToGround</altitudeMode>
        <extrude>1</extrude>
        <outerBoundaryIs>
          <LinearRing>
            <coordinates>
              -70.8364588538,-33.1152589330,0
              -70.8364324456,-33.1152593223,0
              -70.8364215580,-33.1147362573,0
              -70.8364479660,-33.1147358680,0
              -70.8364588538,-33.1152589330,0
            </coordinates>
          </LinearRing>
        </outerBoundaryIs>
      </Polygon>
    </Placemark>
    <Placemark>
      <description><![CDATA[LIMITES_TRACKER<BR><BR><B>ELEVATION</B> = 0]]></description>
      <styleUrl>#area3</styleUrl>
      <Polygon>
        <altitudeMode>relativeToGround</altitudeMode>
        <extrude>1</extrude>
        <outerBoundaryIs>
          <LinearRing>
            <coordinates>
              -70.8363845439,-33.1147368029,0
              -70.8363954313,-33.1152598679,0
              -70.8363690231,-33.1152602572,0
              -70.8363581359,-33.1147371922,0
              -70.8363845439,-33.1147368029,0
            </coordinates>
          </LinearRing>
        </outerBoundaryIs>
      </Polygon>
    </Placemark>
    <Placemark>
      <description><![CDATA[LIMITES_TRACKER<BR><BR><B>ELEVATION</B> = 0]]></description>
      <styleUrl>#area2</styleUrl>
      <Polygon>
        <altitudeMode>relativeToGround</altitudeMode>
        <extrude>1</extrude>
        <outerBoundaryIs>
          <LinearRing>
            <coordinates>
              -70.8364698357,-33.1157865057,0
              -70.8364434273,-33.1157868950,0
              -70.8364325394,-33.1152638301,0
              -70.8364589476,-33.1152634408,0
              -70.8364698357,-33.1157865057,0
            </coordinates>
          </LinearRing>
        </outerBoundaryIs>
      </Polygon>
    </Placemark>
    <Placemark>
      <description><![CDATA[LIMITES_TRACKER<BR><BR><B>ELEVATION</B> = 0]]></description>
      <styleUrl>#area2</styleUrl>
      <Polygon>
        <altitudeMode>relativeToGround</altitudeMode>
        <extrude>1</extrude>
        <outerBoundaryIs>
          <LinearRing>
            <coordinates>
              -70.8363955251,-33.1152643757,0
              -70.8364064128,-33.1157874406,0
              -70.8363800044,-33.1157878299,0
              -70.8363691169,-33.1152647650,0
              -70.8363955251,-33.1152643757,0
            </coordinates>
          </LinearRing>
        </outerBoundaryIs>
      </Polygon>
    </Placemark>
    <Placemark>
      <description><![CDATA[LIMITES_TRACKER<BR><BR><B>ELEVATION</B> = 0]]></description>
      <styleUrl>#area3</styleUrl>
      <Polygon>
        <altitudeMode>relativeToGround</altitudeMode>
        <extrude>1</extrude>
        <outerBoundaryIs>
          <LinearRing>
            <coordinates>
              -70.8363210279,-33.1147332300,0
              -70.8362946199,-33.1147336192,0
              -70.8362837333,-33.1142105542,0
              -70.8363101412,-33.1142101650,0
              -70.8363210279,-33.1147332300,0
            </coordinates>
          </LinearRing>
        </outerBoundaryIs>
      </Polygon>
    </Placemark>
    <Placemark>
      <description><![CDATA[LIMITES_TRACKER<BR><BR><B>ELEVATION</B> = 0]]></description>
      <styleUrl>#area3</styleUrl>
      <Polygon>
        <altitudeMode>relativeToGround</altitudeMode>
        <extrude>1</extrude>
        <outerBoundaryIs>
          <LinearRing>
            <coordinates>
              -70.8362467195,-33.1142110998,0
              -70.8362576058,-33.1147341648,0
              -70.8362311978,-33.1147345541,0
              -70.8362203116,-33.1142114890,0
              -70.8362467195,-33.1142110998,0
            </coordinates>
          </LinearRing>
        </outerBoundaryIs>
      </Polygon>
    </Placemark>
    <Placemark>
      <description><![CDATA[LIMITES_TRACKER<BR><BR><B>ELEVATION</B> = 0]]></description>
      <styleUrl>#area3</styleUrl>
      <Polygon>
        <altitudeMode>relativeToGround</altitudeMode>
        <extrude>1</extrude>
        <outerBoundaryIs>
          <LinearRing>
            <coordinates>
              -70.8363094845,-33.1141786105,0
              -70.8362830766,-33.1141789997,0
              -70.8362721903,-33.1136559346,0
              -70.8362985980,-33.1136555454,0
              -70.8363094845,-33.1141786105,0
            </coordinates>
          </LinearRing>
        </outerBoundaryIs>
      </Polygon>
    </Placemark>
    <Placemark>
      <description><![CDATA[LIMITES_TRACKER<BR><BR><B>ELEVATION</B> = 0]]></description>
      <styleUrl>#area3</styleUrl>
      <Polygon>
        <altitudeMode>relativeToGround</altitudeMode>
        <extrude>1</extrude>
        <outerBoundaryIs>
          <LinearRing>
            <coordinates>
              -70.8362351767,-33.1136564802,0
              -70.8362460628,-33.1141795453,0
              -70.8362196549,-33.1141799345,0
              -70.8362087690,-33.1136568694,0
              -70.8362351767,-33.1136564802,0
            </coordinates>
          </LinearRing>
        </outerBoundaryIs>
      </Polygon>
    </Placemark>
    <Placemark>
      <description><![CDATA[LIMITES_TRACKER<BR><BR><B>ELEVATION</B> = 0]]></description>
      <styleUrl>#area4</styleUrl>
      <Polygon>
        <altitudeMode>relativeToGround</altitudeMode>
        <extrude>1</extrude>
        <outerBoundaryIs>
          <LinearRing>
            <coordinates>
              -70.8362985042,-33.1136510376,0
              -70.8362720965,-33.1136514268,0
              -70.8362612105,-33.1131283617,0
              -70.8362876181,-33.1131279725,0
              -70.8362985042,-33.1136510376,0
            </coordinates>
          </LinearRing>
        </outerBoundaryIs>
      </Polygon>
    </Placemark>
    <Placemark>
      <description><![CDATA[LIMITES_TRACKER<BR><BR><B>ELEVATION</B> = 0]]></description>
      <styleUrl>#area4</styleUrl>
      <Polygon>
        <altitudeMode>relativeToGround</altitudeMode>
        <extrude>1</extrude>
        <outerBoundaryIs>
          <LinearRing>
            <coordinates>
              -70.8362241971,-33.1131289072,0
              -70.8362350829,-33.1136519724,0
              -70.8362086752,-33.1136523616,0
              -70.8361977896,-33.1131292964,0
              -70.8362241971,-33.1131289072,0
            </coordinates>
          </LinearRing>
        </outerBoundaryIs>
      </Polygon>
    </Placemark>
    <Placemark>
      <description><![CDATA[LIMITES_TRACKER<BR><BR><B>ELEVATION</B> = 0]]></description>
      <styleUrl>#area3</styleUrl>
      <Polygon>
        <altitudeMode>relativeToGround</altitudeMode>
        <extrude>1</extrude>
        <outerBoundaryIs>
          <LinearRing>
            <coordinates>
              -70.8363320088,-33.1152608028,0
              -70.8363056006,-33.1152611920,0
              -70.8362947137,-33.1147381270,0
              -70.8363211218,-33.1147377378,0
              -70.8363320088,-33.1152608028,0
            </coordinates>
          </LinearRing>
        </outerBoundaryIs>
      </Polygon>
    </Placemark>
    <Placemark>
      <description><![CDATA[LIMITES_TRACKER<BR><BR><B>ELEVATION</B> = 0]]></description>
      <styleUrl>#area3</styleUrl>
      <Polygon>
        <altitudeMode>relativeToGround</altitudeMode>
        <extrude>1</extrude>
        <outerBoundaryIs>
          <LinearRing>
            <coordinates>
              -70.8362576996,-33.1147386726,0
              -70.8362685863,-33.1152617376,0
              -70.8362421781,-33.1152621269,0
              -70.8362312916,-33.1147390618,0
              -70.8362576996,-33.1147386726,0
            </coordinates>
          </LinearRing>
        </outerBoundaryIs>
      </Polygon>
    </Placemark>
    <Placemark>
      <description><![CDATA[LIMITES_TRACKER<BR><BR><B>ELEVATION</B> = 0]]></description>
      <styleUrl>#area2</styleUrl>
      <Polygon>
        <altitudeMode>relativeToGround</altitudeMode>
        <extrude>1</extrude>
        <outerBoundaryIs>
          <LinearRing>
            <coordinates>
              -70.8363429899,-33.1157883755,0
              -70.8363165816,-33.1157887648,0
              -70.8363056944,-33.1152656998,0
              -70.8363321026,-33.1152653106,0
              -70.8363429899,-33.1157883755,0
            </coordinates>
          </LinearRing>
        </outerBoundaryIs>
      </Polygon>
    </Placemark>
    <Placemark>
      <description><![CDATA[LIMITES_TRACKER<BR><BR><B>ELEVATION</B> = 0]]></description>
      <styleUrl>#area2</styleUrl>
      <Polygon>
        <altitudeMode>relativeToGround</altitudeMode>
        <extrude>1</extrude>
        <outerBoundaryIs>
          <LinearRing>
            <coordinates>
              -70.8362686801,-33.1152662454,0
              -70.8362795670,-33.1157893104,0
              -70.8362531587,-33.1157896996,0
              -70.8362422719,-33.1152666346,0
              -70.8362686801,-33.1152662454,0
            </coordinates>
          </LinearRing>
        </outerBoundaryIs>
      </Polygon>
    </Placemark>
    <Placemark>
      <description><![CDATA[LIMITES_TRACKER<BR><BR><B>ELEVATION</B> = 0]]></description>
      <styleUrl>#area3</styleUrl>
      <Polygon>
        <altitudeMode>relativeToGround</altitudeMode>
        <extrude>1</extrude>
        <outerBoundaryIs>
          <LinearRing>
            <coordinates>
              -70.8361941837,-33.1147350996,0
              -70.8361677757,-33.1147354888,0
              -70.8361568899,-33.1142124237,0
              -70.8361832977,-33.1142120345,0
              -70.8361941837,-33.1147350996,0
            </coordinates>
          </LinearRing>
        </outerBoundaryIs>
      </Polygon>
    </Placemark>
    <Placemark>
      <description><![CDATA[LIMITES_TRACKER<BR><BR><B>ELEVATION</B> = 0]]></description>
      <styleUrl>#area3</styleUrl>
      <Polygon>
        <altitudeMode>relativeToGround</altitudeMode>
        <extrude>1</extrude>
        <outerBoundaryIs>
          <LinearRing>
            <coordinates>
              -70.8361198760,-33.1142129693,0
              -70.8361307616,-33.1147360344,0
              -70.8361043535,-33.1147364236,0
              -70.8360934681,-33.1142133585,0
              -70.8361198760,-33.1142129693,0
            </coordinates>
          </LinearRing>
        </outerBoundaryIs>
      </Polygon>
    </Placemark>
    <Placemark>
      <description><![CDATA[LIMITES_TRACKER<BR><BR><B>ELEVATION</B> = 0]]></description>
      <styleUrl>#area3</styleUrl>
      <Polygon>
        <altitudeMode>relativeToGround</altitudeMode>
        <extrude>1</extrude>
        <outerBoundaryIs>
          <LinearRing>
            <coordinates>
              -70.8361826410,-33.1141804800,0
              -70.8361562332,-33.1141808693,0
              -70.8361453476,-33.1136578041,0
              -70.8361717554,-33.1136574149,0
              -70.8361826410,-33.1141804800,0
            </coordinates>
          </LinearRing>
        </outerBoundaryIs>
      </Polygon>
    </Placemark>
    <Placemark>
      <description><![CDATA[LIMITES_TRACKER<BR><BR><B>ELEVATION</B> = 0]]></description>
      <styleUrl>#area3</styleUrl>
      <Polygon>
        <altitudeMode>relativeToGround</altitudeMode>
        <extrude>1</extrude>
        <outerBoundaryIs>
          <LinearRing>
            <coordinates>
              -70.8361083340,-33.1136583496,0
              -70.8361192193,-33.1141814148,0
              -70.8360928114,-33.1141818040,0
              -70.8360819263,-33.1136587388,0
              -70.8361083340,-33.1136583496,0
            </coordinates>
          </LinearRing>
        </outerBoundaryIs>
      </Polygon>
    </Placemark>
    <Placemark>
      <description><![CDATA[LIMITES_TRACKER<BR><BR><B>ELEVATION</B> = 0]]></description>
      <styleUrl>#area4</styleUrl>
      <Polygon>
        <altitudeMode>relativeToGround</altitudeMode>
        <extrude>1</extrude>
        <outerBoundaryIs>
          <LinearRing>
            <coordinates>
              -70.8361716615,-33.1136529071,0
              -70.8361452538,-33.1136532963,0
              -70.8361343686,-33.1131302312,0
              -70.8361607761,-33.1131298420,0
              -70.8361716615,-33.1136529071,0
            </coordinates>
          </LinearRing>
        </outerBoundaryIs>
      </Polygon>
    </Placemark>
    <Placemark>
      <description><![CDATA[LIMITES_TRACKER<BR><BR><B>ELEVATION</B> = 0]]></description>
      <styleUrl>#area4</styleUrl>
      <Polygon>
        <altitudeMode>relativeToGround</altitudeMode>
        <extrude>1</extrude>
        <outerBoundaryIs>
          <LinearRing>
            <coordinates>
              -70.8360973552,-33.1131307767,0
              -70.8361082402,-33.1136538419,0
              -70.8360818325,-33.1136542310,0
              -70.8360709476,-33.1131311658,0
              -70.8360973552,-33.1131307767,0
            </coordinates>
          </LinearRing>
        </outerBoundaryIs>
      </Polygon>
    </Placemark>
    <Placemark>
      <description><![CDATA[LIMITES_TRACKER<BR><BR><B>ELEVATION</B> = 0]]></description>
      <styleUrl>#area3</styleUrl>
      <Polygon>
        <altitudeMode>relativeToGround</altitudeMode>
        <extrude>1</extrude>
        <outerBoundaryIs>
          <LinearRing>
            <coordinates>
              -70.8362051638,-33.1152626724,0
              -70.8361787556,-33.1152630616,0
              -70.8361678695,-33.1147399966,0
              -70.8361942775,-33.1147396074,0
              -70.8362051638,-33.1152626724,0
            </coordinates>
          </LinearRing>
        </outerBoundaryIs>
      </Polygon>
    </Placemark>
    <Placemark>
      <description><![CDATA[LIMITES_TRACKER<BR><BR><B>ELEVATION</B> = 0]]></description>
      <styleUrl>#area3</styleUrl>
      <Polygon>
        <altitudeMode>relativeToGround</altitudeMode>
        <extrude>1</extrude>
        <outerBoundaryIs>
          <LinearRing>
            <coordinates>
              -70.8361308554,-33.1147405421,0
              -70.8361417413,-33.1152636072,0
              -70.8361153331,-33.1152639964,0
              -70.8361044474,-33.1147409314,0
              -70.8361308554,-33.1147405421,0
            </coordinates>
          </LinearRing>
        </outerBoundaryIs>
      </Polygon>
    </Placemark>
    <Placemark>
      <description><![CDATA[LIMITES_TRACKER<BR><BR><B>ELEVATION</B> = 0]]></description>
      <styleUrl>#area2</styleUrl>
      <Polygon>
        <altitudeMode>relativeToGround</altitudeMode>
        <extrude>1</extrude>
        <outerBoundaryIs>
          <LinearRing>
            <coordinates>
              -70.8362161441,-33.1157902452,0
              -70.8361897358,-33.1157906344,0
              -70.8361788494,-33.1152675694,0
              -70.8362052576,-33.1152671802,0
              -70.8362161441,-33.1157902452,0
            </coordinates>
          </LinearRing>
        </outerBoundaryIs>
      </Polygon>
    </Placemark>
    <Placemark>
      <description><![CDATA[LIMITES_TRACKER<BR><BR><B>ELEVATION</B> = 0]]></description>
      <styleUrl>#area2</styleUrl>
      <Polygon>
        <altitudeMode>relativeToGround</altitudeMode>
        <extrude>1</extrude>
        <outerBoundaryIs>
          <LinearRing>
            <coordinates>
              -70.8361418351,-33.1152681150,0
              -70.8361527213,-33.1157911800,0
              -70.8361263129,-33.1157915692,0
              -70.8361154269,-33.1152685042,0
              -70.8361418351,-33.1152681150,0
            </coordinates>
          </LinearRing>
        </outerBoundaryIs>
      </Polygon>
    </Placemark>
    <Placemark>
      <description><![CDATA[LIMITES_TRACKER<BR><BR><B>ELEVATION</B> = 0]]></description>
      <styleUrl>#area3</styleUrl>
      <Polygon>
        <altitudeMode>relativeToGround</altitudeMode>
        <extrude>1</extrude>
        <outerBoundaryIs>
          <LinearRing>
            <coordinates>
              -70.8360673395,-33.1147369691,0
              -70.8360409314,-33.1147373583,0
              -70.8360300463,-33.1142142932,0
              -70.8360564542,-33.1142139040,0
              -70.8360673395,-33.1147369691,0
            </coordinates>
          </LinearRing>
        </outerBoundaryIs>
      </Polygon>
    </Placemark>
    <Placemark>
      <description><![CDATA[LIMITES_TRACKER<BR><BR><B>ELEVATION</B> = 0]]></description>
      <styleUrl>#area3</styleUrl>
      <Polygon>
        <altitudeMode>relativeToGround</altitudeMode>
        <extrude>1</extrude>
        <outerBoundaryIs>
          <LinearRing>
            <coordinates>
              -70.8359930325,-33.1142148386,0
              -70.8360039173,-33.1147379038,0
              -70.8359775093,-33.1147382930,0
              -70.8359666246,-33.1142152278,0
              -70.8359930325,-33.1142148386,0
            </coordinates>
          </LinearRing>
        </outerBoundaryIs>
      </Polygon>
    </Placemark>
    <Placemark>
      <description><![CDATA[LIMITES_TRACKER<BR><BR><B>ELEVATION</B> = 0]]></description>
      <styleUrl>#area3</styleUrl>
      <Polygon>
        <altitudeMode>relativeToGround</altitudeMode>
        <extrude>1</extrude>
        <outerBoundaryIs>
          <LinearRing>
            <coordinates>
              -70.8360557976,-33.1141823495,0
              -70.8360293897,-33.1141827387,0
              -70.8360185049,-33.1136596735,0
              -70.8360449126,-33.1136592843,0
              -70.8360557976,-33.1141823495,0
            </coordinates>
          </LinearRing>
        </outerBoundaryIs>
      </Polygon>
    </Placemark>
    <Placemark>
      <description><![CDATA[LIMITES_TRACKER<BR><BR><B>ELEVATION</B> = 0]]></description>
      <styleUrl>#area3</styleUrl>
      <Polygon>
        <altitudeMode>relativeToGround</altitudeMode>
        <extrude>1</extrude>
        <outerBoundaryIs>
          <LinearRing>
            <coordinates>
              -70.8359814913,-33.1136602190,0
              -70.8359923758,-33.1141832842,0
              -70.8359659680,-33.1141836733,0
              -70.8359550836,-33.1136606081,0
              -70.8359814913,-33.1136602190,0
            </coordinates>
          </LinearRing>
        </outerBoundaryIs>
      </Polygon>
    </Placemark>
    <Placemark>
      <description><![CDATA[LIMITES_TRACKER<BR><BR><B>ELEVATION</B> = 0]]></description>
      <styleUrl>#area4</styleUrl>
      <Polygon>
        <altitudeMode>relativeToGround</altitudeMode>
        <extrude>1</extrude>
        <outerBoundaryIs>
          <LinearRing>
            <coordinates>
              -70.8360448188,-33.1136547765,0
              -70.8360184111,-33.1136551657,0
              -70.8360075266,-33.1131321005,0
              -70.8360339342,-33.1131317113,0
              -70.8360448188,-33.1136547765,0
            </coordinates>
          </LinearRing>
        </outerBoundaryIs>
      </Polygon>
    </Placemark>
    <Placemark>
      <description><![CDATA[LIMITES_TRACKER<BR><BR><B>ELEVATION</B> = 0]]></description>
      <styleUrl>#area4</styleUrl>
      <Polygon>
        <altitudeMode>relativeToGround</altitudeMode>
        <extrude>1</extrude>
        <outerBoundaryIs>
          <LinearRing>
            <coordinates>
              -70.8359705132,-33.1131326460,0
              -70.8359813975,-33.1136557112,0
              -70.8359549898,-33.1136561004,0
              -70.8359441057,-33.1131330351,0
              -70.8359705132,-33.1131326460,0
            </coordinates>
          </LinearRing>
        </outerBoundaryIs>
      </Polygon>
    </Placemark>
    <Placemark>
      <description><![CDATA[LIMITES_TRACKER<BR><BR><B>ELEVATION</B> = 0]]></description>
      <styleUrl>#area2</styleUrl>
      <Polygon>
        <altitudeMode>relativeToGround</altitudeMode>
        <extrude>1</extrude>
        <outerBoundaryIs>
          <LinearRing>
            <coordinates>
              -70.8360783188,-33.1152645419,0
              -70.8360519106,-33.1152649311,0
              -70.8360410252,-33.1147418661,0
              -70.8360674333,-33.1147414769,0
              -70.8360783188,-33.1152645419,0
            </coordinates>
          </LinearRing>
        </outerBoundaryIs>
      </Polygon>
    </Placemark>
    <Placemark>
      <description><![CDATA[LIMITES_TRACKER<BR><BR><B>ELEVATION</B> = 0]]></description>
      <styleUrl>#area2</styleUrl>
      <Polygon>
        <altitudeMode>relativeToGround</altitudeMode>
        <extrude>1</extrude>
        <outerBoundaryIs>
          <LinearRing>
            <coordinates>
              -70.8360040111,-33.1147424116,0
              -70.8360148963,-33.1152654766,0
              -70.8359884881,-33.1152658658,0
              -70.8359776031,-33.1147428007,0
              -70.8360040111,-33.1147424116,0
            </coordinates>
          </LinearRing>
        </outerBoundaryIs>
      </Polygon>
    </Placemark>
    <Placemark>
      <description><![CDATA[LIMITES_TRACKER<BR><BR><B>ELEVATION</B> = 0]]></description>
      <styleUrl>#area1</styleUrl>
      <Polygon>
        <altitudeMode>relativeToGround</altitudeMode>
        <extrude>1</extrude>
        <outerBoundaryIs>
          <LinearRing>
            <coordinates>
              -70.8360892984,-33.1157921147,0
              -70.8360628900,-33.1157925039,0
              -70.8360520044,-33.1152694389,0
              -70.8360784126,-33.1152690497,0
              -70.8360892984,-33.1157921147,0
            </coordinates>
          </LinearRing>
        </outerBoundaryIs>
      </Polygon>
    </Placemark>
    <Placemark>
      <description><![CDATA[LIMITES_TRACKER<BR><BR><B>ELEVATION</B> = 0]]></description>
      <styleUrl>#area1</styleUrl>
      <Polygon>
        <altitudeMode>relativeToGround</altitudeMode>
        <extrude>1</extrude>
        <outerBoundaryIs>
          <LinearRing>
            <coordinates>
              -70.8360149901,-33.1152699844,0
              -70.8360258755,-33.1157930495,0
              -70.8359994671,-33.1157934387,0
              -70.8359885819,-33.1152703736,0
              -70.8360149901,-33.1152699844,0
            </coordinates>
          </LinearRing>
        </outerBoundaryIs>
      </Polygon>
    </Placemark>
    <Placemark>
      <description><![CDATA[LIMITES_TRACKER<BR><BR><B>ELEVATION</B> = 0]]></description>
      <styleUrl>#area3</styleUrl>
      <Polygon>
        <altitudeMode>relativeToGround</altitudeMode>
        <extrude>1</extrude>
        <outerBoundaryIs>
          <LinearRing>
            <coordinates>
              -70.8359404952,-33.1147388384,0
              -70.8359140872,-33.1147392276,0
              -70.8359032028,-33.1142161624,0
              -70.8359296107,-33.1142157733,0
              -70.8359404952,-33.1147388384,0
            </coordinates>
          </LinearRing>
        </outerBoundaryIs>
      </Polygon>
    </Placemark>
    <Placemark>
      <description><![CDATA[LIMITES_TRACKER<BR><BR><B>ELEVATION</B> = 0]]></description>
      <styleUrl>#area3</styleUrl>
      <Polygon>
        <altitudeMode>relativeToGround</altitudeMode>
        <extrude>1</extrude>
        <outerBoundaryIs>
          <LinearRing>
            <coordinates>
              -70.8358661889,-33.1142167079,0
              -70.8358770730,-33.1147397731,0
              -70.8358506650,-33.1147401622,0
              -70.8358397811,-33.1142170970,0
              -70.8358661889,-33.1142167079,0
            </coordinates>
          </LinearRing>
        </outerBoundaryIs>
      </Polygon>
    </Placemark>
    <Placemark>
      <description><![CDATA[LIMITES_TRACKER<BR><BR><B>ELEVATION</B> = 0]]></description>
      <styleUrl>#area3</styleUrl>
      <Polygon>
        <altitudeMode>relativeToGround</altitudeMode>
        <extrude>1</extrude>
        <outerBoundaryIs>
          <LinearRing>
            <coordinates>
              -70.8359289541,-33.1141842188,0
              -70.8359025462,-33.1141846080,0
              -70.8358916622,-33.1136615427,0
              -70.8359180699,-33.1136611536,0
              -70.8359289541,-33.1141842188,0
            </coordinates>
          </LinearRing>
        </outerBoundaryIs>
      </Polygon>
    </Placemark>
    <Placemark>
      <description><![CDATA[LIMITES_TRACKER<BR><BR><B>ELEVATION</B> = 0]]></description>
      <styleUrl>#area3</styleUrl>
      <Polygon>
        <altitudeMode>relativeToGround</altitudeMode>
        <extrude>1</extrude>
        <outerBoundaryIs>
          <LinearRing>
            <coordinates>
              -70.8358546486,-33.1136620882,0
              -70.8358655324,-33.1141851534,0
              -70.8358391245,-33.1141855426,0
              -70.8358282408,-33.1136624773,0
              -70.8358546486,-33.1136620882,0
            </coordinates>
          </LinearRing>
        </outerBoundaryIs>
      </Polygon>
    </Placemark>
    <Placemark>
      <description><![CDATA[LIMITES_TRACKER<BR><BR><B>ELEVATION</B> = 0]]></description>
      <styleUrl>#area4</styleUrl>
      <Polygon>
        <altitudeMode>relativeToGround</altitudeMode>
        <extrude>1</extrude>
        <outerBoundaryIs>
          <LinearRing>
            <coordinates>
              -70.8359179761,-33.1136566458,0
              -70.8358915684,-33.1136570350,0
              -70.8358806847,-33.1131339697,0
              -70.8359070922,-33.1131335806,0
              -70.8359179761,-33.1136566458,0
            </coordinates>
          </LinearRing>
        </outerBoundaryIs>
      </Polygon>
    </Placemark>
    <Placemark>
      <description><![CDATA[LIMITES_TRACKER<BR><BR><B>ELEVATION</B> = 0]]></description>
      <styleUrl>#area4</styleUrl>
      <Polygon>
        <altitudeMode>relativeToGround</altitudeMode>
        <extrude>1</extrude>
        <outerBoundaryIs>
          <LinearRing>
            <coordinates>
              -70.8358436712,-33.1131345151,0
              -70.8358545548,-33.1136575804,0
              -70.8358281471,-33.1136579695,0
              -70.8358172637,-33.1131349043,0
              -70.8358436712,-33.1131345151,0
            </coordinates>
          </LinearRing>
        </outerBoundaryIs>
      </Polygon>
    </Placemark>
    <Placemark>
      <description><![CDATA[LIMITES_TRACKER<BR><BR><B>ELEVATION</B> = 0]]></description>
      <styleUrl>#area2</styleUrl>
      <Polygon>
        <altitudeMode>relativeToGround</altitudeMode>
        <extrude>1</extrude>
        <outerBoundaryIs>
          <LinearRing>
            <coordinates>
              -70.8359514737,-33.1152664113,0
              -70.8359250656,-33.1152668005,0
              -70.8359141810,-33.1147437354,0
              -70.8359405890,-33.1147433462,0
              -70.8359514737,-33.1152664113,0
            </coordinates>
          </LinearRing>
        </outerBoundaryIs>
      </Polygon>
    </Placemark>
    <Placemark>
      <description><![CDATA[LIMITES_TRACKER<BR><BR><B>ELEVATION</B> = 0]]></description>
      <styleUrl>#area2</styleUrl>
      <Polygon>
        <altitudeMode>relativeToGround</altitudeMode>
        <extrude>1</extrude>
        <outerBoundaryIs>
          <LinearRing>
            <coordinates>
              -70.8358771668,-33.1147442808,0
              -70.8358880512,-33.1152673460,0
              -70.8358616430,-33.1152677351,0
              -70.8358507588,-33.1147446700,0
              -70.8358771668,-33.1147442808,0
            </coordinates>
          </LinearRing>
        </outerBoundaryIs>
      </Polygon>
    </Placemark>
    <Placemark>
      <description><![CDATA[LIMITES_TRACKER<BR><BR><B>ELEVATION</B> = 0]]></description>
      <styleUrl>#area3</styleUrl>
      <Polygon>
        <altitudeMode>relativeToGround</altitudeMode>
        <extrude>1</extrude>
        <outerBoundaryIs>
          <LinearRing>
            <coordinates>
              -70.8358136509,-33.1147407077,0
              -70.8357872429,-33.1147410968,0
              -70.8357763593,-33.1142180316,0
              -70.8358027672,-33.1142176425,0
              -70.8358136509,-33.1147407077,0
            </coordinates>
          </LinearRing>
        </outerBoundaryIs>
      </Polygon>
    </Placemark>
    <Placemark>
      <description><![CDATA[LIMITES_TRACKER<BR><BR><B>ELEVATION</B> = 0]]></description>
      <styleUrl>#area3</styleUrl>
      <Polygon>
        <altitudeMode>relativeToGround</altitudeMode>
        <extrude>1</extrude>
        <outerBoundaryIs>
          <LinearRing>
            <coordinates>
              -70.8357393454,-33.1142185770,0
              -70.8357502288,-33.1147416422,0
              -70.8357238207,-33.1147420313,0
              -70.8357129375,-33.1142189661,0
              -70.8357393454,-33.1142185770,0
            </coordinates>
          </LinearRing>
        </outerBoundaryIs>
      </Polygon>
    </Placemark>
    <Placemark>
      <description><![CDATA[LIMITES_TRACKER<BR><BR><B>ELEVATION</B> = 0]]></description>
      <styleUrl>#area3</styleUrl>
      <Polygon>
        <altitudeMode>relativeToGround</altitudeMode>
        <extrude>1</extrude>
        <outerBoundaryIs>
          <LinearRing>
            <coordinates>
              -70.8358021106,-33.1141860880,0
              -70.8357757027,-33.1141864771,0
              -70.8357648195,-33.1136634119,0
              -70.8357912272,-33.1136630227,0
              -70.8358021106,-33.1141860880,0
            </coordinates>
          </LinearRing>
        </outerBoundaryIs>
      </Polygon>
    </Placemark>
    <Placemark>
      <description><![CDATA[LIMITES_TRACKER<BR><BR><B>ELEVATION</B> = 0]]></description>
      <styleUrl>#area3</styleUrl>
      <Polygon>
        <altitudeMode>relativeToGround</altitudeMode>
        <extrude>1</extrude>
        <outerBoundaryIs>
          <LinearRing>
            <coordinates>
              -70.8357278058,-33.1136639573,0
              -70.8357386889,-33.1141870225,0
              -70.8357122810,-33.1141874116,0
              -70.8357013981,-33.1136643464,0
              -70.8357278058,-33.1136639573,0
            </coordinates>
          </LinearRing>
        </outerBoundaryIs>
      </Polygon>
    </Placemark>
    <Placemark>
      <description><![CDATA[LIMITES_TRACKER<BR><BR><B>ELEVATION</B> = 0]]></description>
      <styleUrl>#area4</styleUrl>
      <Polygon>
        <altitudeMode>relativeToGround</altitudeMode>
        <extrude>1</extrude>
        <outerBoundaryIs>
          <LinearRing>
            <coordinates>
              -70.8357911334,-33.1136585150,0
              -70.8357647257,-33.1136589041,0
              -70.8357538427,-33.1131358388,0
              -70.8357802503,-33.1131354497,0
              -70.8357911334,-33.1136585150,0
            </coordinates>
          </LinearRing>
        </outerBoundaryIs>
      </Polygon>
    </Placemark>
    <Placemark>
      <description><![CDATA[LIMITES_TRACKER<BR><BR><B>ELEVATION</B> = 0]]></description>
      <styleUrl>#area4</styleUrl>
      <Polygon>
        <altitudeMode>relativeToGround</altitudeMode>
        <extrude>1</extrude>
        <outerBoundaryIs>
          <LinearRing>
            <coordinates>
              -70.8357168293,-33.1131363842,0
              -70.8357277120,-33.1136594495,0
              -70.8357013043,-33.1136598386,0
              -70.8356904217,-33.1131367733,0
              -70.8357168293,-33.1131363842,0
            </coordinates>
          </LinearRing>
        </outerBoundaryIs>
      </Polygon>
    </Placemark>
    <Placemark>
      <description><![CDATA[LIMITES_TRACKER<BR><BR><B>ELEVATION</B> = 0]]></description>
      <styleUrl>#area2</styleUrl>
      <Polygon>
        <altitudeMode>relativeToGround</altitudeMode>
        <extrude>1</extrude>
        <outerBoundaryIs>
          <LinearRing>
            <coordinates>
              -70.8358246287,-33.1152682806,0
              -70.8357982205,-33.1152686697,0
              -70.8357873367,-33.1147456046,0
              -70.8358137447,-33.1147452154,0
              -70.8358246287,-33.1152682806,0
            </coordinates>
          </LinearRing>
        </outerBoundaryIs>
      </Polygon>
    </Placemark>
    <Placemark>
      <description><![CDATA[LIMITES_TRACKER<BR><BR><B>ELEVATION</B> = 0]]></description>
      <styleUrl>#area2</styleUrl>
      <Polygon>
        <altitudeMode>relativeToGround</altitudeMode>
        <extrude>1</extrude>
        <outerBoundaryIs>
          <LinearRing>
            <coordinates>
              -70.8357503226,-33.1147461500,0
              -70.8357612062,-33.1152692152,0
              -70.8357347980,-33.1152696043,0
              -70.8357239145,-33.1147465391,0
              -70.8357503226,-33.1147461500,0
            </coordinates>
          </LinearRing>
        </outerBoundaryIs>
      </Polygon>
    </Placemark>
    <Placemark>
      <description><![CDATA[LIMITES_TRACKER<BR><BR><B>ELEVATION</B> = 0]]></description>
      <styleUrl>#area3</styleUrl>
      <Polygon>
        <altitudeMode>relativeToGround</altitudeMode>
        <extrude>1</extrude>
        <outerBoundaryIs>
          <LinearRing>
            <coordinates>
              -70.8356868066,-33.1147425768,0
              -70.8356603986,-33.1147429659,0
              -70.8356495158,-33.1142199006,0
              -70.8356759236,-33.1142195115,0
              -70.8356868066,-33.1147425768,0
            </coordinates>
          </LinearRing>
        </outerBoundaryIs>
      </Polygon>
    </Placemark>
    <Placemark>
      <description><![CDATA[LIMITES_TRACKER<BR><BR><B>ELEVATION</B> = 0]]></description>
      <styleUrl>#area3</styleUrl>
      <Polygon>
        <altitudeMode>relativeToGround</altitudeMode>
        <extrude>1</extrude>
        <outerBoundaryIs>
          <LinearRing>
            <coordinates>
              -70.8356125019,-33.1142204460,0
              -70.8356233845,-33.1147435112,0
              -70.8355969764,-33.1147439003,0
              -70.8355860940,-33.1142208351,0
              -70.8356125019,-33.1142204460,0
            </coordinates>
          </LinearRing>
        </outerBoundaryIs>
      </Polygon>
    </Placemark>
    <Placemark>
      <description><![CDATA[LIMITES_TRACKER<BR><BR><B>ELEVATION</B> = 0]]></description>
      <styleUrl>#area3</styleUrl>
      <Polygon>
        <altitudeMode>relativeToGround</altitudeMode>
        <extrude>1</extrude>
        <outerBoundaryIs>
          <LinearRing>
            <coordinates>
              -70.8356752671,-33.1141879570,0
              -70.8356488593,-33.1141883461,0
              -70.8356379767,-33.1136652809,0
              -70.8356643845,-33.1136648918,0
              -70.8356752671,-33.1141879570,0
            </coordinates>
          </LinearRing>
        </outerBoundaryIs>
      </Polygon>
    </Placemark>
    <Placemark>
      <description><![CDATA[LIMITES_TRACKER<BR><BR><B>ELEVATION</B> = 0]]></description>
      <styleUrl>#area3</styleUrl>
      <Polygon>
        <altitudeMode>relativeToGround</altitudeMode>
        <extrude>1</extrude>
        <outerBoundaryIs>
          <LinearRing>
            <coordinates>
              -70.8356009631,-33.1136658262,0
              -70.8356118454,-33.1141888915,0
              -70.8355854375,-33.1141892806,0
              -70.8355745554,-33.1136662153,0
              -70.8356009631,-33.1136658262,0
            </coordinates>
          </LinearRing>
        </outerBoundaryIs>
      </Polygon>
    </Placemark>
    <Placemark>
      <description><![CDATA[LIMITES_TRACKER<BR><BR><B>ELEVATION</B> = 0]]></description>
      <styleUrl>#area4</styleUrl>
      <Polygon>
        <altitudeMode>relativeToGround</altitudeMode>
        <extrude>1</extrude>
        <outerBoundaryIs>
          <LinearRing>
            <coordinates>
              -70.8356642907,-33.1136603840,0
              -70.8356378829,-33.1136607731,0
              -70.8356270007,-33.1131377077,0
              -70.8356534083,-33.1131373187,0
              -70.8356642907,-33.1136603840,0
            </coordinates>
          </LinearRing>
        </outerBoundaryIs>
      </Polygon>
    </Placemark>
    <Placemark>
      <description><![CDATA[LIMITES_TRACKER<BR><BR><B>ELEVATION</B> = 0]]></description>
      <styleUrl>#area4</styleUrl>
      <Polygon>
        <altitudeMode>relativeToGround</altitudeMode>
        <extrude>1</extrude>
        <outerBoundaryIs>
          <LinearRing>
            <coordinates>
              -70.8355899873,-33.1131382531,0
              -70.8356008693,-33.1136613184,0
              -70.8355744616,-33.1136617075,0
              -70.8355635797,-33.1131386422,0
              -70.8355899873,-33.1131382531,0
            </coordinates>
          </LinearRing>
        </outerBoundaryIs>
      </Polygon>
    </Placemark>
    <Placemark>
      <description><![CDATA[LIMITES_TRACKER<BR><BR><B>ELEVATION</B> = 0]]></description>
      <styleUrl>#area2</styleUrl>
      <Polygon>
        <altitudeMode>relativeToGround</altitudeMode>
        <extrude>1</extrude>
        <outerBoundaryIs>
          <LinearRing>
            <coordinates>
              -70.8356977837,-33.1152701497,0
              -70.8356713755,-33.1152705388,0
              -70.8356604924,-33.1147474736,0
              -70.8356869004,-33.1147470845,0
              -70.8356977837,-33.1152701497,0
            </coordinates>
          </LinearRing>
        </outerBoundaryIs>
      </Polygon>
    </Placemark>
    <Placemark>
      <description><![CDATA[LIMITES_TRACKER<BR><BR><B>ELEVATION</B> = 0]]></description>
      <styleUrl>#area2</styleUrl>
      <Polygon>
        <altitudeMode>relativeToGround</altitudeMode>
        <extrude>1</extrude>
        <outerBoundaryIs>
          <LinearRing>
            <coordinates>
              -70.8356234783,-33.1147480190,0
              -70.8356343611,-33.1152710842,0
              -70.8356079529,-33.1152714733,0
              -70.8355970702,-33.1147484081,0
              -70.8356234783,-33.1147480190,0
            </coordinates>
          </LinearRing>
        </outerBoundaryIs>
      </Polygon>
    </Placemark>
    <Placemark>
      <description><![CDATA[LIMITES_TRACKER<BR><BR><B>ELEVATION</B> = 0]]></description>
      <styleUrl>#area3</styleUrl>
      <Polygon>
        <altitudeMode>relativeToGround</altitudeMode>
        <extrude>1</extrude>
        <outerBoundaryIs>
          <LinearRing>
            <coordinates>
              -70.8355599623,-33.1147444457,0
              -70.8355335543,-33.1147448348,0
              -70.8355226722,-33.1142217695,0
              -70.8355490801,-33.1142213805,0
              -70.8355599623,-33.1147444457,0
            </coordinates>
          </LinearRing>
        </outerBoundaryIs>
      </Polygon>
    </Placemark>
    <Placemark>
      <description><![CDATA[LIMITES_TRACKER<BR><BR><B>ELEVATION</B> = 0]]></description>
      <styleUrl>#area3</styleUrl>
      <Polygon>
        <altitudeMode>relativeToGround</altitudeMode>
        <extrude>1</extrude>
        <outerBoundaryIs>
          <LinearRing>
            <coordinates>
              -70.8354856583,-33.1142223149,0
              -70.8354965402,-33.1147453801,0
              -70.8354701321,-33.1147457692,0
              -70.8354592504,-33.1142227039,0
              -70.8354856583,-33.1142223149,0
            </coordinates>
          </LinearRing>
        </outerBoundaryIs>
      </Polygon>
    </Placemark>
    <Placemark>
      <description><![CDATA[LIMITES_TRACKER<BR><BR><B>ELEVATION</B> = 0]]></description>
      <styleUrl>#area3</styleUrl>
      <Polygon>
        <altitudeMode>relativeToGround</altitudeMode>
        <extrude>1</extrude>
        <outerBoundaryIs>
          <LinearRing>
            <coordinates>
              -70.8355484236,-33.1141898260,0
              -70.8355220157,-33.1141902150,0
              -70.8355111340,-33.1136671497,0
              -70.8355375417,-33.1136667606,0
              -70.8355484236,-33.1141898260,0
            </coordinates>
          </LinearRing>
        </outerBoundaryIs>
      </Polygon>
    </Placemark>
    <Placemark>
      <description><![CDATA[LIMITES_TRACKER<BR><BR><B>ELEVATION</B> = 0]]></description>
      <styleUrl>#area3</styleUrl>
      <Polygon>
        <altitudeMode>relativeToGround</altitudeMode>
        <extrude>1</extrude>
        <outerBoundaryIs>
          <LinearRing>
            <coordinates>
              -70.8354741203,-33.1136676950,0
              -70.8354850019,-33.1141907604,0
              -70.8354585940,-33.1141911494,0
              -70.8354477126,-33.1136680841,0
              -70.8354741203,-33.1136676950,0
            </coordinates>
          </LinearRing>
        </outerBoundaryIs>
      </Polygon>
    </Placemark>
    <Placemark>
      <description><![CDATA[LIMITES_TRACKER<BR><BR><B>ELEVATION</B> = 0]]></description>
      <styleUrl>#area4</styleUrl>
      <Polygon>
        <altitudeMode>relativeToGround</altitudeMode>
        <extrude>1</extrude>
        <outerBoundaryIs>
          <LinearRing>
            <coordinates>
              -70.8355374479,-33.1136622529,0
              -70.8355110402,-33.1136626419,0
              -70.8355001587,-33.1131395766,0
              -70.8355265663,-33.1131391875,0
              -70.8355374479,-33.1136622529,0
            </coordinates>
          </LinearRing>
        </outerBoundaryIs>
      </Polygon>
    </Placemark>
    <Placemark>
      <description><![CDATA[LIMITES_TRACKER<BR><BR><B>ELEVATION</B> = 0]]></description>
      <styleUrl>#area4</styleUrl>
      <Polygon>
        <altitudeMode>relativeToGround</altitudeMode>
        <extrude>1</extrude>
        <outerBoundaryIs>
          <LinearRing>
            <coordinates>
              -70.8354631453,-33.1131401219,0
              -70.8354740265,-33.1136631873,0
              -70.8354476188,-33.1136635763,0
              -70.8354367377,-33.1131405109,0
              -70.8354631453,-33.1131401219,0
            </coordinates>
          </LinearRing>
        </outerBoundaryIs>
      </Polygon>
    </Placemark>
    <Placemark>
      <description><![CDATA[LIMITES_TRACKER<BR><BR><B>ELEVATION</B> = 0]]></description>
      <styleUrl>#area2</styleUrl>
      <Polygon>
        <altitudeMode>relativeToGround</altitudeMode>
        <extrude>1</extrude>
        <outerBoundaryIs>
          <LinearRing>
            <coordinates>
              -70.8355709386,-33.1152720187,0
              -70.8355445304,-33.1152724078,0
              -70.8355336481,-33.1147493426,0
              -70.8355600561,-33.1147489535,0
              -70.8355709386,-33.1152720187,0
            </coordinates>
          </LinearRing>
        </outerBoundaryIs>
      </Polygon>
    </Placemark>
    <Placemark>
      <description><![CDATA[LIMITES_TRACKER<BR><BR><B>ELEVATION</B> = 0]]></description>
      <styleUrl>#area2</styleUrl>
      <Polygon>
        <altitudeMode>relativeToGround</altitudeMode>
        <extrude>1</extrude>
        <outerBoundaryIs>
          <LinearRing>
            <coordinates>
              -70.8354966339,-33.1147498879,0
              -70.8355075161,-33.1152729532,0
              -70.8354811079,-33.1152733422,0
              -70.8354702259,-33.1147502770,0
              -70.8354966339,-33.1147498879,0
            </coordinates>
          </LinearRing>
        </outerBoundaryIs>
      </Polygon>
    </Placemark>
    <Placemark>
      <description><![CDATA[LIMITES_TRACKER<BR><BR><B>ELEVATION</B> = 0]]></description>
      <styleUrl>#area1</styleUrl>
      <Polygon>
        <altitudeMode>relativeToGround</altitudeMode>
        <extrude>1</extrude>
        <outerBoundaryIs>
          <LinearRing>
            <coordinates>
              -70.8354331180,-33.1147463145,0
              -70.8354067100,-33.1147467036,0
              -70.8353958286,-33.1142236383,0
              -70.8354222365,-33.1142232492,0
              -70.8354331180,-33.1147463145,0
            </coordinates>
          </LinearRing>
        </outerBoundaryIs>
      </Polygon>
    </Placemark>
    <Placemark>
      <description><![CDATA[LIMITES_TRACKER<BR><BR><B>ELEVATION</B> = 0]]></description>
      <styleUrl>#area1</styleUrl>
      <Polygon>
        <altitudeMode>relativeToGround</altitudeMode>
        <extrude>1</extrude>
        <outerBoundaryIs>
          <LinearRing>
            <coordinates>
              -70.8353588147,-33.1142241836,0
              -70.8353696958,-33.1147472489,0
              -70.8353432878,-33.1147476380,0
              -70.8353324069,-33.1142245726,0
              -70.8353588147,-33.1142241836,0
            </coordinates>
          </LinearRing>
        </outerBoundaryIs>
      </Polygon>
    </Placemark>
    <Placemark>
      <description><![CDATA[LIMITES_TRACKER<BR><BR><B>ELEVATION</B> = 0]]></description>
      <styleUrl>#area2</styleUrl>
      <Polygon>
        <altitudeMode>relativeToGround</altitudeMode>
        <extrude>1</extrude>
        <outerBoundaryIs>
          <LinearRing>
            <coordinates>
              -70.8354215801,-33.1141916948,0
              -70.8353951722,-33.1141920838,0
              -70.8353842912,-33.1136690185,0
              -70.8354106989,-33.1136686294,0
              -70.8354215801,-33.1141916948,0
            </coordinates>
          </LinearRing>
        </outerBoundaryIs>
      </Polygon>
    </Placemark>
    <Placemark>
      <description><![CDATA[LIMITES_TRACKER<BR><BR><B>ELEVATION</B> = 0]]></description>
      <styleUrl>#area2</styleUrl>
      <Polygon>
        <altitudeMode>relativeToGround</altitudeMode>
        <extrude>1</extrude>
        <outerBoundaryIs>
          <LinearRing>
            <coordinates>
              -70.8353472775,-33.1136695637,0
              -70.8353581583,-33.1141926291,0
              -70.8353317505,-33.1141930181,0
              -70.8353208698,-33.1136699528,0
              -70.8353472775,-33.1136695637,0
            </coordinates>
          </LinearRing>
        </outerBoundaryIs>
      </Polygon>
    </Placemark>
    <Placemark>
      <description><![CDATA[LIMITES_TRACKER<BR><BR><B>ELEVATION</B> = 0]]></description>
      <styleUrl>#area4</styleUrl>
      <Polygon>
        <altitudeMode>relativeToGround</altitudeMode>
        <extrude>1</extrude>
        <outerBoundaryIs>
          <LinearRing>
            <coordinates>
              -70.8354106052,-33.1136641216,0
              -70.8353841974,-33.1136645107,0
              -70.8353733167,-33.1131414453,0
              -70.8353997243,-33.1131410562,0
              -70.8354106052,-33.1136641216,0
            </coordinates>
          </LinearRing>
        </outerBoundaryIs>
      </Polygon>
    </Placemark>
    <Placemark>
      <description><![CDATA[LIMITES_TRACKER<BR><BR><B>ELEVATION</B> = 0]]></description>
      <styleUrl>#area4</styleUrl>
      <Polygon>
        <altitudeMode>relativeToGround</altitudeMode>
        <extrude>1</extrude>
        <outerBoundaryIs>
          <LinearRing>
            <coordinates>
              -70.8353363033,-33.1131419905,0
              -70.8353471838,-33.1136650560,0
              -70.8353207761,-33.1136654450,0
              -70.8353098957,-33.1131423796,0
              -70.8353363033,-33.1131419905,0
            </coordinates>
          </LinearRing>
        </outerBoundaryIs>
      </Polygon>
    </Placemark>
    <Placemark>
      <description><![CDATA[LIMITES_TRACKER<BR><BR><B>ELEVATION</B> = 0]]></description>
      <styleUrl>#area1</styleUrl>
      <Polygon>
        <altitudeMode>relativeToGround</altitudeMode>
        <extrude>1</extrude>
        <outerBoundaryIs>
          <LinearRing>
            <coordinates>
              -70.8354440935,-33.1152738876,0
              -70.8354176853,-33.1152742767,0
              -70.8354068037,-33.1147512114,0
              -70.8354332118,-33.1147508223,0
              -70.8354440935,-33.1152738876,0
            </coordinates>
          </LinearRing>
        </outerBoundaryIs>
      </Polygon>
    </Placemark>
    <Placemark>
      <description><![CDATA[LIMITES_TRACKER<BR><BR><B>ELEVATION</B> = 0]]></description>
      <styleUrl>#area1</styleUrl>
      <Polygon>
        <altitudeMode>relativeToGround</altitudeMode>
        <extrude>1</extrude>
        <outerBoundaryIs>
          <LinearRing>
            <coordinates>
              -70.8353697896,-33.1147517567,0
              -70.8353806710,-33.1152748220,0
              -70.8353542628,-33.1152752110,0
              -70.8353433816,-33.1147521458,0
              -70.8353697896,-33.1147517567,0
            </coordinates>
          </LinearRing>
        </outerBoundaryIs>
      </Polygon>
    </Placemark>
    <Placemark>
      <description><![CDATA[LIMITES_TRACKER<BR><BR><B>ELEVATION</B> = 0]]></description>
      <styleUrl>#area2</styleUrl>
      <Polygon>
        <altitudeMode>relativeToGround</altitudeMode>
        <extrude>1</extrude>
        <outerBoundaryIs>
          <LinearRing>
            <coordinates>
              -70.8352947366,-33.1141935634,0
              -70.8352683287,-33.1141939524,0
              -70.8352574484,-33.1136708871,0
              -70.8352838562,-33.1136704980,0
              -70.8352947366,-33.1141935634,0
            </coordinates>
          </LinearRing>
        </outerBoundaryIs>
      </Polygon>
    </Placemark>
    <Placemark>
      <description><![CDATA[LIMITES_TRACKER<BR><BR><B>ELEVATION</B> = 0]]></description>
      <styleUrl>#area2</styleUrl>
      <Polygon>
        <altitudeMode>relativeToGround</altitudeMode>
        <extrude>1</extrude>
        <outerBoundaryIs>
          <LinearRing>
            <coordinates>
              -70.8352204348,-33.1136714323,0
              -70.8352313148,-33.1141944977,0
              -70.8352049069,-33.1141948867,0
              -70.8351940270,-33.1136718213,0
              -70.8352204348,-33.1136714323,0
            </coordinates>
          </LinearRing>
        </outerBoundaryIs>
      </Polygon>
    </Placemark>
    <Placemark>
      <description><![CDATA[LIMITES_TRACKER<BR><BR><B>ELEVATION</B> = 0]]></description>
      <styleUrl>#area4</styleUrl>
      <Polygon>
        <altitudeMode>relativeToGround</altitudeMode>
        <extrude>1</extrude>
        <outerBoundaryIs>
          <LinearRing>
            <coordinates>
              -70.8352837624,-33.1136659902,0
              -70.8352573547,-33.1136663793,0
              -70.8352464747,-33.1131433138,0
              -70.8352728822,-33.1131429248,0
              -70.8352837624,-33.1136659902,0
            </coordinates>
          </LinearRing>
        </outerBoundaryIs>
      </Polygon>
    </Placemark>
    <Placemark>
      <description><![CDATA[LIMITES_TRACKER<BR><BR><B>ELEVATION</B> = 0]]></description>
      <styleUrl>#area4</styleUrl>
      <Polygon>
        <altitudeMode>relativeToGround</altitudeMode>
        <extrude>1</extrude>
        <outerBoundaryIs>
          <LinearRing>
            <coordinates>
              -70.8352094612,-33.1131438591,0
              -70.8352203410,-33.1136669245,0
              -70.8351939333,-33.1136673135,0
              -70.8351830537,-33.1131442481,0
              -70.8352094612,-33.1131438591,0
            </coordinates>
          </LinearRing>
        </outerBoundaryIs>
      </Polygon>
    </Placemark>
    <Placemark>
      <description><![CDATA[LIMITES_TRACKER<BR><BR><B>ELEVATION</B> = 0]]></description>
      <styleUrl>#area2</styleUrl>
      <Polygon>
        <altitudeMode>relativeToGround</altitudeMode>
        <extrude>1</extrude>
        <outerBoundaryIs>
          <LinearRing>
            <coordinates>
              -70.8351678930,-33.1141954320,0
              -70.8351414852,-33.1141958210,0
              -70.8351306056,-33.1136727555,0
              -70.8351570134,-33.1136723665,0
              -70.8351678930,-33.1141954320,0
            </coordinates>
          </LinearRing>
        </outerBoundaryIs>
      </Polygon>
    </Placemark>
    <Placemark>
      <description><![CDATA[LIMITES_TRACKER<BR><BR><B>ELEVATION</B> = 0]]></description>
      <styleUrl>#area2</styleUrl>
      <Polygon>
        <altitudeMode>relativeToGround</altitudeMode>
        <extrude>1</extrude>
        <outerBoundaryIs>
          <LinearRing>
            <coordinates>
              -70.8350935920,-33.1136733007,0
              -70.8351044713,-33.1141963662,0
              -70.8350780634,-33.1141967552,0
              -70.8350671842,-33.1136736897,0
              -70.8350935920,-33.1136733007,0
            </coordinates>
          </LinearRing>
        </outerBoundaryIs>
      </Polygon>
    </Placemark>
    <Placemark>
      <description><![CDATA[LIMITES_TRACKER<BR><BR><B>ELEVATION</B> = 0]]></description>
      <styleUrl>#area4</styleUrl>
      <Polygon>
        <altitudeMode>relativeToGround</altitudeMode>
        <extrude>1</extrude>
        <outerBoundaryIs>
          <LinearRing>
            <coordinates>
              -70.8351569196,-33.1136678587,0
              -70.8351305119,-33.1136682477,0
              -70.8351196326,-33.1131451823,0
              -70.8351460402,-33.1131447933,0
              -70.8351569196,-33.1136678587,0
            </coordinates>
          </LinearRing>
        </outerBoundaryIs>
      </Polygon>
    </Placemark>
    <Placemark>
      <description><![CDATA[LIMITES_TRACKER<BR><BR><B>ELEVATION</B> = 0]]></description>
      <styleUrl>#area4</styleUrl>
      <Polygon>
        <altitudeMode>relativeToGround</altitudeMode>
        <extrude>1</extrude>
        <outerBoundaryIs>
          <LinearRing>
            <coordinates>
              -70.8350826192,-33.1131457275,0
              -70.8350934982,-33.1136687930,0
              -70.8350670905,-33.1136691819,0
              -70.8350562116,-33.1131461164,0
              -70.8350826192,-33.1131457275,0
            </coordinates>
          </LinearRing>
        </outerBoundaryIs>
      </Polygon>
    </Placemark>
    <Placemark>
      <description><![CDATA[LIMITES_TRACKER<BR><BR><B>ELEVATION</B> = 0]]></description>
      <styleUrl>#area2</styleUrl>
      <Polygon>
        <altitudeMode>relativeToGround</altitudeMode>
        <extrude>1</extrude>
        <outerBoundaryIs>
          <LinearRing>
            <coordinates>
              -70.8350410495,-33.1141973004,0
              -70.8350146416,-33.1141976893,0
              -70.8350037628,-33.1136746239,0
              -70.8350301706,-33.1136742349,0
              -70.8350410495,-33.1141973004,0
            </coordinates>
          </LinearRing>
        </outerBoundaryIs>
      </Polygon>
    </Placemark>
    <Placemark>
      <description><![CDATA[LIMITES_TRACKER<BR><BR><B>ELEVATION</B> = 0]]></description>
      <styleUrl>#area2</styleUrl>
      <Polygon>
        <altitudeMode>relativeToGround</altitudeMode>
        <extrude>1</extrude>
        <outerBoundaryIs>
          <LinearRing>
            <coordinates>
              -70.8349667492,-33.1136751690,0
              -70.8349776277,-33.1141982345,0
              -70.8349512198,-33.1141986235,0
              -70.8349403414,-33.1136755580,0
              -70.8349667492,-33.1136751690,0
            </coordinates>
          </LinearRing>
        </outerBoundaryIs>
      </Polygon>
    </Placemark>
    <Placemark>
      <description><![CDATA[LIMITES_TRACKER<BR><BR><B>ELEVATION</B> = 0]]></description>
      <styleUrl>#area4</styleUrl>
      <Polygon>
        <altitudeMode>relativeToGround</altitudeMode>
        <extrude>1</extrude>
        <outerBoundaryIs>
          <LinearRing>
            <coordinates>
              -70.8350300768,-33.1136697271,0
              -70.8350036691,-33.1136701161,0
              -70.8349927906,-33.1131470506,0
              -70.8350191982,-33.1131466616,0
              -70.8350300768,-33.1136697271,0
            </coordinates>
          </LinearRing>
        </outerBoundaryIs>
      </Polygon>
    </Placemark>
    <Placemark>
      <description><![CDATA[LIMITES_TRACKER<BR><BR><B>ELEVATION</B> = 0]]></description>
      <styleUrl>#area4</styleUrl>
      <Polygon>
        <altitudeMode>relativeToGround</altitudeMode>
        <extrude>1</extrude>
        <outerBoundaryIs>
          <LinearRing>
            <coordinates>
              -70.8349557771,-33.1131475957,0
              -70.8349666554,-33.1136706613,0
              -70.8349402477,-33.1136710502,0
              -70.8349293696,-33.1131479847,0
              -70.8349557771,-33.1131475957,0
            </coordinates>
          </LinearRing>
        </outerBoundaryIs>
      </Polygon>
    </Placemark>
    <Placemark>
      <description><![CDATA[LIMITES_TRACKER<BR><BR><B>ELEVATION</B> = 0]]></description>
      <styleUrl>#area2</styleUrl>
      <Polygon>
        <altitudeMode>relativeToGround</altitudeMode>
        <extrude>1</extrude>
        <outerBoundaryIs>
          <LinearRing>
            <coordinates>
              -70.8349142059,-33.1141991686,0
              -70.8348877980,-33.1141995576,0
              -70.8348769200,-33.1136764921,0
              -70.8349033278,-33.1136761031,0
              -70.8349142059,-33.1141991686,0
            </coordinates>
          </LinearRing>
        </outerBoundaryIs>
      </Polygon>
    </Placemark>
    <Placemark>
      <description><![CDATA[LIMITES_TRACKER<BR><BR><B>ELEVATION</B> = 0]]></description>
      <styleUrl>#area2</styleUrl>
      <Polygon>
        <altitudeMode>relativeToGround</altitudeMode>
        <extrude>1</extrude>
        <outerBoundaryIs>
          <LinearRing>
            <coordinates>
              -70.8348399063,-33.1136770372,0
              -70.8348507841,-33.1142001027,0
              -70.8348243762,-33.1142004917,0
              -70.8348134986,-33.1136774261,0
              -70.8348399063,-33.1136770372,0
            </coordinates>
          </LinearRing>
        </outerBoundaryIs>
      </Polygon>
    </Placemark>
    <Placemark>
      <description><![CDATA[LIMITES_TRACKER<BR><BR><B>ELEVATION</B> = 0]]></description>
      <styleUrl>#area4</styleUrl>
      <Polygon>
        <altitudeMode>relativeToGround</altitudeMode>
        <extrude>1</extrude>
        <outerBoundaryIs>
          <LinearRing>
            <coordinates>
              -70.8349032340,-33.1136715954,0
              -70.8348768263,-33.1136719843,0
              -70.8348659485,-33.1131489187,0
              -70.8348923561,-33.1131485298,0
              -70.8349032340,-33.1136715954,0
            </coordinates>
          </LinearRing>
        </outerBoundaryIs>
      </Polygon>
    </Placemark>
    <Placemark>
      <description><![CDATA[LIMITES_TRACKER<BR><BR><B>ELEVATION</B> = 0]]></description>
      <styleUrl>#area4</styleUrl>
      <Polygon>
        <altitudeMode>relativeToGround</altitudeMode>
        <extrude>1</extrude>
        <outerBoundaryIs>
          <LinearRing>
            <coordinates>
              -70.8348289351,-33.1131494639,0
              -70.8348398126,-33.1136725294,0
              -70.8348134049,-33.1136729184,0
              -70.8348025275,-33.1131498528,0
              -70.8348289351,-33.1131494639,0
            </coordinates>
          </LinearRing>
        </outerBoundaryIs>
      </Polygon>
    </Placemark>
    <Placemark>
      <description><![CDATA[LIMITES_TRACKER<BR><BR><B>ELEVATION</B> = 0]]></description>
      <styleUrl>#area2</styleUrl>
      <Polygon>
        <altitudeMode>relativeToGround</altitudeMode>
        <extrude>1</extrude>
        <outerBoundaryIs>
          <LinearRing>
            <coordinates>
              -70.8347873623,-33.1142010368,0
              -70.8347609545,-33.1142014257,0
              -70.8347500772,-33.1136783602,0
              -70.8347764849,-33.1136779713,0
              -70.8347873623,-33.1142010368,0
            </coordinates>
          </LinearRing>
        </outerBoundaryIs>
      </Polygon>
    </Placemark>
    <Placemark>
      <description><![CDATA[LIMITES_TRACKER<BR><BR><B>ELEVATION</B> = 0]]></description>
      <styleUrl>#area2</styleUrl>
      <Polygon>
        <altitudeMode>relativeToGround</altitudeMode>
        <extrude>1</extrude>
        <outerBoundaryIs>
          <LinearRing>
            <coordinates>
              -70.8347130635,-33.1136789053,0
              -70.8347239406,-33.1142019708,0
              -70.8346975327,-33.1142023597,0
              -70.8346866558,-33.1136792942,0
              -70.8347130635,-33.1136789053,0
            </coordinates>
          </LinearRing>
        </outerBoundaryIs>
      </Polygon>
    </Placemark>
    <Placemark>
      <description><![CDATA[LIMITES_TRACKER<BR><BR><B>ELEVATION</B> = 0]]></description>
      <styleUrl>#area4</styleUrl>
      <Polygon>
        <altitudeMode>relativeToGround</altitudeMode>
        <extrude>1</extrude>
        <outerBoundaryIs>
          <LinearRing>
            <coordinates>
              -70.8347763912,-33.1136734635,0
              -70.8347499835,-33.1136738524,0
              -70.8347391065,-33.1131507868,0
              -70.8347655141,-33.1131503979,0
              -70.8347763912,-33.1136734635,0
            </coordinates>
          </LinearRing>
        </outerBoundaryIs>
      </Polygon>
    </Placemark>
    <Placemark>
      <description><![CDATA[LIMITES_TRACKER<BR><BR><B>ELEVATION</B> = 0]]></description>
      <styleUrl>#area4</styleUrl>
      <Polygon>
        <altitudeMode>relativeToGround</altitudeMode>
        <extrude>1</extrude>
        <outerBoundaryIs>
          <LinearRing>
            <coordinates>
              -70.8347020930,-33.1131513319,0
              -70.8347129698,-33.1136743975,0
              -70.8346865620,-33.1136747864,0
              -70.8346756854,-33.1131517208,0
              -70.8347020930,-33.1131513319,0
            </coordinates>
          </LinearRing>
        </outerBoundaryIs>
      </Polygon>
    </Placemark>
    <Placemark>
      <description><![CDATA[LIMITES_TRACKER<BR><BR><B>ELEVATION</B> = 0]]></description>
      <styleUrl>#area2</styleUrl>
      <Polygon>
        <altitudeMode>relativeToGround</altitudeMode>
        <extrude>1</extrude>
        <outerBoundaryIs>
          <LinearRing>
            <coordinates>
              -70.8346605188,-33.1142029048,0
              -70.8346341109,-33.1142032937,0
              -70.8346232344,-33.1136802281,0
              -70.8346496421,-33.1136798392,0
              -70.8346605188,-33.1142029048,0
            </coordinates>
          </LinearRing>
        </outerBoundaryIs>
      </Polygon>
    </Placemark>
    <Placemark>
      <description><![CDATA[LIMITES_TRACKER<BR><BR><B>ELEVATION</B> = 0]]></description>
      <styleUrl>#area2</styleUrl>
      <Polygon>
        <altitudeMode>relativeToGround</altitudeMode>
        <extrude>1</extrude>
        <outerBoundaryIs>
          <LinearRing>
            <coordinates>
              -70.8345862207,-33.1136807732,0
              -70.8345970970,-33.1142038388,0
              -70.8345706891,-33.1142042277,0
              -70.8345598129,-33.1136811621,0
              -70.8345862207,-33.1136807732,0
            </coordinates>
          </LinearRing>
        </outerBoundaryIs>
      </Polygon>
    </Placemark>
    <Placemark>
      <description><![CDATA[LIMITES_TRACKER<BR><BR><B>ELEVATION</B> = 0]]></description>
      <styleUrl>#area4</styleUrl>
      <Polygon>
        <altitudeMode>relativeToGround</altitudeMode>
        <extrude>1</extrude>
        <outerBoundaryIs>
          <LinearRing>
            <coordinates>
              -70.8346495484,-33.1136753315,0
              -70.8346231406,-33.1136757203,0
              -70.8346122644,-33.1131526547,0
              -70.8346386720,-33.1131522658,0
              -70.8346495484,-33.1136753315,0
            </coordinates>
          </LinearRing>
        </outerBoundaryIs>
      </Polygon>
    </Placemark>
    <Placemark>
      <description><![CDATA[LIMITES_TRACKER<BR><BR><B>ELEVATION</B> = 0]]></description>
      <styleUrl>#area4</styleUrl>
      <Polygon>
        <altitudeMode>relativeToGround</altitudeMode>
        <extrude>1</extrude>
        <outerBoundaryIs>
          <LinearRing>
            <coordinates>
              -70.8345752509,-33.1131531998,0
              -70.8345861269,-33.1136762654,0
              -70.8345597192,-33.1136766543,0
              -70.8345488433,-33.1131535886,0
              -70.8345752509,-33.1131531998,0
            </coordinates>
          </LinearRing>
        </outerBoundaryIs>
      </Polygon>
    </Placemark>
    <Placemark>
      <description><![CDATA[LIMITES_TRACKER<BR><BR><B>ELEVATION</B> = 0]]></description>
      <styleUrl>#area2</styleUrl>
      <Polygon>
        <altitudeMode>relativeToGround</altitudeMode>
        <extrude>1</extrude>
        <outerBoundaryIs>
          <LinearRing>
            <coordinates>
              -70.8345336752,-33.1142047727,0
              -70.8345072673,-33.1142051616,0
              -70.8344963915,-33.1136820960,0
              -70.8345227992,-33.1136817071,0
              -70.8345336752,-33.1142047727,0
            </coordinates>
          </LinearRing>
        </outerBoundaryIs>
      </Polygon>
    </Placemark>
    <Placemark>
      <description><![CDATA[LIMITES_TRACKER<BR><BR><B>ELEVATION</B> = 0]]></description>
      <styleUrl>#area2</styleUrl>
      <Polygon>
        <altitudeMode>relativeToGround</altitudeMode>
        <extrude>1</extrude>
        <outerBoundaryIs>
          <LinearRing>
            <coordinates>
              -70.8344593778,-33.1136826410,0
              -70.8344702534,-33.1142057066,0
              -70.8344438455,-33.1142060955,0
              -70.8344329701,-33.1136830298,0
              -70.8344593778,-33.1136826410,0
            </coordinates>
          </LinearRing>
        </outerBoundaryIs>
      </Polygon>
    </Placemark>
    <Placemark>
      <description><![CDATA[LIMITES_TRACKER<BR><BR><B>ELEVATION</B> = 0]]></description>
      <styleUrl>#area4</styleUrl>
      <Polygon>
        <altitudeMode>relativeToGround</altitudeMode>
        <extrude>1</extrude>
        <outerBoundaryIs>
          <LinearRing>
            <coordinates>
              -70.8345227055,-33.1136771993,0
              -70.8344962978,-33.1136775882,0
              -70.8344854223,-33.1131545225,0
              -70.8345118299,-33.1131541337,0
              -70.8345227055,-33.1136771993,0
            </coordinates>
          </LinearRing>
        </outerBoundaryIs>
      </Polygon>
    </Placemark>
    <Placemark>
      <description><![CDATA[LIMITES_TRACKER<BR><BR><B>ELEVATION</B> = 0]]></description>
      <styleUrl>#area4</styleUrl>
      <Polygon>
        <altitudeMode>relativeToGround</altitudeMode>
        <extrude>1</extrude>
        <outerBoundaryIs>
          <LinearRing>
            <coordinates>
              -70.8344484088,-33.1131550675,0
              -70.8344592841,-33.1136781332,0
              -70.8344328764,-33.1136785220,0
              -70.8344220012,-33.1131554564,0
              -70.8344484088,-33.1131550675,0
            </coordinates>
          </LinearRing>
        </outerBoundaryIs>
      </Polygon>
    </Placemark>
    <Placemark>
      <description><![CDATA[LIMITES_TRACKER<BR><BR><B>ELEVATION</B> = 0]]></description>
      <styleUrl>#area2</styleUrl>
      <Polygon>
        <altitudeMode>relativeToGround</altitudeMode>
        <extrude>1</extrude>
        <outerBoundaryIs>
          <LinearRing>
            <coordinates>
              -70.8344068315,-33.1142066405,0
              -70.8343804236,-33.1142070293,0
              -70.8343695486,-33.1136839637,0
              -70.8343959564,-33.1136835748,0
              -70.8344068315,-33.1142066405,0
            </coordinates>
          </LinearRing>
        </outerBoundaryIs>
      </Polygon>
    </Placemark>
    <Placemark>
      <description><![CDATA[LIMITES_TRACKER<BR><BR><B>ELEVATION</B> = 0]]></description>
      <styleUrl>#area2</styleUrl>
      <Polygon>
        <altitudeMode>relativeToGround</altitudeMode>
        <extrude>1</extrude>
        <outerBoundaryIs>
          <LinearRing>
            <coordinates>
              -70.8343325349,-33.1136845086,0
              -70.8343434097,-33.1142075743,0
              -70.8343170018,-33.1142079631,0
              -70.8343061272,-33.1136848975,0
              -70.8343325349,-33.1136845086,0
            </coordinates>
          </LinearRing>
        </outerBoundaryIs>
      </Polygon>
    </Placemark>
    <Placemark>
      <description><![CDATA[LIMITES_TRACKER<BR><BR><B>ELEVATION</B> = 0]]></description>
      <styleUrl>#area4</styleUrl>
      <Polygon>
        <altitudeMode>relativeToGround</altitudeMode>
        <extrude>1</extrude>
        <outerBoundaryIs>
          <LinearRing>
            <coordinates>
              -70.8343958627,-33.1136790670,0
              -70.8343694549,-33.1136794559,0
              -70.8343585802,-33.1131563902,0
              -70.8343849878,-33.1131560013,0
              -70.8343958627,-33.1136790670,0
            </coordinates>
          </LinearRing>
        </outerBoundaryIs>
      </Polygon>
    </Placemark>
    <Placemark>
      <description><![CDATA[LIMITES_TRACKER<BR><BR><B>ELEVATION</B> = 0]]></description>
      <styleUrl>#area4</styleUrl>
      <Polygon>
        <altitudeMode>relativeToGround</altitudeMode>
        <extrude>1</extrude>
        <outerBoundaryIs>
          <LinearRing>
            <coordinates>
              -70.8343215667,-33.1131569351,0
              -70.8343324412,-33.1136800009,0
              -70.8343060335,-33.1136803897,0
              -70.8342951591,-33.1131573240,0
              -70.8343215667,-33.1131569351,0
            </coordinates>
          </LinearRing>
        </outerBoundaryIs>
      </Polygon>
    </Placemark>
    <Placemark>
      <description><![CDATA[LIMITES_TRACKER<BR><BR><B>ELEVATION</B> = 0]]></description>
      <styleUrl>#area2</styleUrl>
      <Polygon>
        <altitudeMode>relativeToGround</altitudeMode>
        <extrude>1</extrude>
        <outerBoundaryIs>
          <LinearRing>
            <coordinates>
              -70.8342799879,-33.1142085081,0
              -70.8342535800,-33.1142088969,0
              -70.8342427058,-33.1136858312,0
              -70.8342691135,-33.1136854424,0
              -70.8342799879,-33.1142085081,0
            </coordinates>
          </LinearRing>
        </outerBoundaryIs>
      </Polygon>
    </Placemark>
    <Placemark>
      <description><![CDATA[LIMITES_TRACKER<BR><BR><B>ELEVATION</B> = 0]]></description>
      <styleUrl>#area2</styleUrl>
      <Polygon>
        <altitudeMode>relativeToGround</altitudeMode>
        <extrude>1</extrude>
        <outerBoundaryIs>
          <LinearRing>
            <coordinates>
              -70.8342056921,-33.1136863762,0
              -70.8342165661,-33.1142094419,0
              -70.8341901582,-33.1142098307,0
              -70.8341792843,-33.1136867650,0
              -70.8342056921,-33.1136863762,0
            </coordinates>
          </LinearRing>
        </outerBoundaryIs>
      </Polygon>
    </Placemark>
    <Placemark>
      <description><![CDATA[LIMITES_TRACKER<BR><BR><B>ELEVATION</B> = 0]]></description>
      <styleUrl>#area4</styleUrl>
      <Polygon>
        <altitudeMode>relativeToGround</altitudeMode>
        <extrude>1</extrude>
        <outerBoundaryIs>
          <LinearRing>
            <coordinates>
              -70.8342690198,-33.1136809346,0
              -70.8342426121,-33.1136813234,0
              -70.8342317381,-33.1131582577,0
              -70.8342581457,-33.1131578689,0
              -70.8342690198,-33.1136809346,0
            </coordinates>
          </LinearRing>
        </outerBoundaryIs>
      </Polygon>
    </Placemark>
    <Placemark>
      <description><![CDATA[LIMITES_TRACKER<BR><BR><B>ELEVATION</B> = 0]]></description>
      <styleUrl>#area4</styleUrl>
      <Polygon>
        <altitudeMode>relativeToGround</altitudeMode>
        <extrude>1</extrude>
        <outerBoundaryIs>
          <LinearRing>
            <coordinates>
              -70.8341947246,-33.1131588026,0
              -70.8342055984,-33.1136818684,0
              -70.8341791906,-33.1136822572,0
              -70.8341683170,-33.1131591914,0
              -70.8341947246,-33.1131588026,0
            </coordinates>
          </LinearRing>
        </outerBoundaryIs>
      </Polygon>
    </Placemark>
    <Placemark>
      <description><![CDATA[LIMITES_TRACKER<BR><BR><B>ELEVATION</B> = 0]]></description>
      <styleUrl>#area2</styleUrl>
      <Polygon>
        <altitudeMode>relativeToGround</altitudeMode>
        <extrude>1</extrude>
        <outerBoundaryIs>
          <LinearRing>
            <coordinates>
              -70.8341531443,-33.1142103756,0
              -70.8341267364,-33.1142107644,0
              -70.8341158629,-33.1136876987,0
              -70.8341422706,-33.1136873099,0
              -70.8341531443,-33.1142103756,0
            </coordinates>
          </LinearRing>
        </outerBoundaryIs>
      </Polygon>
    </Placemark>
    <Placemark>
      <description><![CDATA[LIMITES_TRACKER<BR><BR><B>ELEVATION</B> = 0]]></description>
      <styleUrl>#area2</styleUrl>
      <Polygon>
        <altitudeMode>relativeToGround</altitudeMode>
        <extrude>1</extrude>
        <outerBoundaryIs>
          <LinearRing>
            <coordinates>
              -70.8340788492,-33.1136882436,0
              -70.8340897225,-33.1142113093,0
              -70.8340633146,-33.1142116981,0
              -70.8340524414,-33.1136886323,0
              -70.8340788492,-33.1136882436,0
            </coordinates>
          </LinearRing>
        </outerBoundaryIs>
      </Polygon>
    </Placemark>
    <Placemark>
      <description><![CDATA[LIMITES_TRACKER<BR><BR><B>ELEVATION</B> = 0]]></description>
      <styleUrl>#area4</styleUrl>
      <Polygon>
        <altitudeMode>relativeToGround</altitudeMode>
        <extrude>1</extrude>
        <outerBoundaryIs>
          <LinearRing>
            <coordinates>
              -70.8341421769,-33.1136828021,0
              -70.8341157692,-33.1136831909,0
              -70.8341048960,-33.1131601251,0
              -70.8341313035,-33.1131597363,0
              -70.8341421769,-33.1136828021,0
            </coordinates>
          </LinearRing>
        </outerBoundaryIs>
      </Polygon>
    </Placemark>
    <Placemark>
      <description><![CDATA[LIMITES_TRACKER<BR><BR><B>ELEVATION</B> = 0]]></description>
      <styleUrl>#area4</styleUrl>
      <Polygon>
        <altitudeMode>relativeToGround</altitudeMode>
        <extrude>1</extrude>
        <outerBoundaryIs>
          <LinearRing>
            <coordinates>
              -70.8340678825,-33.1131606700,0
              -70.8340787555,-33.1136837358,0
              -70.8340523477,-33.1136841246,0
              -70.8340414749,-33.1131610588,0
              -70.8340678825,-33.1131606700,0
            </coordinates>
          </LinearRing>
        </outerBoundaryIs>
      </Polygon>
    </Placemark>
    <Placemark>
      <description><![CDATA[LIMITES_TRACKER<BR><BR><B>ELEVATION</B> = 0]]></description>
      <styleUrl>#area2</styleUrl>
      <Polygon>
        <altitudeMode>relativeToGround</altitudeMode>
        <extrude>1</extrude>
        <outerBoundaryIs>
          <LinearRing>
            <coordinates>
              -70.8340263006,-33.1142122430,0
              -70.8339998927,-33.1142126317,0
              -70.8339890200,-33.1136895660,0
              -70.8340154277,-33.1136891772,0
              -70.8340263006,-33.1142122430,0
            </coordinates>
          </LinearRing>
        </outerBoundaryIs>
      </Polygon>
    </Placemark>
    <Placemark>
      <description><![CDATA[LIMITES_TRACKER<BR><BR><B>ELEVATION</B> = 0]]></description>
      <styleUrl>#area2</styleUrl>
      <Polygon>
        <altitudeMode>relativeToGround</altitudeMode>
        <extrude>1</extrude>
        <outerBoundaryIs>
          <LinearRing>
            <coordinates>
              -70.8339520063,-33.1136901109,0
              -70.8339628788,-33.1142131766,0
              -70.8339364709,-33.1142135654,0
              -70.8339255985,-33.1136904996,0
              -70.8339520063,-33.1136901109,0
            </coordinates>
          </LinearRing>
        </outerBoundaryIs>
      </Polygon>
    </Placemark>
    <Placemark>
      <description><![CDATA[LIMITES_TRACKER<BR><BR><B>ELEVATION</B> = 0]]></description>
      <styleUrl>#area4</styleUrl>
      <Polygon>
        <altitudeMode>relativeToGround</altitudeMode>
        <extrude>1</extrude>
        <outerBoundaryIs>
          <LinearRing>
            <coordinates>
              -70.8340153340,-33.1136846694,0
              -70.8339889263,-33.1136850582,0
              -70.8339780538,-33.1131619924,0
              -70.8340044614,-33.1131616036,0
              -70.8340153340,-33.1136846694,0
            </coordinates>
          </LinearRing>
        </outerBoundaryIs>
      </Polygon>
    </Placemark>
    <Placemark>
      <description><![CDATA[LIMITES_TRACKER<BR><BR><B>ELEVATION</B> = 0]]></description>
      <styleUrl>#area4</styleUrl>
      <Polygon>
        <altitudeMode>relativeToGround</altitudeMode>
        <extrude>1</extrude>
        <outerBoundaryIs>
          <LinearRing>
            <coordinates>
              -70.8339410403,-33.1131625372,0
              -70.8339519126,-33.1136856031,0
              -70.8339255048,-33.1136859918,0
              -70.8339146327,-33.1131629260,0
              -70.8339410403,-33.1131625372,0
            </coordinates>
          </LinearRing>
        </outerBoundaryIs>
      </Polygon>
    </Placemark>
    <Placemark>
      <description><![CDATA[LIMITES_TRACKER<BR><BR><B>ELEVATION</B> = 0]]></description>
      <styleUrl>#area2</styleUrl>
      <Polygon>
        <altitudeMode>relativeToGround</altitudeMode>
        <extrude>1</extrude>
        <outerBoundaryIs>
          <LinearRing>
            <coordinates>
              -70.8338994570,-33.1142141102,0
              -70.8338730491,-33.1142144990,0
              -70.8338621771,-33.1136914332,0
              -70.8338885848,-33.1136910444,0
              -70.8338994570,-33.1142141102,0
            </coordinates>
          </LinearRing>
        </outerBoundaryIs>
      </Polygon>
    </Placemark>
    <Placemark>
      <description><![CDATA[LIMITES_TRACKER<BR><BR><B>ELEVATION</B> = 0]]></description>
      <styleUrl>#area2</styleUrl>
      <Polygon>
        <altitudeMode>relativeToGround</altitudeMode>
        <extrude>1</extrude>
        <outerBoundaryIs>
          <LinearRing>
            <coordinates>
              -70.8338251634,-33.1136919780,0
              -70.8338360352,-33.1142150438,0
              -70.8338096272,-33.1142154325,0
              -70.8337987556,-33.1136923667,0
              -70.8338251634,-33.1136919780,0
            </coordinates>
          </LinearRing>
        </outerBoundaryIs>
      </Polygon>
    </Placemark>
    <Placemark>
      <description><![CDATA[LIMITES_TRACKER<BR><BR><B>ELEVATION</B> = 0]]></description>
      <styleUrl>#area4</styleUrl>
      <Polygon>
        <altitudeMode>relativeToGround</altitudeMode>
        <extrude>1</extrude>
        <outerBoundaryIs>
          <LinearRing>
            <coordinates>
              -70.8338884911,-33.1136865367,0
              -70.8338620834,-33.1136869254,0
              -70.8338512117,-33.1131638595,0
              -70.8338776193,-33.1131634708,0
              -70.8338884911,-33.1136865367,0
            </coordinates>
          </LinearRing>
        </outerBoundaryIs>
      </Polygon>
    </Placemark>
    <Placemark>
      <description><![CDATA[LIMITES_TRACKER<BR><BR><B>ELEVATION</B> = 0]]></description>
      <styleUrl>#area4</styleUrl>
      <Polygon>
        <altitudeMode>relativeToGround</altitudeMode>
        <extrude>1</extrude>
        <outerBoundaryIs>
          <LinearRing>
            <coordinates>
              -70.8338141982,-33.1131644044,0
              -70.8338250697,-33.1136874702,0
              -70.8337986619,-33.1136878589,0
              -70.8337877906,-33.1131647931,0
              -70.8338141982,-33.1131644044,0
            </coordinates>
          </LinearRing>
        </outerBoundaryIs>
      </Polygon>
    </Placemark>
    <Placemark>
      <description><![CDATA[LIMITES_TRACKER<BR><BR><B>ELEVATION</B> = 0]]></description>
      <styleUrl>#area2</styleUrl>
      <Polygon>
        <altitudeMode>relativeToGround</altitudeMode>
        <extrude>1</extrude>
        <outerBoundaryIs>
          <LinearRing>
            <coordinates>
              -70.8337726133,-33.1142159774,0
              -70.8337462054,-33.1142163661,0
              -70.8337353342,-33.1136933002,0
              -70.8337617419,-33.1136929115,0
              -70.8337726133,-33.1142159774,0
            </coordinates>
          </LinearRing>
        </outerBoundaryIs>
      </Polygon>
    </Placemark>
    <Placemark>
      <description><![CDATA[LIMITES_TRACKER<BR><BR><B>ELEVATION</B> = 0]]></description>
      <styleUrl>#area2</styleUrl>
      <Polygon>
        <altitudeMode>relativeToGround</altitudeMode>
        <extrude>1</extrude>
        <outerBoundaryIs>
          <LinearRing>
            <coordinates>
              -70.8336983204,-33.1136938450,0
              -70.8337091915,-33.1142169109,0
              -70.8336827836,-33.1142172996,0
              -70.8336719127,-33.1136942337,0
              -70.8336983204,-33.1136938450,0
            </coordinates>
          </LinearRing>
        </outerBoundaryIs>
      </Polygon>
    </Placemark>
    <Placemark>
      <description><![CDATA[LIMITES_TRACKER<BR><BR><B>ELEVATION</B> = 0]]></description>
      <styleUrl>#area4</styleUrl>
      <Polygon>
        <altitudeMode>relativeToGround</altitudeMode>
        <extrude>1</extrude>
        <outerBoundaryIs>
          <LinearRing>
            <coordinates>
              -70.8337616482,-33.1136884037,0
              -70.8337352405,-33.1136887924,0
              -70.8337243695,-33.1131657265,0
              -70.8337507771,-33.1131653379,0
              -70.8337616482,-33.1136884037,0
            </coordinates>
          </LinearRing>
        </outerBoundaryIs>
      </Polygon>
    </Placemark>
    <Placemark>
      <description><![CDATA[LIMITES_TRACKER<BR><BR><B>ELEVATION</B> = 0]]></description>
      <styleUrl>#area4</styleUrl>
      <Polygon>
        <altitudeMode>relativeToGround</altitudeMode>
        <extrude>1</extrude>
        <outerBoundaryIs>
          <LinearRing>
            <coordinates>
              -70.8336873560,-33.1131662713,0
              -70.8336982268,-33.1136893372,0
              -70.8336718190,-33.1136897259,0
              -70.8336609484,-33.1131666600,0
              -70.8336873560,-33.1131662713,0
            </coordinates>
          </LinearRing>
        </outerBoundaryIs>
      </Polygon>
    </Placemark>
    <Placemark>
      <description><![CDATA[LIMITES_TRACKER<BR><BR><B>ELEVATION</B> = 0]]></description>
      <styleUrl>#area2</styleUrl>
      <Polygon>
        <altitudeMode>relativeToGround</altitudeMode>
        <extrude>1</extrude>
        <outerBoundaryIs>
          <LinearRing>
            <coordinates>
              -70.8336457696,-33.1142178443,0
              -70.8336193617,-33.1142182330,0
              -70.8336084912,-33.1136951671,0
              -70.8336348990,-33.1136947785,0
              -70.8336457696,-33.1142178443,0
            </coordinates>
          </LinearRing>
        </outerBoundaryIs>
      </Polygon>
    </Placemark>
    <Placemark>
      <description><![CDATA[LIMITES_TRACKER<BR><BR><B>ELEVATION</B> = 0]]></description>
      <styleUrl>#area2</styleUrl>
      <Polygon>
        <altitudeMode>relativeToGround</altitudeMode>
        <extrude>1</extrude>
        <outerBoundaryIs>
          <LinearRing>
            <coordinates>
              -70.8335714775,-33.1136957119,0
              -70.8335823478,-33.1142187778,0
              -70.8335559399,-33.1142191665,0
              -70.8335450698,-33.1136961006,0
              -70.8335714775,-33.1136957119,0
            </coordinates>
          </LinearRing>
        </outerBoundaryIs>
      </Polygon>
    </Placemark>
    <Placemark>
      <description><![CDATA[LIMITES_TRACKER<BR><BR><B>ELEVATION</B> = 0]]></description>
      <styleUrl>#area4</styleUrl>
      <Polygon>
        <altitudeMode>relativeToGround</altitudeMode>
        <extrude>1</extrude>
        <outerBoundaryIs>
          <LinearRing>
            <coordinates>
              -70.8336348053,-33.1136902707,0
              -70.8336083975,-33.1136906594,0
              -70.8335975273,-33.1131675934,0
              -70.8336239349,-33.1131672048,0
              -70.8336348053,-33.1136902707,0
            </coordinates>
          </LinearRing>
        </outerBoundaryIs>
      </Polygon>
    </Placemark>
    <Placemark>
      <description><![CDATA[LIMITES_TRACKER<BR><BR><B>ELEVATION</B> = 0]]></description>
      <styleUrl>#area4</styleUrl>
      <Polygon>
        <altitudeMode>relativeToGround</altitudeMode>
        <extrude>1</extrude>
        <outerBoundaryIs>
          <LinearRing>
            <coordinates>
              -70.8335605138,-33.1131681382,0
              -70.8335713838,-33.1136912041,0
              -70.8335449761,-33.1136915928,0
              -70.8335341062,-33.1131685268,0
              -70.8335605138,-33.1131681382,0
            </coordinates>
          </LinearRing>
        </outerBoundaryIs>
      </Polygon>
    </Placemark>
    <Placemark>
      <description><![CDATA[LIMITES_TRACKER<BR><BR><B>ELEVATION</B> = 0]]></description>
      <styleUrl>#area2</styleUrl>
      <Polygon>
        <altitudeMode>relativeToGround</altitudeMode>
        <extrude>1</extrude>
        <outerBoundaryIs>
          <LinearRing>
            <coordinates>
              -70.8335189259,-33.1142197112,0
              -70.8334925180,-33.1142200999,0
              -70.8334816483,-33.1136970339,0
              -70.8335080560,-33.1136966453,0
              -70.8335189259,-33.1142197112,0
            </coordinates>
          </LinearRing>
        </outerBoundaryIs>
      </Polygon>
    </Placemark>
    <Placemark>
      <description><![CDATA[LIMITES_TRACKER<BR><BR><B>ELEVATION</B> = 0]]></description>
      <styleUrl>#area2</styleUrl>
      <Polygon>
        <altitudeMode>relativeToGround</altitudeMode>
        <extrude>1</extrude>
        <outerBoundaryIs>
          <LinearRing>
            <coordinates>
              -70.8334446346,-33.1136975787,0
              -70.8334555041,-33.1142206446,0
              -70.8334290962,-33.1142210332,0
              -70.8334182268,-33.1136979673,0
              -70.8334446346,-33.1136975787,0
            </coordinates>
          </LinearRing>
        </outerBoundaryIs>
      </Polygon>
    </Placemark>
    <Placemark>
      <description><![CDATA[LIMITES_TRACKER<BR><BR><B>ELEVATION</B> = 0]]></description>
      <styleUrl>#area4</styleUrl>
      <Polygon>
        <altitudeMode>relativeToGround</altitudeMode>
        <extrude>1</extrude>
        <outerBoundaryIs>
          <LinearRing>
            <coordinates>
              -70.8335079624,-33.1136921375,0
              -70.8334815546,-33.1136925262,0
              -70.8334706851,-33.1131694602,0
              -70.8334970927,-33.1131690716,0
              -70.8335079624,-33.1136921375,0
            </coordinates>
          </LinearRing>
        </outerBoundaryIs>
      </Polygon>
    </Placemark>
    <Placemark>
      <description><![CDATA[LIMITES_TRACKER<BR><BR><B>ELEVATION</B> = 0]]></description>
      <styleUrl>#area4</styleUrl>
      <Polygon>
        <altitudeMode>relativeToGround</altitudeMode>
        <extrude>1</extrude>
        <outerBoundaryIs>
          <LinearRing>
            <coordinates>
              -70.8334336716,-33.1131700049,0
              -70.8334445409,-33.1136930709,0
              -70.8334181331,-33.1136934595,0
              -70.8334072640,-33.1131703935,0
              -70.8334336716,-33.1131700049,0
            </coordinates>
          </LinearRing>
        </outerBoundaryIs>
      </Polygon>
    </Placemark>
    <Placemark>
      <description><![CDATA[LIMITES_TRACKER<BR><BR><B>ELEVATION</B> = 0]]></description>
      <styleUrl>#area1</styleUrl>
      <Polygon>
        <altitudeMode>relativeToGround</altitudeMode>
        <extrude>1</extrude>
        <outerBoundaryIs>
          <LinearRing>
            <coordinates>
              -70.8334030454,-33.1147491516,0
              -70.8333766373,-33.1147495403,0
              -70.8333657680,-33.1142264744,0
              -70.8333921759,-33.1142260857,0
              -70.8334030454,-33.1147491516,0
            </coordinates>
          </LinearRing>
        </outerBoundaryIs>
      </Polygon>
    </Placemark>
    <Placemark>
      <description><![CDATA[LIMITES_TRACKER<BR><BR><B>ELEVATION</B> = 0]]></description>
      <styleUrl>#area1</styleUrl>
      <Polygon>
        <altitudeMode>relativeToGround</altitudeMode>
        <extrude>1</extrude>
        <outerBoundaryIs>
          <LinearRing>
            <coordinates>
              -70.8333287541,-33.1142270190,0
              -70.8333396231,-33.1147500850,0
              -70.8333132150,-33.1147504736,0
              -70.8333023461,-33.1142274077,0
              -70.8333287541,-33.1142270190,0
            </coordinates>
          </LinearRing>
        </outerBoundaryIs>
      </Polygon>
    </Placemark>
    <Placemark>
      <description><![CDATA[LIMITES_TRACKER<BR><BR><B>ELEVATION</B> = 0]]></description>
      <styleUrl>#area2</styleUrl>
      <Polygon>
        <altitudeMode>relativeToGround</altitudeMode>
        <extrude>1</extrude>
        <outerBoundaryIs>
          <LinearRing>
            <coordinates>
              -70.8333920822,-33.1142215779,0
              -70.8333656743,-33.1142219666,0
              -70.8333548053,-33.1136989006,0
              -70.8333812131,-33.1136985120,0
              -70.8333920822,-33.1142215779,0
            </coordinates>
          </LinearRing>
        </outerBoundaryIs>
      </Polygon>
    </Placemark>
    <Placemark>
      <description><![CDATA[LIMITES_TRACKER<BR><BR><B>ELEVATION</B> = 0]]></description>
      <styleUrl>#area2</styleUrl>
      <Polygon>
        <altitudeMode>relativeToGround</altitudeMode>
        <extrude>1</extrude>
        <outerBoundaryIs>
          <LinearRing>
            <coordinates>
              -70.8333177916,-33.1136994453,0
              -70.8333286604,-33.1142225113,0
              -70.8333022525,-33.1142228999,0
              -70.8332913838,-33.1136998339,0
              -70.8333177916,-33.1136994453,0
            </coordinates>
          </LinearRing>
        </outerBoundaryIs>
      </Polygon>
    </Placemark>
    <Placemark>
      <description><![CDATA[LIMITES_TRACKER<BR><BR><B>ELEVATION</B> = 0]]></description>
      <styleUrl>#area4</styleUrl>
      <Polygon>
        <altitudeMode>relativeToGround</altitudeMode>
        <extrude>1</extrude>
        <outerBoundaryIs>
          <LinearRing>
            <coordinates>
              -70.8333811194,-33.1136940042,0
              -70.8333547117,-33.1136943928,0
              -70.8333438429,-33.1131713268,0
              -70.8333702505,-33.1131709382,0
              -70.8333811194,-33.1136940042,0
            </coordinates>
          </LinearRing>
        </outerBoundaryIs>
      </Polygon>
    </Placemark>
    <Placemark>
      <description><![CDATA[LIMITES_TRACKER<BR><BR><B>ELEVATION</B> = 0]]></description>
      <styleUrl>#area4</styleUrl>
      <Polygon>
        <altitudeMode>relativeToGround</altitudeMode>
        <extrude>1</extrude>
        <outerBoundaryIs>
          <LinearRing>
            <coordinates>
              -70.8333068294,-33.1131718715,0
              -70.8333176979,-33.1136949375,0
              -70.8332912902,-33.1136953261,0
              -70.8332804218,-33.1131722601,0
              -70.8333068294,-33.1131718715,0
            </coordinates>
          </LinearRing>
        </outerBoundaryIs>
      </Polygon>
    </Placemark>
    <Placemark>
      <description><![CDATA[LIMITES_TRACKER<BR><BR><B>ELEVATION</B> = 0]]></description>
      <styleUrl>#area2</styleUrl>
      <Polygon>
        <altitudeMode>relativeToGround</altitudeMode>
        <extrude>1</extrude>
        <outerBoundaryIs>
          <LinearRing>
            <coordinates>
              -70.8332762009,-33.1147510183,0
              -70.8332497928,-33.1147514069,0
              -70.8332389243,-33.1142283409,0
              -70.8332653322,-33.1142279523,0
              -70.8332762009,-33.1147510183,0
            </coordinates>
          </LinearRing>
        </outerBoundaryIs>
      </Polygon>
    </Placemark>
    <Placemark>
      <description><![CDATA[LIMITES_TRACKER<BR><BR><B>ELEVATION</B> = 0]]></description>
      <styleUrl>#area2</styleUrl>
      <Polygon>
        <altitudeMode>relativeToGround</altitudeMode>
        <extrude>1</extrude>
        <outerBoundaryIs>
          <LinearRing>
            <coordinates>
              -70.8332019103,-33.1142288856,0
              -70.8332127786,-33.1147519515,0
              -70.8331863706,-33.1147523401,0
              -70.8331755024,-33.1142292742,0
              -70.8332019103,-33.1142288856,0
            </coordinates>
          </LinearRing>
        </outerBoundaryIs>
      </Polygon>
    </Placemark>
    <Placemark>
      <description><![CDATA[LIMITES_TRACKER<BR><BR><B>ELEVATION</B> = 0]]></description>
      <styleUrl>#area3</styleUrl>
      <Polygon>
        <altitudeMode>relativeToGround</altitudeMode>
        <extrude>1</extrude>
        <outerBoundaryIs>
          <LinearRing>
            <coordinates>
              -70.8332652385,-33.1142234445,0
              -70.8332388306,-33.1142238331,0
              -70.8332279624,-33.1137007672,0
              -70.8332543701,-33.1137003786,0
              -70.8332652385,-33.1142234445,0
            </coordinates>
          </LinearRing>
        </outerBoundaryIs>
      </Polygon>
    </Placemark>
    <Placemark>
      <description><![CDATA[LIMITES_TRACKER<BR><BR><B>ELEVATION</B> = 0]]></description>
      <styleUrl>#area3</styleUrl>
      <Polygon>
        <altitudeMode>relativeToGround</altitudeMode>
        <extrude>1</extrude>
        <outerBoundaryIs>
          <LinearRing>
            <coordinates>
              -70.8331909486,-33.1137013118,0
              -70.8332018167,-33.1142243778,0
              -70.8331754087,-33.1142247664,0
              -70.8331645409,-33.1137017004,0
              -70.8331909486,-33.1137013118,0
            </coordinates>
          </LinearRing>
        </outerBoundaryIs>
      </Polygon>
    </Placemark>
    <Placemark>
      <description><![CDATA[LIMITES_TRACKER<BR><BR><B>ELEVATION</B> = 0]]></description>
      <styleUrl>#area4</styleUrl>
      <Polygon>
        <altitudeMode>relativeToGround</altitudeMode>
        <extrude>1</extrude>
        <outerBoundaryIs>
          <LinearRing>
            <coordinates>
              -70.8332542765,-33.1136958708,0
              -70.8332278687,-33.1136962594,0
              -70.8332170007,-33.1131731933,0
              -70.8332434083,-33.1131728047,0
              -70.8332542765,-33.1136958708,0
            </coordinates>
          </LinearRing>
        </outerBoundaryIs>
      </Polygon>
    </Placemark>
    <Placemark>
      <description><![CDATA[LIMITES_TRACKER<BR><BR><B>ELEVATION</B> = 0]]></description>
      <styleUrl>#area4</styleUrl>
      <Polygon>
        <altitudeMode>relativeToGround</altitudeMode>
        <extrude>1</extrude>
        <outerBoundaryIs>
          <LinearRing>
            <coordinates>
              -70.8331799872,-33.1131737380,0
              -70.8331908550,-33.1136968040,0
              -70.8331644472,-33.1136971926,0
              -70.8331535796,-33.1131741265,0
              -70.8331799872,-33.1131737380,0
            </coordinates>
          </LinearRing>
        </outerBoundaryIs>
      </Polygon>
    </Placemark>
    <Placemark>
      <description><![CDATA[LIMITES_TRACKER<BR><BR><B>ELEVATION</B> = 0]]></description>
      <styleUrl>#area2</styleUrl>
      <Polygon>
        <altitudeMode>relativeToGround</altitudeMode>
        <extrude>1</extrude>
        <outerBoundaryIs>
          <LinearRing>
            <coordinates>
              -70.8331493564,-33.1147528848,0
              -70.8331229483,-33.1147532734,0
              -70.8331120805,-33.1142302074,0
              -70.8331384885,-33.1142298188,0
              -70.8331493564,-33.1147528848,0
            </coordinates>
          </LinearRing>
        </outerBoundaryIs>
      </Polygon>
    </Placemark>
    <Placemark>
      <description><![CDATA[LIMITES_TRACKER<BR><BR><B>ELEVATION</B> = 0]]></description>
      <styleUrl>#area2</styleUrl>
      <Polygon>
        <altitudeMode>relativeToGround</altitudeMode>
        <extrude>1</extrude>
        <outerBoundaryIs>
          <LinearRing>
            <coordinates>
              -70.8330750666,-33.1142307520,0
              -70.8330859341,-33.1147538180,0
              -70.8330595261,-33.1147542065,0
              -70.8330486587,-33.1142311406,0
              -70.8330750666,-33.1142307520,0
            </coordinates>
          </LinearRing>
        </outerBoundaryIs>
      </Polygon>
    </Placemark>
    <Placemark>
      <description><![CDATA[LIMITES_TRACKER<BR><BR><B>ELEVATION</B> = 0]]></description>
      <styleUrl>#area3</styleUrl>
      <Polygon>
        <altitudeMode>relativeToGround</altitudeMode>
        <extrude>1</extrude>
        <outerBoundaryIs>
          <LinearRing>
            <coordinates>
              -70.8331383948,-33.1142253110,0
              -70.8331119869,-33.1142256996,0
              -70.8331011194,-33.1137026336,0
              -70.8331275271,-33.1137022450,0
              -70.8331383948,-33.1142253110,0
            </coordinates>
          </LinearRing>
        </outerBoundaryIs>
      </Polygon>
    </Placemark>
    <Placemark>
      <description><![CDATA[LIMITES_TRACKER<BR><BR><B>ELEVATION</B> = 0]]></description>
      <styleUrl>#area3</styleUrl>
      <Polygon>
        <altitudeMode>relativeToGround</altitudeMode>
        <extrude>1</extrude>
        <outerBoundaryIs>
          <LinearRing>
            <coordinates>
              -70.8330641057,-33.1137031782,0
              -70.8330749729,-33.1142262442,0
              -70.8330485650,-33.1142266328,0
              -70.8330376979,-33.1137035667,0
              -70.8330641057,-33.1137031782,0
            </coordinates>
          </LinearRing>
        </outerBoundaryIs>
      </Polygon>
    </Placemark>
    <Placemark>
      <description><![CDATA[LIMITES_TRACKER<BR><BR><B>ELEVATION</B> = 0]]></description>
      <styleUrl>#area4</styleUrl>
      <Polygon>
        <altitudeMode>relativeToGround</altitudeMode>
        <extrude>1</extrude>
        <outerBoundaryIs>
          <LinearRing>
            <coordinates>
              -70.8331274335,-33.1136977372,0
              -70.8331010257,-33.1136981258,0
              -70.8330901585,-33.1131750597,0
              -70.8331165661,-33.1131746711,0
              -70.8331274335,-33.1136977372,0
            </coordinates>
          </LinearRing>
        </outerBoundaryIs>
      </Polygon>
    </Placemark>
    <Placemark>
      <description><![CDATA[LIMITES_TRACKER<BR><BR><B>ELEVATION</B> = 0]]></description>
      <styleUrl>#area4</styleUrl>
      <Polygon>
        <altitudeMode>relativeToGround</altitudeMode>
        <extrude>1</extrude>
        <outerBoundaryIs>
          <LinearRing>
            <coordinates>
              -70.8330531450,-33.1131756043,0
              -70.8330640120,-33.1136986704,0
              -70.8330376042,-33.1136990589,0
              -70.8330267374,-33.1131759928,0
              -70.8330531450,-33.1131756043,0
            </coordinates>
          </LinearRing>
        </outerBoundaryIs>
      </Polygon>
    </Placemark>
    <Placemark>
      <description><![CDATA[LIMITES_TRACKER<BR><BR><B>ELEVATION</B> = 0]]></description>
      <styleUrl>#area2</styleUrl>
      <Polygon>
        <altitudeMode>relativeToGround</altitudeMode>
        <extrude>1</extrude>
        <outerBoundaryIs>
          <LinearRing>
            <coordinates>
              -70.8330225119,-33.1147547512,0
              -70.8329961038,-33.1147551397,0
              -70.8329852368,-33.1142320737,0
              -70.8330116447,-33.1142316852,0
              -70.8330225119,-33.1147547512,0
            </coordinates>
          </LinearRing>
        </outerBoundaryIs>
      </Polygon>
    </Placemark>
    <Placemark>
      <description><![CDATA[LIMITES_TRACKER<BR><BR><B>ELEVATION</B> = 0]]></description>
      <styleUrl>#area2</styleUrl>
      <Polygon>
        <altitudeMode>relativeToGround</altitudeMode>
        <extrude>1</extrude>
        <outerBoundaryIs>
          <LinearRing>
            <coordinates>
              -70.8329482228,-33.1142326183,0
              -70.8329590896,-33.1147556843,0
              -70.8329326816,-33.1147560728,0
              -70.8329218149,-33.1142330068,0
              -70.8329482228,-33.1142326183,0
            </coordinates>
          </LinearRing>
        </outerBoundaryIs>
      </Polygon>
    </Placemark>
    <Placemark>
      <description><![CDATA[LIMITES_TRACKER<BR><BR><B>ELEVATION</B> = 0]]></description>
      <styleUrl>#area3</styleUrl>
      <Polygon>
        <altitudeMode>relativeToGround</altitudeMode>
        <extrude>1</extrude>
        <outerBoundaryIs>
          <LinearRing>
            <coordinates>
              -70.8330115511,-33.1142271774,0
              -70.8329851431,-33.1142275659,0
              -70.8329742764,-33.1137044998,0
              -70.8330006842,-33.1137041113,0
              -70.8330115511,-33.1142271774,0
            </coordinates>
          </LinearRing>
        </outerBoundaryIs>
      </Polygon>
    </Placemark>
    <Placemark>
      <description><![CDATA[LIMITES_TRACKER<BR><BR><B>ELEVATION</B> = 0]]></description>
      <styleUrl>#area3</styleUrl>
      <Polygon>
        <altitudeMode>relativeToGround</altitudeMode>
        <extrude>1</extrude>
        <outerBoundaryIs>
          <LinearRing>
            <coordinates>
              -70.8329372627,-33.1137050444,0
              -70.8329481292,-33.1142281105,0
              -70.8329217213,-33.1142284990,0
              -70.8329108549,-33.1137054329,0
              -70.8329372627,-33.1137050444,0
            </coordinates>
          </LinearRing>
        </outerBoundaryIs>
      </Polygon>
    </Placemark>
    <Placemark>
      <description><![CDATA[LIMITES_TRACKER<BR><BR><B>ELEVATION</B> = 0]]></description>
      <styleUrl>#area4</styleUrl>
      <Polygon>
        <altitudeMode>relativeToGround</altitudeMode>
        <extrude>1</extrude>
        <outerBoundaryIs>
          <LinearRing>
            <coordinates>
              -70.8330005905,-33.1136996035,0
              -70.8329741827,-33.1136999920,0
              -70.8329633163,-33.1131769259,0
              -70.8329897239,-33.1131765374,0
              -70.8330005905,-33.1136996035,0
            </coordinates>
          </LinearRing>
        </outerBoundaryIs>
      </Polygon>
    </Placemark>
    <Placemark>
      <description><![CDATA[LIMITES_TRACKER<BR><BR><B>ELEVATION</B> = 0]]></description>
      <styleUrl>#area4</styleUrl>
      <Polygon>
        <altitudeMode>relativeToGround</altitudeMode>
        <extrude>1</extrude>
        <outerBoundaryIs>
          <LinearRing>
            <coordinates>
              -70.8329263028,-33.1131774705,0
              -70.8329371690,-33.1137005366,0
              -70.8329107612,-33.1137009251,0
              -70.8328998952,-33.1131778590,0
              -70.8329263028,-33.1131774705,0
            </coordinates>
          </LinearRing>
        </outerBoundaryIs>
      </Polygon>
    </Placemark>
    <Placemark>
      <description><![CDATA[LIMITES_TRACKER<BR><BR><B>ELEVATION</B> = 0]]></description>
      <styleUrl>#area2</styleUrl>
      <Polygon>
        <altitudeMode>relativeToGround</altitudeMode>
        <extrude>1</extrude>
        <outerBoundaryIs>
          <LinearRing>
            <coordinates>
              -70.8328956674,-33.1147566174,0
              -70.8328692593,-33.1147570059,0
              -70.8328583930,-33.1142339399,0
              -70.8328848010,-33.1142335514,0
              -70.8328956674,-33.1147566174,0
            </coordinates>
          </LinearRing>
        </outerBoundaryIs>
      </Polygon>
    </Placemark>
    <Placemark>
      <description><![CDATA[LIMITES_TRACKER<BR><BR><B>ELEVATION</B> = 0]]></description>
      <styleUrl>#area2</styleUrl>
      <Polygon>
        <altitudeMode>relativeToGround</altitudeMode>
        <extrude>1</extrude>
        <outerBoundaryIs>
          <LinearRing>
            <coordinates>
              -70.8328213791,-33.1142344844,0
              -70.8328322451,-33.1147575505,0
              -70.8328058370,-33.1147579390,0
              -70.8327949711,-33.1142348729,0
              -70.8328213791,-33.1142344844,0
            </coordinates>
          </LinearRing>
        </outerBoundaryIs>
      </Polygon>
    </Placemark>
    <Placemark>
      <description><![CDATA[LIMITES_TRACKER<BR><BR><B>ELEVATION</B> = 0]]></description>
      <styleUrl>#area3</styleUrl>
      <Polygon>
        <altitudeMode>relativeToGround</altitudeMode>
        <extrude>1</extrude>
        <outerBoundaryIs>
          <LinearRing>
            <coordinates>
              -70.8328847073,-33.1142290436,0
              -70.8328582994,-33.1142294321,0
              -70.8328474334,-33.1137063660,0
              -70.8328738412,-33.1137059775,0
              -70.8328847073,-33.1142290436,0
            </coordinates>
          </LinearRing>
        </outerBoundaryIs>
      </Polygon>
    </Placemark>
    <Placemark>
      <description><![CDATA[LIMITES_TRACKER<BR><BR><B>ELEVATION</B> = 0]]></description>
      <styleUrl>#area3</styleUrl>
      <Polygon>
        <altitudeMode>relativeToGround</altitudeMode>
        <extrude>1</extrude>
        <outerBoundaryIs>
          <LinearRing>
            <coordinates>
              -70.8328104197,-33.1137069105,0
              -70.8328212854,-33.1142299766,0
              -70.8327948775,-33.1142303651,0
              -70.8327840119,-33.1137072990,0
              -70.8328104197,-33.1137069105,0
            </coordinates>
          </LinearRing>
        </outerBoundaryIs>
      </Polygon>
    </Placemark>
    <Placemark>
      <description><![CDATA[LIMITES_TRACKER<BR><BR><B>ELEVATION</B> = 0]]></description>
      <styleUrl>#area4</styleUrl>
      <Polygon>
        <altitudeMode>relativeToGround</altitudeMode>
        <extrude>1</extrude>
        <outerBoundaryIs>
          <LinearRing>
            <coordinates>
              -70.8328737475,-33.1137014697,0
              -70.8328473397,-33.1137018582,0
              -70.8328364740,-33.1131787921,0
              -70.8328628816,-33.1131784036,0
              -70.8328737475,-33.1137014697,0
            </coordinates>
          </LinearRing>
        </outerBoundaryIs>
      </Polygon>
    </Placemark>
    <Placemark>
      <description><![CDATA[LIMITES_TRACKER<BR><BR><B>ELEVATION</B> = 0]]></description>
      <styleUrl>#area4</styleUrl>
      <Polygon>
        <altitudeMode>relativeToGround</altitudeMode>
        <extrude>1</extrude>
        <outerBoundaryIs>
          <LinearRing>
            <coordinates>
              -70.8327994605,-33.1131793366,0
              -70.8328103260,-33.1137024027,0
              -70.8327839182,-33.1137027912,0
              -70.8327730529,-33.1131797251,0
              -70.8327994605,-33.1131793366,0
            </coordinates>
          </LinearRing>
        </outerBoundaryIs>
      </Polygon>
    </Placemark>
    <Placemark>
      <description><![CDATA[LIMITES_TRACKER<BR><BR><B>ELEVATION</B> = 0]]></description>
      <styleUrl>#area2</styleUrl>
      <Polygon>
        <altitudeMode>relativeToGround</altitudeMode>
        <extrude>1</extrude>
        <outerBoundaryIs>
          <LinearRing>
            <coordinates>
              -70.8327688229,-33.1147584835,0
              -70.8327424148,-33.1147588720,0
              -70.8327315493,-33.1142358059,0
              -70.8327579572,-33.1142354175,0
              -70.8327688229,-33.1147584835,0
            </coordinates>
          </LinearRing>
        </outerBoundaryIs>
      </Polygon>
    </Placemark>
    <Placemark>
      <description><![CDATA[LIMITES_TRACKER<BR><BR><B>ELEVATION</B> = 0]]></description>
      <styleUrl>#area2</styleUrl>
      <Polygon>
        <altitudeMode>relativeToGround</altitudeMode>
        <extrude>1</extrude>
        <outerBoundaryIs>
          <LinearRing>
            <coordinates>
              -70.8326945353,-33.1142363504,0
              -70.8327054006,-33.1147594165,0
              -70.8326789925,-33.1147598050,0
              -70.8326681274,-33.1142367389,0
              -70.8326945353,-33.1142363504,0
            </coordinates>
          </LinearRing>
        </outerBoundaryIs>
      </Polygon>
    </Placemark>
    <Placemark>
      <description><![CDATA[LIMITES_TRACKER<BR><BR><B>ELEVATION</B> = 0]]></description>
      <styleUrl>#area3</styleUrl>
      <Polygon>
        <altitudeMode>relativeToGround</altitudeMode>
        <extrude>1</extrude>
        <outerBoundaryIs>
          <LinearRing>
            <coordinates>
              -70.8327578635,-33.1142309097,0
              -70.8327314556,-33.1142312982,0
              -70.8327205904,-33.1137082320,0
              -70.8327469981,-33.1137078435,0
              -70.8327578635,-33.1142309097,0
            </coordinates>
          </LinearRing>
        </outerBoundaryIs>
      </Polygon>
    </Placemark>
    <Placemark>
      <description><![CDATA[LIMITES_TRACKER<BR><BR><B>ELEVATION</B> = 0]]></description>
      <styleUrl>#area3</styleUrl>
      <Polygon>
        <altitudeMode>relativeToGround</altitudeMode>
        <extrude>1</extrude>
        <outerBoundaryIs>
          <LinearRing>
            <coordinates>
              -70.8326835766,-33.1137087765,0
              -70.8326944417,-33.1142318427,0
              -70.8326680337,-33.1142322311,0
              -70.8326571689,-33.1137091650,0
              -70.8326835766,-33.1137087765,0
            </coordinates>
          </LinearRing>
        </outerBoundaryIs>
      </Polygon>
    </Placemark>
    <Placemark>
      <description><![CDATA[LIMITES_TRACKER<BR><BR><B>ELEVATION</B> = 0]]></description>
      <styleUrl>#area4</styleUrl>
      <Polygon>
        <altitudeMode>relativeToGround</altitudeMode>
        <extrude>1</extrude>
        <outerBoundaryIs>
          <LinearRing>
            <coordinates>
              -70.8327469045,-33.1137033357,0
              -70.8327204967,-33.1137037242,0
              -70.8327096318,-33.1131806580,0
              -70.8327360394,-33.1131802696,0
              -70.8327469045,-33.1137033357,0
            </coordinates>
          </LinearRing>
        </outerBoundaryIs>
      </Polygon>
    </Placemark>
    <Placemark>
      <description><![CDATA[LIMITES_TRACKER<BR><BR><B>ELEVATION</B> = 0]]></description>
      <styleUrl>#area4</styleUrl>
      <Polygon>
        <altitudeMode>relativeToGround</altitudeMode>
        <extrude>1</extrude>
        <outerBoundaryIs>
          <LinearRing>
            <coordinates>
              -70.8326726183,-33.1131812025,0
              -70.8326834830,-33.1137042687,0
              -70.8326570752,-33.1137046572,0
              -70.8326462106,-33.1131815910,0
              -70.8326726183,-33.1131812025,0
            </coordinates>
          </LinearRing>
        </outerBoundaryIs>
      </Polygon>
    </Placemark>
    <Placemark>
      <description><![CDATA[LIMITES_TRACKER<BR><BR><B>ELEVATION</B> = 0]]></description>
      <styleUrl>#area2</styleUrl>
      <Polygon>
        <altitudeMode>relativeToGround</altitudeMode>
        <extrude>1</extrude>
        <outerBoundaryIs>
          <LinearRing>
            <coordinates>
              -70.8326419783,-33.1147603495,0
              -70.8326155702,-33.1147607380,0
              -70.8326047055,-33.1142376719,0
              -70.8326311134,-33.1142372834,0
              -70.8326419783,-33.1147603495,0
            </coordinates>
          </LinearRing>
        </outerBoundaryIs>
      </Polygon>
    </Placemark>
    <Placemark>
      <description><![CDATA[LIMITES_TRACKER<BR><BR><B>ELEVATION</B> = 0]]></description>
      <styleUrl>#area2</styleUrl>
      <Polygon>
        <altitudeMode>relativeToGround</altitudeMode>
        <extrude>1</extrude>
        <outerBoundaryIs>
          <LinearRing>
            <coordinates>
              -70.8325676915,-33.1142382163,0
              -70.8325785561,-33.1147612825,0
              -70.8325521480,-33.1147616709,0
              -70.8325412836,-33.1142386048,0
              -70.8325676915,-33.1142382163,0
            </coordinates>
          </LinearRing>
        </outerBoundaryIs>
      </Polygon>
    </Placemark>
    <Placemark>
      <description><![CDATA[LIMITES_TRACKER<BR><BR><B>ELEVATION</B> = 0]]></description>
      <styleUrl>#area3</styleUrl>
      <Polygon>
        <altitudeMode>relativeToGround</altitudeMode>
        <extrude>1</extrude>
        <outerBoundaryIs>
          <LinearRing>
            <coordinates>
              -70.8326310198,-33.1142327756,0
              -70.8326046118,-33.1142331641,0
              -70.8325937473,-33.1137100979,0
              -70.8326201551,-33.1137097095,0
              -70.8326310198,-33.1142327756,0
            </coordinates>
          </LinearRing>
        </outerBoundaryIs>
      </Polygon>
    </Placemark>
    <Placemark>
      <description><![CDATA[LIMITES_TRACKER<BR><BR><B>ELEVATION</B> = 0]]></description>
      <styleUrl>#area3</styleUrl>
      <Polygon>
        <altitudeMode>relativeToGround</altitudeMode>
        <extrude>1</extrude>
        <outerBoundaryIs>
          <LinearRing>
            <coordinates>
              -70.8325567336,-33.1137106424,0
              -70.8325675979,-33.1142337085,0
              -70.8325411899,-33.1142340970,0
              -70.8325303258,-33.1137110308,0
              -70.8325567336,-33.1137106424,0
            </coordinates>
          </LinearRing>
        </outerBoundaryIs>
      </Polygon>
    </Placemark>
    <Placemark>
      <description><![CDATA[LIMITES_TRACKER<BR><BR><B>ELEVATION</B> = 0]]></description>
      <styleUrl>#area4</styleUrl>
      <Polygon>
        <altitudeMode>relativeToGround</altitudeMode>
        <extrude>1</extrude>
        <outerBoundaryIs>
          <LinearRing>
            <coordinates>
              -70.8326200615,-33.1137052017,0
              -70.8325936537,-33.1137055901,0
              -70.8325827895,-33.1131825239,0
              -70.8326091971,-33.1131821354,0
              -70.8326200615,-33.1137052017,0
            </coordinates>
          </LinearRing>
        </outerBoundaryIs>
      </Polygon>
    </Placemark>
    <Placemark>
      <description><![CDATA[LIMITES_TRACKER<BR><BR><B>ELEVATION</B> = 0]]></description>
      <styleUrl>#area4</styleUrl>
      <Polygon>
        <altitudeMode>relativeToGround</altitudeMode>
        <extrude>1</extrude>
        <outerBoundaryIs>
          <LinearRing>
            <coordinates>
              -70.8325457760,-33.1131830683,0
              -70.8325566400,-33.1137061346,0
              -70.8325302322,-33.1137065230,0
              -70.8325193684,-33.1131834568,0
              -70.8325457760,-33.1131830683,0
            </coordinates>
          </LinearRing>
        </outerBoundaryIs>
      </Polygon>
    </Placemark>
    <Placemark>
      <description><![CDATA[LIMITES_TRACKER<BR><BR><B>ELEVATION</B> = 0]]></description>
      <styleUrl>#area2</styleUrl>
      <Polygon>
        <altitudeMode>relativeToGround</altitudeMode>
        <extrude>1</extrude>
        <outerBoundaryIs>
          <LinearRing>
            <coordinates>
              -70.8325151338,-33.1147622154,0
              -70.8324887257,-33.1147626038,0
              -70.8324778617,-33.1142395377,0
              -70.8325042696,-33.1142391492,0
              -70.8325151338,-33.1147622154,0
            </coordinates>
          </LinearRing>
        </outerBoundaryIs>
      </Polygon>
    </Placemark>
    <Placemark>
      <description><![CDATA[LIMITES_TRACKER<BR><BR><B>ELEVATION</B> = 0]]></description>
      <styleUrl>#area2</styleUrl>
      <Polygon>
        <altitudeMode>relativeToGround</altitudeMode>
        <extrude>1</extrude>
        <outerBoundaryIs>
          <LinearRing>
            <coordinates>
              -70.8324408477,-33.1142400821,0
              -70.8324517115,-33.1147631483,0
              -70.8324253034,-33.1147635367,0
              -70.8324144398,-33.1142404705,0
              -70.8324408477,-33.1142400821,0
            </coordinates>
          </LinearRing>
        </outerBoundaryIs>
      </Polygon>
    </Placemark>
    <Placemark>
      <description><![CDATA[LIMITES_TRACKER<BR><BR><B>ELEVATION</B> = 0]]></description>
      <styleUrl>#area3</styleUrl>
      <Polygon>
        <altitudeMode>relativeToGround</altitudeMode>
        <extrude>1</extrude>
        <outerBoundaryIs>
          <LinearRing>
            <coordinates>
              -70.8325041760,-33.1142346414,0
              -70.8324777680,-33.1142350299,0
              -70.8324669043,-33.1137119637,0
              -70.8324933121,-33.1137115752,0
              -70.8325041760,-33.1142346414,0
            </coordinates>
          </LinearRing>
        </outerBoundaryIs>
      </Polygon>
    </Placemark>
    <Placemark>
      <description><![CDATA[LIMITES_TRACKER<BR><BR><B>ELEVATION</B> = 0]]></description>
      <styleUrl>#area3</styleUrl>
      <Polygon>
        <altitudeMode>relativeToGround</altitudeMode>
        <extrude>1</extrude>
        <outerBoundaryIs>
          <LinearRing>
            <coordinates>
              -70.8324298906,-33.1137125081,0
              -70.8324407541,-33.1142355743,0
              -70.8324143462,-33.1142359627,0
              -70.8324034828,-33.1137128965,0
              -70.8324298906,-33.1137125081,0
            </coordinates>
          </LinearRing>
        </outerBoundaryIs>
      </Polygon>
    </Placemark>
    <Placemark>
      <description><![CDATA[LIMITES_TRACKER<BR><BR><B>ELEVATION</B> = 0]]></description>
      <styleUrl>#area4</styleUrl>
      <Polygon>
        <altitudeMode>relativeToGround</altitudeMode>
        <extrude>1</extrude>
        <outerBoundaryIs>
          <LinearRing>
            <coordinates>
              -70.8324932185,-33.1137070675,0
              -70.8324668107,-33.1137074559,0
              -70.8324559472,-33.1131843896,0
              -70.8324823548,-33.1131840012,0
              -70.8324932185,-33.1137070675,0
            </coordinates>
          </LinearRing>
        </outerBoundaryIs>
      </Polygon>
    </Placemark>
    <Placemark>
      <description><![CDATA[LIMITES_TRACKER<BR><BR><B>ELEVATION</B> = 0]]></description>
      <styleUrl>#area4</styleUrl>
      <Polygon>
        <altitudeMode>relativeToGround</altitudeMode>
        <extrude>1</extrude>
        <outerBoundaryIs>
          <LinearRing>
            <coordinates>
              -70.8324189337,-33.1131849340,0
              -70.8324297969,-33.1137080003,0
              -70.8324033892,-33.1137083887,0
              -70.8323925261,-33.1131853224,0
              -70.8324189337,-33.1131849340,0
            </coordinates>
          </LinearRing>
        </outerBoundaryIs>
      </Polygon>
    </Placemark>
    <Placemark>
      <description><![CDATA[LIMITES_TRACKER<BR><BR><B>ELEVATION</B> = 0]]></description>
      <styleUrl>#area2</styleUrl>
      <Polygon>
        <altitudeMode>relativeToGround</altitudeMode>
        <extrude>1</extrude>
        <outerBoundaryIs>
          <LinearRing>
            <coordinates>
              -70.8323882892,-33.1147640811,0
              -70.8323618811,-33.1147644695,0
              -70.8323510179,-33.1142414033,0
              -70.8323774258,-33.1142410149,0
              -70.8323882892,-33.1147640811,0
            </coordinates>
          </LinearRing>
        </outerBoundaryIs>
      </Polygon>
    </Placemark>
    <Placemark>
      <description><![CDATA[LIMITES_TRACKER<BR><BR><B>ELEVATION</B> = 0]]></description>
      <styleUrl>#area2</styleUrl>
      <Polygon>
        <altitudeMode>relativeToGround</altitudeMode>
        <extrude>1</extrude>
        <outerBoundaryIs>
          <LinearRing>
            <coordinates>
              -70.8323140039,-33.1142419477,0
              -70.8323248670,-33.1147650140,0
              -70.8322984589,-33.1147654024,0
              -70.8322875960,-33.1142423361,0
              -70.8323140039,-33.1142419477,0
            </coordinates>
          </LinearRing>
        </outerBoundaryIs>
      </Polygon>
    </Placemark>
    <Placemark>
      <description><![CDATA[LIMITES_TRACKER<BR><BR><B>ELEVATION</B> = 0]]></description>
      <styleUrl>#area3</styleUrl>
      <Polygon>
        <altitudeMode>relativeToGround</altitudeMode>
        <extrude>1</extrude>
        <outerBoundaryIs>
          <LinearRing>
            <coordinates>
              -70.8323773322,-33.1142365071,0
              -70.8323509242,-33.1142368956,0
              -70.8323400613,-33.1137138293,0
              -70.8323664690,-33.1137134409,0
              -70.8323773322,-33.1142365071,0
            </coordinates>
          </LinearRing>
        </outerBoundaryIs>
      </Polygon>
    </Placemark>
    <Placemark>
      <description><![CDATA[LIMITES_TRACKER<BR><BR><B>ELEVATION</B> = 0]]></description>
      <styleUrl>#area3</styleUrl>
      <Polygon>
        <altitudeMode>relativeToGround</altitudeMode>
        <extrude>1</extrude>
        <outerBoundaryIs>
          <LinearRing>
            <coordinates>
              -70.8323030475,-33.1137143737,0
              -70.8323139103,-33.1142374399,0
              -70.8322875023,-33.1142378283,0
              -70.8322766397,-33.1137147621,0
              -70.8323030475,-33.1137143737,0
            </coordinates>
          </LinearRing>
        </outerBoundaryIs>
      </Polygon>
    </Placemark>
    <Placemark>
      <description><![CDATA[LIMITES_TRACKER<BR><BR><B>ELEVATION</B> = 0]]></description>
      <styleUrl>#area4</styleUrl>
      <Polygon>
        <altitudeMode>relativeToGround</altitudeMode>
        <extrude>1</extrude>
        <outerBoundaryIs>
          <LinearRing>
            <coordinates>
              -70.8323663754,-33.1137089331,0
              -70.8323399676,-33.1137093215,0
              -70.8323291049,-33.1131862552,0
              -70.8323555126,-33.1131858668,0
              -70.8323663754,-33.1137089331,0
            </coordinates>
          </LinearRing>
        </outerBoundaryIs>
      </Polygon>
    </Placemark>
    <Placemark>
      <description><![CDATA[LIMITES_TRACKER<BR><BR><B>ELEVATION</B> = 0]]></description>
      <styleUrl>#area4</styleUrl>
      <Polygon>
        <altitudeMode>relativeToGround</altitudeMode>
        <extrude>1</extrude>
        <outerBoundaryIs>
          <LinearRing>
            <coordinates>
              -70.8322920914,-33.1131867996,0
              -70.8323029539,-33.1137098659,0
              -70.8322765461,-33.1137102543,0
              -70.8322656838,-33.1131871880,0
              -70.8322920914,-33.1131867996,0
            </coordinates>
          </LinearRing>
        </outerBoundaryIs>
      </Polygon>
    </Placemark>
    <Placemark>
      <description><![CDATA[LIMITES_TRACKER<BR><BR><B>ELEVATION</B> = 0]]></description>
      <styleUrl>#area1</styleUrl>
      <Polygon>
        <altitudeMode>relativeToGround</altitudeMode>
        <extrude>1</extrude>
        <outerBoundaryIs>
          <LinearRing>
            <coordinates>
              -70.8325453096,-33.1159570259,0
              -70.8325189012,-33.1159574143,0
              -70.8325080365,-33.1154343483,0
              -70.8325344448,-33.1154339598,0
              -70.8325453096,-33.1159570259,0
            </coordinates>
          </LinearRing>
        </outerBoundaryIs>
      </Polygon>
    </Placemark>
    <Placemark>
      <description><![CDATA[LIMITES_TRACKER<BR><BR><B>ELEVATION</B> = 0]]></description>
      <styleUrl>#area1</styleUrl>
      <Polygon>
        <altitudeMode>relativeToGround</altitudeMode>
        <extrude>1</extrude>
        <outerBoundaryIs>
          <LinearRing>
            <coordinates>
              -70.8324710220,-33.1154348927,0
              -70.8324818865,-33.1159579588,0
              -70.8324554780,-33.1159583472,0
              -70.8324446137,-33.1154352812,0
              -70.8324710220,-33.1154348927,0
            </coordinates>
          </LinearRing>
        </outerBoundaryIs>
      </Polygon>
    </Placemark>
    <Placemark>
      <description><![CDATA[LIMITES_TRACKER<BR><BR><B>ELEVATION</B> = 0]]></description>
      <styleUrl>#area2</styleUrl>
      <Polygon>
        <altitudeMode>relativeToGround</altitudeMode>
        <extrude>1</extrude>
        <outerBoundaryIs>
          <LinearRing>
            <coordinates>
              -70.8322614447,-33.1147659467,0
              -70.8322350366,-33.1147663351,0
              -70.8322241740,-33.1142432689,0
              -70.8322505820,-33.1142428805,0
              -70.8322614447,-33.1147659467,0
            </coordinates>
          </LinearRing>
        </outerBoundaryIs>
      </Polygon>
    </Placemark>
    <Placemark>
      <description><![CDATA[LIMITES_TRACKER<BR><BR><B>ELEVATION</B> = 0]]></description>
      <styleUrl>#area2</styleUrl>
      <Polygon>
        <altitudeMode>relativeToGround</altitudeMode>
        <extrude>1</extrude>
        <outerBoundaryIs>
          <LinearRing>
            <coordinates>
              -70.8321871601,-33.1142438132,0
              -70.8321980224,-33.1147668795,0
              -70.8321716143,-33.1147672679,0
              -70.8321607521,-33.1142442016,0
              -70.8321871601,-33.1142438132,0
            </coordinates>
          </LinearRing>
        </outerBoundaryIs>
      </Polygon>
    </Placemark>
    <Placemark>
      <description><![CDATA[LIMITES_TRACKER<BR><BR><B>ELEVATION</B> = 0]]></description>
      <styleUrl>#area3</styleUrl>
      <Polygon>
        <altitudeMode>relativeToGround</altitudeMode>
        <extrude>1</extrude>
        <outerBoundaryIs>
          <LinearRing>
            <coordinates>
              -70.8322504884,-33.1142383727,0
              -70.8322240804,-33.1142387611,0
              -70.8322132182,-33.1137156948,0
              -70.8322396260,-33.1137153064,0
              -70.8322504884,-33.1142383727,0
            </coordinates>
          </LinearRing>
        </outerBoundaryIs>
      </Polygon>
    </Placemark>
    <Placemark>
      <description><![CDATA[LIMITES_TRACKER<BR><BR><B>ELEVATION</B> = 0]]></description>
      <styleUrl>#area3</styleUrl>
      <Polygon>
        <altitudeMode>relativeToGround</altitudeMode>
        <extrude>1</extrude>
        <outerBoundaryIs>
          <LinearRing>
            <coordinates>
              -70.8321762044,-33.1137162392,0
              -70.8321870665,-33.1142393055,0
              -70.8321606585,-33.1142396938,0
              -70.8321497967,-33.1137166275,0
              -70.8321762044,-33.1137162392,0
            </coordinates>
          </LinearRing>
        </outerBoundaryIs>
      </Polygon>
    </Placemark>
    <Placemark>
      <description><![CDATA[LIMITES_TRACKER<BR><BR><B>ELEVATION</B> = 0]]></description>
      <styleUrl>#area4</styleUrl>
      <Polygon>
        <altitudeMode>relativeToGround</altitudeMode>
        <extrude>1</extrude>
        <outerBoundaryIs>
          <LinearRing>
            <coordinates>
              -70.8322395324,-33.1137107986,0
              -70.8322131246,-33.1137111870,0
              -70.8322022626,-33.1131881207,0
              -70.8322286703,-33.1131877323,0
              -70.8322395324,-33.1137107986,0
            </coordinates>
          </LinearRing>
        </outerBoundaryIs>
      </Polygon>
    </Placemark>
    <Placemark>
      <description><![CDATA[LIMITES_TRACKER<BR><BR><B>ELEVATION</B> = 0]]></description>
      <styleUrl>#area4</styleUrl>
      <Polygon>
        <altitudeMode>relativeToGround</altitudeMode>
        <extrude>1</extrude>
        <outerBoundaryIs>
          <LinearRing>
            <coordinates>
              -70.8321652491,-33.1131886650,0
              -70.8321761108,-33.1137117314,0
              -70.8321497031,-33.1137121197,0
              -70.8321388415,-33.1131890534,0
              -70.8321652491,-33.1131886650,0
            </coordinates>
          </LinearRing>
        </outerBoundaryIs>
      </Polygon>
    </Placemark>
    <Placemark>
      <description><![CDATA[LIMITES_TRACKER<BR><BR><B>ELEVATION</B> = 0]]></description>
      <styleUrl>#area1</styleUrl>
      <Polygon>
        <altitudeMode>relativeToGround</altitudeMode>
        <extrude>1</extrude>
        <outerBoundaryIs>
          <LinearRing>
            <coordinates>
              -70.8322729630,-33.1153205675,0
              -70.8322465547,-33.1153209559,0
              -70.8322356919,-33.1147978897,0
              -70.8322621000,-33.1147975013,0
              -70.8322729630,-33.1153205675,0
            </coordinates>
          </LinearRing>
        </outerBoundaryIs>
      </Polygon>
    </Placemark>
    <Placemark>
      <description><![CDATA[LIMITES_TRACKER<BR><BR><B>ELEVATION</B> = 0]]></description>
      <styleUrl>#area1</styleUrl>
      <Polygon>
        <altitudeMode>relativeToGround</altitudeMode>
        <extrude>1</extrude>
        <outerBoundaryIs>
          <LinearRing>
            <coordinates>
              -70.8321986777,-33.1147984340,0
              -70.8322095403,-33.1153215002,0
              -70.8321831320,-33.1153218886,0
              -70.8321722696,-33.1147988224,0
              -70.8321986777,-33.1147984340,0
            </coordinates>
          </LinearRing>
        </outerBoundaryIs>
      </Polygon>
    </Placemark>
    <Placemark>
      <description><![CDATA[LIMITES_TRACKER<BR><BR><B>ELEVATION</B> = 0]]></description>
      <styleUrl>#area4</styleUrl>
      <Polygon>
        <altitudeMode>relativeToGround</altitudeMode>
        <extrude>1</extrude>
        <outerBoundaryIs>
          <LinearRing>
            <coordinates>
              -70.8324184633,-33.1159588917,0
              -70.8323920549,-33.1159592801,0
              -70.8323811909,-33.1154362140,0
              -70.8324075992,-33.1154358256,0
              -70.8324184633,-33.1159588917,0
            </coordinates>
          </LinearRing>
        </outerBoundaryIs>
      </Polygon>
    </Placemark>
    <Placemark>
      <description><![CDATA[LIMITES_TRACKER<BR><BR><B>ELEVATION</B> = 0]]></description>
      <styleUrl>#area4</styleUrl>
      <Polygon>
        <altitudeMode>relativeToGround</altitudeMode>
        <extrude>1</extrude>
        <outerBoundaryIs>
          <LinearRing>
            <coordinates>
              -70.8323441765,-33.1154367585,0
              -70.8323550402,-33.1159598246,0
              -70.8323286318,-33.1159602130,0
              -70.8323177682,-33.1154371469,0
              -70.8323441765,-33.1154367585,0
            </coordinates>
          </LinearRing>
        </outerBoundaryIs>
      </Polygon>
    </Placemark>
    <Placemark>
      <description><![CDATA[LIMITES_TRACKER<BR><BR><B>ELEVATION</B> = 0]]></description>
      <styleUrl>#area3</styleUrl>
      <Polygon>
        <altitudeMode>relativeToGround</altitudeMode>
        <extrude>1</extrude>
        <outerBoundaryIs>
          <LinearRing>
            <coordinates>
              -70.8321346001,-33.1147678122,0
              -70.8321081920,-33.1147682006,0
              -70.8320973302,-33.1142451343,0
              -70.8321237382,-33.1142447460,0
              -70.8321346001,-33.1147678122,0
            </coordinates>
          </LinearRing>
        </outerBoundaryIs>
      </Polygon>
    </Placemark>
    <Placemark>
      <description><![CDATA[LIMITES_TRACKER<BR><BR><B>ELEVATION</B> = 0]]></description>
      <styleUrl>#area3</styleUrl>
      <Polygon>
        <altitudeMode>relativeToGround</altitudeMode>
        <extrude>1</extrude>
        <outerBoundaryIs>
          <LinearRing>
            <coordinates>
              -70.8320603162,-33.1142456786,0
              -70.8320711778,-33.1147687449,0
              -70.8320447697,-33.1147691333,0
              -70.8320339083,-33.1142460670,0
              -70.8320603162,-33.1142456786,0
            </coordinates>
          </LinearRing>
        </outerBoundaryIs>
      </Polygon>
    </Placemark>
    <Placemark>
      <description><![CDATA[LIMITES_TRACKER<BR><BR><B>ELEVATION</B> = 0]]></description>
      <styleUrl>#area3</styleUrl>
      <Polygon>
        <altitudeMode>relativeToGround</altitudeMode>
        <extrude>1</extrude>
        <outerBoundaryIs>
          <LinearRing>
            <coordinates>
              -70.8321236446,-33.1142402382,0
              -70.8320972366,-33.1142406265,0
              -70.8320863751,-33.1137175602,0
              -70.8321127829,-33.1137171718,0
              -70.8321236446,-33.1142402382,0
            </coordinates>
          </LinearRing>
        </outerBoundaryIs>
      </Polygon>
    </Placemark>
    <Placemark>
      <description><![CDATA[LIMITES_TRACKER<BR><BR><B>ELEVATION</B> = 0]]></description>
      <styleUrl>#area3</styleUrl>
      <Polygon>
        <altitudeMode>relativeToGround</altitudeMode>
        <extrude>1</extrude>
        <outerBoundaryIs>
          <LinearRing>
            <coordinates>
              -70.8320493614,-33.1137181045,0
              -70.8320602226,-33.1142411708,0
              -70.8320338147,-33.1142415592,0
              -70.8320229536,-33.1137184928,0
              -70.8320493614,-33.1137181045,0
            </coordinates>
          </LinearRing>
        </outerBoundaryIs>
      </Polygon>
    </Placemark>
    <Placemark>
      <description><![CDATA[LIMITES_TRACKER<BR><BR><B>ELEVATION</B> = 0]]></description>
      <styleUrl>#area4</styleUrl>
      <Polygon>
        <altitudeMode>relativeToGround</altitudeMode>
        <extrude>1</extrude>
        <outerBoundaryIs>
          <LinearRing>
            <coordinates>
              -70.8321126893,-33.1137126641,0
              -70.8320862815,-33.1137130524,0
              -70.8320754203,-33.1131899860,0
              -70.8321018279,-33.1131895977,0
              -70.8321126893,-33.1137126641,0
            </coordinates>
          </LinearRing>
        </outerBoundaryIs>
      </Polygon>
    </Placemark>
    <Placemark>
      <description><![CDATA[LIMITES_TRACKER<BR><BR><B>ELEVATION</B> = 0]]></description>
      <styleUrl>#area4</styleUrl>
      <Polygon>
        <altitudeMode>relativeToGround</altitudeMode>
        <extrude>1</extrude>
        <outerBoundaryIs>
          <LinearRing>
            <coordinates>
              -70.8320384068,-33.1131905303,0
              -70.8320492678,-33.1137135967,0
              -70.8320228600,-33.1137139850,0
              -70.8320119991,-33.1131909187,0
              -70.8320384068,-33.1131905303,0
            </coordinates>
          </LinearRing>
        </outerBoundaryIs>
      </Polygon>
    </Placemark>
    <Placemark>
      <description><![CDATA[LIMITES_TRACKER<BR><BR><B>ELEVATION</B> = 0]]></description>
      <styleUrl>#area2</styleUrl>
      <Polygon>
        <altitudeMode>relativeToGround</altitudeMode>
        <extrude>1</extrude>
        <outerBoundaryIs>
          <LinearRing>
            <coordinates>
              -70.8321461176,-33.1153224330,0
              -70.8321197093,-33.1153228214,0
              -70.8321088473,-33.1147997551,0
              -70.8321352554,-33.1147993668,0
              -70.8321461176,-33.1153224330,0
            </coordinates>
          </LinearRing>
        </outerBoundaryIs>
      </Polygon>
    </Placemark>
    <Placemark>
      <description><![CDATA[LIMITES_TRACKER<BR><BR><B>ELEVATION</B> = 0]]></description>
      <styleUrl>#area2</styleUrl>
      <Polygon>
        <altitudeMode>relativeToGround</altitudeMode>
        <extrude>1</extrude>
        <outerBoundaryIs>
          <LinearRing>
            <coordinates>
              -70.8320718330,-33.1148002995,0
              -70.8320826949,-33.1153233657,0
              -70.8320562866,-33.1153237540,0
              -70.8320454249,-33.1148006878,0
              -70.8320718330,-33.1148002995,0
            </coordinates>
          </LinearRing>
        </outerBoundaryIs>
      </Polygon>
    </Placemark>
    <Placemark>
      <description><![CDATA[LIMITES_TRACKER<BR><BR><B>ELEVATION</B> = 0]]></description>
      <styleUrl>#area4</styleUrl>
      <Polygon>
        <altitudeMode>relativeToGround</altitudeMode>
        <extrude>1</extrude>
        <outerBoundaryIs>
          <LinearRing>
            <coordinates>
              -70.8322916171,-33.1159607574,0
              -70.8322652086,-33.1159611458,0
              -70.8322543454,-33.1154380797,0
              -70.8322807537,-33.1154376913,0
              -70.8322916171,-33.1159607574,0
            </coordinates>
          </LinearRing>
        </outerBoundaryIs>
      </Polygon>
    </Placemark>
    <Placemark>
      <description><![CDATA[LIMITES_TRACKER<BR><BR><B>ELEVATION</B> = 0]]></description>
      <styleUrl>#area4</styleUrl>
      <Polygon>
        <altitudeMode>relativeToGround</altitudeMode>
        <extrude>1</extrude>
        <outerBoundaryIs>
          <LinearRing>
            <coordinates>
              -70.8322173309,-33.1154386241,0
              -70.8322281939,-33.1159616902,0
              -70.8322017855,-33.1159620786,0
              -70.8321909226,-33.1154390124,0
              -70.8322173309,-33.1154386241,0
            </coordinates>
          </LinearRing>
        </outerBoundaryIs>
      </Polygon>
    </Placemark>
    <Placemark>
      <description><![CDATA[LIMITES_TRACKER<BR><BR><B>ELEVATION</B> = 0]]></description>
      <styleUrl>#area3</styleUrl>
      <Polygon>
        <altitudeMode>relativeToGround</altitudeMode>
        <extrude>1</extrude>
        <outerBoundaryIs>
          <LinearRing>
            <coordinates>
              -70.8320077555,-33.1147696776,0
              -70.8319813474,-33.1147700659,0
              -70.8319704864,-33.1142469996,0
              -70.8319968943,-33.1142466113,0
              -70.8320077555,-33.1147696776,0
            </coordinates>
          </LinearRing>
        </outerBoundaryIs>
      </Polygon>
    </Placemark>
    <Placemark>
      <description><![CDATA[LIMITES_TRACKER<BR><BR><B>ELEVATION</B> = 0]]></description>
      <styleUrl>#area3</styleUrl>
      <Polygon>
        <altitudeMode>relativeToGround</altitudeMode>
        <extrude>1</extrude>
        <outerBoundaryIs>
          <LinearRing>
            <coordinates>
              -70.8319334724,-33.1142475439,0
              -70.8319443332,-33.1147706102,0
              -70.8319179251,-33.1147709985,0
              -70.8319070645,-33.1142479322,0
              -70.8319334724,-33.1142475439,0
            </coordinates>
          </LinearRing>
        </outerBoundaryIs>
      </Polygon>
    </Placemark>
    <Placemark>
      <description><![CDATA[LIMITES_TRACKER<BR><BR><B>ELEVATION</B> = 0]]></description>
      <styleUrl>#area4</styleUrl>
      <Polygon>
        <altitudeMode>relativeToGround</altitudeMode>
        <extrude>1</extrude>
        <outerBoundaryIs>
          <LinearRing>
            <coordinates>
              -70.8319968007,-33.1142421035,0
              -70.8319703928,-33.1142424918,0
              -70.8319595320,-33.1137194254,0
              -70.8319859398,-33.1137190371,0
              -70.8319968007,-33.1142421035,0
            </coordinates>
          </LinearRing>
        </outerBoundaryIs>
      </Polygon>
    </Placemark>
    <Placemark>
      <description><![CDATA[LIMITES_TRACKER<BR><BR><B>ELEVATION</B> = 0]]></description>
      <styleUrl>#area4</styleUrl>
      <Polygon>
        <altitudeMode>relativeToGround</altitudeMode>
        <extrude>1</extrude>
        <outerBoundaryIs>
          <LinearRing>
            <coordinates>
              -70.8319225183,-33.1137199697,0
              -70.8319333788,-33.1142430361,0
              -70.8319069709,-33.1142434244,0
              -70.8318961105,-33.1137203580,0
              -70.8319225183,-33.1137199697,0
            </coordinates>
          </LinearRing>
        </outerBoundaryIs>
      </Polygon>
    </Placemark>
    <Placemark>
      <description><![CDATA[LIMITES_TRACKER<BR><BR><B>ELEVATION</B> = 0]]></description>
      <styleUrl>#area1</styleUrl>
      <Polygon>
        <altitudeMode>relativeToGround</altitudeMode>
        <extrude>1</extrude>
        <outerBoundaryIs>
          <LinearRing>
            <coordinates>
              -70.8319858462,-33.1137145293,0
              -70.8319594384,-33.1137149176,0
              -70.8319485780,-33.1131918512,0
              -70.8319749856,-33.1131914629,0
              -70.8319858462,-33.1137145293,0
            </coordinates>
          </LinearRing>
        </outerBoundaryIs>
      </Polygon>
    </Placemark>
    <Placemark>
      <description><![CDATA[LIMITES_TRACKER<BR><BR><B>ELEVATION</B> = 0]]></description>
      <styleUrl>#area1</styleUrl>
      <Polygon>
        <altitudeMode>relativeToGround</altitudeMode>
        <extrude>1</extrude>
        <outerBoundaryIs>
          <LinearRing>
            <coordinates>
              -70.8319115644,-33.1131923955,0
              -70.8319224247,-33.1137154619,0
              -70.8318960169,-33.1137158502,0
              -70.8318851568,-33.1131927838,0
              -70.8319115644,-33.1131923955,0
            </coordinates>
          </LinearRing>
        </outerBoundaryIs>
      </Polygon>
    </Placemark>
    <Placemark>
      <description><![CDATA[LIMITES_TRACKER<BR><BR><B>ELEVATION</B> = 0]]></description>
      <styleUrl>#area2</styleUrl>
      <Polygon>
        <altitudeMode>relativeToGround</altitudeMode>
        <extrude>1</extrude>
        <outerBoundaryIs>
          <LinearRing>
            <coordinates>
              -70.8320192722,-33.1153242984,0
              -70.8319928639,-33.1153246867,0
              -70.8319820026,-33.1148016205,0
              -70.8320084107,-33.1148012321,0
              -70.8320192722,-33.1153242984,0
            </coordinates>
          </LinearRing>
        </outerBoundaryIs>
      </Polygon>
    </Placemark>
    <Placemark>
      <description><![CDATA[LIMITES_TRACKER<BR><BR><B>ELEVATION</B> = 0]]></description>
      <styleUrl>#area2</styleUrl>
      <Polygon>
        <altitudeMode>relativeToGround</altitudeMode>
        <extrude>1</extrude>
        <outerBoundaryIs>
          <LinearRing>
            <coordinates>
              -70.8319449884,-33.1148021647,0
              -70.8319558495,-33.1153252310,0
              -70.8319294412,-33.1153256193,0
              -70.8319185803,-33.1148025531,0
              -70.8319449884,-33.1148021647,0
            </coordinates>
          </LinearRing>
        </outerBoundaryIs>
      </Polygon>
    </Placemark>
    <Placemark>
      <description><![CDATA[LIMITES_TRACKER<BR><BR><B>ELEVATION</B> = 0]]></description>
      <styleUrl>#area4</styleUrl>
      <Polygon>
        <altitudeMode>relativeToGround</altitudeMode>
        <extrude>1</extrude>
        <outerBoundaryIs>
          <LinearRing>
            <coordinates>
              -70.8321647708,-33.1159626230,0
              -70.8321383623,-33.1159630113,0
              -70.8321274999,-33.1154399452,0
              -70.8321539082,-33.1154395568,0
              -70.8321647708,-33.1159626230,0
            </coordinates>
          </LinearRing>
        </outerBoundaryIs>
      </Polygon>
    </Placemark>
    <Placemark>
      <description><![CDATA[LIMITES_TRACKER<BR><BR><B>ELEVATION</B> = 0]]></description>
      <styleUrl>#area4</styleUrl>
      <Polygon>
        <altitudeMode>relativeToGround</altitudeMode>
        <extrude>1</extrude>
        <outerBoundaryIs>
          <LinearRing>
            <coordinates>
              -70.8320904854,-33.1154404895,0
              -70.8321013476,-33.1159635557,0
              -70.8320749392,-33.1159639441,0
              -70.8320640771,-33.1154408779,0
              -70.8320904854,-33.1154404895,0
            </coordinates>
          </LinearRing>
        </outerBoundaryIs>
      </Polygon>
    </Placemark>
    <Placemark>
      <description><![CDATA[LIMITES_TRACKER<BR><BR><B>ELEVATION</B> = 0]]></description>
      <styleUrl>#area3</styleUrl>
      <Polygon>
        <altitudeMode>relativeToGround</altitudeMode>
        <extrude>1</extrude>
        <outerBoundaryIs>
          <LinearRing>
            <coordinates>
              -70.8318809109,-33.1147715428,0
              -70.8318545028,-33.1147719311,0
              -70.8318436425,-33.1142488647,0
              -70.8318700505,-33.1142484764,0
              -70.8318809109,-33.1147715428,0
            </coordinates>
          </LinearRing>
        </outerBoundaryIs>
      </Polygon>
    </Placemark>
    <Placemark>
      <description><![CDATA[LIMITES_TRACKER<BR><BR><B>ELEVATION</B> = 0]]></description>
      <styleUrl>#area3</styleUrl>
      <Polygon>
        <altitudeMode>relativeToGround</altitudeMode>
        <extrude>1</extrude>
        <outerBoundaryIs>
          <LinearRing>
            <coordinates>
              -70.8318066285,-33.1142494090,0
              -70.8318174886,-33.1147724753,0
              -70.8317910805,-33.1147728636,0
              -70.8317802206,-33.1142497973,0
              -70.8318066285,-33.1142494090,0
            </coordinates>
          </LinearRing>
        </outerBoundaryIs>
      </Polygon>
    </Placemark>
    <Placemark>
      <description><![CDATA[LIMITES_TRACKER<BR><BR><B>ELEVATION</B> = 0]]></description>
      <styleUrl>#area4</styleUrl>
      <Polygon>
        <altitudeMode>relativeToGround</altitudeMode>
        <extrude>1</extrude>
        <outerBoundaryIs>
          <LinearRing>
            <coordinates>
              -70.8318699569,-33.1142439687,0
              -70.8318435489,-33.1142443570,0
              -70.8318326889,-33.1137212906,0
              -70.8318590967,-33.1137209023,0
              -70.8318699569,-33.1142439687,0
            </coordinates>
          </LinearRing>
        </outerBoundaryIs>
      </Polygon>
    </Placemark>
    <Placemark>
      <description><![CDATA[LIMITES_TRACKER<BR><BR><B>ELEVATION</B> = 0]]></description>
      <styleUrl>#area4</styleUrl>
      <Polygon>
        <altitudeMode>relativeToGround</altitudeMode>
        <extrude>1</extrude>
        <outerBoundaryIs>
          <LinearRing>
            <coordinates>
              -70.8317956752,-33.1137218348,0
              -70.8318065350,-33.1142449012,0
              -70.8317801270,-33.1142452895,0
              -70.8317692674,-33.1137222231,0
              -70.8317956752,-33.1137218348,0
            </coordinates>
          </LinearRing>
        </outerBoundaryIs>
      </Polygon>
    </Placemark>
    <Placemark>
      <description><![CDATA[LIMITES_TRACKER<BR><BR><B>ELEVATION</B> = 0]]></description>
      <styleUrl>#area2</styleUrl>
      <Polygon>
        <altitudeMode>relativeToGround</altitudeMode>
        <extrude>1</extrude>
        <outerBoundaryIs>
          <LinearRing>
            <coordinates>
              -70.8318924268,-33.1153261636,0
              -70.8318660185,-33.1153265519,0
              -70.8318551580,-33.1148034857,0
              -70.8318815661,-33.1148030973,0
              -70.8318924268,-33.1153261636,0
            </coordinates>
          </LinearRing>
        </outerBoundaryIs>
      </Polygon>
    </Placemark>
    <Placemark>
      <description><![CDATA[LIMITES_TRACKER<BR><BR><B>ELEVATION</B> = 0]]></description>
      <styleUrl>#area2</styleUrl>
      <Polygon>
        <altitudeMode>relativeToGround</altitudeMode>
        <extrude>1</extrude>
        <outerBoundaryIs>
          <LinearRing>
            <coordinates>
              -70.8318181438,-33.1148040299,0
              -70.8318290041,-33.1153270962,0
              -70.8318025958,-33.1153274845,0
              -70.8317917356,-33.1148044182,0
              -70.8318181438,-33.1148040299,0
            </coordinates>
          </LinearRing>
        </outerBoundaryIs>
      </Polygon>
    </Placemark>
    <Placemark>
      <description><![CDATA[LIMITES_TRACKER<BR><BR><B>ELEVATION</B> = 0]]></description>
      <styleUrl>#area4</styleUrl>
      <Polygon>
        <altitudeMode>relativeToGround</altitudeMode>
        <extrude>1</extrude>
        <outerBoundaryIs>
          <LinearRing>
            <coordinates>
              -70.8320379245,-33.1159644884,0
              -70.8320115160,-33.1159648768,0
              -70.8320006543,-33.1154418106,0
              -70.8320270626,-33.1154414222,0
              -70.8320379245,-33.1159644884,0
            </coordinates>
          </LinearRing>
        </outerBoundaryIs>
      </Polygon>
    </Placemark>
    <Placemark>
      <description><![CDATA[LIMITES_TRACKER<BR><BR><B>ELEVATION</B> = 0]]></description>
      <styleUrl>#area4</styleUrl>
      <Polygon>
        <altitudeMode>relativeToGround</altitudeMode>
        <extrude>1</extrude>
        <outerBoundaryIs>
          <LinearRing>
            <coordinates>
              -70.8319636398,-33.1154423549,0
              -70.8319745013,-33.1159654211,0
              -70.8319480928,-33.1159658094,0
              -70.8319372315,-33.1154427432,0
              -70.8319636398,-33.1154423549,0
            </coordinates>
          </LinearRing>
        </outerBoundaryIs>
      </Polygon>
    </Placemark>
    <Placemark>
      <description><![CDATA[LIMITES_TRACKER<BR><BR><B>ELEVATION</B> = 0]]></description>
      <styleUrl>#area3</styleUrl>
      <Polygon>
        <altitudeMode>relativeToGround</altitudeMode>
        <extrude>1</extrude>
        <outerBoundaryIs>
          <LinearRing>
            <coordinates>
              -70.8317540663,-33.1147734079,0
              -70.8317276582,-33.1147737962,0
              -70.8317167987,-33.1142507298,0
              -70.8317432066,-33.1142503415,0
              -70.8317540663,-33.1147734079,0
            </coordinates>
          </LinearRing>
        </outerBoundaryIs>
      </Polygon>
    </Placemark>
    <Placemark>
      <description><![CDATA[LIMITES_TRACKER<BR><BR><B>ELEVATION</B> = 0]]></description>
      <styleUrl>#area3</styleUrl>
      <Polygon>
        <altitudeMode>relativeToGround</altitudeMode>
        <extrude>1</extrude>
        <outerBoundaryIs>
          <LinearRing>
            <coordinates>
              -70.8316797847,-33.1142512740,0
              -70.8316906440,-33.1147743404,0
              -70.8316642359,-33.1147747286,0
              -70.8316533767,-33.1142516622,0
              -70.8316797847,-33.1142512740,0
            </coordinates>
          </LinearRing>
        </outerBoundaryIs>
      </Polygon>
    </Placemark>
    <Placemark>
      <description><![CDATA[LIMITES_TRACKER<BR><BR><B>ELEVATION</B> = 0]]></description>
      <styleUrl>#area4</styleUrl>
      <Polygon>
        <altitudeMode>relativeToGround</altitudeMode>
        <extrude>1</extrude>
        <outerBoundaryIs>
          <LinearRing>
            <coordinates>
              -70.8317431130,-33.1142458337,0
              -70.8317167051,-33.1142462220,0
              -70.8317058458,-33.1137231556,0
              -70.8317322536,-33.1137227673,0
              -70.8317431130,-33.1142458337,0
            </coordinates>
          </LinearRing>
        </outerBoundaryIs>
      </Polygon>
    </Placemark>
    <Placemark>
      <description><![CDATA[LIMITES_TRACKER<BR><BR><B>ELEVATION</B> = 0]]></description>
      <styleUrl>#area4</styleUrl>
      <Polygon>
        <altitudeMode>relativeToGround</altitudeMode>
        <extrude>1</extrude>
        <outerBoundaryIs>
          <LinearRing>
            <coordinates>
              -70.8316688321,-33.1137236997,0
              -70.8316796911,-33.1142467662,0
              -70.8316532831,-33.1142471544,0
              -70.8316424243,-33.1137240880,0
              -70.8316688321,-33.1137236997,0
            </coordinates>
          </LinearRing>
        </outerBoundaryIs>
      </Polygon>
    </Placemark>
    <Placemark>
      <description><![CDATA[LIMITES_TRACKER<BR><BR><B>ELEVATION</B> = 0]]></description>
      <styleUrl>#area2</styleUrl>
      <Polygon>
        <altitudeMode>relativeToGround</altitudeMode>
        <extrude>1</extrude>
        <outerBoundaryIs>
          <LinearRing>
            <coordinates>
              -70.8317655814,-33.1153280288,0
              -70.8317391731,-33.1153284171,0
              -70.8317283133,-33.1148053507,0
              -70.8317547214,-33.1148049624,0
              -70.8317655814,-33.1153280288,0
            </coordinates>
          </LinearRing>
        </outerBoundaryIs>
      </Polygon>
    </Placemark>
    <Placemark>
      <description><![CDATA[LIMITES_TRACKER<BR><BR><B>ELEVATION</B> = 0]]></description>
      <styleUrl>#area2</styleUrl>
      <Polygon>
        <altitudeMode>relativeToGround</altitudeMode>
        <extrude>1</extrude>
        <outerBoundaryIs>
          <LinearRing>
            <coordinates>
              -70.8316912991,-33.1148058949,0
              -70.8317021587,-33.1153289613,0
              -70.8316757504,-33.1153293496,0
              -70.8316648910,-33.1148062832,0
              -70.8316912991,-33.1148058949,0
            </coordinates>
          </LinearRing>
        </outerBoundaryIs>
      </Polygon>
    </Placemark>
    <Placemark>
      <description><![CDATA[LIMITES_TRACKER<BR><BR><B>ELEVATION</B> = 0]]></description>
      <styleUrl>#area4</styleUrl>
      <Polygon>
        <altitudeMode>relativeToGround</altitudeMode>
        <extrude>1</extrude>
        <outerBoundaryIs>
          <LinearRing>
            <coordinates>
              -70.8319110781,-33.1159663537,0
              -70.8318846697,-33.1159667420,0
              -70.8318738087,-33.1154436758,0
              -70.8319002170,-33.1154432875,0
              -70.8319110781,-33.1159663537,0
            </coordinates>
          </LinearRing>
        </outerBoundaryIs>
      </Polygon>
    </Placemark>
    <Placemark>
      <description><![CDATA[LIMITES_TRACKER<BR><BR><B>ELEVATION</B> = 0]]></description>
      <styleUrl>#area4</styleUrl>
      <Polygon>
        <altitudeMode>relativeToGround</altitudeMode>
        <extrude>1</extrude>
        <outerBoundaryIs>
          <LinearRing>
            <coordinates>
              -70.8318367943,-33.1154442201,0
              -70.8318476550,-33.1159672863,0
              -70.8318212465,-33.1159676746,0
              -70.8318103859,-33.1154446084,0
              -70.8318367943,-33.1154442201,0
            </coordinates>
          </LinearRing>
        </outerBoundaryIs>
      </Polygon>
    </Placemark>
    <Placemark>
      <description><![CDATA[LIMITES_TRACKER<BR><BR><B>ELEVATION</B> = 0]]></description>
      <styleUrl>#area3</styleUrl>
      <Polygon>
        <altitudeMode>relativeToGround</altitudeMode>
        <extrude>1</extrude>
        <outerBoundaryIs>
          <LinearRing>
            <coordinates>
              -70.8316272217,-33.1147752728,0
              -70.8316008136,-33.1147756611,0
              -70.8315899548,-33.1142525947,0
              -70.8316163627,-33.1142522064,0
              -70.8316272217,-33.1147752728,0
            </coordinates>
          </LinearRing>
        </outerBoundaryIs>
      </Polygon>
    </Placemark>
    <Placemark>
      <description><![CDATA[LIMITES_TRACKER<BR><BR><B>ELEVATION</B> = 0]]></description>
      <styleUrl>#area3</styleUrl>
      <Polygon>
        <altitudeMode>relativeToGround</altitudeMode>
        <extrude>1</extrude>
        <outerBoundaryIs>
          <LinearRing>
            <coordinates>
              -70.8315529408,-33.1142531388,0
              -70.8315637993,-33.1147762053,0
              -70.8315373912,-33.1147765935,0
              -70.8315265328,-33.1142535271,0
              -70.8315529408,-33.1142531388,0
            </coordinates>
          </LinearRing>
        </outerBoundaryIs>
      </Polygon>
    </Placemark>
    <Placemark>
      <description><![CDATA[LIMITES_TRACKER<BR><BR><B>ELEVATION</B> = 0]]></description>
      <styleUrl>#area4</styleUrl>
      <Polygon>
        <altitudeMode>relativeToGround</altitudeMode>
        <extrude>1</extrude>
        <outerBoundaryIs>
          <LinearRing>
            <coordinates>
              -70.8316162692,-33.1142476986,0
              -70.8315898612,-33.1142480869,0
              -70.8315790027,-33.1137250204,0
              -70.8316054105,-33.1137246322,0
              -70.8316162692,-33.1142476986,0
            </coordinates>
          </LinearRing>
        </outerBoundaryIs>
      </Polygon>
    </Placemark>
    <Placemark>
      <description><![CDATA[LIMITES_TRACKER<BR><BR><B>ELEVATION</B> = 0]]></description>
      <styleUrl>#area4</styleUrl>
      <Polygon>
        <altitudeMode>relativeToGround</altitudeMode>
        <extrude>1</extrude>
        <outerBoundaryIs>
          <LinearRing>
            <coordinates>
              -70.8315419889,-33.1137255646,0
              -70.8315528472,-33.1142486310,0
              -70.8315264393,-33.1142490193,0
              -70.8315155812,-33.1137259528,0
              -70.8315419889,-33.1137255646,0
            </coordinates>
          </LinearRing>
        </outerBoundaryIs>
      </Polygon>
    </Placemark>
    <Placemark>
      <description><![CDATA[LIMITES_TRACKER<BR><BR><B>ELEVATION</B> = 0]]></description>
      <styleUrl>#area2</styleUrl>
      <Polygon>
        <altitudeMode>relativeToGround</altitudeMode>
        <extrude>1</extrude>
        <outerBoundaryIs>
          <LinearRing>
            <coordinates>
              -70.8316387360,-33.1153298938,0
              -70.8316123277,-33.1153302820,0
              -70.8316014686,-33.1148072157,0
              -70.8316278767,-33.1148068274,0
              -70.8316387360,-33.1153298938,0
            </coordinates>
          </LinearRing>
        </outerBoundaryIs>
      </Polygon>
    </Placemark>
    <Placemark>
      <description><![CDATA[LIMITES_TRACKER<BR><BR><B>ELEVATION</B> = 0]]></description>
      <styleUrl>#area2</styleUrl>
      <Polygon>
        <altitudeMode>relativeToGround</altitudeMode>
        <extrude>1</extrude>
        <outerBoundaryIs>
          <LinearRing>
            <coordinates>
              -70.8315644544,-33.1148077598,0
              -70.8315753133,-33.1153308262,0
              -70.8315489050,-33.1153312145,0
              -70.8315380463,-33.1148081481,0
              -70.8315644544,-33.1148077598,0
            </coordinates>
          </LinearRing>
        </outerBoundaryIs>
      </Polygon>
    </Placemark>
    <Placemark>
      <description><![CDATA[LIMITES_TRACKER<BR><BR><B>ELEVATION</B> = 0]]></description>
      <styleUrl>#area4</styleUrl>
      <Polygon>
        <altitudeMode>relativeToGround</altitudeMode>
        <extrude>1</extrude>
        <outerBoundaryIs>
          <LinearRing>
            <coordinates>
              -70.8317842318,-33.1159682189,0
              -70.8317578234,-33.1159686072,0
              -70.8317469632,-33.1154455409,0
              -70.8317733715,-33.1154451526,0
              -70.8317842318,-33.1159682189,0
            </coordinates>
          </LinearRing>
        </outerBoundaryIs>
      </Polygon>
    </Placemark>
    <Placemark>
      <description><![CDATA[LIMITES_TRACKER<BR><BR><B>ELEVATION</B> = 0]]></description>
      <styleUrl>#area4</styleUrl>
      <Polygon>
        <altitudeMode>relativeToGround</altitudeMode>
        <extrude>1</extrude>
        <outerBoundaryIs>
          <LinearRing>
            <coordinates>
              -70.8317099487,-33.1154460851,0
              -70.8317208086,-33.1159691514,0
              -70.8316944002,-33.1159695397,0
              -70.8316835404,-33.1154464734,0
              -70.8317099487,-33.1154460851,0
            </coordinates>
          </LinearRing>
        </outerBoundaryIs>
      </Polygon>
    </Placemark>
    <Placemark>
      <description><![CDATA[LIMITES_TRACKER<BR><BR><B>ELEVATION</B> = 0]]></description>
      <styleUrl>#area3</styleUrl>
      <Polygon>
        <altitudeMode>relativeToGround</altitudeMode>
        <extrude>1</extrude>
        <outerBoundaryIs>
          <LinearRing>
            <coordinates>
              -70.8315003770,-33.1147771377,0
              -70.8314739689,-33.1147775259,0
              -70.8314631109,-33.1142544594,0
              -70.8314895188,-33.1142540712,0
              -70.8315003770,-33.1147771377,0
            </coordinates>
          </LinearRing>
        </outerBoundaryIs>
      </Polygon>
    </Placemark>
    <Placemark>
      <description><![CDATA[LIMITES_TRACKER<BR><BR><B>ELEVATION</B> = 0]]></description>
      <styleUrl>#area3</styleUrl>
      <Polygon>
        <altitudeMode>relativeToGround</altitudeMode>
        <extrude>1</extrude>
        <outerBoundaryIs>
          <LinearRing>
            <coordinates>
              -70.8314260969,-33.1142550036,0
              -70.8314369547,-33.1147780700,0
              -70.8314105466,-33.1147784583,0
              -70.8313996889,-33.1142553918,0
              -70.8314260969,-33.1142550036,0
            </coordinates>
          </LinearRing>
        </outerBoundaryIs>
      </Polygon>
    </Placemark>
    <Placemark>
      <description><![CDATA[LIMITES_TRACKER<BR><BR><B>ELEVATION</B> = 0]]></description>
      <styleUrl>#area4</styleUrl>
      <Polygon>
        <altitudeMode>relativeToGround</altitudeMode>
        <extrude>1</extrude>
        <outerBoundaryIs>
          <LinearRing>
            <coordinates>
              -70.8314894253,-33.1142495634,0
              -70.8314630173,-33.1142499517,0
              -70.8314521596,-33.1137268851,0
              -70.8314785674,-33.1137264969,0
              -70.8314894253,-33.1142495634,0
            </coordinates>
          </LinearRing>
        </outerBoundaryIs>
      </Polygon>
    </Placemark>
    <Placemark>
      <description><![CDATA[LIMITES_TRACKER<BR><BR><B>ELEVATION</B> = 0]]></description>
      <styleUrl>#area4</styleUrl>
      <Polygon>
        <altitudeMode>relativeToGround</altitudeMode>
        <extrude>1</extrude>
        <outerBoundaryIs>
          <LinearRing>
            <coordinates>
              -70.8314151458,-33.1137274293,0
              -70.8314260033,-33.1142504958,0
              -70.8313995954,-33.1142508840,0
              -70.8313887380,-33.1137278175,0
              -70.8314151458,-33.1137274293,0
            </coordinates>
          </LinearRing>
        </outerBoundaryIs>
      </Polygon>
    </Placemark>
    <Placemark>
      <description><![CDATA[LIMITES_TRACKER<BR><BR><B>ELEVATION</B> = 0]]></description>
      <styleUrl>#area2</styleUrl>
      <Polygon>
        <altitudeMode>relativeToGround</altitudeMode>
        <extrude>1</extrude>
        <outerBoundaryIs>
          <LinearRing>
            <coordinates>
              -70.8315118905,-33.1153317586,0
              -70.8314854823,-33.1153321469,0
              -70.8314746239,-33.1148090805,0
              -70.8315010321,-33.1148086922,0
              -70.8315118905,-33.1153317586,0
            </coordinates>
          </LinearRing>
        </outerBoundaryIs>
      </Polygon>
    </Placemark>
    <Placemark>
      <description><![CDATA[LIMITES_TRACKER<BR><BR><B>ELEVATION</B> = 0]]></description>
      <styleUrl>#area2</styleUrl>
      <Polygon>
        <altitudeMode>relativeToGround</altitudeMode>
        <extrude>1</extrude>
        <outerBoundaryIs>
          <LinearRing>
            <coordinates>
              -70.8314376097,-33.1148096246,0
              -70.8314484678,-33.1153326910,0
              -70.8314220595,-33.1153330792,0
              -70.8314112016,-33.1148100128,0
              -70.8314376097,-33.1148096246,0
            </coordinates>
          </LinearRing>
        </outerBoundaryIs>
      </Polygon>
    </Placemark>
    <Placemark>
      <description><![CDATA[LIMITES_TRACKER<BR><BR><B>ELEVATION</B> = 0]]></description>
      <styleUrl>#area4</styleUrl>
      <Polygon>
        <altitudeMode>relativeToGround</altitudeMode>
        <extrude>1</extrude>
        <outerBoundaryIs>
          <LinearRing>
            <coordinates>
              -70.8316573855,-33.1159700839,0
              -70.8316309770,-33.1159704722,0
              -70.8316201176,-33.1154474059,0
              -70.8316465259,-33.1154470176,0
              -70.8316573855,-33.1159700839,0
            </coordinates>
          </LinearRing>
        </outerBoundaryIs>
      </Polygon>
    </Placemark>
    <Placemark>
      <description><![CDATA[LIMITES_TRACKER<BR><BR><B>ELEVATION</B> = 0]]></description>
      <styleUrl>#area4</styleUrl>
      <Polygon>
        <altitudeMode>relativeToGround</altitudeMode>
        <extrude>1</extrude>
        <outerBoundaryIs>
          <LinearRing>
            <coordinates>
              -70.8315831031,-33.1154479501,0
              -70.8315939623,-33.1159710164,0
              -70.8315675538,-33.1159714047,0
              -70.8315566948,-33.1154483384,0
              -70.8315831031,-33.1154479501,0
            </coordinates>
          </LinearRing>
        </outerBoundaryIs>
      </Polygon>
    </Placemark>
    <Placemark>
      <description><![CDATA[LIMITES_TRACKER<BR><BR><B>ELEVATION</B> = 0]]></description>
      <styleUrl>#area4</styleUrl>
      <Polygon>
        <altitudeMode>relativeToGround</altitudeMode>
        <extrude>1</extrude>
        <outerBoundaryIs>
          <LinearRing>
            <coordinates>
              -70.8313735324,-33.1147790024,0
              -70.8313471243,-33.1147793906,0
              -70.8313362670,-33.1142563241,0
              -70.8313626750,-33.1142559359,0
              -70.8313735324,-33.1147790024,0
            </coordinates>
          </LinearRing>
        </outerBoundaryIs>
      </Polygon>
    </Placemark>
    <Placemark>
      <description><![CDATA[LIMITES_TRACKER<BR><BR><B>ELEVATION</B> = 0]]></description>
      <styleUrl>#area4</styleUrl>
      <Polygon>
        <altitudeMode>relativeToGround</altitudeMode>
        <extrude>1</extrude>
        <outerBoundaryIs>
          <LinearRing>
            <coordinates>
              -70.8312992530,-33.1142568682,0
              -70.8313101100,-33.1147799347,0
              -70.8312837019,-33.1147803229,0
              -70.8312728450,-33.1142572564,0
              -70.8312992530,-33.1142568682,0
            </coordinates>
          </LinearRing>
        </outerBoundaryIs>
      </Polygon>
    </Placemark>
    <Placemark>
      <description><![CDATA[LIMITES_TRACKER<BR><BR><B>ELEVATION</B> = 0]]></description>
      <styleUrl>#area1</styleUrl>
      <Polygon>
        <altitudeMode>relativeToGround</altitudeMode>
        <extrude>1</extrude>
        <outerBoundaryIs>
          <LinearRing>
            <coordinates>
              -70.8313625814,-33.1142514281,0
              -70.8313361734,-33.1142518163,0
              -70.8313253164,-33.1137287497,0
              -70.8313517242,-33.1137283616,0
              -70.8313625814,-33.1142514281,0
            </coordinates>
          </LinearRing>
        </outerBoundaryIs>
      </Polygon>
    </Placemark>
    <Placemark>
      <description><![CDATA[LIMITES_TRACKER<BR><BR><B>ELEVATION</B> = 0]]></description>
      <styleUrl>#area1</styleUrl>
      <Polygon>
        <altitudeMode>relativeToGround</altitudeMode>
        <extrude>1</extrude>
        <outerBoundaryIs>
          <LinearRing>
            <coordinates>
              -70.8312883027,-33.1137292938,0
              -70.8312991594,-33.1142523604,0
              -70.8312727515,-33.1142527486,0
              -70.8312618949,-33.1137296820,0
              -70.8312883027,-33.1137292938,0
            </coordinates>
          </LinearRing>
        </outerBoundaryIs>
      </Polygon>
    </Placemark>
    <Placemark>
      <description><![CDATA[LIMITES_TRACKER<BR><BR><B>ELEVATION</B> = 0]]></description>
      <styleUrl>#area2</styleUrl>
      <Polygon>
        <altitudeMode>relativeToGround</altitudeMode>
        <extrude>1</extrude>
        <outerBoundaryIs>
          <LinearRing>
            <coordinates>
              -70.8313850451,-33.1153336234,0
              -70.8313586368,-33.1153340116,0
              -70.8313477792,-33.1148109451,0
              -70.8313741874,-33.1148105569,0
              -70.8313850451,-33.1153336234,0
            </coordinates>
          </LinearRing>
        </outerBoundaryIs>
      </Polygon>
    </Placemark>
    <Placemark>
      <description><![CDATA[LIMITES_TRACKER<BR><BR><B>ELEVATION</B> = 0]]></description>
      <styleUrl>#area2</styleUrl>
      <Polygon>
        <altitudeMode>relativeToGround</altitudeMode>
        <extrude>1</extrude>
        <outerBoundaryIs>
          <LinearRing>
            <coordinates>
              -70.8313107650,-33.1148114892,0
              -70.8313216224,-33.1153345557,0
              -70.8312952141,-33.1153349439,0
              -70.8312843569,-33.1148118774,0
              -70.8313107650,-33.1148114892,0
            </coordinates>
          </LinearRing>
        </outerBoundaryIs>
      </Polygon>
    </Placemark>
    <Placemark>
      <description><![CDATA[LIMITES_TRACKER<BR><BR><B>ELEVATION</B> = 0]]></description>
      <styleUrl>#area4</styleUrl>
      <Polygon>
        <altitudeMode>relativeToGround</altitudeMode>
        <extrude>1</extrude>
        <outerBoundaryIs>
          <LinearRing>
            <coordinates>
              -70.8315305391,-33.1159719489,0
              -70.8315041307,-33.1159723371,0
              -70.8314932720,-33.1154492708,0
              -70.8315196803,-33.1154488825,0
              -70.8315305391,-33.1159719489,0
            </coordinates>
          </LinearRing>
        </outerBoundaryIs>
      </Polygon>
    </Placemark>
    <Placemark>
      <description><![CDATA[LIMITES_TRACKER<BR><BR><B>ELEVATION</B> = 0]]></description>
      <styleUrl>#area4</styleUrl>
      <Polygon>
        <altitudeMode>relativeToGround</altitudeMode>
        <extrude>1</extrude>
        <outerBoundaryIs>
          <LinearRing>
            <coordinates>
              -70.8314562575,-33.1154498149,0
              -70.8314671159,-33.1159728813,0
              -70.8314407075,-33.1159732695,0
              -70.8314298492,-33.1154502031,0
              -70.8314562575,-33.1154498149,0
            </coordinates>
          </LinearRing>
        </outerBoundaryIs>
      </Polygon>
    </Placemark>
    <Placemark>
      <description><![CDATA[LIMITES_TRACKER<BR><BR><B>ELEVATION</B> = 0]]></description>
      <styleUrl>#area4</styleUrl>
      <Polygon>
        <altitudeMode>relativeToGround</altitudeMode>
        <extrude>1</extrude>
        <outerBoundaryIs>
          <LinearRing>
            <coordinates>
              -70.8312466877,-33.1147808670,0
              -70.8312202796,-33.1147812551,0
              -70.8312094231,-33.1142581886,0
              -70.8312358310,-33.1142578004,0
              -70.8312466877,-33.1147808670,0
            </coordinates>
          </LinearRing>
        </outerBoundaryIs>
      </Polygon>
    </Placemark>
    <Placemark>
      <description><![CDATA[LIMITES_TRACKER<BR><BR><B>ELEVATION</B> = 0]]></description>
      <styleUrl>#area4</styleUrl>
      <Polygon>
        <altitudeMode>relativeToGround</altitudeMode>
        <extrude>1</extrude>
        <outerBoundaryIs>
          <LinearRing>
            <coordinates>
              -70.8311724091,-33.1142587327,0
              -70.8311832654,-33.1147817992,0
              -70.8311568573,-33.1147821874,0
              -70.8311460011,-33.1142591208,0
              -70.8311724091,-33.1142587327,0
            </coordinates>
          </LinearRing>
        </outerBoundaryIs>
      </Polygon>
    </Placemark>
    <Placemark>
      <description><![CDATA[LIMITES_TRACKER<BR><BR><B>ELEVATION</B> = 0]]></description>
      <styleUrl>#area2</styleUrl>
      <Polygon>
        <altitudeMode>relativeToGround</altitudeMode>
        <extrude>1</extrude>
        <outerBoundaryIs>
          <LinearRing>
            <coordinates>
              -70.8312581996,-33.1153354880,0
              -70.8312317914,-33.1153358762,0
              -70.8312209345,-33.1148128097,0
              -70.8312473427,-33.1148124215,0
              -70.8312581996,-33.1153354880,0
            </coordinates>
          </LinearRing>
        </outerBoundaryIs>
      </Polygon>
    </Placemark>
    <Placemark>
      <description><![CDATA[LIMITES_TRACKER<BR><BR><B>ELEVATION</B> = 0]]></description>
      <styleUrl>#area2</styleUrl>
      <Polygon>
        <altitudeMode>relativeToGround</altitudeMode>
        <extrude>1</extrude>
        <outerBoundaryIs>
          <LinearRing>
            <coordinates>
              -70.8311839203,-33.1148133538,0
              -70.8311947769,-33.1153364203,0
              -70.8311683686,-33.1153368084,0
              -70.8311575122,-33.1148137419,0
              -70.8311839203,-33.1148133538,0
            </coordinates>
          </LinearRing>
        </outerBoundaryIs>
      </Polygon>
    </Placemark>
    <Placemark>
      <description><![CDATA[LIMITES_TRACKER<BR><BR><B>ELEVATION</B> = 0]]></description>
      <styleUrl>#area4</styleUrl>
      <Polygon>
        <altitudeMode>relativeToGround</altitudeMode>
        <extrude>1</extrude>
        <outerBoundaryIs>
          <LinearRing>
            <coordinates>
              -70.8314036928,-33.1159738137,0
              -70.8313772843,-33.1159742019,0
              -70.8313664263,-33.1154511355,0
              -70.8313928347,-33.1154507473,0
              -70.8314036928,-33.1159738137,0
            </coordinates>
          </LinearRing>
        </outerBoundaryIs>
      </Polygon>
    </Placemark>
    <Placemark>
      <description><![CDATA[LIMITES_TRACKER<BR><BR><B>ELEVATION</B> = 0]]></description>
      <styleUrl>#area4</styleUrl>
      <Polygon>
        <altitudeMode>relativeToGround</altitudeMode>
        <extrude>1</extrude>
        <outerBoundaryIs>
          <LinearRing>
            <coordinates>
              -70.8313294119,-33.1154516796,0
              -70.8313402696,-33.1159747460,0
              -70.8313138611,-33.1159751342,0
              -70.8313030035,-33.1154520678,0
              -70.8313294119,-33.1154516796,0
            </coordinates>
          </LinearRing>
        </outerBoundaryIs>
      </Polygon>
    </Placemark>
    <Placemark>
      <description><![CDATA[LIMITES_TRACKER<BR><BR><B>ELEVATION</B> = 0]]></description>
      <styleUrl>#area4</styleUrl>
      <Polygon>
        <altitudeMode>relativeToGround</altitudeMode>
        <extrude>1</extrude>
        <outerBoundaryIs>
          <LinearRing>
            <coordinates>
              -70.8311198430,-33.1147827314,0
              -70.8310934349,-33.1147831195,0
              -70.8310825792,-33.1142600530,0
              -70.8311089871,-33.1142596648,0
              -70.8311198430,-33.1147827314,0
            </coordinates>
          </LinearRing>
        </outerBoundaryIs>
      </Polygon>
    </Placemark>
    <Placemark>
      <description><![CDATA[LIMITES_TRACKER<BR><BR><B>ELEVATION</B> = 0]]></description>
      <styleUrl>#area4</styleUrl>
      <Polygon>
        <altitudeMode>relativeToGround</altitudeMode>
        <extrude>1</extrude>
        <outerBoundaryIs>
          <LinearRing>
            <coordinates>
              -70.8310455652,-33.1142605970,0
              -70.8310564207,-33.1147836636,0
              -70.8310300126,-33.1147840517,0
              -70.8310191572,-33.1142609851,0
              -70.8310455652,-33.1142605970,0
            </coordinates>
          </LinearRing>
        </outerBoundaryIs>
      </Polygon>
    </Placemark>
    <Placemark>
      <description><![CDATA[LIMITES_TRACKER<BR><BR><B>ELEVATION</B> = 0]]></description>
      <styleUrl>#area2</styleUrl>
      <Polygon>
        <altitudeMode>relativeToGround</altitudeMode>
        <extrude>1</extrude>
        <outerBoundaryIs>
          <LinearRing>
            <coordinates>
              -70.8311313542,-33.1153373525,0
              -70.8311049459,-33.1153377406,0
              -70.8310940898,-33.1148146741,0
              -70.8311204979,-33.1148142860,0
              -70.8311313542,-33.1153373525,0
            </coordinates>
          </LinearRing>
        </outerBoundaryIs>
      </Polygon>
    </Placemark>
    <Placemark>
      <description><![CDATA[LIMITES_TRACKER<BR><BR><B>ELEVATION</B> = 0]]></description>
      <styleUrl>#area2</styleUrl>
      <Polygon>
        <altitudeMode>relativeToGround</altitudeMode>
        <extrude>1</extrude>
        <outerBoundaryIs>
          <LinearRing>
            <coordinates>
              -70.8310570756,-33.1148152181,0
              -70.8310679314,-33.1153382847,0
              -70.8310415231,-33.1153386728,0
              -70.8310306675,-33.1148156063,0
              -70.8310570756,-33.1148152181,0
            </coordinates>
          </LinearRing>
        </outerBoundaryIs>
      </Polygon>
    </Placemark>
    <Placemark>
      <description><![CDATA[LIMITES_TRACKER<BR><BR><B>ELEVATION</B> = 0]]></description>
      <styleUrl>#area4</styleUrl>
      <Polygon>
        <altitudeMode>relativeToGround</altitudeMode>
        <extrude>1</extrude>
        <outerBoundaryIs>
          <LinearRing>
            <coordinates>
              -70.8312768464,-33.1159756783,0
              -70.8312504379,-33.1159760665,0
              -70.8312395807,-33.1154530001,0
              -70.8312659890,-33.1154526119,0
              -70.8312768464,-33.1159756783,0
            </coordinates>
          </LinearRing>
        </outerBoundaryIs>
      </Polygon>
    </Placemark>
    <Placemark>
      <description><![CDATA[LIMITES_TRACKER<BR><BR><B>ELEVATION</B> = 0]]></description>
      <styleUrl>#area4</styleUrl>
      <Polygon>
        <altitudeMode>relativeToGround</altitudeMode>
        <extrude>1</extrude>
        <outerBoundaryIs>
          <LinearRing>
            <coordinates>
              -70.8312025662,-33.1154535442,0
              -70.8312134232,-33.1159766106,0
              -70.8311870147,-33.1159769988,0
              -70.8311761579,-33.1154539324,0
              -70.8312025662,-33.1154535442,0
            </coordinates>
          </LinearRing>
        </outerBoundaryIs>
      </Polygon>
    </Placemark>
    <Placemark>
      <description><![CDATA[LIMITES_TRACKER<BR><BR><B>ELEVATION</B> = 0]]></description>
      <styleUrl>#area1</styleUrl>
      <Polygon>
        <altitudeMode>relativeToGround</altitudeMode>
        <extrude>1</extrude>
        <outerBoundaryIs>
          <LinearRing>
            <coordinates>
              -70.8309929984,-33.1147845957,0
              -70.8309665902,-33.1147849838,0
              -70.8309557352,-33.1142619172,0
              -70.8309821432,-33.1142615291,0
              -70.8309929984,-33.1147845957,0
            </coordinates>
          </LinearRing>
        </outerBoundaryIs>
      </Polygon>
    </Placemark>
    <Placemark>
      <description><![CDATA[LIMITES_TRACKER<BR><BR><B>ELEVATION</B> = 0]]></description>
      <styleUrl>#area1</styleUrl>
      <Polygon>
        <altitudeMode>relativeToGround</altitudeMode>
        <extrude>1</extrude>
        <outerBoundaryIs>
          <LinearRing>
            <coordinates>
              -70.8309187212,-33.1142624612,0
              -70.8309295760,-33.1147855278,0
              -70.8309031679,-33.1147859159,0
              -70.8308923133,-33.1142628493,0
              -70.8309187212,-33.1142624612,0
            </coordinates>
          </LinearRing>
        </outerBoundaryIs>
      </Polygon>
    </Placemark>
    <Placemark>
      <description><![CDATA[LIMITES_TRACKER<BR><BR><B>ELEVATION</B> = 0]]></description>
      <styleUrl>#area5</styleUrl>
      <Polygon>
        <altitudeMode>relativeToGround</altitudeMode>
        <extrude>1</extrude>
        <outerBoundaryIs>
          <LinearRing>
            <coordinates>
              -70.8310045087,-33.1153392168,0
              -70.8309781004,-33.1153396050,0
              -70.8309672451,-33.1148165384,0
              -70.8309936532,-33.1148161503,0
              -70.8310045087,-33.1153392168,0
            </coordinates>
          </LinearRing>
        </outerBoundaryIs>
      </Polygon>
    </Placemark>
    <Placemark>
      <description><![CDATA[LIMITES_TRACKER<BR><BR><B>ELEVATION</B> = 0]]></description>
      <styleUrl>#area5</styleUrl>
      <Polygon>
        <altitudeMode>relativeToGround</altitudeMode>
        <extrude>1</extrude>
        <outerBoundaryIs>
          <LinearRing>
            <coordinates>
              -70.8309302309,-33.1148170824,0
              -70.8309410859,-33.1153401490,0
              -70.8309146777,-33.1153405371,0
              -70.8309038227,-33.1148174705,0
              -70.8309302309,-33.1148170824,0
            </coordinates>
          </LinearRing>
        </outerBoundaryIs>
      </Polygon>
    </Placemark>
    <Placemark>
      <description><![CDATA[LIMITES_TRACKER<BR><BR><B>ELEVATION</B> = 0]]></description>
      <styleUrl>#area4</styleUrl>
      <Polygon>
        <altitudeMode>relativeToGround</altitudeMode>
        <extrude>1</extrude>
        <outerBoundaryIs>
          <LinearRing>
            <coordinates>
              -70.8311500000,-33.1159775429,0
              -70.8311235915,-33.1159779310,0
              -70.8311127351,-33.1154548646,0
              -70.8311391434,-33.1154544764,0
              -70.8311500000,-33.1159775429,0
            </coordinates>
          </LinearRing>
        </outerBoundaryIs>
      </Polygon>
    </Placemark>
    <Placemark>
      <description><![CDATA[LIMITES_TRACKER<BR><BR><B>ELEVATION</B> = 0]]></description>
      <styleUrl>#area4</styleUrl>
      <Polygon>
        <altitudeMode>relativeToGround</altitudeMode>
        <extrude>1</extrude>
        <outerBoundaryIs>
          <LinearRing>
            <coordinates>
              -70.8310757206,-33.1154554086,0
              -70.8310865768,-33.1159784751,0
              -70.8310601683,-33.1159788632,0
              -70.8310493123,-33.1154557968,0
              -70.8310757206,-33.1154554086,0
            </coordinates>
          </LinearRing>
        </outerBoundaryIs>
      </Polygon>
    </Placemark>
    <Placemark>
      <description><![CDATA[LIMITES_TRACKER<BR><BR><B>ELEVATION</B> = 0]]></description>
      <styleUrl>#area5</styleUrl>
      <Polygon>
        <altitudeMode>relativeToGround</altitudeMode>
        <extrude>1</extrude>
        <outerBoundaryIs>
          <LinearRing>
            <coordinates>
              -70.8308776632,-33.1153410811,0
              -70.8308512549,-33.1153414692,0
              -70.8308404003,-33.1148184026,0
              -70.8308668085,-33.1148180145,0
              -70.8308776632,-33.1153410811,0
            </coordinates>
          </LinearRing>
        </outerBoundaryIs>
      </Polygon>
    </Placemark>
    <Placemark>
      <description><![CDATA[LIMITES_TRACKER<BR><BR><B>ELEVATION</B> = 0]]></description>
      <styleUrl>#area5</styleUrl>
      <Polygon>
        <altitudeMode>relativeToGround</altitudeMode>
        <extrude>1</extrude>
        <outerBoundaryIs>
          <LinearRing>
            <coordinates>
              -70.8308033861,-33.1148189465,0
              -70.8308142404,-33.1153420131,0
              -70.8307878322,-33.1153424012,0
              -70.8307769780,-33.1148193346,0
              -70.8308033861,-33.1148189465,0
            </coordinates>
          </LinearRing>
        </outerBoundaryIs>
      </Polygon>
    </Placemark>
    <Placemark>
      <description><![CDATA[LIMITES_TRACKER<BR><BR><B>ELEVATION</B> = 0]]></description>
      <styleUrl>#area4</styleUrl>
      <Polygon>
        <altitudeMode>relativeToGround</altitudeMode>
        <extrude>1</extrude>
        <outerBoundaryIs>
          <LinearRing>
            <coordinates>
              -70.8310231536,-33.1159794073,0
              -70.8309967451,-33.1159797954,0
              -70.8309858894,-33.1154567289,0
              -70.8310122978,-33.1154563408,0
              -70.8310231536,-33.1159794073,0
            </coordinates>
          </LinearRing>
        </outerBoundaryIs>
      </Polygon>
    </Placemark>
    <Placemark>
      <description><![CDATA[LIMITES_TRACKER<BR><BR><B>ELEVATION</B> = 0]]></description>
      <styleUrl>#area4</styleUrl>
      <Polygon>
        <altitudeMode>relativeToGround</altitudeMode>
        <extrude>1</extrude>
        <outerBoundaryIs>
          <LinearRing>
            <coordinates>
              -70.8309488749,-33.1154572729,0
              -70.8309597304,-33.1159803394,0
              -70.8309333219,-33.1159807276,0
              -70.8309224666,-33.1154576610,0
              -70.8309488749,-33.1154572729,0
            </coordinates>
          </LinearRing>
        </outerBoundaryIs>
      </Polygon>
    </Placemark>
    <Placemark>
      <description><![CDATA[LIMITES_TRACKER<BR><BR><B>ELEVATION</B> = 0]]></description>
      <styleUrl>#area5</styleUrl>
      <Polygon>
        <altitudeMode>relativeToGround</altitudeMode>
        <extrude>1</extrude>
        <outerBoundaryIs>
          <LinearRing>
            <coordinates>
              -70.8307508177,-33.1153429452,0
              -70.8307244094,-33.1153433332,0
              -70.8307135556,-33.1148202666,0
              -70.8307399637,-33.1148198785,0
              -70.8307508177,-33.1153429452,0
            </coordinates>
          </LinearRing>
        </outerBoundaryIs>
      </Polygon>
    </Placemark>
    <Placemark>
      <description><![CDATA[LIMITES_TRACKER<BR><BR><B>ELEVATION</B> = 0]]></description>
      <styleUrl>#area5</styleUrl>
      <Polygon>
        <altitudeMode>relativeToGround</altitudeMode>
        <extrude>1</extrude>
        <outerBoundaryIs>
          <LinearRing>
            <coordinates>
              -70.8306765413,-33.1148208105,0
              -70.8306873949,-33.1153438772,0
              -70.8306609866,-33.1153442652,0
              -70.8306501332,-33.1148211986,0
              -70.8306765413,-33.1148208105,0
            </coordinates>
          </LinearRing>
        </outerBoundaryIs>
      </Polygon>
    </Placemark>
    <Placemark>
      <description><![CDATA[LIMITES_TRACKER<BR><BR><B>ELEVATION</B> = 0]]></description>
      <styleUrl>#area4</styleUrl>
      <Polygon>
        <altitudeMode>relativeToGround</altitudeMode>
        <extrude>1</extrude>
        <outerBoundaryIs>
          <LinearRing>
            <coordinates>
              -70.8308963072,-33.1159812716,0
              -70.8308698987,-33.1159816597,0
              -70.8308590438,-33.1154585931,0
              -70.8308854521,-33.1154582050,0
              -70.8308963072,-33.1159812716,0
            </coordinates>
          </LinearRing>
        </outerBoundaryIs>
      </Polygon>
    </Placemark>
    <Placemark>
      <description><![CDATA[LIMITES_TRACKER<BR><BR><B>ELEVATION</B> = 0]]></description>
      <styleUrl>#area4</styleUrl>
      <Polygon>
        <altitudeMode>relativeToGround</altitudeMode>
        <extrude>1</extrude>
        <outerBoundaryIs>
          <LinearRing>
            <coordinates>
              -70.8308220293,-33.1154591371,0
              -70.8308328840,-33.1159822036,0
              -70.8308064755,-33.1159825917,0
              -70.8307956209,-33.1154595252,0
              -70.8308220293,-33.1154591371,0
            </coordinates>
          </LinearRing>
        </outerBoundaryIs>
      </Polygon>
    </Placemark>
    <Placemark>
      <description><![CDATA[LIMITES_TRACKER<BR><BR><B>ELEVATION</B> = 0]]></description>
      <styleUrl>#area5</styleUrl>
      <Polygon>
        <altitudeMode>relativeToGround</altitudeMode>
        <extrude>1</extrude>
        <outerBoundaryIs>
          <LinearRing>
            <coordinates>
              -70.8306239722,-33.1153448091,0
              -70.8305975639,-33.1153451972,0
              -70.8305867108,-33.1148221305,0
              -70.8306131190,-33.1148217425,0
              -70.8306239722,-33.1153448091,0
            </coordinates>
          </LinearRing>
        </outerBoundaryIs>
      </Polygon>
    </Placemark>
    <Placemark>
      <description><![CDATA[LIMITES_TRACKER<BR><BR><B>ELEVATION</B> = 0]]></description>
      <styleUrl>#area5</styleUrl>
      <Polygon>
        <altitudeMode>relativeToGround</altitudeMode>
        <extrude>1</extrude>
        <outerBoundaryIs>
          <LinearRing>
            <coordinates>
              -70.8305496966,-33.1148226744,0
              -70.8305605494,-33.1153457411,0
              -70.8305341411,-33.1153461291,0
              -70.8305232884,-33.1148230624,0
              -70.8305496966,-33.1148226744,0
            </coordinates>
          </LinearRing>
        </outerBoundaryIs>
      </Polygon>
    </Placemark>
    <Placemark>
      <description><![CDATA[LIMITES_TRACKER<BR><BR><B>ELEVATION</B> = 0]]></description>
      <styleUrl>#area1</styleUrl>
      <Polygon>
        <altitudeMode>relativeToGround</altitudeMode>
        <extrude>1</extrude>
        <outerBoundaryIs>
          <LinearRing>
            <coordinates>
              -70.8304971267,-33.1153466730,0
              -70.8304707184,-33.1153470610,0
              -70.8304598660,-33.1148239943,0
              -70.8304862742,-33.1148236063,0
              -70.8304971267,-33.1153466730,0
            </coordinates>
          </LinearRing>
        </outerBoundaryIs>
      </Polygon>
    </Placemark>
    <Placemark>
      <description><![CDATA[LIMITES_TRACKER<BR><BR><B>ELEVATION</B> = 0]]></description>
      <styleUrl>#area1</styleUrl>
      <Polygon>
        <altitudeMode>relativeToGround</altitudeMode>
        <extrude>1</extrude>
        <outerBoundaryIs>
          <LinearRing>
            <coordinates>
              -70.8304228518,-33.1148245381,0
              -70.8304337039,-33.1153476048,0
              -70.8304072956,-33.1153479929,0
              -70.8303964437,-33.1148249261,0
              -70.8304228518,-33.1148245381,0
            </coordinates>
          </LinearRing>
        </outerBoundaryIs>
      </Polygon>
    </Placemark>
    <Placemark>
      <description><![CDATA[LIMITES_TRACKER<BR><BR><B>ELEVATION</B> = 0]]></description>
      <styleUrl>#area4</styleUrl>
      <Polygon>
        <altitudeMode>relativeToGround</altitudeMode>
        <extrude>1</extrude>
        <outerBoundaryIs>
          <LinearRing>
            <coordinates>
              -70.8325562684,-33.1164845997,0
              -70.8325298598,-33.1164849881,0
              -70.8325189948,-33.1159619221,0
              -70.8325454032,-33.1159615337,0
              -70.8325562684,-33.1164845997,0
            </coordinates>
          </LinearRing>
        </outerBoundaryIs>
      </Polygon>
    </Placemark>
    <Placemark>
      <description><![CDATA[LIMITES_TRACKER<BR><BR><B>ELEVATION</B> = 0]]></description>
      <styleUrl>#area4</styleUrl>
      <Polygon>
        <altitudeMode>relativeToGround</altitudeMode>
        <extrude>1</extrude>
        <outerBoundaryIs>
          <LinearRing>
            <coordinates>
              -70.8324819801,-33.1159624666,0
              -70.8324928449,-33.1164855326,0
              -70.8324664363,-33.1164859211,0
              -70.8324555717,-33.1159628550,0
              -70.8324819801,-33.1159624666,0
            </coordinates>
          </LinearRing>
        </outerBoundaryIs>
      </Polygon>
    </Placemark>
    <Placemark>
      <description><![CDATA[LIMITES_TRACKER<BR><BR><B>ELEVATION</B> = 0]]></description>
      <styleUrl>#area3</styleUrl>
      <Polygon>
        <altitudeMode>relativeToGround</altitudeMode>
        <extrude>1</extrude>
        <outerBoundaryIs>
          <LinearRing>
            <coordinates>
              -70.8324294214,-33.1164864655,0
              -70.8324030128,-33.1164868540,0
              -70.8323921485,-33.1159637879,0
              -70.8324185570,-33.1159633995,0
              -70.8324294214,-33.1164864655,0
            </coordinates>
          </LinearRing>
        </outerBoundaryIs>
      </Polygon>
    </Placemark>
    <Placemark>
      <description><![CDATA[LIMITES_TRACKER<BR><BR><B>ELEVATION</B> = 0]]></description>
      <styleUrl>#area3</styleUrl>
      <Polygon>
        <altitudeMode>relativeToGround</altitudeMode>
        <extrude>1</extrude>
        <outerBoundaryIs>
          <LinearRing>
            <coordinates>
              -70.8323551338,-33.1159643323,0
              -70.8323659978,-33.1164873984,0
              -70.8323395892,-33.1164877868,0
              -70.8323287254,-33.1159647208,0
              -70.8323551338,-33.1159643323,0
            </coordinates>
          </LinearRing>
        </outerBoundaryIs>
      </Polygon>
    </Placemark>
    <Placemark>
      <description><![CDATA[LIMITES_TRACKER<BR><BR><B>ELEVATION</B> = 0]]></description>
      <styleUrl>#area3</styleUrl>
      <Polygon>
        <altitudeMode>relativeToGround</altitudeMode>
        <extrude>1</extrude>
        <outerBoundaryIs>
          <LinearRing>
            <coordinates>
              -70.8323025743,-33.1164883313,0
              -70.8322761657,-33.1164887197,0
              -70.8322653022,-33.1159656536,0
              -70.8322917107,-33.1159652652,0
              -70.8323025743,-33.1164883313,0
            </coordinates>
          </LinearRing>
        </outerBoundaryIs>
      </Polygon>
    </Placemark>
    <Placemark>
      <description><![CDATA[LIMITES_TRACKER<BR><BR><B>ELEVATION</B> = 0]]></description>
      <styleUrl>#area3</styleUrl>
      <Polygon>
        <altitudeMode>relativeToGround</altitudeMode>
        <extrude>1</extrude>
        <outerBoundaryIs>
          <LinearRing>
            <coordinates>
              -70.8322282875,-33.1159661980,0
              -70.8322391508,-33.1164892641,0
              -70.8322127422,-33.1164896525,0
              -70.8322018791,-33.1159665864,0
              -70.8322282875,-33.1159661980,0
            </coordinates>
          </LinearRing>
        </outerBoundaryIs>
      </Polygon>
    </Placemark>
    <Placemark>
      <description><![CDATA[LIMITES_TRACKER<BR><BR><B>ELEVATION</B> = 0]]></description>
      <styleUrl>#area3</styleUrl>
      <Polygon>
        <altitudeMode>relativeToGround</altitudeMode>
        <extrude>1</extrude>
        <outerBoundaryIs>
          <LinearRing>
            <coordinates>
              -70.8321757273,-33.1164901969,0
              -70.8321493187,-33.1164905852,0
              -70.8321384559,-33.1159675191,0
              -70.8321648644,-33.1159671308,0
              -70.8321757273,-33.1164901969,0
            </coordinates>
          </LinearRing>
        </outerBoundaryIs>
      </Polygon>
    </Placemark>
    <Placemark>
      <description><![CDATA[LIMITES_TRACKER<BR><BR><B>ELEVATION</B> = 0]]></description>
      <styleUrl>#area3</styleUrl>
      <Polygon>
        <altitudeMode>relativeToGround</altitudeMode>
        <extrude>1</extrude>
        <outerBoundaryIs>
          <LinearRing>
            <coordinates>
              -70.8321014412,-33.1159680635,0
              -70.8321123037,-33.1164911296,0
              -70.8320858951,-33.1164915180,0
              -70.8320750328,-33.1159684519,0
              -70.8321014412,-33.1159680635,0
            </coordinates>
          </LinearRing>
        </outerBoundaryIs>
      </Polygon>
    </Placemark>
    <Placemark>
      <description><![CDATA[LIMITES_TRACKER<BR><BR><B>ELEVATION</B> = 0]]></description>
      <styleUrl>#area3</styleUrl>
      <Polygon>
        <altitudeMode>relativeToGround</altitudeMode>
        <extrude>1</extrude>
        <outerBoundaryIs>
          <LinearRing>
            <coordinates>
              -70.8320488802,-33.1164920623,0
              -70.8320224716,-33.1164924507,0
              -70.8320116096,-33.1159693845,0
              -70.8320380181,-33.1159689962,0
              -70.8320488802,-33.1164920623,0
            </coordinates>
          </LinearRing>
        </outerBoundaryIs>
      </Polygon>
    </Placemark>
    <Placemark>
      <description><![CDATA[LIMITES_TRACKER<BR><BR><B>ELEVATION</B> = 0]]></description>
      <styleUrl>#area3</styleUrl>
      <Polygon>
        <altitudeMode>relativeToGround</altitudeMode>
        <extrude>1</extrude>
        <outerBoundaryIs>
          <LinearRing>
            <coordinates>
              -70.8319745949,-33.1159699289,0
              -70.8319854567,-33.1164929950,0
              -70.8319590481,-33.1164933834,0
              -70.8319481864,-33.1159703172,0
              -70.8319745949,-33.1159699289,0
            </coordinates>
          </LinearRing>
        </outerBoundaryIs>
      </Polygon>
    </Placemark>
    <Placemark>
      <description><![CDATA[LIMITES_TRACKER<BR><BR><B>ELEVATION</B> = 0]]></description>
      <styleUrl>#area3</styleUrl>
      <Polygon>
        <altitudeMode>relativeToGround</altitudeMode>
        <extrude>1</extrude>
        <outerBoundaryIs>
          <LinearRing>
            <coordinates>
              -70.8319220331,-33.1164939277,0
              -70.8318956245,-33.1164943160,0
              -70.8318847633,-33.1159712498,0
              -70.8319111717,-33.1159708615,0
              -70.8319220331,-33.1164939277,0
            </coordinates>
          </LinearRing>
        </outerBoundaryIs>
      </Polygon>
    </Placemark>
    <Placemark>
      <description><![CDATA[LIMITES_TRACKER<BR><BR><B>ELEVATION</B> = 0]]></description>
      <styleUrl>#area3</styleUrl>
      <Polygon>
        <altitudeMode>relativeToGround</altitudeMode>
        <extrude>1</extrude>
        <outerBoundaryIs>
          <LinearRing>
            <coordinates>
              -70.8318477486,-33.1159717941,0
              -70.8318586096,-33.1164948603,0
              -70.8318322010,-33.1164952486,0
              -70.8318213401,-33.1159721824,0
              -70.8318477486,-33.1159717941,0
            </coordinates>
          </LinearRing>
        </outerBoundaryIs>
      </Polygon>
    </Placemark>
    <Placemark>
      <description><![CDATA[LIMITES_TRACKER<BR><BR><B>ELEVATION</B> = 0]]></description>
      <styleUrl>#area3</styleUrl>
      <Polygon>
        <altitudeMode>relativeToGround</altitudeMode>
        <extrude>1</extrude>
        <outerBoundaryIs>
          <LinearRing>
            <coordinates>
              -70.8317951860,-33.1164957929,0
              -70.8317687774,-33.1164961812,0
              -70.8317579169,-33.1159731150,0
              -70.8317843254,-33.1159727267,0
              -70.8317951860,-33.1164957929,0
            </coordinates>
          </LinearRing>
        </outerBoundaryIs>
      </Polygon>
    </Placemark>
    <Placemark>
      <description><![CDATA[LIMITES_TRACKER<BR><BR><B>ELEVATION</B> = 0]]></description>
      <styleUrl>#area3</styleUrl>
      <Polygon>
        <altitudeMode>relativeToGround</altitudeMode>
        <extrude>1</extrude>
        <outerBoundaryIs>
          <LinearRing>
            <coordinates>
              -70.8317209022,-33.1159736592,0
              -70.8317317625,-33.1164967255,0
              -70.8317053539,-33.1164971138,0
              -70.8316944938,-33.1159740475,0
              -70.8317209022,-33.1159736592,0
            </coordinates>
          </LinearRing>
        </outerBoundaryIs>
      </Polygon>
    </Placemark>
    <Placemark>
      <description><![CDATA[LIMITES_TRACKER<BR><BR><B>ELEVATION</B> = 0]]></description>
      <styleUrl>#area3</styleUrl>
      <Polygon>
        <altitudeMode>relativeToGround</altitudeMode>
        <extrude>1</extrude>
        <outerBoundaryIs>
          <LinearRing>
            <coordinates>
              -70.8316683389,-33.1164976580,0
              -70.8316419303,-33.1164980463,0
              -70.8316310706,-33.1159749800,0
              -70.8316574791,-33.1159745917,0
              -70.8316683389,-33.1164976580,0
            </coordinates>
          </LinearRing>
        </outerBoundaryIs>
      </Polygon>
    </Placemark>
    <Placemark>
      <description><![CDATA[LIMITES_TRACKER<BR><BR><B>ELEVATION</B> = 0]]></description>
      <styleUrl>#area3</styleUrl>
      <Polygon>
        <altitudeMode>relativeToGround</altitudeMode>
        <extrude>1</extrude>
        <outerBoundaryIs>
          <LinearRing>
            <coordinates>
              -70.8315940559,-33.1159755242,0
              -70.8316049154,-33.1164985905,0
              -70.8315785068,-33.1164989788,0
              -70.8315676474,-33.1159759125,0
              -70.8315940559,-33.1159755242,0
            </coordinates>
          </LinearRing>
        </outerBoundaryIs>
      </Polygon>
    </Placemark>
    <Placemark>
      <description><![CDATA[LIMITES_TRACKER<BR><BR><B>ELEVATION</B> = 0]]></description>
      <styleUrl>#area3</styleUrl>
      <Polygon>
        <altitudeMode>relativeToGround</altitudeMode>
        <extrude>1</extrude>
        <outerBoundaryIs>
          <LinearRing>
            <coordinates>
              -70.8315414918,-33.1164995230,0
              -70.8315150832,-33.1164999112,0
              -70.8315042242,-33.1159768449,0
              -70.8315306327,-33.1159764567,0
              -70.8315414918,-33.1164995230,0
            </coordinates>
          </LinearRing>
        </outerBoundaryIs>
      </Polygon>
    </Placemark>
    <Placemark>
      <description><![CDATA[LIMITES_TRACKER<BR><BR><B>ELEVATION</B> = 0]]></description>
      <styleUrl>#area3</styleUrl>
      <Polygon>
        <altitudeMode>relativeToGround</altitudeMode>
        <extrude>1</extrude>
        <outerBoundaryIs>
          <LinearRing>
            <coordinates>
              -70.8314672095,-33.1159773891,0
              -70.8314780683,-33.1165004554,0
              -70.8314516597,-33.1165008436,0
              -70.8314408011,-33.1159777773,0
              -70.8314672095,-33.1159773891,0
            </coordinates>
          </LinearRing>
        </outerBoundaryIs>
      </Polygon>
    </Placemark>
    <Placemark>
      <description><![CDATA[LIMITES_TRACKER<BR><BR><B>ELEVATION</B> = 0]]></description>
      <styleUrl>#area3</styleUrl>
      <Polygon>
        <altitudeMode>relativeToGround</altitudeMode>
        <extrude>1</extrude>
        <outerBoundaryIs>
          <LinearRing>
            <coordinates>
              -70.8314146447,-33.1165013878,0
              -70.8313882361,-33.1165017760,0
              -70.8313773779,-33.1159787097,0
              -70.8314037863,-33.1159783215,0
              -70.8314146447,-33.1165013878,0
            </coordinates>
          </LinearRing>
        </outerBoundaryIs>
      </Polygon>
    </Placemark>
    <Placemark>
      <description><![CDATA[LIMITES_TRACKER<BR><BR><B>ELEVATION</B> = 0]]></description>
      <styleUrl>#area3</styleUrl>
      <Polygon>
        <altitudeMode>relativeToGround</altitudeMode>
        <extrude>1</extrude>
        <outerBoundaryIs>
          <LinearRing>
            <coordinates>
              -70.8313403631,-33.1159792538,0
              -70.8313512212,-33.1165023202,0
              -70.8313248125,-33.1165027084,0
              -70.8313139547,-33.1159796420,0
              -70.8313403631,-33.1159792538,0
            </coordinates>
          </LinearRing>
        </outerBoundaryIs>
      </Polygon>
    </Placemark>
    <Placemark>
      <description><![CDATA[LIMITES_TRACKER<BR><BR><B>ELEVATION</B> = 0]]></description>
      <styleUrl>#area3</styleUrl>
      <Polygon>
        <altitudeMode>relativeToGround</altitudeMode>
        <extrude>1</extrude>
        <outerBoundaryIs>
          <LinearRing>
            <coordinates>
              -70.8312877976,-33.1165032525,0
              -70.8312613890,-33.1165036407,0
              -70.8312505315,-33.1159805743,0
              -70.8312769400,-33.1159801861,0
              -70.8312877976,-33.1165032525,0
            </coordinates>
          </LinearRing>
        </outerBoundaryIs>
      </Polygon>
    </Placemark>
    <Placemark>
      <description><![CDATA[LIMITES_TRACKER<BR><BR><B>ELEVATION</B> = 0]]></description>
      <styleUrl>#area3</styleUrl>
      <Polygon>
        <altitudeMode>relativeToGround</altitudeMode>
        <extrude>1</extrude>
        <outerBoundaryIs>
          <LinearRing>
            <coordinates>
              -70.8312135168,-33.1159811184,0
              -70.8312243740,-33.1165041848,0
              -70.8311979654,-33.1165045730,0
              -70.8311871083,-33.1159815066,0
              -70.8312135168,-33.1159811184,0
            </coordinates>
          </LinearRing>
        </outerBoundaryIs>
      </Polygon>
    </Placemark>
    <Placemark>
      <description><![CDATA[LIMITES_TRACKER<BR><BR><B>ELEVATION</B> = 0]]></description>
      <styleUrl>#area3</styleUrl>
      <Polygon>
        <altitudeMode>relativeToGround</altitudeMode>
        <extrude>1</extrude>
        <outerBoundaryIs>
          <LinearRing>
            <coordinates>
              -70.8311609504,-33.1165051171,0
              -70.8311345418,-33.1165055052,0
              -70.8311236851,-33.1159824388,0
              -70.8311500936,-33.1159820507,0
              -70.8311609504,-33.1165051171,0
            </coordinates>
          </LinearRing>
        </outerBoundaryIs>
      </Polygon>
    </Placemark>
    <Placemark>
      <description><![CDATA[LIMITES_TRACKER<BR><BR><B>ELEVATION</B> = 0]]></description>
      <styleUrl>#area3</styleUrl>
      <Polygon>
        <altitudeMode>relativeToGround</altitudeMode>
        <extrude>1</extrude>
        <outerBoundaryIs>
          <LinearRing>
            <coordinates>
              -70.8310866704,-33.1159829829,0
              -70.8310975269,-33.1165060493,0
              -70.8310711182,-33.1165064375,0
              -70.8310602619,-33.1159833710,0
              -70.8310866704,-33.1159829829,0
            </coordinates>
          </LinearRing>
        </outerBoundaryIs>
      </Polygon>
    </Placemark>
    <Placemark>
      <description><![CDATA[LIMITES_TRACKER<BR><BR><B>ELEVATION</B> = 0]]></description>
      <styleUrl>#area3</styleUrl>
      <Polygon>
        <altitudeMode>relativeToGround</altitudeMode>
        <extrude>1</extrude>
        <outerBoundaryIs>
          <LinearRing>
            <coordinates>
              -70.8310341033,-33.1165069815,0
              -70.8310076946,-33.1165073697,0
              -70.8309968387,-33.1159843032,0
              -70.8310232472,-33.1159839151,0
              -70.8310341033,-33.1165069815,0
            </coordinates>
          </LinearRing>
        </outerBoundaryIs>
      </Polygon>
    </Placemark>
    <Placemark>
      <description><![CDATA[LIMITES_TRACKER<BR><BR><B>ELEVATION</B> = 0]]></description>
      <styleUrl>#area3</styleUrl>
      <Polygon>
        <altitudeMode>relativeToGround</altitudeMode>
        <extrude>1</extrude>
        <outerBoundaryIs>
          <LinearRing>
            <coordinates>
              -70.8309598239,-33.1159848472,0
              -70.8309706797,-33.1165079137,0
              -70.8309442711,-33.1165083018,0
              -70.8309334155,-33.1159852353,0
              -70.8309598239,-33.1159848472,0
            </coordinates>
          </LinearRing>
        </outerBoundaryIs>
      </Polygon>
    </Placemark>
    <Placemark>
      <description><![CDATA[LIMITES_TRACKER<BR><BR><B>ELEVATION</B> = 0]]></description>
      <styleUrl>#area3</styleUrl>
      <Polygon>
        <altitudeMode>relativeToGround</altitudeMode>
        <extrude>1</extrude>
        <outerBoundaryIs>
          <LinearRing>
            <coordinates>
              -70.8309072561,-33.1165088458,0
              -70.8308808475,-33.1165092339,0
              -70.8308699923,-33.1159861675,0
              -70.8308964007,-33.1159857793,0
              -70.8309072561,-33.1165088458,0
            </coordinates>
          </LinearRing>
        </outerBoundaryIs>
      </Polygon>
    </Placemark>
    <Placemark>
      <description><![CDATA[LIMITES_TRACKER<BR><BR><B>ELEVATION</B> = 0]]></description>
      <styleUrl>#area3</styleUrl>
      <Polygon>
        <altitudeMode>relativeToGround</altitudeMode>
        <extrude>1</extrude>
        <outerBoundaryIs>
          <LinearRing>
            <coordinates>
              -70.8308329775,-33.1159867114,0
              -70.8308438325,-33.1165097779,0
              -70.8308174239,-33.1165101660,0
              -70.8308065690,-33.1159870995,0
              -70.8308329775,-33.1159867114,0
            </coordinates>
          </LinearRing>
        </outerBoundaryIs>
      </Polygon>
    </Placemark>
    <Placemark>
      <description><![CDATA[LIMITES_TRACKER<BR><BR><B>ELEVATION</B> = 0]]></description>
      <styleUrl>#area2</styleUrl>
      <Polygon>
        <altitudeMode>relativeToGround</altitudeMode>
        <extrude>1</extrude>
        <outerBoundaryIs>
          <LinearRing>
            <coordinates>
              -70.8325672274,-33.1170121734,0
              -70.8325408187,-33.1170125619,0
              -70.8325299534,-33.1164894959,0
              -70.8325563620,-33.1164891074,0
              -70.8325672274,-33.1170121734,0
            </coordinates>
          </LinearRing>
        </outerBoundaryIs>
      </Polygon>
    </Placemark>
    <Placemark>
      <description><![CDATA[LIMITES_TRACKER<BR><BR><B>ELEVATION</B> = 0]]></description>
      <styleUrl>#area2</styleUrl>
      <Polygon>
        <altitudeMode>relativeToGround</altitudeMode>
        <extrude>1</extrude>
        <outerBoundaryIs>
          <LinearRing>
            <coordinates>
              -70.8324929385,-33.1164900404,0
              -70.8325038036,-33.1170131064,0
              -70.8324773948,-33.1170134948,0
              -70.8324665299,-33.1164904288,0
              -70.8324929385,-33.1164900404,0
            </coordinates>
          </LinearRing>
        </outerBoundaryIs>
      </Polygon>
    </Placemark>
    <Placemark>
      <description><![CDATA[LIMITES_TRACKER<BR><BR><B>ELEVATION</B> = 0]]></description>
      <styleUrl>#area3</styleUrl>
      <Polygon>
        <altitudeMode>relativeToGround</altitudeMode>
        <extrude>1</extrude>
        <outerBoundaryIs>
          <LinearRing>
            <coordinates>
              -70.8324403797,-33.1170140393,0
              -70.8324139709,-33.1170144277,0
              -70.8324031064,-33.1164913618,0
              -70.8324295150,-33.1164909733,0
              -70.8324403797,-33.1170140393,0
            </coordinates>
          </LinearRing>
        </outerBoundaryIs>
      </Polygon>
    </Placemark>
    <Placemark>
      <description><![CDATA[LIMITES_TRACKER<BR><BR><B>ELEVATION</B> = 0]]></description>
      <styleUrl>#area3</styleUrl>
      <Polygon>
        <altitudeMode>relativeToGround</altitudeMode>
        <extrude>1</extrude>
        <outerBoundaryIs>
          <LinearRing>
            <coordinates>
              -70.8323660915,-33.1164919062,0
              -70.8323769558,-33.1170149722,0
              -70.8323505470,-33.1170153606,0
              -70.8323396829,-33.1164922946,0
              -70.8323660915,-33.1164919062,0
            </coordinates>
          </LinearRing>
        </outerBoundaryIs>
      </Polygon>
    </Placemark>
    <Placemark>
      <description><![CDATA[LIMITES_TRACKER<BR><BR><B>ELEVATION</B> = 0]]></description>
      <styleUrl>#area3</styleUrl>
      <Polygon>
        <altitudeMode>relativeToGround</altitudeMode>
        <extrude>1</extrude>
        <outerBoundaryIs>
          <LinearRing>
            <coordinates>
              -70.8323135319,-33.1170159051,0
              -70.8322871231,-33.1170162935,0
              -70.8322762593,-33.1164932275,0
              -70.8323026679,-33.1164928390,0
              -70.8323135319,-33.1170159051,0
            </coordinates>
          </LinearRing>
        </outerBoundaryIs>
      </Polygon>
    </Placemark>
    <Placemark>
      <description><![CDATA[LIMITES_TRACKER<BR><BR><B>ELEVATION</B> = 0]]></description>
      <styleUrl>#area3</styleUrl>
      <Polygon>
        <altitudeMode>relativeToGround</altitudeMode>
        <extrude>1</extrude>
        <outerBoundaryIs>
          <LinearRing>
            <coordinates>
              -70.8322392444,-33.1164937719,0
              -70.8322501080,-33.1170168379,0
              -70.8322236992,-33.1170172263,0
              -70.8322128358,-33.1164941603,0
              -70.8322392444,-33.1164937719,0
            </coordinates>
          </LinearRing>
        </outerBoundaryIs>
      </Polygon>
    </Placemark>
    <Placemark>
      <description><![CDATA[LIMITES_TRACKER<BR><BR><B>ELEVATION</B> = 0]]></description>
      <styleUrl>#area3</styleUrl>
      <Polygon>
        <altitudeMode>relativeToGround</altitudeMode>
        <extrude>1</extrude>
        <outerBoundaryIs>
          <LinearRing>
            <coordinates>
              -70.8321866841,-33.1170177707,0
              -70.8321602753,-33.1170181591,0
              -70.8321494123,-33.1164950930,0
              -70.8321758209,-33.1164947047,0
              -70.8321866841,-33.1170177707,0
            </coordinates>
          </LinearRing>
        </outerBoundaryIs>
      </Polygon>
    </Placemark>
    <Placemark>
      <description><![CDATA[LIMITES_TRACKER<BR><BR><B>ELEVATION</B> = 0]]></description>
      <styleUrl>#area3</styleUrl>
      <Polygon>
        <altitudeMode>relativeToGround</altitudeMode>
        <extrude>1</extrude>
        <outerBoundaryIs>
          <LinearRing>
            <coordinates>
              -70.8321123974,-33.1164956374,0
              -70.8321232601,-33.1170187035,0
              -70.8320968514,-33.1170190919,0
              -70.8320859887,-33.1164960258,0
              -70.8321123974,-33.1164956374,0
            </coordinates>
          </LinearRing>
        </outerBoundaryIs>
      </Polygon>
    </Placemark>
    <Placemark>
      <description><![CDATA[LIMITES_TRACKER<BR><BR><B>ELEVATION</B> = 0]]></description>
      <styleUrl>#area3</styleUrl>
      <Polygon>
        <altitudeMode>relativeToGround</altitudeMode>
        <extrude>1</extrude>
        <outerBoundaryIs>
          <LinearRing>
            <coordinates>
              -70.8320598362,-33.1170196362,0
              -70.8320334275,-33.1170200246,0
              -70.8320225652,-33.1164969585,0
              -70.8320489738,-33.1164965701,0
              -70.8320598362,-33.1170196362,0
            </coordinates>
          </LinearRing>
        </outerBoundaryIs>
      </Polygon>
    </Placemark>
    <Placemark>
      <description><![CDATA[LIMITES_TRACKER<BR><BR><B>ELEVATION</B> = 0]]></description>
      <styleUrl>#area3</styleUrl>
      <Polygon>
        <altitudeMode>relativeToGround</altitudeMode>
        <extrude>1</extrude>
        <outerBoundaryIs>
          <LinearRing>
            <coordinates>
              -70.8319855503,-33.1164975028,0
              -70.8319964123,-33.1170205689,0
              -70.8319700035,-33.1170209573,0
              -70.8319591417,-33.1164978912,0
              -70.8319855503,-33.1164975028,0
            </coordinates>
          </LinearRing>
        </outerBoundaryIs>
      </Polygon>
    </Placemark>
    <Placemark>
      <description><![CDATA[LIMITES_TRACKER<BR><BR><B>ELEVATION</B> = 0]]></description>
      <styleUrl>#area3</styleUrl>
      <Polygon>
        <altitudeMode>relativeToGround</altitudeMode>
        <extrude>1</extrude>
        <outerBoundaryIs>
          <LinearRing>
            <coordinates>
              -70.8319329884,-33.1170215016,0
              -70.8319065796,-33.1170218900,0
              -70.8318957181,-33.1164988238,0
              -70.8319221267,-33.1164984355,0
              -70.8319329884,-33.1170215016,0
            </coordinates>
          </LinearRing>
        </outerBoundaryIs>
      </Polygon>
    </Placemark>
    <Placemark>
      <description><![CDATA[LIMITES_TRACKER<BR><BR><B>ELEVATION</B> = 0]]></description>
      <styleUrl>#area3</styleUrl>
      <Polygon>
        <altitudeMode>relativeToGround</altitudeMode>
        <extrude>1</extrude>
        <outerBoundaryIs>
          <LinearRing>
            <coordinates>
              -70.8318587032,-33.1164993681,0
              -70.8318695645,-33.1170224343,0
              -70.8318431557,-33.1170228226,0
              -70.8318322946,-33.1164997564,0
              -70.8318587032,-33.1164993681,0
            </coordinates>
          </LinearRing>
        </outerBoundaryIs>
      </Polygon>
    </Placemark>
    <Placemark>
      <description><![CDATA[LIMITES_TRACKER<BR><BR><B>ELEVATION</B> = 0]]></description>
      <styleUrl>#area3</styleUrl>
      <Polygon>
        <altitudeMode>relativeToGround</altitudeMode>
        <extrude>1</extrude>
        <outerBoundaryIs>
          <LinearRing>
            <coordinates>
              -70.8318061406,-33.1170233669,0
              -70.8317797318,-33.1170237552,0
              -70.8317688710,-33.1165006890,0
              -70.8317952796,-33.1165003007,0
              -70.8318061406,-33.1170233669,0
            </coordinates>
          </LinearRing>
        </outerBoundaryIs>
      </Polygon>
    </Placemark>
    <Placemark>
      <description><![CDATA[LIMITES_TRACKER<BR><BR><B>ELEVATION</B> = 0]]></description>
      <styleUrl>#area3</styleUrl>
      <Polygon>
        <altitudeMode>relativeToGround</altitudeMode>
        <extrude>1</extrude>
        <outerBoundaryIs>
          <LinearRing>
            <coordinates>
              -70.8317318561,-33.1165012333,0
              -70.8317427166,-33.1170242994,0
              -70.8317163079,-33.1170246878,0
              -70.8317054475,-33.1165016216,0
              -70.8317318561,-33.1165012333,0
            </coordinates>
          </LinearRing>
        </outerBoundaryIs>
      </Polygon>
    </Placemark>
    <Placemark>
      <description><![CDATA[LIMITES_TRACKER<BR><BR><B>ELEVATION</B> = 0]]></description>
      <styleUrl>#area3</styleUrl>
      <Polygon>
        <altitudeMode>relativeToGround</altitudeMode>
        <extrude>1</extrude>
        <outerBoundaryIs>
          <LinearRing>
            <coordinates>
              -70.8316792927,-33.1170252320,0
              -70.8316528839,-33.1170256203,0
              -70.8316420239,-33.1165025541,0
              -70.8316684325,-33.1165021658,0
              -70.8316792927,-33.1170252320,0
            </coordinates>
          </LinearRing>
        </outerBoundaryIs>
      </Polygon>
    </Placemark>
    <Placemark>
      <description><![CDATA[LIMITES_TRACKER<BR><BR><B>ELEVATION</B> = 0]]></description>
      <styleUrl>#area3</styleUrl>
      <Polygon>
        <altitudeMode>relativeToGround</altitudeMode>
        <extrude>1</extrude>
        <outerBoundaryIs>
          <LinearRing>
            <coordinates>
              -70.8316050090,-33.1165030983,0
              -70.8316158688,-33.1170261645,0
              -70.8315894600,-33.1170265528,0
              -70.8315786004,-33.1165034866,0
              -70.8316050090,-33.1165030983,0
            </coordinates>
          </LinearRing>
        </outerBoundaryIs>
      </Polygon>
    </Placemark>
    <Placemark>
      <description><![CDATA[LIMITES_TRACKER<BR><BR><B>ELEVATION</B> = 0]]></description>
      <styleUrl>#area3</styleUrl>
      <Polygon>
        <altitudeMode>relativeToGround</altitudeMode>
        <extrude>1</extrude>
        <outerBoundaryIs>
          <LinearRing>
            <coordinates>
              -70.8315524448,-33.1170270970,0
              -70.8315260361,-33.1170274853,0
              -70.8315151768,-33.1165044190,0
              -70.8315415854,-33.1165040307,0
              -70.8315524448,-33.1170270970,0
            </coordinates>
          </LinearRing>
        </outerBoundaryIs>
      </Polygon>
    </Placemark>
    <Placemark>
      <description><![CDATA[LIMITES_TRACKER<BR><BR><B>ELEVATION</B> = 0]]></description>
      <styleUrl>#area3</styleUrl>
      <Polygon>
        <altitudeMode>relativeToGround</altitudeMode>
        <extrude>1</extrude>
        <outerBoundaryIs>
          <LinearRing>
            <coordinates>
              -70.8314781619,-33.1165049632,0
              -70.8314890209,-33.1170280294,0
              -70.8314626121,-33.1170284177,0
              -70.8314517532,-33.1165053514,0
              -70.8314781619,-33.1165049632,0
            </coordinates>
          </LinearRing>
        </outerBoundaryIs>
      </Polygon>
    </Placemark>
    <Placemark>
      <description><![CDATA[LIMITES_TRACKER<BR><BR><B>ELEVATION</B> = 0]]></description>
      <styleUrl>#area3</styleUrl>
      <Polygon>
        <altitudeMode>relativeToGround</altitudeMode>
        <extrude>1</extrude>
        <outerBoundaryIs>
          <LinearRing>
            <coordinates>
              -70.8314255970,-33.1170289619,0
              -70.8313991882,-33.1170293501,0
              -70.8313883297,-33.1165062838,0
              -70.8314147383,-33.1165058956,0
              -70.8314255970,-33.1170289619,0
            </coordinates>
          </LinearRing>
        </outerBoundaryIs>
      </Polygon>
    </Placemark>
    <Placemark>
      <description><![CDATA[LIMITES_TRACKER<BR><BR><B>ELEVATION</B> = 0]]></description>
      <styleUrl>#area3</styleUrl>
      <Polygon>
        <altitudeMode>relativeToGround</altitudeMode>
        <extrude>1</extrude>
        <outerBoundaryIs>
          <LinearRing>
            <coordinates>
              -70.8313513147,-33.1165068279,0
              -70.8313621730,-33.1170298942,0
              -70.8313357642,-33.1170302825,0
              -70.8313249061,-33.1165072162,0
              -70.8313513147,-33.1165068279,0
            </coordinates>
          </LinearRing>
        </outerBoundaryIs>
      </Polygon>
    </Placemark>
    <Placemark>
      <description><![CDATA[LIMITES_TRACKER<BR><BR><B>ELEVATION</B> = 0]]></description>
      <styleUrl>#area3</styleUrl>
      <Polygon>
        <altitudeMode>relativeToGround</altitudeMode>
        <extrude>1</extrude>
        <outerBoundaryIs>
          <LinearRing>
            <coordinates>
              -70.8312987491,-33.1170308266,0
              -70.8312723403,-33.1170312148,0
              -70.8312614825,-33.1165081485,0
              -70.8312878912,-33.1165077603,0
              -70.8312987491,-33.1170308266,0
            </coordinates>
          </LinearRing>
        </outerBoundaryIs>
      </Polygon>
    </Placemark>
    <Placemark>
      <description><![CDATA[LIMITES_TRACKER<BR><BR><B>ELEVATION</B> = 0]]></description>
      <styleUrl>#area3</styleUrl>
      <Polygon>
        <altitudeMode>relativeToGround</altitudeMode>
        <extrude>1</extrude>
        <outerBoundaryIs>
          <LinearRing>
            <coordinates>
              -70.8312244676,-33.1165086926,0
              -70.8312353251,-33.1170317589,0
              -70.8312089163,-33.1170321471,0
              -70.8311980589,-33.1165090808,0
              -70.8312244676,-33.1165086926,0
            </coordinates>
          </LinearRing>
        </outerBoundaryIs>
      </Polygon>
    </Placemark>
    <Placemark>
      <description><![CDATA[LIMITES_TRACKER<BR><BR><B>ELEVATION</B> = 0]]></description>
      <styleUrl>#area3</styleUrl>
      <Polygon>
        <altitudeMode>relativeToGround</altitudeMode>
        <extrude>1</extrude>
        <outerBoundaryIs>
          <LinearRing>
            <coordinates>
              -70.8311719012,-33.1170326912,0
              -70.8311454924,-33.1170330794,0
              -70.8311346354,-33.1165100130,0
              -70.8311610440,-33.1165096249,0
              -70.8311719012,-33.1170326912,0
            </coordinates>
          </LinearRing>
        </outerBoundaryIs>
      </Polygon>
    </Placemark>
    <Placemark>
      <description><![CDATA[LIMITES_TRACKER<BR><BR><B>ELEVATION</B> = 0]]></description>
      <styleUrl>#area3</styleUrl>
      <Polygon>
        <altitudeMode>relativeToGround</altitudeMode>
        <extrude>1</extrude>
        <outerBoundaryIs>
          <LinearRing>
            <coordinates>
              -70.8310976204,-33.1165105571,0
              -70.8311084772,-33.1170336235,0
              -70.8310820684,-33.1170340116,0
              -70.8310712118,-33.1165109453,0
              -70.8310976204,-33.1165105571,0
            </coordinates>
          </LinearRing>
        </outerBoundaryIs>
      </Polygon>
    </Placemark>
    <Placemark>
      <description><![CDATA[LIMITES_TRACKER<BR><BR><B>ELEVATION</B> = 0]]></description>
      <styleUrl>#area3</styleUrl>
      <Polygon>
        <altitudeMode>relativeToGround</altitudeMode>
        <extrude>1</extrude>
        <outerBoundaryIs>
          <LinearRing>
            <coordinates>
              -70.8310450533,-33.1170345557,0
              -70.8310186445,-33.1170349439,0
              -70.8310077882,-33.1165118774,0
              -70.8310341968,-33.1165114893,0
              -70.8310450533,-33.1170345557,0
            </coordinates>
          </LinearRing>
        </outerBoundaryIs>
      </Polygon>
    </Placemark>
    <Placemark>
      <description><![CDATA[LIMITES_TRACKER<BR><BR><B>ELEVATION</B> = 0]]></description>
      <styleUrl>#area3</styleUrl>
      <Polygon>
        <altitudeMode>relativeToGround</altitudeMode>
        <extrude>1</extrude>
        <outerBoundaryIs>
          <LinearRing>
            <coordinates>
              -70.8309707733,-33.1165124215,0
              -70.8309816293,-33.1170354879,0
              -70.8309552205,-33.1170358760,0
              -70.8309443646,-33.1165128096,0
              -70.8309707733,-33.1165124215,0
            </coordinates>
          </LinearRing>
        </outerBoundaryIs>
      </Polygon>
    </Placemark>
    <Placemark>
      <description><![CDATA[LIMITES_TRACKER<BR><BR><B>ELEVATION</B> = 0]]></description>
      <styleUrl>#area3</styleUrl>
      <Polygon>
        <altitudeMode>relativeToGround</altitudeMode>
        <extrude>1</extrude>
        <outerBoundaryIs>
          <LinearRing>
            <coordinates>
              -70.8309182053,-33.1170364200,0
              -70.8308917965,-33.1170368082,0
              -70.8308809410,-33.1165137417,0
              -70.8309073497,-33.1165133536,0
              -70.8309182053,-33.1170364200,0
            </coordinates>
          </LinearRing>
        </outerBoundaryIs>
      </Polygon>
    </Placemark>
    <Placemark>
      <description><![CDATA[LIMITES_TRACKER<BR><BR><B>ELEVATION</B> = 0]]></description>
      <styleUrl>#area3</styleUrl>
      <Polygon>
        <altitudeMode>relativeToGround</altitudeMode>
        <extrude>1</extrude>
        <outerBoundaryIs>
          <LinearRing>
            <coordinates>
              -70.8308439261,-33.1165142857,0
              -70.8308547814,-33.1170373522,0
              -70.8308283726,-33.1170377403,0
              -70.8308175174,-33.1165146738,0
              -70.8308439261,-33.1165142857,0
            </coordinates>
          </LinearRing>
        </outerBoundaryIs>
      </Polygon>
    </Placemark>
    <Placemark>
      <description><![CDATA[LIMITES_TRACKER<BR><BR><B>ELEVATION</B> = 0]]></description>
      <styleUrl>#area1</styleUrl>
      <Polygon>
        <altitudeMode>relativeToGround</altitudeMode>
        <extrude>1</extrude>
        <outerBoundaryIs>
          <LinearRing>
            <coordinates>
              -70.8325781868,-33.1175397471,0
              -70.8325517779,-33.1175401356,0
              -70.8325409123,-33.1170170697,0
              -70.8325673211,-33.1170166812,0
              -70.8325781868,-33.1175397471,0
            </coordinates>
          </LinearRing>
        </outerBoundaryIs>
      </Polygon>
    </Placemark>
    <Placemark>
      <description><![CDATA[LIMITES_TRACKER<BR><BR><B>ELEVATION</B> = 0]]></description>
      <styleUrl>#area1</styleUrl>
      <Polygon>
        <altitudeMode>relativeToGround</altitudeMode>
        <extrude>1</extrude>
        <outerBoundaryIs>
          <LinearRing>
            <coordinates>
              -70.8325038972,-33.1170176142,0
              -70.8325147625,-33.1175406801,0
              -70.8324883536,-33.1175410685,0
              -70.8324774884,-33.1170180026,0
              -70.8325038972,-33.1170176142,0
            </coordinates>
          </LinearRing>
        </outerBoundaryIs>
      </Polygon>
    </Placemark>
    <Placemark>
      <description><![CDATA[LIMITES_TRACKER<BR><BR><B>ELEVATION</B> = 0]]></description>
      <styleUrl>#area2</styleUrl>
      <Polygon>
        <altitudeMode>relativeToGround</altitudeMode>
        <extrude>1</extrude>
        <outerBoundaryIs>
          <LinearRing>
            <coordinates>
              -70.8324513383,-33.1175416130,0
              -70.8324249293,-33.1175420015,0
              -70.8324140645,-33.1170189355,0
              -70.8324404733,-33.1170185471,0
              -70.8324513383,-33.1175416130,0
            </coordinates>
          </LinearRing>
        </outerBoundaryIs>
      </Polygon>
    </Placemark>
    <Placemark>
      <description><![CDATA[LIMITES_TRACKER<BR><BR><B>ELEVATION</B> = 0]]></description>
      <styleUrl>#area2</styleUrl>
      <Polygon>
        <altitudeMode>relativeToGround</altitudeMode>
        <extrude>1</extrude>
        <outerBoundaryIs>
          <LinearRing>
            <coordinates>
              -70.8323770494,-33.1170194800,0
              -70.8323879140,-33.1175425459,0
              -70.8323615051,-33.1175429344,0
              -70.8323506406,-33.1170198684,0
              -70.8323770494,-33.1170194800,0
            </coordinates>
          </LinearRing>
        </outerBoundaryIs>
      </Polygon>
    </Placemark>
    <Placemark>
      <description><![CDATA[LIMITES_TRACKER<BR><BR><B>ELEVATION</B> = 0]]></description>
      <styleUrl>#area2</styleUrl>
      <Polygon>
        <altitudeMode>relativeToGround</altitudeMode>
        <extrude>1</extrude>
        <outerBoundaryIs>
          <LinearRing>
            <coordinates>
              -70.8323244897,-33.1175434788,0
              -70.8322980808,-33.1175438673,0
              -70.8322872167,-33.1170208013,0
              -70.8323136255,-33.1170204129,0
              -70.8323244897,-33.1175434788,0
            </coordinates>
          </LinearRing>
        </outerBoundaryIs>
      </Polygon>
    </Placemark>
    <Placemark>
      <description><![CDATA[LIMITES_TRACKER<BR><BR><B>ELEVATION</B> = 0]]></description>
      <styleUrl>#area2</styleUrl>
      <Polygon>
        <altitudeMode>relativeToGround</altitudeMode>
        <extrude>1</extrude>
        <outerBoundaryIs>
          <LinearRing>
            <coordinates>
              -70.8322502016,-33.1170213457,0
              -70.8322610654,-33.1175444117,0
              -70.8322346565,-33.1175448001,0
              -70.8322237928,-33.1170217341,0
              -70.8322502016,-33.1170213457,0
            </coordinates>
          </LinearRing>
        </outerBoundaryIs>
      </Polygon>
    </Placemark>
    <Placemark>
      <description><![CDATA[LIMITES_TRACKER<BR><BR><B>ELEVATION</B> = 0]]></description>
      <styleUrl>#area2</styleUrl>
      <Polygon>
        <altitudeMode>relativeToGround</altitudeMode>
        <extrude>1</extrude>
        <outerBoundaryIs>
          <LinearRing>
            <coordinates>
              -70.8321976411,-33.1175453445,0
              -70.8321712322,-33.1175457329,0
              -70.8321603689,-33.1170226669,0
              -70.8321867777,-33.1170222785,0
              -70.8321976411,-33.1175453445,0
            </coordinates>
          </LinearRing>
        </outerBoundaryIs>
      </Polygon>
    </Placemark>
    <Placemark>
      <description><![CDATA[LIMITES_TRACKER<BR><BR><B>ELEVATION</B> = 0]]></description>
      <styleUrl>#area2</styleUrl>
      <Polygon>
        <altitudeMode>relativeToGround</altitudeMode>
        <extrude>1</extrude>
        <outerBoundaryIs>
          <LinearRing>
            <coordinates>
              -70.8321233538,-33.1170232113,0
              -70.8321342168,-33.1175462773,0
              -70.8321078079,-33.1175466657,0
              -70.8320969450,-33.1170235997,0
              -70.8321233538,-33.1170232113,0
            </coordinates>
          </LinearRing>
        </outerBoundaryIs>
      </Polygon>
    </Placemark>
    <Placemark>
      <description><![CDATA[LIMITES_TRACKER<BR><BR><B>ELEVATION</B> = 0]]></description>
      <styleUrl>#area2</styleUrl>
      <Polygon>
        <altitudeMode>relativeToGround</altitudeMode>
        <extrude>1</extrude>
        <outerBoundaryIs>
          <LinearRing>
            <coordinates>
              -70.8320707926,-33.1175472101,0
              -70.8320443836,-33.1175475984,0
              -70.8320335211,-33.1170245324,0
              -70.8320599299,-33.1170241440,0
              -70.8320707926,-33.1175472101,0
            </coordinates>
          </LinearRing>
        </outerBoundaryIs>
      </Polygon>
    </Placemark>
    <Placemark>
      <description><![CDATA[LIMITES_TRACKER<BR><BR><B>ELEVATION</B> = 0]]></description>
      <styleUrl>#area2</styleUrl>
      <Polygon>
        <altitudeMode>relativeToGround</altitudeMode>
        <extrude>1</extrude>
        <outerBoundaryIs>
          <LinearRing>
            <coordinates>
              -70.8319965059,-33.1170250767,0
              -70.8320073683,-33.1175481428,0
              -70.8319809593,-33.1175485312,0
              -70.8319700972,-33.1170254651,0
              -70.8319965059,-33.1170250767,0
            </coordinates>
          </LinearRing>
        </outerBoundaryIs>
      </Polygon>
    </Placemark>
    <Placemark>
      <description><![CDATA[LIMITES_TRACKER<BR><BR><B>ELEVATION</B> = 0]]></description>
      <styleUrl>#area2</styleUrl>
      <Polygon>
        <altitudeMode>relativeToGround</altitudeMode>
        <extrude>1</extrude>
        <outerBoundaryIs>
          <LinearRing>
            <coordinates>
              -70.8319439440,-33.1175490755,0
              -70.8319175350,-33.1175494638,0
              -70.8319066732,-33.1170263977,0
              -70.8319330820,-33.1170260094,0
              -70.8319439440,-33.1175490755,0
            </coordinates>
          </LinearRing>
        </outerBoundaryIs>
      </Polygon>
    </Placemark>
    <Placemark>
      <description><![CDATA[LIMITES_TRACKER<BR><BR><B>ELEVATION</B> = 0]]></description>
      <styleUrl>#area2</styleUrl>
      <Polygon>
        <altitudeMode>relativeToGround</altitudeMode>
        <extrude>1</extrude>
        <outerBoundaryIs>
          <LinearRing>
            <coordinates>
              -70.8318696581,-33.1170269420,0
              -70.8318805197,-33.1175500082,0
              -70.8318541107,-33.1175503965,0
              -70.8318432493,-33.1170273304,0
              -70.8318696581,-33.1170269420,0
            </coordinates>
          </LinearRing>
        </outerBoundaryIs>
      </Polygon>
    </Placemark>
    <Placemark>
      <description><![CDATA[LIMITES_TRACKER<BR><BR><B>ELEVATION</B> = 0]]></description>
      <styleUrl>#area2</styleUrl>
      <Polygon>
        <altitudeMode>relativeToGround</altitudeMode>
        <extrude>1</extrude>
        <outerBoundaryIs>
          <LinearRing>
            <coordinates>
              -70.8318170954,-33.1175509408,0
              -70.8317906864,-33.1175513291,0
              -70.8317798254,-33.1170282630,0
              -70.8318062342,-33.1170278747,0
              -70.8318170954,-33.1175509408,0
            </coordinates>
          </LinearRing>
        </outerBoundaryIs>
      </Polygon>
    </Placemark>
    <Placemark>
      <description><![CDATA[LIMITES_TRACKER<BR><BR><B>ELEVATION</B> = 0]]></description>
      <styleUrl>#area2</styleUrl>
      <Polygon>
        <altitudeMode>relativeToGround</altitudeMode>
        <extrude>1</extrude>
        <outerBoundaryIs>
          <LinearRing>
            <coordinates>
              -70.8317428102,-33.1170288072,0
              -70.8317536711,-33.1175518734,0
              -70.8317272621,-33.1175522617,0
              -70.8317164015,-33.1170291955,0
              -70.8317428102,-33.1170288072,0
            </coordinates>
          </LinearRing>
        </outerBoundaryIs>
      </Polygon>
    </Placemark>
    <Placemark>
      <description><![CDATA[LIMITES_TRACKER<BR><BR><B>ELEVATION</B> = 0]]></description>
      <styleUrl>#area2</styleUrl>
      <Polygon>
        <altitudeMode>relativeToGround</altitudeMode>
        <extrude>1</extrude>
        <outerBoundaryIs>
          <LinearRing>
            <coordinates>
              -70.8316902467,-33.1175528059,0
              -70.8316638378,-33.1175531942,0
              -70.8316529775,-33.1170301281,0
              -70.8316793863,-33.1170297398,0
              -70.8316902467,-33.1175528059,0
            </coordinates>
          </LinearRing>
        </outerBoundaryIs>
      </Polygon>
    </Placemark>
    <Placemark>
      <description><![CDATA[LIMITES_TRACKER<BR><BR><B>ELEVATION</B> = 0]]></description>
      <styleUrl>#area2</styleUrl>
      <Polygon>
        <altitudeMode>relativeToGround</altitudeMode>
        <extrude>1</extrude>
        <outerBoundaryIs>
          <LinearRing>
            <coordinates>
              -70.8316159624,-33.1170306723,0
              -70.8316268224,-33.1175537385,0
              -70.8316004135,-33.1175541268,0
              -70.8315895536,-33.1170310606,0
              -70.8316159624,-33.1170306723,0
            </coordinates>
          </LinearRing>
        </outerBoundaryIs>
      </Polygon>
    </Placemark>
    <Placemark>
      <description><![CDATA[LIMITES_TRACKER<BR><BR><B>ELEVATION</B> = 0]]></description>
      <styleUrl>#area2</styleUrl>
      <Polygon>
        <altitudeMode>relativeToGround</altitudeMode>
        <extrude>1</extrude>
        <outerBoundaryIs>
          <LinearRing>
            <coordinates>
              -70.8315633981,-33.1175546710,0
              -70.8315369892,-33.1175550593,0
              -70.8315261296,-33.1170319930,0
              -70.8315525384,-33.1170316048,0
              -70.8315633981,-33.1175546710,0
            </coordinates>
          </LinearRing>
        </outerBoundaryIs>
      </Polygon>
    </Placemark>
    <Placemark>
      <description><![CDATA[LIMITES_TRACKER<BR><BR><B>ELEVATION</B> = 0]]></description>
      <styleUrl>#area2</styleUrl>
      <Polygon>
        <altitudeMode>relativeToGround</altitudeMode>
        <extrude>1</extrude>
        <outerBoundaryIs>
          <LinearRing>
            <coordinates>
              -70.8314891145,-33.1170325372,0
              -70.8314999738,-33.1175556035,0
              -70.8314735649,-33.1175559917,0
              -70.8314627057,-33.1170329255,0
              -70.8314891145,-33.1170325372,0
            </coordinates>
          </LinearRing>
        </outerBoundaryIs>
      </Polygon>
    </Placemark>
    <Placemark>
      <description><![CDATA[LIMITES_TRACKER<BR><BR><B>ELEVATION</B> = 0]]></description>
      <styleUrl>#area2</styleUrl>
      <Polygon>
        <altitudeMode>relativeToGround</altitudeMode>
        <extrude>1</extrude>
        <outerBoundaryIs>
          <LinearRing>
            <coordinates>
              -70.8314365495,-33.1175565359,0
              -70.8314101405,-33.1175569241,0
              -70.8313992818,-33.1170338579,0
              -70.8314256905,-33.1170334697,0
              -70.8314365495,-33.1175565359,0
            </coordinates>
          </LinearRing>
        </outerBoundaryIs>
      </Polygon>
    </Placemark>
    <Placemark>
      <description><![CDATA[LIMITES_TRACKER<BR><BR><B>ELEVATION</B> = 0]]></description>
      <styleUrl>#area2</styleUrl>
      <Polygon>
        <altitudeMode>relativeToGround</altitudeMode>
        <extrude>1</extrude>
        <outerBoundaryIs>
          <LinearRing>
            <coordinates>
              -70.8313622666,-33.1170344020,0
              -70.8313731252,-33.1175574683,0
              -70.8313467162,-33.1175578565,0
              -70.8313358578,-33.1170347903,0
              -70.8313622666,-33.1170344020,0
            </coordinates>
          </LinearRing>
        </outerBoundaryIs>
      </Polygon>
    </Placemark>
    <Placemark>
      <description><![CDATA[LIMITES_TRACKER<BR><BR><B>ELEVATION</B> = 0]]></description>
      <styleUrl>#area2</styleUrl>
      <Polygon>
        <altitudeMode>relativeToGround</altitudeMode>
        <extrude>1</extrude>
        <outerBoundaryIs>
          <LinearRing>
            <coordinates>
              -70.8313097008,-33.1175584007,0
              -70.8312832919,-33.1175587889,0
              -70.8312724339,-33.1170357226,0
              -70.8312988426,-33.1170353344,0
              -70.8313097008,-33.1175584007,0
            </coordinates>
          </LinearRing>
        </outerBoundaryIs>
      </Polygon>
    </Placemark>
    <Placemark>
      <description><![CDATA[LIMITES_TRACKER<BR><BR><B>ELEVATION</B> = 0]]></description>
      <styleUrl>#area2</styleUrl>
      <Polygon>
        <altitudeMode>relativeToGround</altitudeMode>
        <extrude>1</extrude>
        <outerBoundaryIs>
          <LinearRing>
            <coordinates>
              -70.8312354187,-33.1170362667,0
              -70.8312462765,-33.1175593330,0
              -70.8312198676,-33.1175597212,0
              -70.8312090099,-33.1170366549,0
              -70.8312354187,-33.1170362667,0
            </coordinates>
          </LinearRing>
        </outerBoundaryIs>
      </Polygon>
    </Placemark>
    <Placemark>
      <description><![CDATA[LIMITES_TRACKER<BR><BR><B>ELEVATION</B> = 0]]></description>
      <styleUrl>#area2</styleUrl>
      <Polygon>
        <altitudeMode>relativeToGround</altitudeMode>
        <extrude>1</extrude>
        <outerBoundaryIs>
          <LinearRing>
            <coordinates>
              -70.8311828522,-33.1175602653,0
              -70.8311564432,-33.1175606535,0
              -70.8311455859,-33.1170375872,0
              -70.8311719947,-33.1170371990,0
              -70.8311828522,-33.1175602653,0
            </coordinates>
          </LinearRing>
        </outerBoundaryIs>
      </Polygon>
    </Placemark>
    <Placemark>
      <description><![CDATA[LIMITES_TRACKER<BR><BR><B>ELEVATION</B> = 0]]></description>
      <styleUrl>#area2</styleUrl>
      <Polygon>
        <altitudeMode>relativeToGround</altitudeMode>
        <extrude>1</extrude>
        <outerBoundaryIs>
          <LinearRing>
            <coordinates>
              -70.8311085708,-33.1170381313,0
              -70.8311194278,-33.1175611976,0
              -70.8310930189,-33.1175615858,0
              -70.8310821620,-33.1170385194,0
              -70.8311085708,-33.1170381313,0
            </coordinates>
          </LinearRing>
        </outerBoundaryIs>
      </Polygon>
    </Placemark>
    <Placemark>
      <description><![CDATA[LIMITES_TRACKER<BR><BR><B>ELEVATION</B> = 0]]></description>
      <styleUrl>#area2</styleUrl>
      <Polygon>
        <altitudeMode>relativeToGround</altitudeMode>
        <extrude>1</extrude>
        <outerBoundaryIs>
          <LinearRing>
            <coordinates>
              -70.8310560035,-33.1175621298,0
              -70.8310295946,-33.1175625180,0
              -70.8310187380,-33.1170394516,0
              -70.8310451468,-33.1170390635,0
              -70.8310560035,-33.1175621298,0
            </coordinates>
          </LinearRing>
        </outerBoundaryIs>
      </Polygon>
    </Placemark>
    <Placemark>
      <description><![CDATA[LIMITES_TRACKER<BR><BR><B>ELEVATION</B> = 0]]></description>
      <styleUrl>#area2</styleUrl>
      <Polygon>
        <altitudeMode>relativeToGround</altitudeMode>
        <extrude>1</extrude>
        <outerBoundaryIs>
          <LinearRing>
            <coordinates>
              -70.8309817228,-33.1170399957,0
              -70.8309925792,-33.1175630620,0
              -70.8309661702,-33.1175634502,0
              -70.8309553141,-33.1170403838,0
              -70.8309817228,-33.1170399957,0
            </coordinates>
          </LinearRing>
        </outerBoundaryIs>
      </Polygon>
    </Placemark>
    <Placemark>
      <description><![CDATA[LIMITES_TRACKER<BR><BR><B>ELEVATION</B> = 0]]></description>
      <styleUrl>#area2</styleUrl>
      <Polygon>
        <altitudeMode>relativeToGround</altitudeMode>
        <extrude>1</extrude>
        <outerBoundaryIs>
          <LinearRing>
            <coordinates>
              -70.8309291548,-33.1175639942,0
              -70.8309027459,-33.1175643824,0
              -70.8308918901,-33.1170413160,0
              -70.8309182989,-33.1170409278,0
              -70.8309291548,-33.1175639942,0
            </coordinates>
          </LinearRing>
        </outerBoundaryIs>
      </Polygon>
    </Placemark>
    <Placemark>
      <description><![CDATA[LIMITES_TRACKER<BR><BR><B>ELEVATION</B> = 0]]></description>
      <styleUrl>#area2</styleUrl>
      <Polygon>
        <altitudeMode>relativeToGround</altitudeMode>
        <extrude>1</extrude>
        <outerBoundaryIs>
          <LinearRing>
            <coordinates>
              -70.8308548749,-33.1170418600,0
              -70.8308657305,-33.1175649264,0
              -70.8308393215,-33.1175653145,0
              -70.8308284661,-33.1170422481,0
              -70.8308548749,-33.1170418600,0
            </coordinates>
          </LinearRing>
        </outerBoundaryIs>
      </Polygon>
    </Placemark>
    <Placemark>
      <description><![CDATA[LIMITES_TRACKER<BR><BR><B>ELEVATION</B> = 0]]></description>
      <styleUrl>#area1</styleUrl>
      <Polygon>
        <altitudeMode>relativeToGround</altitudeMode>
        <extrude>1</extrude>
        <outerBoundaryIs>
          <LinearRing>
            <coordinates>
              -70.8313229924,-33.1181986695,0
              -70.8312965833,-33.1181990577,0
              -70.8312857249,-33.1176759915,0
              -70.8313121339,-33.1176756033,0
              -70.8313229924,-33.1181986695,0
            </coordinates>
          </LinearRing>
        </outerBoundaryIs>
      </Polygon>
    </Placemark>
    <Placemark>
      <description><![CDATA[LIMITES_TRACKER<BR><BR><B>ELEVATION</B> = 0]]></description>
      <styleUrl>#area1</styleUrl>
      <Polygon>
        <altitudeMode>relativeToGround</altitudeMode>
        <extrude>1</extrude>
        <outerBoundaryIs>
          <LinearRing>
            <coordinates>
              -70.8312487094,-33.1176765356,0
              -70.8312595676,-33.1181996019,0
              -70.8312331585,-33.1181999901,0
              -70.8312223005,-33.1176769238,0
              -70.8312487094,-33.1176765356,0
            </coordinates>
          </LinearRing>
        </outerBoundaryIs>
      </Polygon>
    </Placemark>
    <Placemark>
      <description><![CDATA[LIMITES_TRACKER<BR><BR><B>ELEVATION</B> = 0]]></description>
      <styleUrl>#area5</styleUrl>
      <Polygon>
        <altitudeMode>relativeToGround</altitudeMode>
        <extrude>1</extrude>
        <outerBoundaryIs>
          <LinearRing>
            <coordinates>
              -70.8311961428,-33.1182005342,0
              -70.8311697337,-33.1182009224,0
              -70.8311588760,-33.1176778561,0
              -70.8311852850,-33.1176774679,0
              -70.8311961428,-33.1182005342,0
            </coordinates>
          </LinearRing>
        </outerBoundaryIs>
      </Polygon>
    </Placemark>
    <Placemark>
      <description><![CDATA[LIMITES_TRACKER<BR><BR><B>ELEVATION</B> = 0]]></description>
      <styleUrl>#area5</styleUrl>
      <Polygon>
        <altitudeMode>relativeToGround</altitudeMode>
        <extrude>1</extrude>
        <outerBoundaryIs>
          <LinearRing>
            <coordinates>
              -70.8311218606,-33.1176784002,0
              -70.8311327180,-33.1182014665,0
              -70.8311063089,-33.1182018547,0
              -70.8310954516,-33.1176787884,0
              -70.8311218606,-33.1176784002,0
            </coordinates>
          </LinearRing>
        </outerBoundaryIs>
      </Polygon>
    </Placemark>
    <Placemark>
      <description><![CDATA[LIMITES_TRACKER<BR><BR><B>ELEVATION</B> = 0]]></description>
      <styleUrl>#area5</styleUrl>
      <Polygon>
        <altitudeMode>relativeToGround</altitudeMode>
        <extrude>1</extrude>
        <outerBoundaryIs>
          <LinearRing>
            <coordinates>
              -70.8310692932,-33.1182023988,0
              -70.8310428841,-33.1182027869,0
              -70.8310320272,-33.1176797206,0
              -70.8310584362,-33.1176793325,0
              -70.8310692932,-33.1182023988,0
            </coordinates>
          </LinearRing>
        </outerBoundaryIs>
      </Polygon>
    </Placemark>
    <Placemark>
      <description><![CDATA[LIMITES_TRACKER<BR><BR><B>ELEVATION</B> = 0]]></description>
      <styleUrl>#area5</styleUrl>
      <Polygon>
        <altitudeMode>relativeToGround</altitudeMode>
        <extrude>1</extrude>
        <outerBoundaryIs>
          <LinearRing>
            <coordinates>
              -70.8309950118,-33.1176802647,0
              -70.8310058684,-33.1182033310,0
              -70.8309794593,-33.1182037191,0
              -70.8309686028,-33.1176806528,0
              -70.8309950118,-33.1176802647,0
            </coordinates>
          </LinearRing>
        </outerBoundaryIs>
      </Polygon>
    </Placemark>
    <Placemark>
      <description><![CDATA[LIMITES_TRACKER<BR><BR><B>ELEVATION</B> = 0]]></description>
      <styleUrl>#area5</styleUrl>
      <Polygon>
        <altitudeMode>relativeToGround</altitudeMode>
        <extrude>1</extrude>
        <outerBoundaryIs>
          <LinearRing>
            <coordinates>
              -70.8309424436,-33.1182042632,0
              -70.8309160345,-33.1182046513,0
              -70.8309051783,-33.1176815850,0
              -70.8309315873,-33.1176811969,0
              -70.8309424436,-33.1182042632,0
            </coordinates>
          </LinearRing>
        </outerBoundaryIs>
      </Polygon>
    </Placemark>
    <Placemark>
      <description><![CDATA[LIMITES_TRACKER<BR><BR><B>ELEVATION</B> = 0]]></description>
      <styleUrl>#area5</styleUrl>
      <Polygon>
        <altitudeMode>relativeToGround</altitudeMode>
        <extrude>1</extrude>
        <outerBoundaryIs>
          <LinearRing>
            <coordinates>
              -70.8308681629,-33.1176821290,0
              -70.8308790188,-33.1182051954,0
              -70.8308526097,-33.1182055835,0
              -70.8308417539,-33.1176825171,0
              -70.8308681629,-33.1176821290,0
            </coordinates>
          </LinearRing>
        </outerBoundaryIs>
      </Polygon>
    </Placemark>
    <Placemark>
      <description><![CDATA[LIMITES_TRACKER<BR><BR><B>ELEVATION</B> = 0]]></description>
      <styleUrl>#area2</styleUrl>
      <Polygon>
        <altitudeMode>relativeToGround</altitudeMode>
        <extrude>1</extrude>
        <outerBoundaryIs>
          <LinearRing>
            <coordinates>
              -70.8326940752,-33.1170103074,0
              -70.8326676665,-33.1170106959,0
              -70.8326568004,-33.1164876299,0
              -70.8326832090,-33.1164872415,0
              -70.8326940752,-33.1170103074,0
            </coordinates>
          </LinearRing>
        </outerBoundaryIs>
      </Polygon>
    </Placemark>
    <Placemark>
      <description><![CDATA[LIMITES_TRACKER<BR><BR><B>ELEVATION</B> = 0]]></description>
      <styleUrl>#area2</styleUrl>
      <Polygon>
        <altitudeMode>relativeToGround</altitudeMode>
        <extrude>1</extrude>
        <outerBoundaryIs>
          <LinearRing>
            <coordinates>
              -70.8326197855,-33.1164881745,0
              -70.8326306513,-33.1170112404,0
              -70.8326042426,-33.1170116289,0
              -70.8325933769,-33.1164885629,0
              -70.8326197855,-33.1164881745,0
            </coordinates>
          </LinearRing>
        </outerBoundaryIs>
      </Polygon>
    </Placemark>
    <Placemark>
      <description><![CDATA[LIMITES_TRACKER<BR><BR><B>ELEVATION</B> = 0]]></description>
      <styleUrl>#area2</styleUrl>
      <Polygon>
        <altitudeMode>relativeToGround</altitudeMode>
        <extrude>1</extrude>
        <outerBoundaryIs>
          <LinearRing>
            <coordinates>
              -70.8328209230,-33.1170084412,0
              -70.8327945142,-33.1170088297,0
              -70.8327836475,-33.1164857639,0
              -70.8328100561,-33.1164853753,0
              -70.8328209230,-33.1170084412,0
            </coordinates>
          </LinearRing>
        </outerBoundaryIs>
      </Polygon>
    </Placemark>
    <Placemark>
      <description><![CDATA[LIMITES_TRACKER<BR><BR><B>ELEVATION</B> = 0]]></description>
      <styleUrl>#area2</styleUrl>
      <Polygon>
        <altitudeMode>relativeToGround</altitudeMode>
        <extrude>1</extrude>
        <outerBoundaryIs>
          <LinearRing>
            <coordinates>
              -70.8327466326,-33.1164863084,0
              -70.8327574991,-33.1170093743,0
              -70.8327310903,-33.1170097628,0
              -70.8327202240,-33.1164866969,0
              -70.8327466326,-33.1164863084,0
            </coordinates>
          </LinearRing>
        </outerBoundaryIs>
      </Polygon>
    </Placemark>
    <Placemark>
      <description><![CDATA[LIMITES_TRACKER<BR><BR><B>ELEVATION</B> = 0]]></description>
      <styleUrl>#area2</styleUrl>
      <Polygon>
        <altitudeMode>relativeToGround</altitudeMode>
        <extrude>1</extrude>
        <outerBoundaryIs>
          <LinearRing>
            <coordinates>
              -70.8329477707,-33.1170065749,0
              -70.8329213620,-33.1170069635,0
              -70.8329104945,-33.1164838976,0
              -70.8329369031,-33.1164835091,0
              -70.8329477707,-33.1170065749,0
            </coordinates>
          </LinearRing>
        </outerBoundaryIs>
      </Polygon>
    </Placemark>
    <Placemark>
      <description><![CDATA[LIMITES_TRACKER<BR><BR><B>ELEVATION</B> = 0]]></description>
      <styleUrl>#area2</styleUrl>
      <Polygon>
        <altitudeMode>relativeToGround</altitudeMode>
        <extrude>1</extrude>
        <outerBoundaryIs>
          <LinearRing>
            <coordinates>
              -70.8328734796,-33.1164844422,0
              -70.8328843469,-33.1170075081,0
              -70.8328579381,-33.1170078966,0
              -70.8328470710,-33.1164848308,0
              -70.8328734796,-33.1164844422,0
            </coordinates>
          </LinearRing>
        </outerBoundaryIs>
      </Polygon>
    </Placemark>
    <Placemark>
      <description><![CDATA[LIMITES_TRACKER<BR><BR><B>ELEVATION</B> = 0]]></description>
      <styleUrl>#area1</styleUrl>
      <Polygon>
        <altitudeMode>relativeToGround</altitudeMode>
        <extrude>1</extrude>
        <outerBoundaryIs>
          <LinearRing>
            <coordinates>
              -70.8329587324,-33.1175341485,0
              -70.8329323234,-33.1175345371,0
              -70.8329214556,-33.1170114713,0
              -70.8329478644,-33.1170110827,0
              -70.8329587324,-33.1175341485,0
            </coordinates>
          </LinearRing>
        </outerBoundaryIs>
      </Polygon>
    </Placemark>
    <Placemark>
      <description><![CDATA[LIMITES_TRACKER<BR><BR><B>ELEVATION</B> = 0]]></description>
      <styleUrl>#area1</styleUrl>
      <Polygon>
        <altitudeMode>relativeToGround</altitudeMode>
        <extrude>1</extrude>
        <outerBoundaryIs>
          <LinearRing>
            <coordinates>
              -70.8328844405,-33.1170120159,0
              -70.8328953081,-33.1175350817,0
              -70.8328688992,-33.1175354702,0
              -70.8328580318,-33.1170124044,0
              -70.8328844405,-33.1170120159,0
            </coordinates>
          </LinearRing>
        </outerBoundaryIs>
      </Polygon>
    </Placemark>
    <Placemark>
      <description><![CDATA[LIMITES_TRACKER<BR><BR><B>ELEVATION</B> = 0]]></description>
      <styleUrl>#area4</styleUrl>
      <Polygon>
        <altitudeMode>relativeToGround</altitudeMode>
        <extrude>1</extrude>
        <outerBoundaryIs>
          <LinearRing>
            <coordinates>
              -70.8330746185,-33.1170047085,0
              -70.8330482097,-33.1170050971,0
              -70.8330373414,-33.1164820313,0
              -70.8330637500,-33.1164816427,0
              -70.8330746185,-33.1170047085,0
            </coordinates>
          </LinearRing>
        </outerBoundaryIs>
      </Polygon>
    </Placemark>
    <Placemark>
      <description><![CDATA[LIMITES_TRACKER<BR><BR><B>ELEVATION</B> = 0]]></description>
      <styleUrl>#area4</styleUrl>
      <Polygon>
        <altitudeMode>relativeToGround</altitudeMode>
        <extrude>1</extrude>
        <outerBoundaryIs>
          <LinearRing>
            <coordinates>
              -70.8330003266,-33.1164825759,0
              -70.8330111946,-33.1170056417,0
              -70.8329847858,-33.1170060303,0
              -70.8329739180,-33.1164829645,0
              -70.8330003266,-33.1164825759,0
            </coordinates>
          </LinearRing>
        </outerBoundaryIs>
      </Polygon>
    </Placemark>
    <Placemark>
      <description><![CDATA[LIMITES_TRACKER<BR><BR><B>ELEVATION</B> = 0]]></description>
      <styleUrl>#area2</styleUrl>
      <Polygon>
        <altitudeMode>relativeToGround</altitudeMode>
        <extrude>1</extrude>
        <outerBoundaryIs>
          <LinearRing>
            <coordinates>
              -70.8330855809,-33.1175322820,0
              -70.8330591719,-33.1175326706,0
              -70.8330483034,-33.1170096049,0
              -70.8330747121,-33.1170092163,0
              -70.8330855809,-33.1175322820,0
            </coordinates>
          </LinearRing>
        </outerBoundaryIs>
      </Polygon>
    </Placemark>
    <Placemark>
      <description><![CDATA[LIMITES_TRACKER<BR><BR><B>ELEVATION</B> = 0]]></description>
      <styleUrl>#area2</styleUrl>
      <Polygon>
        <altitudeMode>relativeToGround</altitudeMode>
        <extrude>1</extrude>
        <outerBoundaryIs>
          <LinearRing>
            <coordinates>
              -70.8330112883,-33.1170101495,0
              -70.8330221566,-33.1175332153,0
              -70.8329957477,-33.1175336039,0
              -70.8329848795,-33.1170105381,0
              -70.8330112883,-33.1170101495,0
            </coordinates>
          </LinearRing>
        </outerBoundaryIs>
      </Polygon>
    </Placemark>
    <Placemark>
      <description><![CDATA[LIMITES_TRACKER<BR><BR><B>ELEVATION</B> = 0]]></description>
      <styleUrl>#area1</styleUrl>
      <Polygon>
        <altitudeMode>relativeToGround</altitudeMode>
        <extrude>1</extrude>
        <outerBoundaryIs>
          <LinearRing>
            <coordinates>
              -70.8332014662,-33.1170028420,0
              -70.8331750574,-33.1170032306,0
              -70.8331641884,-33.1164801648,0
              -70.8331905970,-33.1164797762,0
              -70.8332014662,-33.1170028420,0
            </coordinates>
          </LinearRing>
        </outerBoundaryIs>
      </Polygon>
    </Placemark>
    <Placemark>
      <description><![CDATA[LIMITES_TRACKER<BR><BR><B>ELEVATION</B> = 0]]></description>
      <styleUrl>#area1</styleUrl>
      <Polygon>
        <altitudeMode>relativeToGround</altitudeMode>
        <extrude>1</extrude>
        <outerBoundaryIs>
          <LinearRing>
            <coordinates>
              -70.8331271735,-33.1164807095,0
              -70.8331380423,-33.1170037752,0
              -70.8331116336,-33.1170041638,0
              -70.8331007649,-33.1164810980,0
              -70.8331271735,-33.1164807095,0
            </coordinates>
          </LinearRing>
        </outerBoundaryIs>
      </Polygon>
    </Placemark>
    <Placemark>
      <description><![CDATA[LIMITES_TRACKER<BR><BR><B>ELEVATION</B> = 0]]></description>
      <styleUrl>#area5</styleUrl>
      <Polygon>
        <altitudeMode>relativeToGround</altitudeMode>
        <extrude>1</extrude>
        <outerBoundaryIs>
          <LinearRing>
            <coordinates>
              -70.8332124293,-33.1175304155,0
              -70.8331860204,-33.1175308041,0
              -70.8331751511,-33.1170077384,0
              -70.8332015599,-33.1170073497,0
              -70.8332124293,-33.1175304155,0
            </coordinates>
          </LinearRing>
        </outerBoundaryIs>
      </Polygon>
    </Placemark>
    <Placemark>
      <description><![CDATA[LIMITES_TRACKER<BR><BR><B>ELEVATION</B> = 0]]></description>
      <styleUrl>#area5</styleUrl>
      <Polygon>
        <altitudeMode>relativeToGround</altitudeMode>
        <extrude>1</extrude>
        <outerBoundaryIs>
          <LinearRing>
            <coordinates>
              -70.8331381360,-33.1170082830,0
              -70.8331490051,-33.1175313488,0
              -70.8331225962,-33.1175317374,0
              -70.8331117273,-33.1170086716,0
              -70.8331381360,-33.1170082830,0
            </coordinates>
          </LinearRing>
        </outerBoundaryIs>
      </Polygon>
    </Placemark>
    <Placemark>
      <description><![CDATA[LIMITES_TRACKER<BR><BR><B>ELEVATION</B> = 0]]></description>
      <styleUrl>#area5</styleUrl>
      <Polygon>
        <altitudeMode>relativeToGround</altitudeMode>
        <extrude>1</extrude>
        <outerBoundaryIs>
          <LinearRing>
            <coordinates>
              -70.8333392778,-33.1175285487,0
              -70.8333128689,-33.1175289374,0
              -70.8333019988,-33.1170058717,0
              -70.8333284076,-33.1170054831,0
              -70.8333392778,-33.1175285487,0
            </coordinates>
          </LinearRing>
        </outerBoundaryIs>
      </Polygon>
    </Placemark>
    <Placemark>
      <description><![CDATA[LIMITES_TRACKER<BR><BR><B>ELEVATION</B> = 0]]></description>
      <styleUrl>#area5</styleUrl>
      <Polygon>
        <altitudeMode>relativeToGround</altitudeMode>
        <extrude>1</extrude>
        <outerBoundaryIs>
          <LinearRing>
            <coordinates>
              -70.8332649837,-33.1170064164,0
              -70.8332758536,-33.1175294821,0
              -70.8332494447,-33.1175298708,0
              -70.8332385750,-33.1170068050,0
              -70.8332649837,-33.1170064164,0
            </coordinates>
          </LinearRing>
        </outerBoundaryIs>
      </Polygon>
    </Placemark>
    <Placemark>
      <description><![CDATA[LIMITES_TRACKER<BR><BR><B>ELEVATION</B> = 0]]></description>
      <styleUrl>#area5</styleUrl>
      <Polygon>
        <altitudeMode>relativeToGround</altitudeMode>
        <extrude>1</extrude>
        <outerBoundaryIs>
          <LinearRing>
            <coordinates>
              -70.8334661263,-33.1175266819,0
              -70.8334397174,-33.1175270706,0
              -70.8334288466,-33.1170040049,0
              -70.8334552553,-33.1170036163,0
              -70.8334661263,-33.1175266819,0
            </coordinates>
          </LinearRing>
        </outerBoundaryIs>
      </Polygon>
    </Placemark>
    <Placemark>
      <description><![CDATA[LIMITES_TRACKER<BR><BR><B>ELEVATION</B> = 0]]></description>
      <styleUrl>#area5</styleUrl>
      <Polygon>
        <altitudeMode>relativeToGround</altitudeMode>
        <extrude>1</extrude>
        <outerBoundaryIs>
          <LinearRing>
            <coordinates>
              -70.8333918315,-33.1170045497,0
              -70.8334027020,-33.1175276153,0
              -70.8333762931,-33.1175280040,0
              -70.8333654227,-33.1170049383,0
              -70.8333918315,-33.1170045497,0
            </coordinates>
          </LinearRing>
        </outerBoundaryIs>
      </Polygon>
    </Placemark>
    <Placemark>
      <description><![CDATA[LIMITES_TRACKER<BR><BR><B>ELEVATION</B> = 0]]></description>
      <styleUrl>#area5</styleUrl>
      <Polygon>
        <altitudeMode>relativeToGround</altitudeMode>
        <extrude>1</extrude>
        <outerBoundaryIs>
          <LinearRing>
            <coordinates>
              -70.8335929747,-33.1175248149,0
              -70.8335665658,-33.1175252036,0
              -70.8335556943,-33.1170021380,0
              -70.8335821030,-33.1170017493,0
              -70.8335929747,-33.1175248149,0
            </coordinates>
          </LinearRing>
        </outerBoundaryIs>
      </Polygon>
    </Placemark>
    <Placemark>
      <description><![CDATA[LIMITES_TRACKER<BR><BR><B>ELEVATION</B> = 0]]></description>
      <styleUrl>#area5</styleUrl>
      <Polygon>
        <altitudeMode>relativeToGround</altitudeMode>
        <extrude>1</extrude>
        <outerBoundaryIs>
          <LinearRing>
            <coordinates>
              -70.8335186792,-33.1170026828,0
              -70.8335295505,-33.1175257484,0
              -70.8335031416,-33.1175261371,0
              -70.8334922704,-33.1170030715,0
              -70.8335186792,-33.1170026828,0
            </coordinates>
          </LinearRing>
        </outerBoundaryIs>
      </Polygon>
    </Placemark>
    <Placemark>
      <description><![CDATA[LIMITES_TRACKER<BR><BR><B>ELEVATION</B> = 0]]></description>
      <styleUrl>#area1</styleUrl>
      <Polygon>
        <altitudeMode>relativeToGround</altitudeMode>
        <extrude>1</extrude>
        <outerBoundaryIs>
          <LinearRing>
            <coordinates>
              -70.8337198232,-33.1175229478,0
              -70.8336934143,-33.1175233366,0
              -70.8336825419,-33.1170002710,0
              -70.8337089507,-33.1169998823,0
              -70.8337198232,-33.1175229478,0
            </coordinates>
          </LinearRing>
        </outerBoundaryIs>
      </Polygon>
    </Placemark>
    <Placemark>
      <description><![CDATA[LIMITES_TRACKER<BR><BR><B>ELEVATION</B> = 0]]></description>
      <styleUrl>#area1</styleUrl>
      <Polygon>
        <altitudeMode>relativeToGround</altitudeMode>
        <extrude>1</extrude>
        <outerBoundaryIs>
          <LinearRing>
            <coordinates>
              -70.8336455268,-33.1170008158,0
              -70.8336563989,-33.1175238814,0
              -70.8336299900,-33.1175242701,0
              -70.8336191181,-33.1170012045,0
              -70.8336455268,-33.1170008158,0
            </coordinates>
          </LinearRing>
        </outerBoundaryIs>
      </Polygon>
    </Placemark>
    <Placemark>
      <description><![CDATA[LIMITES_TRACKER<BR><BR><B>ELEVATION</B> = 0]]></description>
      <styleUrl>#area1</styleUrl>
      <Polygon>
        <altitudeMode>relativeToGround</altitudeMode>
        <extrude>1</extrude>
        <outerBoundaryIs>
          <LinearRing>
            <coordinates>
              -70.8344114217,-33.1184680775,0
              -70.8343850125,-33.1184684664,0
              -70.8343741357,-33.1179454011,0
              -70.8344005447,-33.1179450122,0
              -70.8344114217,-33.1184680775,0
            </coordinates>
          </LinearRing>
        </outerBoundaryIs>
      </Polygon>
    </Placemark>
    <Placemark>
      <description><![CDATA[LIMITES_TRACKER<BR><BR><B>ELEVATION</B> = 0]]></description>
      <styleUrl>#area1</styleUrl>
      <Polygon>
        <altitudeMode>relativeToGround</altitudeMode>
        <extrude>1</extrude>
        <outerBoundaryIs>
          <LinearRing>
            <coordinates>
              -70.8343371202,-33.1179459462,0
              -70.8343479968,-33.1184690115,0
              -70.8343215876,-33.1184694003,0
              -70.8343107112,-33.1179463350,0
              -70.8343371202,-33.1179459462,0
            </coordinates>
          </LinearRing>
        </outerBoundaryIs>
      </Polygon>
    </Placemark>
    <Placemark>
      <description><![CDATA[LIMITES_TRACKER<BR><BR><B>ELEVATION</B> = 0]]></description>
      <styleUrl>#area4</styleUrl>
      <Polygon>
        <altitudeMode>relativeToGround</altitudeMode>
        <extrude>1</extrude>
        <outerBoundaryIs>
          <LinearRing>
            <coordinates>
              -70.8345382714,-33.1184662095,0
              -70.8345118622,-33.1184665985,0
              -70.8345009847,-33.1179435332,0
              -70.8345273937,-33.1179431443,0
              -70.8345382714,-33.1184662095,0
            </coordinates>
          </LinearRing>
        </outerBoundaryIs>
      </Polygon>
    </Placemark>
    <Placemark>
      <description><![CDATA[LIMITES_TRACKER<BR><BR><B>ELEVATION</B> = 0]]></description>
      <styleUrl>#area4</styleUrl>
      <Polygon>
        <altitudeMode>relativeToGround</altitudeMode>
        <extrude>1</extrude>
        <outerBoundaryIs>
          <LinearRing>
            <coordinates>
              -70.8344639692,-33.1179440783,0
              -70.8344748465,-33.1184671435,0
              -70.8344484373,-33.1184675324,0
              -70.8344375602,-33.1179444672,0
              -70.8344639692,-33.1179440783,0
            </coordinates>
          </LinearRing>
        </outerBoundaryIs>
      </Polygon>
    </Placemark>
    <Placemark>
      <description><![CDATA[LIMITES_TRACKER<BR><BR><B>ELEVATION</B> = 0]]></description>
      <styleUrl>#area4</styleUrl>
      <Polygon>
        <altitudeMode>relativeToGround</altitudeMode>
        <extrude>1</extrude>
        <outerBoundaryIs>
          <LinearRing>
            <coordinates>
              -70.8346651211,-33.1184643414,0
              -70.8346387119,-33.1184647304,0
              -70.8346278336,-33.1179416651,0
              -70.8346542426,-33.1179412762,0
              -70.8346651211,-33.1184643414,0
            </coordinates>
          </LinearRing>
        </outerBoundaryIs>
      </Polygon>
    </Placemark>
    <Placemark>
      <description><![CDATA[LIMITES_TRACKER<BR><BR><B>ELEVATION</B> = 0]]></description>
      <styleUrl>#area4</styleUrl>
      <Polygon>
        <altitudeMode>relativeToGround</altitudeMode>
        <extrude>1</extrude>
        <outerBoundaryIs>
          <LinearRing>
            <coordinates>
              -70.8345908182,-33.1179422103,0
              -70.8346016962,-33.1184652755,0
              -70.8345752871,-33.1184656644,0
              -70.8345644092,-33.1179425992,0
              -70.8345908182,-33.1179422103,0
            </coordinates>
          </LinearRing>
        </outerBoundaryIs>
      </Polygon>
    </Placemark>
    <Placemark>
      <description><![CDATA[LIMITES_TRACKER<BR><BR><B>ELEVATION</B> = 0]]></description>
      <styleUrl>#area4</styleUrl>
      <Polygon>
        <altitudeMode>relativeToGround</altitudeMode>
        <extrude>1</extrude>
        <outerBoundaryIs>
          <LinearRing>
            <coordinates>
              -70.8347919708,-33.1184624732,0
              -70.8347655617,-33.1184628622,0
              -70.8347546826,-33.1179397970,0
              -70.8347810916,-33.1179394080,0
              -70.8347919708,-33.1184624732,0
            </coordinates>
          </LinearRing>
        </outerBoundaryIs>
      </Polygon>
    </Placemark>
    <Placemark>
      <description><![CDATA[LIMITES_TRACKER<BR><BR><B>ELEVATION</B> = 0]]></description>
      <styleUrl>#area4</styleUrl>
      <Polygon>
        <altitudeMode>relativeToGround</altitudeMode>
        <extrude>1</extrude>
        <outerBoundaryIs>
          <LinearRing>
            <coordinates>
              -70.8347176671,-33.1179403421,0
              -70.8347285460,-33.1184634073,0
              -70.8347021368,-33.1184637963,0
              -70.8346912581,-33.1179407311,0
              -70.8347176671,-33.1179403421,0
            </coordinates>
          </LinearRing>
        </outerBoundaryIs>
      </Polygon>
    </Placemark>
    <Placemark>
      <description><![CDATA[LIMITES_TRACKER<BR><BR><B>ELEVATION</B> = 0]]></description>
      <styleUrl>#area4</styleUrl>
      <Polygon>
        <altitudeMode>relativeToGround</altitudeMode>
        <extrude>1</extrude>
        <outerBoundaryIs>
          <LinearRing>
            <coordinates>
              -70.8349188205,-33.1184606048,0
              -70.8348924114,-33.1184609938,0
              -70.8348815316,-33.1179379287,0
              -70.8349079406,-33.1179375397,0
              -70.8349188205,-33.1184606048,0
            </coordinates>
          </LinearRing>
        </outerBoundaryIs>
      </Polygon>
    </Placemark>
    <Placemark>
      <description><![CDATA[LIMITES_TRACKER<BR><BR><B>ELEVATION</B> = 0]]></description>
      <styleUrl>#area4</styleUrl>
      <Polygon>
        <altitudeMode>relativeToGround</altitudeMode>
        <extrude>1</extrude>
        <outerBoundaryIs>
          <LinearRing>
            <coordinates>
              -70.8348445161,-33.1179384739,0
              -70.8348553957,-33.1184615390,0
              -70.8348289865,-33.1184619280,0
              -70.8348181071,-33.1179388628,0
              -70.8348445161,-33.1179384739,0
            </coordinates>
          </LinearRing>
        </outerBoundaryIs>
      </Polygon>
    </Placemark>
    <Placemark>
      <description><![CDATA[LIMITES_TRACKER<BR><BR><B>ELEVATION</B> = 0]]></description>
      <styleUrl>#area4</styleUrl>
      <Polygon>
        <altitudeMode>relativeToGround</altitudeMode>
        <extrude>1</extrude>
        <outerBoundaryIs>
          <LinearRing>
            <coordinates>
              -70.8350456702,-33.1184587363,0
              -70.8350192610,-33.1184591253,0
              -70.8350083805,-33.1179360602,0
              -70.8350347895,-33.1179356712,0
              -70.8350456702,-33.1184587363,0
            </coordinates>
          </LinearRing>
        </outerBoundaryIs>
      </Polygon>
    </Placemark>
    <Placemark>
      <description><![CDATA[LIMITES_TRACKER<BR><BR><B>ELEVATION</B> = 0]]></description>
      <styleUrl>#area4</styleUrl>
      <Polygon>
        <altitudeMode>relativeToGround</altitudeMode>
        <extrude>1</extrude>
        <outerBoundaryIs>
          <LinearRing>
            <coordinates>
              -70.8349713650,-33.1179366055,0
              -70.8349822454,-33.1184596706,0
              -70.8349558362,-33.1184600596,0
              -70.8349449560,-33.1179369945,0
              -70.8349713650,-33.1179366055,0
            </coordinates>
          </LinearRing>
        </outerBoundaryIs>
      </Polygon>
    </Placemark>
    <Placemark>
      <description><![CDATA[LIMITES_TRACKER<BR><BR><B>ELEVATION</B> = 0]]></description>
      <styleUrl>#area4</styleUrl>
      <Polygon>
        <altitudeMode>relativeToGround</altitudeMode>
        <extrude>1</extrude>
        <outerBoundaryIs>
          <LinearRing>
            <coordinates>
              -70.8351725199,-33.1184568677,0
              -70.8351461107,-33.1184572568,0
              -70.8351352294,-33.1179341917,0
              -70.8351616384,-33.1179338026,0
              -70.8351725199,-33.1184568677,0
            </coordinates>
          </LinearRing>
        </outerBoundaryIs>
      </Polygon>
    </Placemark>
    <Placemark>
      <description><![CDATA[LIMITES_TRACKER<BR><BR><B>ELEVATION</B> = 0]]></description>
      <styleUrl>#area4</styleUrl>
      <Polygon>
        <altitudeMode>relativeToGround</altitudeMode>
        <extrude>1</extrude>
        <outerBoundaryIs>
          <LinearRing>
            <coordinates>
              -70.8350982140,-33.1179347370,0
              -70.8351090950,-33.1184578020,0
              -70.8350826859,-33.1184581911,0
              -70.8350718050,-33.1179351260,0
              -70.8350982140,-33.1179347370,0
            </coordinates>
          </LinearRing>
        </outerBoundaryIs>
      </Polygon>
    </Placemark>
    <Placemark>
      <description><![CDATA[LIMITES_TRACKER<BR><BR><B>ELEVATION</B> = 0]]></description>
      <styleUrl>#area4</styleUrl>
      <Polygon>
        <altitudeMode>relativeToGround</altitudeMode>
        <extrude>1</extrude>
        <outerBoundaryIs>
          <LinearRing>
            <coordinates>
              -70.8352993696,-33.1184549990,0
              -70.8352729604,-33.1184553880,0
              -70.8352620783,-33.1179323230,0
              -70.8352884873,-33.1179319339,0
              -70.8352993696,-33.1184549990,0
            </coordinates>
          </LinearRing>
        </outerBoundaryIs>
      </Polygon>
    </Placemark>
    <Placemark>
      <description><![CDATA[LIMITES_TRACKER<BR><BR><B>ELEVATION</B> = 0]]></description>
      <styleUrl>#area4</styleUrl>
      <Polygon>
        <altitudeMode>relativeToGround</altitudeMode>
        <extrude>1</extrude>
        <outerBoundaryIs>
          <LinearRing>
            <coordinates>
              -70.8352250629,-33.1179328683,0
              -70.8352359447,-33.1184559333,0
              -70.8352095356,-33.1184563224,0
              -70.8351986539,-33.1179332573,0
              -70.8352250629,-33.1179328683,0
            </coordinates>
          </LinearRing>
        </outerBoundaryIs>
      </Polygon>
    </Placemark>
    <Placemark>
      <description><![CDATA[LIMITES_TRACKER<BR><BR><B>ELEVATION</B> = 0]]></description>
      <styleUrl>#area4</styleUrl>
      <Polygon>
        <altitudeMode>relativeToGround</altitudeMode>
        <extrude>1</extrude>
        <outerBoundaryIs>
          <LinearRing>
            <coordinates>
              -70.8354262192,-33.1184531301,0
              -70.8353998101,-33.1184535192,0
              -70.8353889272,-33.1179304542,0
              -70.8354153362,-33.1179300651,0
              -70.8354262192,-33.1184531301,0
            </coordinates>
          </LinearRing>
        </outerBoundaryIs>
      </Polygon>
    </Placemark>
    <Placemark>
      <description><![CDATA[LIMITES_TRACKER<BR><BR><B>ELEVATION</B> = 0]]></description>
      <styleUrl>#area4</styleUrl>
      <Polygon>
        <altitudeMode>relativeToGround</altitudeMode>
        <extrude>1</extrude>
        <outerBoundaryIs>
          <LinearRing>
            <coordinates>
              -70.8353519118,-33.1179309995,0
              -70.8353627944,-33.1184540645,0
              -70.8353363852,-33.1184544536,0
              -70.8353255028,-33.1179313886,0
              -70.8353519118,-33.1179309995,0
            </coordinates>
          </LinearRing>
        </outerBoundaryIs>
      </Polygon>
    </Placemark>
    <Placemark>
      <description><![CDATA[LIMITES_TRACKER<BR><BR><B>ELEVATION</B> = 0]]></description>
      <styleUrl>#area4</styleUrl>
      <Polygon>
        <altitudeMode>relativeToGround</altitudeMode>
        <extrude>1</extrude>
        <outerBoundaryIs>
          <LinearRing>
            <coordinates>
              -70.8355530688,-33.1184512611,0
              -70.8355266597,-33.1184516502,0
              -70.8355157761,-33.1179285852,0
              -70.8355421851,-33.1179281961,0
              -70.8355530688,-33.1184512611,0
            </coordinates>
          </LinearRing>
        </outerBoundaryIs>
      </Polygon>
    </Placemark>
    <Placemark>
      <description><![CDATA[LIMITES_TRACKER<BR><BR><B>ELEVATION</B> = 0]]></description>
      <styleUrl>#area4</styleUrl>
      <Polygon>
        <altitudeMode>relativeToGround</altitudeMode>
        <extrude>1</extrude>
        <outerBoundaryIs>
          <LinearRing>
            <coordinates>
              -70.8354787607,-33.1179291306,0
              -70.8354896440,-33.1184521956,0
              -70.8354632349,-33.1184525847,0
              -70.8354523517,-33.1179295197,0
              -70.8354787607,-33.1179291306,0
            </coordinates>
          </LinearRing>
        </outerBoundaryIs>
      </Polygon>
    </Placemark>
    <Placemark>
      <description><![CDATA[LIMITES_TRACKER<BR><BR><B>ELEVATION</B> = 0]]></description>
      <styleUrl>#area4</styleUrl>
      <Polygon>
        <altitudeMode>relativeToGround</altitudeMode>
        <extrude>1</extrude>
        <outerBoundaryIs>
          <LinearRing>
            <coordinates>
              -70.8356799185,-33.1184493919,0
              -70.8356535093,-33.1184497811,0
              -70.8356426250,-33.1179267161,0
              -70.8356690340,-33.1179263270,0
              -70.8356799185,-33.1184493919,0
            </coordinates>
          </LinearRing>
        </outerBoundaryIs>
      </Polygon>
    </Placemark>
    <Placemark>
      <description><![CDATA[LIMITES_TRACKER<BR><BR><B>ELEVATION</B> = 0]]></description>
      <styleUrl>#area4</styleUrl>
      <Polygon>
        <altitudeMode>relativeToGround</altitudeMode>
        <extrude>1</extrude>
        <outerBoundaryIs>
          <LinearRing>
            <coordinates>
              -70.8356056096,-33.1179272616,0
              -70.8356164937,-33.1184503265,0
              -70.8355900845,-33.1184507156,0
              -70.8355792006,-33.1179276507,0
              -70.8356056096,-33.1179272616,0
            </coordinates>
          </LinearRing>
        </outerBoundaryIs>
      </Polygon>
    </Placemark>
    <Placemark>
      <description><![CDATA[LIMITES_TRACKER<BR><BR><B>ELEVATION</B> = 0]]></description>
      <styleUrl>#area4</styleUrl>
      <Polygon>
        <altitudeMode>relativeToGround</altitudeMode>
        <extrude>1</extrude>
        <outerBoundaryIs>
          <LinearRing>
            <coordinates>
              -70.8358067681,-33.1184475226,0
              -70.8357803589,-33.1184479118,0
              -70.8357694739,-33.1179248469,0
              -70.8357958829,-33.1179244578,0
              -70.8358067681,-33.1184475226,0
            </coordinates>
          </LinearRing>
        </outerBoundaryIs>
      </Polygon>
    </Placemark>
    <Placemark>
      <description><![CDATA[LIMITES_TRACKER<BR><BR><B>ELEVATION</B> = 0]]></description>
      <styleUrl>#area4</styleUrl>
      <Polygon>
        <altitudeMode>relativeToGround</altitudeMode>
        <extrude>1</extrude>
        <outerBoundaryIs>
          <LinearRing>
            <coordinates>
              -70.8357324584,-33.1179253924,0
              -70.8357433433,-33.1184484573,0
              -70.8357169341,-33.1184488465,0
              -70.8357060495,-33.1179257816,0
              -70.8357324584,-33.1179253924,0
            </coordinates>
          </LinearRing>
        </outerBoundaryIs>
      </Polygon>
    </Placemark>
    <Placemark>
      <description><![CDATA[LIMITES_TRACKER<BR><BR><B>ELEVATION</B> = 0]]></description>
      <styleUrl>#area5</styleUrl>
      <Polygon>
        <altitudeMode>relativeToGround</altitudeMode>
        <extrude>1</extrude>
        <outerBoundaryIs>
          <LinearRing>
            <coordinates>
              -70.8359336177,-33.1184456532,0
              -70.8359072086,-33.1184460425,0
              -70.8358963227,-33.1179229776,0
              -70.8359227317,-33.1179225884,0
              -70.8359336177,-33.1184456532,0
            </coordinates>
          </LinearRing>
        </outerBoundaryIs>
      </Polygon>
    </Placemark>
    <Placemark>
      <description><![CDATA[LIMITES_TRACKER<BR><BR><B>ELEVATION</B> = 0]]></description>
      <styleUrl>#area5</styleUrl>
      <Polygon>
        <altitudeMode>relativeToGround</altitudeMode>
        <extrude>1</extrude>
        <outerBoundaryIs>
          <LinearRing>
            <coordinates>
              -70.8358593073,-33.1179235231,0
              -70.8358701929,-33.1184465880,0
              -70.8358437838,-33.1184469772,0
              -70.8358328983,-33.1179239123,0
              -70.8358593073,-33.1179235231,0
            </coordinates>
          </LinearRing>
        </outerBoundaryIs>
      </Polygon>
    </Placemark>
    <Placemark>
      <description><![CDATA[LIMITES_TRACKER<BR><BR><B>ELEVATION</B> = 0]]></description>
      <styleUrl>#area1</styleUrl>
      <Polygon>
        <altitudeMode>relativeToGround</altitudeMode>
        <extrude>1</extrude>
        <outerBoundaryIs>
          <LinearRing>
            <coordinates>
              -70.8360604673,-33.1184437837,0
              -70.8360340582,-33.1184441730,0
              -70.8360231716,-33.1179211081,0
              -70.8360495806,-33.1179207189,0
              -70.8360604673,-33.1184437837,0
            </coordinates>
          </LinearRing>
        </outerBoundaryIs>
      </Polygon>
    </Placemark>
    <Placemark>
      <description><![CDATA[LIMITES_TRACKER<BR><BR><B>ELEVATION</B> = 0]]></description>
      <styleUrl>#area1</styleUrl>
      <Polygon>
        <altitudeMode>relativeToGround</altitudeMode>
        <extrude>1</extrude>
        <outerBoundaryIs>
          <LinearRing>
            <coordinates>
              -70.8359861562,-33.1179216537,0
              -70.8359970425,-33.1184447185,0
              -70.8359706334,-33.1184451077,0
              -70.8359597472,-33.1179220429,0
              -70.8359861562,-33.1179216537,0
            </coordinates>
          </LinearRing>
        </outerBoundaryIs>
      </Polygon>
    </Placemark>
    <Placemark>
      <description><![CDATA[LIMITES_TRACKER<BR><BR><B>ELEVATION</B> = 0]]></description>
      <styleUrl>#area1</styleUrl>
      <Polygon>
        <altitudeMode>relativeToGround</altitudeMode>
        <extrude>1</extrude>
        <outerBoundaryIs>
          <LinearRing>
            <coordinates>
              -70.8344223926,-33.1189956505,0
              -70.8343959833,-33.1189960394,0
              -70.8343851062,-33.1184729742,0
              -70.8344115154,-33.1184725853,0
              -70.8344223926,-33.1189956505,0
            </coordinates>
          </LinearRing>
        </outerBoundaryIs>
      </Polygon>
    </Placemark>
    <Placemark>
      <description><![CDATA[LIMITES_TRACKER<BR><BR><B>ELEVATION</B> = 0]]></description>
      <styleUrl>#area1</styleUrl>
      <Polygon>
        <altitudeMode>relativeToGround</altitudeMode>
        <extrude>1</extrude>
        <outerBoundaryIs>
          <LinearRing>
            <coordinates>
              -70.8343480905,-33.1184735192,0
              -70.8343589674,-33.1189965845,0
              -70.8343325580,-33.1189969734,0
              -70.8343216813,-33.1184739081,0
              -70.8343480905,-33.1184735192,0
            </coordinates>
          </LinearRing>
        </outerBoundaryIs>
      </Polygon>
    </Placemark>
    <Placemark>
      <description><![CDATA[LIMITES_TRACKER<BR><BR><B>ELEVATION</B> = 0]]></description>
      <styleUrl>#area2</styleUrl>
      <Polygon>
        <altitudeMode>relativeToGround</altitudeMode>
        <extrude>1</extrude>
        <outerBoundaryIs>
          <LinearRing>
            <coordinates>
              -70.8345492431,-33.1189937825,0
              -70.8345228338,-33.1189941714,0
              -70.8345119560,-33.1184711062,0
              -70.8345383651,-33.1184707173,0
              -70.8345492431,-33.1189937825,0
            </coordinates>
          </LinearRing>
        </outerBoundaryIs>
      </Polygon>
    </Placemark>
    <Placemark>
      <description><![CDATA[LIMITES_TRACKER<BR><BR><B>ELEVATION</B> = 0]]></description>
      <styleUrl>#area2</styleUrl>
      <Polygon>
        <altitudeMode>relativeToGround</altitudeMode>
        <extrude>1</extrude>
        <outerBoundaryIs>
          <LinearRing>
            <coordinates>
              -70.8344749403,-33.1184716513,0
              -70.8344858179,-33.1189947166,0
              -70.8344594085,-33.1189951055,0
              -70.8344485311,-33.1184720402,0
              -70.8344749403,-33.1184716513,0
            </coordinates>
          </LinearRing>
        </outerBoundaryIs>
      </Polygon>
    </Placemark>
    <Placemark>
      <description><![CDATA[LIMITES_TRACKER<BR><BR><B>ELEVATION</B> = 0]]></description>
      <styleUrl>#area2</styleUrl>
      <Polygon>
        <altitudeMode>relativeToGround</altitudeMode>
        <extrude>1</extrude>
        <outerBoundaryIs>
          <LinearRing>
            <coordinates>
              -70.8346760936,-33.1189919144,0
              -70.8346496843,-33.1189923033,0
              -70.8346388057,-33.1184692382,0
              -70.8346652149,-33.1184688492,0
              -70.8346760936,-33.1189919144,0
            </coordinates>
          </LinearRing>
        </outerBoundaryIs>
      </Polygon>
    </Placemark>
    <Placemark>
      <description><![CDATA[LIMITES_TRACKER<BR><BR><B>ELEVATION</B> = 0]]></description>
      <styleUrl>#area2</styleUrl>
      <Polygon>
        <altitudeMode>relativeToGround</altitudeMode>
        <extrude>1</extrude>
        <outerBoundaryIs>
          <LinearRing>
            <coordinates>
              -70.8346017900,-33.1184697833,0
              -70.8346126684,-33.1189928485,0
              -70.8345862590,-33.1189932374,0
              -70.8345753808,-33.1184701722,0
              -70.8346017900,-33.1184697833,0
            </coordinates>
          </LinearRing>
        </outerBoundaryIs>
      </Polygon>
    </Placemark>
    <Placemark>
      <description><![CDATA[LIMITES_TRACKER<BR><BR><B>ELEVATION</B> = 0]]></description>
      <styleUrl>#area2</styleUrl>
      <Polygon>
        <altitudeMode>relativeToGround</altitudeMode>
        <extrude>1</extrude>
        <outerBoundaryIs>
          <LinearRing>
            <coordinates>
              -70.8348029441,-33.1189900461,0
              -70.8347765348,-33.1189904351,0
              -70.8347656554,-33.1184673699,0
              -70.8347920646,-33.1184669810,0
              -70.8348029441,-33.1189900461,0
            </coordinates>
          </LinearRing>
        </outerBoundaryIs>
      </Polygon>
    </Placemark>
    <Placemark>
      <description><![CDATA[LIMITES_TRACKER<BR><BR><B>ELEVATION</B> = 0]]></description>
      <styleUrl>#area2</styleUrl>
      <Polygon>
        <altitudeMode>relativeToGround</altitudeMode>
        <extrude>1</extrude>
        <outerBoundaryIs>
          <LinearRing>
            <coordinates>
              -70.8347286397,-33.1184679151,0
              -70.8347395188,-33.1189909803,0
              -70.8347131095,-33.1189913692,0
              -70.8347022306,-33.1184683041,0
              -70.8347286397,-33.1184679151,0
            </coordinates>
          </LinearRing>
        </outerBoundaryIs>
      </Polygon>
    </Placemark>
    <Placemark>
      <description><![CDATA[LIMITES_TRACKER<BR><BR><B>ELEVATION</B> = 0]]></description>
      <styleUrl>#area2</styleUrl>
      <Polygon>
        <altitudeMode>relativeToGround</altitudeMode>
        <extrude>1</extrude>
        <outerBoundaryIs>
          <LinearRing>
            <coordinates>
              -70.8349297945,-33.1189881777,0
              -70.8349033852,-33.1189885667,0
              -70.8348925051,-33.1184655016,0
              -70.8349189143,-33.1184651126,0
              -70.8349297945,-33.1189881777,0
            </coordinates>
          </LinearRing>
        </outerBoundaryIs>
      </Polygon>
    </Placemark>
    <Placemark>
      <description><![CDATA[LIMITES_TRACKER<BR><BR><B>ELEVATION</B> = 0]]></description>
      <styleUrl>#area2</styleUrl>
      <Polygon>
        <altitudeMode>relativeToGround</altitudeMode>
        <extrude>1</extrude>
        <outerBoundaryIs>
          <LinearRing>
            <coordinates>
              -70.8348554894,-33.1184660468,0
              -70.8348663693,-33.1189891119,0
              -70.8348399600,-33.1189895009,0
              -70.8348290803,-33.1184664358,0
              -70.8348554894,-33.1184660468,0
            </coordinates>
          </LinearRing>
        </outerBoundaryIs>
      </Polygon>
    </Placemark>
    <Placemark>
      <description><![CDATA[LIMITES_TRACKER<BR><BR><B>ELEVATION</B> = 0]]></description>
      <styleUrl>#area2</styleUrl>
      <Polygon>
        <altitudeMode>relativeToGround</altitudeMode>
        <extrude>1</extrude>
        <outerBoundaryIs>
          <LinearRing>
            <coordinates>
              -70.8350566450,-33.1189863092,0
              -70.8350302357,-33.1189866982,0
              -70.8350193548,-33.1184636331,0
              -70.8350457640,-33.1184632441,0
              -70.8350566450,-33.1189863092,0
            </coordinates>
          </LinearRing>
        </outerBoundaryIs>
      </Polygon>
    </Placemark>
    <Placemark>
      <description><![CDATA[LIMITES_TRACKER<BR><BR><B>ELEVATION</B> = 0]]></description>
      <styleUrl>#area2</styleUrl>
      <Polygon>
        <altitudeMode>relativeToGround</altitudeMode>
        <extrude>1</extrude>
        <outerBoundaryIs>
          <LinearRing>
            <coordinates>
              -70.8349823391,-33.1184641784,0
              -70.8349932198,-33.1189872435,0
              -70.8349668104,-33.1189876325,0
              -70.8349559300,-33.1184645674,0
              -70.8349823391,-33.1184641784,0
            </coordinates>
          </LinearRing>
        </outerBoundaryIs>
      </Polygon>
    </Placemark>
    <Placemark>
      <description><![CDATA[LIMITES_TRACKER<BR><BR><B>ELEVATION</B> = 0]]></description>
      <styleUrl>#area3</styleUrl>
      <Polygon>
        <altitudeMode>relativeToGround</altitudeMode>
        <extrude>1</extrude>
        <outerBoundaryIs>
          <LinearRing>
            <coordinates>
              -70.8351834954,-33.1189844405,0
              -70.8351570861,-33.1189848296,0
              -70.8351462045,-33.1184617645,0
              -70.8351726137,-33.1184613755,0
              -70.8351834954,-33.1189844405,0
            </coordinates>
          </LinearRing>
        </outerBoundaryIs>
      </Polygon>
    </Placemark>
    <Placemark>
      <description><![CDATA[LIMITES_TRACKER<BR><BR><B>ELEVATION</B> = 0]]></description>
      <styleUrl>#area3</styleUrl>
      <Polygon>
        <altitudeMode>relativeToGround</altitudeMode>
        <extrude>1</extrude>
        <outerBoundaryIs>
          <LinearRing>
            <coordinates>
              -70.8351091888,-33.1184623098,0
              -70.8351200702,-33.1189853749,0
              -70.8350936609,-33.1189857639,0
              -70.8350827797,-33.1184626988,0
              -70.8351091888,-33.1184623098,0
            </coordinates>
          </LinearRing>
        </outerBoundaryIs>
      </Polygon>
    </Placemark>
    <Placemark>
      <description><![CDATA[LIMITES_TRACKER<BR><BR><B>ELEVATION</B> = 0]]></description>
      <styleUrl>#area3</styleUrl>
      <Polygon>
        <altitudeMode>relativeToGround</altitudeMode>
        <extrude>1</extrude>
        <outerBoundaryIs>
          <LinearRing>
            <coordinates>
              -70.8353103458,-33.1189825717,0
              -70.8352839365,-33.1189829608,0
              -70.8352730542,-33.1184598958,0
              -70.8352994633,-33.1184595067,0
              -70.8353103458,-33.1189825717,0
            </coordinates>
          </LinearRing>
        </outerBoundaryIs>
      </Polygon>
    </Placemark>
    <Placemark>
      <description><![CDATA[LIMITES_TRACKER<BR><BR><B>ELEVATION</B> = 0]]></description>
      <styleUrl>#area3</styleUrl>
      <Polygon>
        <altitudeMode>relativeToGround</altitudeMode>
        <extrude>1</extrude>
        <outerBoundaryIs>
          <LinearRing>
            <coordinates>
              -70.8352360385,-33.1184604411,0
              -70.8352469206,-33.1189835061,0
              -70.8352205113,-33.1189838952,0
              -70.8352096293,-33.1184608302,0
              -70.8352360385,-33.1184604411,0
            </coordinates>
          </LinearRing>
        </outerBoundaryIs>
      </Polygon>
    </Placemark>
    <Placemark>
      <description><![CDATA[LIMITES_TRACKER<BR><BR><B>ELEVATION</B> = 0]]></description>
      <styleUrl>#area3</styleUrl>
      <Polygon>
        <altitudeMode>relativeToGround</altitudeMode>
        <extrude>1</extrude>
        <outerBoundaryIs>
          <LinearRing>
            <coordinates>
              -70.8354371962,-33.1189807028,0
              -70.8354107869,-33.1189810919,0
              -70.8353999038,-33.1184580269,0
              -70.8354263130,-33.1184576379,0
              -70.8354371962,-33.1189807028,0
            </coordinates>
          </LinearRing>
        </outerBoundaryIs>
      </Polygon>
    </Placemark>
    <Placemark>
      <description><![CDATA[LIMITES_TRACKER<BR><BR><B>ELEVATION</B> = 0]]></description>
      <styleUrl>#area3</styleUrl>
      <Polygon>
        <altitudeMode>relativeToGround</altitudeMode>
        <extrude>1</extrude>
        <outerBoundaryIs>
          <LinearRing>
            <coordinates>
              -70.8353628882,-33.1184585723,0
              -70.8353737710,-33.1189816373,0
              -70.8353473617,-33.1189820264,0
              -70.8353364790,-33.1184589614,0
              -70.8353628882,-33.1184585723,0
            </coordinates>
          </LinearRing>
        </outerBoundaryIs>
      </Polygon>
    </Placemark>
    <Placemark>
      <description><![CDATA[LIMITES_TRACKER<BR><BR><B>ELEVATION</B> = 0]]></description>
      <styleUrl>#area3</styleUrl>
      <Polygon>
        <altitudeMode>relativeToGround</altitudeMode>
        <extrude>1</extrude>
        <outerBoundaryIs>
          <LinearRing>
            <coordinates>
              -70.8355640466,-33.1189788337,0
              -70.8355376373,-33.1189792229,0
              -70.8355267535,-33.1184561580,0
              -70.8355531626,-33.1184557688,0
              -70.8355640466,-33.1189788337,0
            </coordinates>
          </LinearRing>
        </outerBoundaryIs>
      </Polygon>
    </Placemark>
    <Placemark>
      <description><![CDATA[LIMITES_TRACKER<BR><BR><B>ELEVATION</B> = 0]]></description>
      <styleUrl>#area3</styleUrl>
      <Polygon>
        <altitudeMode>relativeToGround</altitudeMode>
        <extrude>1</extrude>
        <outerBoundaryIs>
          <LinearRing>
            <coordinates>
              -70.8354897378,-33.1184567034,0
              -70.8355006214,-33.1189797683,0
              -70.8354742121,-33.1189801574,0
              -70.8354633287,-33.1184570925,0
              -70.8354897378,-33.1184567034,0
            </coordinates>
          </LinearRing>
        </outerBoundaryIs>
      </Polygon>
    </Placemark>
    <Placemark>
      <description><![CDATA[LIMITES_TRACKER<BR><BR><B>ELEVATION</B> = 0]]></description>
      <styleUrl>#area3</styleUrl>
      <Polygon>
        <altitudeMode>relativeToGround</altitudeMode>
        <extrude>1</extrude>
        <outerBoundaryIs>
          <LinearRing>
            <coordinates>
              -70.8356908970,-33.1189769646,0
              -70.8356644877,-33.1189773537,0
              -70.8356536031,-33.1184542888,0
              -70.8356800123,-33.1184538997,0
              -70.8356908970,-33.1189769646,0
            </coordinates>
          </LinearRing>
        </outerBoundaryIs>
      </Polygon>
    </Placemark>
    <Placemark>
      <description><![CDATA[LIMITES_TRACKER<BR><BR><B>ELEVATION</B> = 0]]></description>
      <styleUrl>#area3</styleUrl>
      <Polygon>
        <altitudeMode>relativeToGround</altitudeMode>
        <extrude>1</extrude>
        <outerBoundaryIs>
          <LinearRing>
            <coordinates>
              -70.8356165875,-33.1184548343,0
              -70.8356274718,-33.1189778992,0
              -70.8356010625,-33.1189782883,0
              -70.8355901783,-33.1184552234,0
              -70.8356165875,-33.1184548343,0
            </coordinates>
          </LinearRing>
        </outerBoundaryIs>
      </Polygon>
    </Placemark>
    <Placemark>
      <description><![CDATA[LIMITES_TRACKER<BR><BR><B>ELEVATION</B> = 0]]></description>
      <styleUrl>#area2</styleUrl>
      <Polygon>
        <altitudeMode>relativeToGround</altitudeMode>
        <extrude>1</extrude>
        <outerBoundaryIs>
          <LinearRing>
            <coordinates>
              -70.8358177474,-33.1189750953,0
              -70.8357913381,-33.1189754844,0
              -70.8357804528,-33.1184524196,0
              -70.8358068619,-33.1184520304,0
              -70.8358177474,-33.1189750953,0
            </coordinates>
          </LinearRing>
        </outerBoundaryIs>
      </Polygon>
    </Placemark>
    <Placemark>
      <description><![CDATA[LIMITES_TRACKER<BR><BR><B>ELEVATION</B> = 0]]></description>
      <styleUrl>#area2</styleUrl>
      <Polygon>
        <altitudeMode>relativeToGround</altitudeMode>
        <extrude>1</extrude>
        <outerBoundaryIs>
          <LinearRing>
            <coordinates>
              -70.8357434371,-33.1184529651,0
              -70.8357543222,-33.1189760299,0
              -70.8357279129,-33.1189764191,0
              -70.8357170279,-33.1184533542,0
              -70.8357434371,-33.1184529651,0
            </coordinates>
          </LinearRing>
        </outerBoundaryIs>
      </Polygon>
    </Placemark>
    <Placemark>
      <description><![CDATA[LIMITES_TRACKER<BR><BR><B>ELEVATION</B> = 0]]></description>
      <styleUrl>#area1</styleUrl>
      <Polygon>
        <altitudeMode>relativeToGround</altitudeMode>
        <extrude>1</extrude>
        <outerBoundaryIs>
          <LinearRing>
            <coordinates>
              -70.8359445978,-33.1189732258,0
              -70.8359181885,-33.1189736150,0
              -70.8359073024,-33.1184505502,0
              -70.8359337115,-33.1184501610,0
              -70.8359445978,-33.1189732258,0
            </coordinates>
          </LinearRing>
        </outerBoundaryIs>
      </Polygon>
    </Placemark>
    <Placemark>
      <description><![CDATA[LIMITES_TRACKER<BR><BR><B>ELEVATION</B> = 0]]></description>
      <styleUrl>#area1</styleUrl>
      <Polygon>
        <altitudeMode>relativeToGround</altitudeMode>
        <extrude>1</extrude>
        <outerBoundaryIs>
          <LinearRing>
            <coordinates>
              -70.8358702867,-33.1184510957,0
              -70.8358811726,-33.1189741606,0
              -70.8358547633,-33.1189745498,0
              -70.8358438776,-33.1184514849,0
              -70.8358702867,-33.1184510957,0
            </coordinates>
          </LinearRing>
        </outerBoundaryIs>
      </Polygon>
    </Placemark>
    <Placemark>
      <description><![CDATA[LIMITES_TRACKER<BR><BR><B>ELEVATION</B> = 0]]></description>
      <styleUrl>#area1</styleUrl>
      <Polygon>
        <altitudeMode>relativeToGround</altitudeMode>
        <extrude>1</extrude>
        <outerBoundaryIs>
          <LinearRing>
            <coordinates>
              -70.8350676200,-33.1195138820,0
              -70.8350412106,-33.1195142710,0
              -70.8350303294,-33.1189912060,0
              -70.8350567388,-33.1189908170,0
              -70.8350676200,-33.1195138820,0
            </coordinates>
          </LinearRing>
        </outerBoundaryIs>
      </Polygon>
    </Placemark>
    <Placemark>
      <description><![CDATA[LIMITES_TRACKER<BR><BR><B>ELEVATION</B> = 0]]></description>
      <styleUrl>#area1</styleUrl>
      <Polygon>
        <altitudeMode>relativeToGround</altitudeMode>
        <extrude>1</extrude>
        <outerBoundaryIs>
          <LinearRing>
            <coordinates>
              -70.8349933135,-33.1189917512,0
              -70.8350041944,-33.1195148163,0
              -70.8349777850,-33.1195152053,0
              -70.8349669042,-33.1189921402,0
              -70.8349933135,-33.1189917512,0
            </coordinates>
          </LinearRing>
        </outerBoundaryIs>
      </Polygon>
    </Placemark>
    <Placemark>
      <description><![CDATA[LIMITES_TRACKER<BR><BR><B>ELEVATION</B> = 0]]></description>
      <styleUrl>#area2</styleUrl>
      <Polygon>
        <altitudeMode>relativeToGround</altitudeMode>
        <extrude>1</extrude>
        <outerBoundaryIs>
          <LinearRing>
            <coordinates>
              -70.8351944712,-33.1195120133,0
              -70.8351680617,-33.1195124023,0
              -70.8351571799,-33.1189893373,0
              -70.8351835892,-33.1189889483,0
              -70.8351944712,-33.1195120133,0
            </coordinates>
          </LinearRing>
        </outerBoundaryIs>
      </Polygon>
    </Placemark>
    <Placemark>
      <description><![CDATA[LIMITES_TRACKER<BR><BR><B>ELEVATION</B> = 0]]></description>
      <styleUrl>#area2</styleUrl>
      <Polygon>
        <altitudeMode>relativeToGround</altitudeMode>
        <extrude>1</extrude>
        <outerBoundaryIs>
          <LinearRing>
            <coordinates>
              -70.8351201640,-33.1189898826,0
              -70.8351310456,-33.1195129476,0
              -70.8351046362,-33.1195133367,0
              -70.8350937547,-33.1189902717,0
              -70.8351201640,-33.1189898826,0
            </coordinates>
          </LinearRing>
        </outerBoundaryIs>
      </Polygon>
    </Placemark>
    <Placemark>
      <description><![CDATA[LIMITES_TRACKER<BR><BR><B>ELEVATION</B> = 0]]></description>
      <styleUrl>#area2</styleUrl>
      <Polygon>
        <altitudeMode>relativeToGround</altitudeMode>
        <extrude>1</extrude>
        <outerBoundaryIs>
          <LinearRing>
            <coordinates>
              -70.8353213224,-33.1195101444,0
              -70.8352949129,-33.1195105335,0
              -70.8352840303,-33.1189874686,0
              -70.8353104396,-33.1189870795,0
              -70.8353213224,-33.1195101444,0
            </coordinates>
          </LinearRing>
        </outerBoundaryIs>
      </Polygon>
    </Placemark>
    <Placemark>
      <description><![CDATA[LIMITES_TRACKER<BR><BR><B>ELEVATION</B> = 0]]></description>
      <styleUrl>#area2</styleUrl>
      <Polygon>
        <altitudeMode>relativeToGround</altitudeMode>
        <extrude>1</extrude>
        <outerBoundaryIs>
          <LinearRing>
            <coordinates>
              -70.8352470144,-33.1189880139,0
              -70.8352578968,-33.1195110789,0
              -70.8352314873,-33.1195114679,0
              -70.8352206051,-33.1189884030,0
              -70.8352470144,-33.1189880139,0
            </coordinates>
          </LinearRing>
        </outerBoundaryIs>
      </Polygon>
    </Placemark>
    <Placemark>
      <description><![CDATA[LIMITES_TRACKER<BR><BR><B>ELEVATION</B> = 0]]></description>
      <styleUrl>#area2</styleUrl>
      <Polygon>
        <altitudeMode>relativeToGround</altitudeMode>
        <extrude>1</extrude>
        <outerBoundaryIs>
          <LinearRing>
            <coordinates>
              -70.8354481736,-33.1195082755,0
              -70.8354217641,-33.1195086646,0
              -70.8354108807,-33.1189855997,0
              -70.8354372900,-33.1189852106,0
              -70.8354481736,-33.1195082755,0
            </coordinates>
          </LinearRing>
        </outerBoundaryIs>
      </Polygon>
    </Placemark>
    <Placemark>
      <description><![CDATA[LIMITES_TRACKER<BR><BR><B>ELEVATION</B> = 0]]></description>
      <styleUrl>#area2</styleUrl>
      <Polygon>
        <altitudeMode>relativeToGround</altitudeMode>
        <extrude>1</extrude>
        <outerBoundaryIs>
          <LinearRing>
            <coordinates>
              -70.8353738648,-33.1189861451,0
              -70.8353847480,-33.1195092100,0
              -70.8353583385,-33.1195095991,0
              -70.8353474555,-33.1189865341,0
              -70.8353738648,-33.1189861451,0
            </coordinates>
          </LinearRing>
        </outerBoundaryIs>
      </Polygon>
    </Placemark>
    <Placemark>
      <description><![CDATA[LIMITES_TRACKER<BR><BR><B>ELEVATION</B> = 0]]></description>
      <styleUrl>#area2</styleUrl>
      <Polygon>
        <altitudeMode>relativeToGround</altitudeMode>
        <extrude>1</extrude>
        <outerBoundaryIs>
          <LinearRing>
            <coordinates>
              -70.8355750247,-33.1195064064,0
              -70.8355486153,-33.1195067955,0
              -70.8355377311,-33.1189837307,0
              -70.8355641404,-33.1189833415,0
              -70.8355750247,-33.1195064064,0
            </coordinates>
          </LinearRing>
        </outerBoundaryIs>
      </Polygon>
    </Placemark>
    <Placemark>
      <description><![CDATA[LIMITES_TRACKER<BR><BR><B>ELEVATION</B> = 0]]></description>
      <styleUrl>#area2</styleUrl>
      <Polygon>
        <altitudeMode>relativeToGround</altitudeMode>
        <extrude>1</extrude>
        <outerBoundaryIs>
          <LinearRing>
            <coordinates>
              -70.8355007152,-33.1189842761,0
              -70.8355115992,-33.1195073409,0
              -70.8354851897,-33.1195077301,0
              -70.8354743059,-33.1189846652,0
              -70.8355007152,-33.1189842761,0
            </coordinates>
          </LinearRing>
        </outerBoundaryIs>
      </Polygon>
    </Placemark>
    <Placemark>
      <description><![CDATA[LIMITES_TRACKER<BR><BR><B>ELEVATION</B> = 0]]></description>
      <styleUrl>#area2</styleUrl>
      <Polygon>
        <altitudeMode>relativeToGround</altitudeMode>
        <extrude>1</extrude>
        <outerBoundaryIs>
          <LinearRing>
            <coordinates>
              -70.8357018759,-33.1195045372,0
              -70.8356754664,-33.1195049263,0
              -70.8356645815,-33.1189818615,0
              -70.8356909908,-33.1189814723,0
              -70.8357018759,-33.1195045372,0
            </coordinates>
          </LinearRing>
        </outerBoundaryIs>
      </Polygon>
    </Placemark>
    <Placemark>
      <description><![CDATA[LIMITES_TRACKER<BR><BR><B>ELEVATION</B> = 0]]></description>
      <styleUrl>#area2</styleUrl>
      <Polygon>
        <altitudeMode>relativeToGround</altitudeMode>
        <extrude>1</extrude>
        <outerBoundaryIs>
          <LinearRing>
            <coordinates>
              -70.8356275656,-33.1189824070,0
              -70.8356384503,-33.1195054718,0
              -70.8356120408,-33.1195058609,0
              -70.8356011563,-33.1189827961,0
              -70.8356275656,-33.1189824070,0
            </coordinates>
          </LinearRing>
        </outerBoundaryIs>
      </Polygon>
    </Placemark>
    <Placemark>
      <description><![CDATA[LIMITES_TRACKER<BR><BR><B>ELEVATION</B> = 0]]></description>
      <styleUrl>#area1</styleUrl>
      <Polygon>
        <altitudeMode>relativeToGround</altitudeMode>
        <extrude>1</extrude>
        <outerBoundaryIs>
          <LinearRing>
            <coordinates>
              -70.8358287270,-33.1195026678,0
              -70.8358023175,-33.1195030570,0
              -70.8357914319,-33.1189799922,0
              -70.8358178412,-33.1189796030,0
              -70.8358287270,-33.1195026678,0
            </coordinates>
          </LinearRing>
        </outerBoundaryIs>
      </Polygon>
    </Placemark>
    <Placemark>
      <description><![CDATA[LIMITES_TRACKER<BR><BR><B>ELEVATION</B> = 0]]></description>
      <styleUrl>#area1</styleUrl>
      <Polygon>
        <altitudeMode>relativeToGround</altitudeMode>
        <extrude>1</extrude>
        <outerBoundaryIs>
          <LinearRing>
            <coordinates>
              -70.8357544160,-33.1189805377,0
              -70.8357653014,-33.1195036025,0
              -70.8357388920,-33.1195039917,0
              -70.8357280067,-33.1189809269,0
              -70.8357544160,-33.1189805377,0
            </coordinates>
          </LinearRing>
        </outerBoundaryIs>
      </Polygon>
    </Placemark>
    <Placemark>
      <description><![CDATA[LIMITES_TRACKER<BR><BR><B>ELEVATION</B> = 0]]></description>
      <styleUrl>#area5</styleUrl>
      <Polygon>
        <altitudeMode>relativeToGround</altitudeMode>
        <extrude>1</extrude>
        <outerBoundaryIs>
          <LinearRing>
            <coordinates>
              -70.8340193417,-33.1179190608,0
              -70.8339929326,-33.1179194496,0
              -70.8339820584,-33.1173963841,0
              -70.8340084672,-33.1173959953,0
              -70.8340193417,-33.1179190608,0
            </coordinates>
          </LinearRing>
        </outerBoundaryIs>
      </Polygon>
    </Placemark>
    <Placemark>
      <description><![CDATA[LIMITES_TRACKER<BR><BR><B>ELEVATION</B> = 0]]></description>
      <styleUrl>#area5</styleUrl>
      <Polygon>
        <altitudeMode>relativeToGround</altitudeMode>
        <extrude>1</extrude>
        <outerBoundaryIs>
          <LinearRing>
            <coordinates>
              -70.8339450431,-33.1173969291,0
              -70.8339559172,-33.1179199945,0
              -70.8339295081,-33.1179203833,0
              -70.8339186343,-33.1173973178,0
              -70.8339450431,-33.1173969291,0
            </coordinates>
          </LinearRing>
        </outerBoundaryIs>
      </Polygon>
    </Placemark>
    <Placemark>
      <description><![CDATA[LIMITES_TRACKER<BR><BR><B>ELEVATION</B> = 0]]></description>
      <styleUrl>#area5</styleUrl>
      <Polygon>
        <altitudeMode>relativeToGround</altitudeMode>
        <extrude>1</extrude>
        <outerBoundaryIs>
          <LinearRing>
            <coordinates>
              -70.8341461906,-33.1179171932,0
              -70.8341197816,-33.1179175821,0
              -70.8341089066,-33.1173945166,0
              -70.8341353155,-33.1173941278,0
              -70.8341461906,-33.1179171932,0
            </coordinates>
          </LinearRing>
        </outerBoundaryIs>
      </Polygon>
    </Placemark>
    <Placemark>
      <description><![CDATA[LIMITES_TRACKER<BR><BR><B>ELEVATION</B> = 0]]></description>
      <styleUrl>#area5</styleUrl>
      <Polygon>
        <altitudeMode>relativeToGround</altitudeMode>
        <extrude>1</extrude>
        <outerBoundaryIs>
          <LinearRing>
            <coordinates>
              -70.8340718914,-33.1173950616,0
              -70.8340827661,-33.1179181270,0
              -70.8340563571,-33.1179185158,0
              -70.8340454825,-33.1173954504,0
              -70.8340718914,-33.1173950616,0
            </coordinates>
          </LinearRing>
        </outerBoundaryIs>
      </Polygon>
    </Placemark>
    <Placemark>
      <description><![CDATA[LIMITES_TRACKER<BR><BR><B>ELEVATION</B> = 0]]></description>
      <styleUrl>#area5</styleUrl>
      <Polygon>
        <altitudeMode>relativeToGround</altitudeMode>
        <extrude>1</extrude>
        <outerBoundaryIs>
          <LinearRing>
            <coordinates>
              -70.8342730396,-33.1179153256,0
              -70.8342466306,-33.1179157144,0
              -70.8342357548,-33.1173926490,0
              -70.8342621637,-33.1173922602,0
              -70.8342730396,-33.1179153256,0
            </coordinates>
          </LinearRing>
        </outerBoundaryIs>
      </Polygon>
    </Placemark>
    <Placemark>
      <description><![CDATA[LIMITES_TRACKER<BR><BR><B>ELEVATION</B> = 0]]></description>
      <styleUrl>#area5</styleUrl>
      <Polygon>
        <altitudeMode>relativeToGround</altitudeMode>
        <extrude>1</extrude>
        <outerBoundaryIs>
          <LinearRing>
            <coordinates>
              -70.8341987396,-33.1173931940,0
              -70.8342096151,-33.1179162594,0
              -70.8341832061,-33.1179166482,0
              -70.8341723307,-33.1173935828,0
              -70.8341987396,-33.1173931940,0
            </coordinates>
          </LinearRing>
        </outerBoundaryIs>
      </Polygon>
    </Placemark>
    <Placemark>
      <description><![CDATA[LIMITES_TRACKER<BR><BR><B>ELEVATION</B> = 0]]></description>
      <styleUrl>#area1</styleUrl>
      <Polygon>
        <altitudeMode>relativeToGround</altitudeMode>
        <extrude>1</extrude>
        <outerBoundaryIs>
          <LinearRing>
            <coordinates>
              -70.8343998885,-33.1179134577,0
              -70.8343734795,-33.1179138466,0
              -70.8343626030,-33.1173907813,0
              -70.8343890119,-33.1173903924,0
              -70.8343998885,-33.1179134577,0
            </coordinates>
          </LinearRing>
        </outerBoundaryIs>
      </Polygon>
    </Placemark>
    <Placemark>
      <description><![CDATA[LIMITES_TRACKER<BR><BR><B>ELEVATION</B> = 0]]></description>
      <styleUrl>#area1</styleUrl>
      <Polygon>
        <altitudeMode>relativeToGround</altitudeMode>
        <extrude>1</extrude>
        <outerBoundaryIs>
          <LinearRing>
            <coordinates>
              -70.8343255878,-33.1173913263,0
              -70.8343364641,-33.1179143917,0
              -70.8343100551,-33.1179147805,0
              -70.8342991789,-33.1173917152,0
              -70.8343255878,-33.1173913263,0
            </coordinates>
          </LinearRing>
        </outerBoundaryIs>
      </Polygon>
    </Placemark>
    <Placemark>
      <description><![CDATA[LIMITES_TRACKER<BR><BR><B>ELEVATION</B> = 0]]></description>
      <styleUrl>#area2</styleUrl>
      <Polygon>
        <altitudeMode>relativeToGround</altitudeMode>
        <extrude>1</extrude>
        <outerBoundaryIs>
          <LinearRing>
            <coordinates>
              -70.8356492818,-33.1129389761,0
              -70.8356228743,-33.1129393652,0
              -70.8356119925,-33.1124162998,0
              -70.8356383998,-33.1124159107,0
              -70.8356492818,-33.1129389761,0
            </coordinates>
          </LinearRing>
        </outerBoundaryIs>
      </Polygon>
    </Placemark>
    <Placemark>
      <description><![CDATA[LIMITES_TRACKER<BR><BR><B>ELEVATION</B> = 0]]></description>
      <styleUrl>#area2</styleUrl>
      <Polygon>
        <altitudeMode>relativeToGround</altitudeMode>
        <extrude>1</extrude>
        <outerBoundaryIs>
          <LinearRing>
            <coordinates>
              -70.8355749793,-33.1124168451,0
              -70.8355858610,-33.1129399105,0
              -70.8355594535,-33.1129402996,0
              -70.8355485720,-33.1124172342,0
              -70.8355749793,-33.1124168451,0
            </coordinates>
          </LinearRing>
        </outerBoundaryIs>
      </Polygon>
    </Placemark>
    <Placemark>
      <description><![CDATA[LIMITES_TRACKER<BR><BR><B>ELEVATION</B> = 0]]></description>
      <styleUrl>#area1</styleUrl>
      <Polygon>
        <altitudeMode>relativeToGround</altitudeMode>
        <extrude>1</extrude>
        <outerBoundaryIs>
          <LinearRing>
            <coordinates>
              -70.8307694608,-33.1159831357,0
              -70.8307430523,-33.1159835238,0
              -70.8307321981,-33.1154604572,0
              -70.8307586064,-33.1154600691,0
              -70.8307694608,-33.1159831357,0
            </coordinates>
          </LinearRing>
        </outerBoundaryIs>
      </Polygon>
    </Placemark>
    <Placemark>
      <description><![CDATA[LIMITES_TRACKER<BR><BR><B>ELEVATION</B> = 0]]></description>
      <styleUrl>#area1</styleUrl>
      <Polygon>
        <altitudeMode>relativeToGround</altitudeMode>
        <extrude>1</extrude>
        <outerBoundaryIs>
          <LinearRing>
            <coordinates>
              -70.8306951836,-33.1154610011,0
              -70.8307060375,-33.1159840677,0
              -70.8306796291,-33.1159844558,0
              -70.8306687753,-33.1154613892,0
              -70.8306951836,-33.1154610011,0
            </coordinates>
          </LinearRing>
        </outerBoundaryIs>
      </Polygon>
    </Placemark>
    <Placemark>
      <description><![CDATA[LIMITES_TRACKER<BR><BR><B>ELEVATION</B> = 0]]></description>
      <styleUrl>#area1</styleUrl>
      <Polygon>
        <altitudeMode>relativeToGround</altitudeMode>
        <extrude>1</extrude>
        <outerBoundaryIs>
          <LinearRing>
            <coordinates>
              -70.8307809702,-33.1165377568,0
              -70.8307545616,-33.1165381449,0
              -70.8307437071,-33.1160150784,0
              -70.8307701156,-33.1160146903,0
              -70.8307809702,-33.1165377568,0
            </coordinates>
          </LinearRing>
        </outerBoundaryIs>
      </Polygon>
    </Placemark>
    <Placemark>
      <description><![CDATA[LIMITES_TRACKER<BR><BR><B>ELEVATION</B> = 0]]></description>
      <styleUrl>#area1</styleUrl>
      <Polygon>
        <altitudeMode>relativeToGround</altitudeMode>
        <extrude>1</extrude>
        <outerBoundaryIs>
          <LinearRing>
            <coordinates>
              -70.8307066923,-33.1160156223,0
              -70.8307175466,-33.1165386888,0
              -70.8306911379,-33.1165390769,0
              -70.8306802838,-33.1160160104,0
              -70.8307066923,-33.1160156223,0
            </coordinates>
          </LinearRing>
        </outerBoundaryIs>
      </Polygon>
    </Placemark>
    <Placemark>
      <description><![CDATA[LIMITES_TRACKER<BR><BR><B>ELEVATION</B> = 0]]></description>
      <styleUrl>#area1</styleUrl>
      <Polygon>
        <altitudeMode>relativeToGround</altitudeMode>
        <extrude>1</extrude>
        <outerBoundaryIs>
          <LinearRing>
            <coordinates>
              -70.8307913574,-33.1170382843,0
              -70.8307649486,-33.1170386724,0
              -70.8307540938,-33.1165156059,0
              -70.8307805025,-33.1165152178,0
              -70.8307913574,-33.1170382843,0
            </coordinates>
          </LinearRing>
        </outerBoundaryIs>
      </Polygon>
    </Placemark>
    <Placemark>
      <description><![CDATA[LIMITES_TRACKER<BR><BR><B>ELEVATION</B> = 0]]></description>
      <styleUrl>#area1</styleUrl>
      <Polygon>
        <altitudeMode>relativeToGround</altitudeMode>
        <extrude>1</extrude>
        <outerBoundaryIs>
          <LinearRing>
            <coordinates>
              -70.8307170789,-33.1165161499,0
              -70.8307279334,-33.1170392163,0
              -70.8307015246,-33.1170396044,0
              -70.8306906702,-33.1165165379,0
              -70.8307170789,-33.1165161499,0
            </coordinates>
          </LinearRing>
        </outerBoundaryIs>
      </Polygon>
    </Placemark>
    <Placemark>
      <description><![CDATA[LIMITES_TRACKER<BR><BR><B>ELEVATION</B> = 0]]></description>
      <styleUrl>#area1</styleUrl>
      <Polygon>
        <altitudeMode>relativeToGround</altitudeMode>
        <extrude>1</extrude>
        <outerBoundaryIs>
          <LinearRing>
            <coordinates>
              -70.8308023061,-33.1175658585,0
              -70.8307758972,-33.1175662466,0
              -70.8307650421,-33.1170431802,0
              -70.8307914509,-33.1170427921,0
              -70.8308023061,-33.1175658585,0
            </coordinates>
          </LinearRing>
        </outerBoundaryIs>
      </Polygon>
    </Placemark>
    <Placemark>
      <description><![CDATA[LIMITES_TRACKER<BR><BR><B>ELEVATION</B> = 0]]></description>
      <styleUrl>#area1</styleUrl>
      <Polygon>
        <altitudeMode>relativeToGround</altitudeMode>
        <extrude>1</extrude>
        <outerBoundaryIs>
          <LinearRing>
            <coordinates>
              -70.8307280270,-33.1170437241,0
              -70.8307388818,-33.1175667906,0
              -70.8307124728,-33.1175671787,0
              -70.8307016182,-33.1170441122,0
              -70.8307280270,-33.1170437241,0
            </coordinates>
          </LinearRing>
        </outerBoundaryIs>
      </Polygon>
    </Placemark>
    <Placemark>
      <description><![CDATA[LIMITES_TRACKER<BR><BR><B>ELEVATION</B> = 0]]></description>
      <styleUrl>#area1</styleUrl>
      <Polygon>
        <altitudeMode>relativeToGround</altitudeMode>
        <extrude>1</extrude>
        <outerBoundaryIs>
          <LinearRing>
            <coordinates>
              -70.8308155940,-33.1182061275,0
              -70.8307891849,-33.1182065156,0
              -70.8307783295,-33.1176834492,0
              -70.8308047385,-33.1176830611,0
              -70.8308155940,-33.1182061275,0
            </coordinates>
          </LinearRing>
        </outerBoundaryIs>
      </Polygon>
    </Placemark>
    <Placemark>
      <description><![CDATA[LIMITES_TRACKER<BR><BR><B>ELEVATION</B> = 0]]></description>
      <styleUrl>#area1</styleUrl>
      <Polygon>
        <altitudeMode>relativeToGround</altitudeMode>
        <extrude>1</extrude>
        <outerBoundaryIs>
          <LinearRing>
            <coordinates>
              -70.8307413140,-33.1176839932,0
              -70.8307521692,-33.1182070596,0
              -70.8307257600,-33.1182074477,0
              -70.8307149050,-33.1176843813,0
              -70.8307413140,-33.1176839932,0
            </coordinates>
          </LinearRing>
        </outerBoundaryIs>
      </Polygon>
    </Placemark>
    <Placemark>
      <description><![CDATA[LIMITES_TRACKER<BR><BR><B>ELEVATION</B> = 0]]></description>
      <styleUrl>#area2</styleUrl>
      <Polygon>
        <altitudeMode>relativeToGround</altitudeMode>
        <extrude>1</extrude>
        <outerBoundaryIs>
          <LinearRing>
            <coordinates>
              -70.8366640151,-33.1129240208,0
              -70.8366376076,-33.1129244101,0
              -70.8366267198,-33.1124013450,0
              -70.8366531271,-33.1124009557,0
              -70.8366640151,-33.1129240208,0
            </coordinates>
          </LinearRing>
        </outerBoundaryIs>
      </Polygon>
    </Placemark>
    <Placemark>
      <description><![CDATA[LIMITES_TRACKER<BR><BR><B>ELEVATION</B> = 0]]></description>
      <styleUrl>#area2</styleUrl>
      <Polygon>
        <altitudeMode>relativeToGround</altitudeMode>
        <extrude>1</extrude>
        <outerBoundaryIs>
          <LinearRing>
            <coordinates>
              -70.8365897067,-33.1124018906,0
              -70.8366005943,-33.1129249557,0
              -70.8365741868,-33.1129253450,0
              -70.8365632993,-33.1124022799,0
              -70.8365897067,-33.1124018906,0
            </coordinates>
          </LinearRing>
        </outerBoundaryIs>
      </Polygon>
    </Placemark>
    <Placemark>
      <description><![CDATA[LIMITES_TRACKER<BR><BR><B>ELEVATION</B> = 0]]></description>
      <styleUrl>#area2</styleUrl>
      <Polygon>
        <altitudeMode>relativeToGround</altitudeMode>
        <extrude>1</extrude>
        <outerBoundaryIs>
          <LinearRing>
            <coordinates>
              -70.8357761235,-33.1129371071,0
              -70.8357497160,-33.1129374963,0
              -70.8357388334,-33.1124144309,0
              -70.8357652408,-33.1124140418,0
              -70.8357761235,-33.1129371071,0
            </coordinates>
          </LinearRing>
        </outerBoundaryIs>
      </Polygon>
    </Placemark>
    <Placemark>
      <description><![CDATA[LIMITES_TRACKER<BR><BR><B>ELEVATION</B> = 0]]></description>
      <styleUrl>#area2</styleUrl>
      <Polygon>
        <altitudeMode>relativeToGround</altitudeMode>
        <extrude>1</extrude>
        <outerBoundaryIs>
          <LinearRing>
            <coordinates>
              -70.8357018203,-33.1124149763,0
              -70.8357127027,-33.1129380416,0
              -70.8356862952,-33.1129384307,0
              -70.8356754130,-33.1124153654,0
              -70.8357018203,-33.1124149763,0
            </coordinates>
          </LinearRing>
        </outerBoundaryIs>
      </Polygon>
    </Placemark>
    <Placemark>
      <description><![CDATA[LIMITES_TRACKER<BR><BR><B>ELEVATION</B> = 0]]></description>
      <styleUrl>#area1</styleUrl>
      <Polygon>
        <altitudeMode>relativeToGround</altitudeMode>
        <extrude>1</extrude>
        <outerBoundaryIs>
          <LinearRing>
            <coordinates>
              -70.8359029652,-33.1129352380,0
              -70.8358765577,-33.1129356272,0
              -70.8358656744,-33.1124125619,0
              -70.8358920817,-33.1124121727,0
              -70.8359029652,-33.1129352380,0
            </coordinates>
          </LinearRing>
        </outerBoundaryIs>
      </Polygon>
    </Placemark>
    <Placemark>
      <description><![CDATA[LIMITES_TRACKER<BR><BR><B>ELEVATION</B> = 0]]></description>
      <styleUrl>#area1</styleUrl>
      <Polygon>
        <altitudeMode>relativeToGround</altitudeMode>
        <extrude>1</extrude>
        <outerBoundaryIs>
          <LinearRing>
            <coordinates>
              -70.8358286612,-33.1124131073,0
              -70.8358395444,-33.1129361726,0
              -70.8358131369,-33.1129365617,0
              -70.8358022539,-33.1124134964,0
              -70.8358286612,-33.1124131073,0
            </coordinates>
          </LinearRing>
        </outerBoundaryIs>
      </Polygon>
    </Placemark>
    <Placemark>
      <description><![CDATA[LIMITES_TRACKER<BR><BR><B>ELEVATION</B> = 0]]></description>
      <styleUrl>#area2</styleUrl>
      <Polygon>
        <altitudeMode>relativeToGround</altitudeMode>
        <extrude>1</extrude>
        <outerBoundaryIs>
          <LinearRing>
            <coordinates>
              -70.8340003387,-33.1129632609,0
              -70.8339739311,-33.1129636497,0
              -70.8339630590,-33.1124405838,0
              -70.8339894664,-33.1124401950,0
              -70.8340003387,-33.1129632609,0
            </coordinates>
          </LinearRing>
        </outerBoundaryIs>
      </Polygon>
    </Placemark>
    <Placemark>
      <description><![CDATA[LIMITES_TRACKER<BR><BR><B>ELEVATION</B> = 0]]></description>
      <styleUrl>#area2</styleUrl>
      <Polygon>
        <altitudeMode>relativeToGround</altitudeMode>
        <extrude>1</extrude>
        <outerBoundaryIs>
          <LinearRing>
            <coordinates>
              -70.8339260459,-33.1124411286,0
              -70.8339369177,-33.1129641945,0
              -70.8339105102,-33.1129645832,0
              -70.8338996385,-33.1124415173,0
              -70.8339260459,-33.1124411286,0
            </coordinates>
          </LinearRing>
        </outerBoundaryIs>
      </Polygon>
    </Placemark>
    <Placemark>
      <description><![CDATA[LIMITES_TRACKER<BR><BR><B>ELEVATION</B> = 0]]></description>
      <styleUrl>#area2</styleUrl>
      <Polygon>
        <altitudeMode>relativeToGround</altitudeMode>
        <extrude>1</extrude>
        <outerBoundaryIs>
          <LinearRing>
            <coordinates>
              -70.8341271805,-33.1129613936,0
              -70.8341007730,-33.1129617824,0
              -70.8340899001,-33.1124387165,0
              -70.8341163075,-33.1124383278,0
              -70.8341271805,-33.1129613936,0
            </coordinates>
          </LinearRing>
        </outerBoundaryIs>
      </Polygon>
    </Placemark>
    <Placemark>
      <description><![CDATA[LIMITES_TRACKER<BR><BR><B>ELEVATION</B> = 0]]></description>
      <styleUrl>#area2</styleUrl>
      <Polygon>
        <altitudeMode>relativeToGround</altitudeMode>
        <extrude>1</extrude>
        <outerBoundaryIs>
          <LinearRing>
            <coordinates>
              -70.8340528870,-33.1124392614,0
              -70.8340637596,-33.1129623273,0
              -70.8340373521,-33.1129627160,0
              -70.8340264796,-33.1124396502,0
              -70.8340528870,-33.1124392614,0
            </coordinates>
          </LinearRing>
        </outerBoundaryIs>
      </Polygon>
    </Placemark>
    <Placemark>
      <description><![CDATA[LIMITES_TRACKER<BR><BR><B>ELEVATION</B> = 0]]></description>
      <styleUrl>#area2</styleUrl>
      <Polygon>
        <altitudeMode>relativeToGround</altitudeMode>
        <extrude>1</extrude>
        <outerBoundaryIs>
          <LinearRing>
            <coordinates>
              -70.8342540223,-33.1129595262,0
              -70.8342276148,-33.1129599150,0
              -70.8342167412,-33.1124368492,0
              -70.8342431486,-33.1124364604,0
              -70.8342540223,-33.1129595262,0
            </coordinates>
          </LinearRing>
        </outerBoundaryIs>
      </Polygon>
    </Placemark>
    <Placemark>
      <description><![CDATA[LIMITES_TRACKER<BR><BR><B>ELEVATION</B> = 0]]></description>
      <styleUrl>#area2</styleUrl>
      <Polygon>
        <altitudeMode>relativeToGround</altitudeMode>
        <extrude>1</extrude>
        <outerBoundaryIs>
          <LinearRing>
            <coordinates>
              -70.8341797281,-33.1124373941,0
              -70.8341906014,-33.1129604599,0
              -70.8341641939,-33.1129608487,0
              -70.8341533207,-33.1124377829,0
              -70.8341797281,-33.1124373941,0
            </coordinates>
          </LinearRing>
        </outerBoundaryIs>
      </Polygon>
    </Placemark>
    <Placemark>
      <description><![CDATA[LIMITES_TRACKER<BR><BR><B>ELEVATION</B> = 0]]></description>
      <styleUrl>#area1</styleUrl>
      <Polygon>
        <altitudeMode>relativeToGround</altitudeMode>
        <extrude>1</extrude>
        <outerBoundaryIs>
          <LinearRing>
            <coordinates>
              -70.8343808642,-33.1129576587,0
              -70.8343544567,-33.1129580475,0
              -70.8343435823,-33.1124349817,0
              -70.8343699897,-33.1124345929,0
              -70.8343808642,-33.1129576587,0
            </coordinates>
          </LinearRing>
        </outerBoundaryIs>
      </Polygon>
    </Placemark>
    <Placemark>
      <description><![CDATA[LIMITES_TRACKER<BR><BR><B>ELEVATION</B> = 0]]></description>
      <styleUrl>#area1</styleUrl>
      <Polygon>
        <altitudeMode>relativeToGround</altitudeMode>
        <extrude>1</extrude>
        <outerBoundaryIs>
          <LinearRing>
            <coordinates>
              -70.8343065691,-33.1124355267,0
              -70.8343174433,-33.1129585924,0
              -70.8342910357,-33.1129589813,0
              -70.8342801618,-33.1124359155,0
              -70.8343065691,-33.1124355267,0
            </coordinates>
          </LinearRing>
        </outerBoundaryIs>
      </Polygon>
    </Placemark>
    <Placemark>
      <description><![CDATA[LIMITES_TRACKER<BR><BR><B>ELEVATION</B> = 0]]></description>
      <styleUrl>#area1</styleUrl>
      <Polygon>
        <altitudeMode>relativeToGround</altitudeMode>
        <extrude>1</extrude>
        <outerBoundaryIs>
          <LinearRing>
            <coordinates>
              -70.8324782355,-33.1129856583,0
              -70.8324518280,-33.1129860467,0
              -70.8324409649,-33.1124629804,0
              -70.8324673723,-33.1124625920,0
              -70.8324782355,-33.1129856583,0
            </coordinates>
          </LinearRing>
        </outerBoundaryIs>
      </Polygon>
    </Placemark>
    <Placemark>
      <description><![CDATA[LIMITES_TRACKER<BR><BR><B>ELEVATION</B> = 0]]></description>
      <styleUrl>#area1</styleUrl>
      <Polygon>
        <altitudeMode>relativeToGround</altitudeMode>
        <extrude>1</extrude>
        <outerBoundaryIs>
          <LinearRing>
            <coordinates>
              -70.8324039517,-33.1124635248,0
              -70.8324148145,-33.1129865911,0
              -70.8323884069,-33.1129869795,0
              -70.8323775443,-33.1124639132,0
              -70.8324039517,-33.1124635248,0
            </coordinates>
          </LinearRing>
        </outerBoundaryIs>
      </Polygon>
    </Placemark>
    <Placemark>
      <description><![CDATA[LIMITES_TRACKER<BR><BR><B>ELEVATION</B> = 0]]></description>
      <styleUrl>#area4</styleUrl>
      <Polygon>
        <altitudeMode>relativeToGround</altitudeMode>
        <extrude>1</extrude>
        <outerBoundaryIs>
          <LinearRing>
            <coordinates>
              -70.8326831154,-33.1164827337,0
              -70.8326567068,-33.1164831222,0
              -70.8326458411,-33.1159600562,0
              -70.8326722495,-33.1159596677,0
              -70.8326831154,-33.1164827337,0
            </coordinates>
          </LinearRing>
        </outerBoundaryIs>
      </Polygon>
    </Placemark>
    <Placemark>
      <description><![CDATA[LIMITES_TRACKER<BR><BR><B>ELEVATION</B> = 0]]></description>
      <styleUrl>#area4</styleUrl>
      <Polygon>
        <altitudeMode>relativeToGround</altitudeMode>
        <extrude>1</extrude>
        <outerBoundaryIs>
          <LinearRing>
            <coordinates>
              -70.8326088264,-33.1159606007,0
              -70.8326196919,-33.1164836667,0
              -70.8325932833,-33.1164840552,0
              -70.8325824179,-33.1159609892,0
              -70.8326088264,-33.1159606007,0
            </coordinates>
          </LinearRing>
        </outerBoundaryIs>
      </Polygon>
    </Placemark>
    <Placemark>
      <description><![CDATA[LIMITES_TRACKER<BR><BR><B>ELEVATION</B> = 0]]></description>
      <styleUrl>#area4</styleUrl>
      <Polygon>
        <altitudeMode>relativeToGround</altitudeMode>
        <extrude>1</extrude>
        <outerBoundaryIs>
          <LinearRing>
            <coordinates>
              -70.8328099624,-33.1164808675,0
              -70.8327835538,-33.1164812561,0
              -70.8327726873,-33.1159581901,0
              -70.8327990958,-33.1159578016,0
              -70.8328099624,-33.1164808675,0
            </coordinates>
          </LinearRing>
        </outerBoundaryIs>
      </Polygon>
    </Placemark>
    <Placemark>
      <description><![CDATA[LIMITES_TRACKER<BR><BR><B>ELEVATION</B> = 0]]></description>
      <styleUrl>#area4</styleUrl>
      <Polygon>
        <altitudeMode>relativeToGround</altitudeMode>
        <extrude>1</extrude>
        <outerBoundaryIs>
          <LinearRing>
            <coordinates>
              -70.8327356726,-33.1159587347,0
              -70.8327465389,-33.1164818006,0
              -70.8327201303,-33.1164821891,0
              -70.8327092642,-33.1159591232,0
              -70.8327356726,-33.1159587347,0
            </coordinates>
          </LinearRing>
        </outerBoundaryIs>
      </Polygon>
    </Placemark>
    <Placemark>
      <description><![CDATA[LIMITES_TRACKER<BR><BR><B>ELEVATION</B> = 0]]></description>
      <styleUrl>#area4</styleUrl>
      <Polygon>
        <altitudeMode>relativeToGround</altitudeMode>
        <extrude>1</extrude>
        <outerBoundaryIs>
          <LinearRing>
            <coordinates>
              -70.8329368094,-33.1164790013,0
              -70.8329104008,-33.1164793898,0
              -70.8328995336,-33.1159563239,0
              -70.8329259420,-33.1159559354,0
              -70.8329368094,-33.1164790013,0
            </coordinates>
          </LinearRing>
        </outerBoundaryIs>
      </Polygon>
    </Placemark>
    <Placemark>
      <description><![CDATA[LIMITES_TRACKER<BR><BR><B>ELEVATION</B> = 0]]></description>
      <styleUrl>#area4</styleUrl>
      <Polygon>
        <altitudeMode>relativeToGround</altitudeMode>
        <extrude>1</extrude>
        <outerBoundaryIs>
          <LinearRing>
            <coordinates>
              -70.8328625189,-33.1159568685,0
              -70.8328733859,-33.1164799344,0
              -70.8328469773,-33.1164803230,0
              -70.8328361104,-33.1159572571,0
              -70.8328625189,-33.1159568685,0
            </coordinates>
          </LinearRing>
        </outerBoundaryIs>
      </Polygon>
    </Placemark>
    <Placemark>
      <description><![CDATA[LIMITES_TRACKER<BR><BR><B>ELEVATION</B> = 0]]></description>
      <styleUrl>#area1</styleUrl>
      <Polygon>
        <altitudeMode>relativeToGround</altitudeMode>
        <extrude>1</extrude>
        <outerBoundaryIs>
          <LinearRing>
            <coordinates>
              -70.8330636564,-33.1164771349,0
              -70.8330372478,-33.1164775235,0
              -70.8330263798,-33.1159544576,0
              -70.8330527882,-33.1159540691,0
              -70.8330636564,-33.1164771349,0
            </coordinates>
          </LinearRing>
        </outerBoundaryIs>
      </Polygon>
    </Placemark>
    <Placemark>
      <description><![CDATA[LIMITES_TRACKER<BR><BR><B>ELEVATION</B> = 0]]></description>
      <styleUrl>#area1</styleUrl>
      <Polygon>
        <altitudeMode>relativeToGround</altitudeMode>
        <extrude>1</extrude>
        <outerBoundaryIs>
          <LinearRing>
            <coordinates>
              -70.8329893651,-33.1159550022,0
              -70.8330002329,-33.1164780681,0
              -70.8329738243,-33.1164784567,0
              -70.8329629567,-33.1159553908,0
              -70.8329893651,-33.1159550022,0
            </coordinates>
          </LinearRing>
        </outerBoundaryIs>
      </Polygon>
    </Placemark>
    <Placemark>
      <description><![CDATA[LIMITES_TRACKER<BR><BR><B>ELEVATION</B> = 0]]></description>
      <styleUrl>#area1</styleUrl>
      <Polygon>
        <altitudeMode>relativeToGround</altitudeMode>
        <extrude>1</extrude>
        <outerBoundaryIs>
          <LinearRing>
            <coordinates>
              -70.8338924927,-33.1179209282,0
              -70.8338660836,-33.1179213170,0
              -70.8338552101,-33.1173982515,0
              -70.8338816190,-33.1173978627,0
              -70.8338924927,-33.1179209282,0
            </coordinates>
          </LinearRing>
        </outerBoundaryIs>
      </Polygon>
    </Placemark>
    <Placemark>
      <description><![CDATA[LIMITES_TRACKER<BR><BR><B>ELEVATION</B> = 0]]></description>
      <styleUrl>#area1</styleUrl>
      <Polygon>
        <altitudeMode>relativeToGround</altitudeMode>
        <extrude>1</extrude>
        <outerBoundaryIs>
          <LinearRing>
            <coordinates>
              -70.8338181949,-33.1173987964,0
              -70.8338290682,-33.1179218619,0
              -70.8338026591,-33.1179222506,0
              -70.8337917860,-33.1173991851,0
              -70.8338181949,-33.1173987964,0
            </coordinates>
          </LinearRing>
        </outerBoundaryIs>
      </Polygon>
    </Placemark>
  </Folder>
</Document>
</kml>
