<?xml version="1.0" encoding="UTF-8"?>
<kml xmlns="http://www.opengis.net/kml/2.2" xmlns:gx="http://www.google.com/kml/ext/2.2" xmlns:globalmapper="http://www.bluemarblegeo.com/globalmapper">
<Document>
  <!-- Begin Style Definitions -->
  <Style id="area1">
    <LineStyle>
      <color>FF0000FF</color>
      <width>1</width>
    </LineStyle>
    <PolyStyle>
      <color>BF000000</color>
      <fill>0</fill>
      <outline>1</outline>
    </PolyStyle>
    <IconStyle><Icon></Icon></IconStyle>
  </Style>
  <Style id="area2">
    <LineStyle>
      <color>FF004F3B</color>
      <width>1</width>
    </LineStyle>
    <PolyStyle>
      <color>BF000000</color>
      <fill>0</fill>
      <outline>1</outline>
    </PolyStyle>
    <IconStyle><Icon></Icon></IconStyle>
  </Style>
  <Style id="area3">
    <LineStyle>
      <color>FF000000</color>
      <width>1</width>
    </LineStyle>
    <PolyStyle>
      <color>BF000000</color>
      <fill>0</fill>
      <outline>1</outline>
    </PolyStyle>
    <IconStyle><Icon></Icon></IconStyle>
  </Style>
  <Style id="area4">
    <LineStyle>
      <color>FF808080</color>
      <width>1</width>
    </LineStyle>
    <PolyStyle>
      <color>BF000000</color>
      <fill>0</fill>
      <outline>1</outline>
    </PolyStyle>
    <IconStyle><Icon></Icon></IconStyle>
  </Style>
  <Style id="area5">
    <LineStyle>
      <color>FF818100</color>
      <width>1</width>
    </LineStyle>
    <PolyStyle>
      <color>BF000000</color>
      <fill>0</fill>
      <outline>1</outline>
    </PolyStyle>
    <IconStyle><Icon></Icon></IconStyle>
  </Style>
  <Folder>
    <name>Area Features</name>
    <description>Area Features</description>
    <Placemark>
      <description><![CDATA[LIMITES_TRACKER<BR><BR><B>ELEVATION</B> = 0]]></description>
      <styleUrl>#area1</styleUrl>
      <Polygon>
        <altitudeMode>relativeToGround</altitudeMode>
        <extrude>1</extrude>
        <outerBoundaryIs>
          <LinearRing>
            <coordinates>
              -70.8210376502,-33.1226185444,0
              -70.8210112396,-33.1226189305,0
              -70.8210004403,-33.1220958617,0
              -70.8210268508,-33.1220954756,0
              -70.8210376502,-33.1226185444,0
            </coordinates>
          </LinearRing>
        </outerBoundaryIs>
      </Polygon>
    </Placemark>
    <Placemark>
      <description><![CDATA[LIMITES_TRACKER<BR><BR><B>ELEVATION</B> = 0]]></description>
      <styleUrl>#area1</styleUrl>
      <Polygon>
        <altitudeMode>relativeToGround</altitudeMode>
        <extrude>1</extrude>
        <outerBoundaryIs>
          <LinearRing>
            <coordinates>
              -70.8209634228,-33.1220964028,0
              -70.8209742219,-33.1226194717,0
              -70.8209478112,-33.1226198578,0
              -70.8209370124,-33.1220967889,0
              -70.8209634228,-33.1220964028,0
            </coordinates>
          </LinearRing>
        </outerBoundaryIs>
      </Polygon>
    </Placemark>
    <Placemark>
      <description><![CDATA[LIMITES_TRACKER<BR><BR><B>ELEVATION</B> = 0]]></description>
      <styleUrl>#area1</styleUrl>
      <Polygon>
        <altitudeMode>relativeToGround</altitudeMode>
        <extrude>1</extrude>
        <outerBoundaryIs>
          <LinearRing>
            <coordinates>
              -70.8210267577,-33.1220909678,0
              -70.8210003473,-33.1220913539,0
              -70.8209895483,-33.1215682850,0
              -70.8210159586,-33.1215678989,0
              -70.8210267577,-33.1220909678,0
            </coordinates>
          </LinearRing>
        </outerBoundaryIs>
      </Polygon>
    </Placemark>
    <Placemark>
      <description><![CDATA[LIMITES_TRACKER<BR><BR><B>ELEVATION</B> = 0]]></description>
      <styleUrl>#area1</styleUrl>
      <Polygon>
        <altitudeMode>relativeToGround</altitudeMode>
        <extrude>1</extrude>
        <outerBoundaryIs>
          <LinearRing>
            <coordinates>
              -70.8209525310,-33.1215688261,0
              -70.8209633298,-33.1220918950,0
              -70.8209369193,-33.1220922811,0
              -70.8209261207,-33.1215692121,0
              -70.8209525310,-33.1215688261,0
            </coordinates>
          </LinearRing>
        </outerBoundaryIs>
      </Polygon>
    </Placemark>
    <Placemark>
      <description><![CDATA[LIMITES_TRACKER<BR><BR><B>ELEVATION</B> = 0]]></description>
      <styleUrl>#area2</styleUrl>
      <Polygon>
        <altitudeMode>relativeToGround</altitudeMode>
        <extrude>1</extrude>
        <outerBoundaryIs>
          <LinearRing>
            <coordinates>
              -70.8209107935,-33.1226203989,0
              -70.8208843829,-33.1226207849,0
              -70.8208735844,-33.1220977161,0
              -70.8208999949,-33.1220973300,0
              -70.8209107935,-33.1226203989,0
            </coordinates>
          </LinearRing>
        </outerBoundaryIs>
      </Polygon>
    </Placemark>
    <Placemark>
      <description><![CDATA[LIMITES_TRACKER<BR><BR><B>ELEVATION</B> = 0]]></description>
      <styleUrl>#area2</styleUrl>
      <Polygon>
        <altitudeMode>relativeToGround</altitudeMode>
        <extrude>1</extrude>
        <outerBoundaryIs>
          <LinearRing>
            <coordinates>
              -70.8208365669,-33.1220982571,0
              -70.8208473652,-33.1226213261,0
              -70.8208209546,-33.1226217121,0
              -70.8208101565,-33.1220986432,0
              -70.8208365669,-33.1220982571,0
            </coordinates>
          </LinearRing>
        </outerBoundaryIs>
      </Polygon>
    </Placemark>
    <Placemark>
      <description><![CDATA[LIMITES_TRACKER<BR><BR><B>ELEVATION</B> = 0]]></description>
      <styleUrl>#area3</styleUrl>
      <Polygon>
        <altitudeMode>relativeToGround</altitudeMode>
        <extrude>1</extrude>
        <outerBoundaryIs>
          <LinearRing>
            <coordinates>
              -70.8208999018,-33.1220928222,0
              -70.8208734914,-33.1220932082,0
              -70.8208626932,-33.1215701393,0
              -70.8208891035,-33.1215697532,0
              -70.8208999018,-33.1220928222,0
            </coordinates>
          </LinearRing>
        </outerBoundaryIs>
      </Polygon>
    </Placemark>
    <Placemark>
      <description><![CDATA[LIMITES_TRACKER<BR><BR><B>ELEVATION</B> = 0]]></description>
      <styleUrl>#area3</styleUrl>
      <Polygon>
        <altitudeMode>relativeToGround</altitudeMode>
        <extrude>1</extrude>
        <outerBoundaryIs>
          <LinearRing>
            <coordinates>
              -70.8208256759,-33.1215706804,0
              -70.8208364739,-33.1220937493,0
              -70.8208100634,-33.1220941354,0
              -70.8207992656,-33.1215710664,0
              -70.8208256759,-33.1215706804,0
            </coordinates>
          </LinearRing>
        </outerBoundaryIs>
      </Polygon>
    </Placemark>
    <Placemark>
      <description><![CDATA[LIMITES_TRACKER<BR><BR><B>ELEVATION</B> = 0]]></description>
      <styleUrl>#area4</styleUrl>
      <Polygon>
        <altitudeMode>relativeToGround</altitudeMode>
        <extrude>1</extrude>
        <outerBoundaryIs>
          <LinearRing>
            <coordinates>
              -70.8207839369,-33.1226222532,0
              -70.8207575262,-33.1226226392,0
              -70.8207467285,-33.1220995703,0
              -70.8207731390,-33.1220991843,0
              -70.8207839369,-33.1226222532,0
            </coordinates>
          </LinearRing>
        </outerBoundaryIs>
      </Polygon>
    </Placemark>
    <Placemark>
      <description><![CDATA[LIMITES_TRACKER<BR><BR><B>ELEVATION</B> = 0]]></description>
      <styleUrl>#area4</styleUrl>
      <Polygon>
        <altitudeMode>relativeToGround</altitudeMode>
        <extrude>1</extrude>
        <outerBoundaryIs>
          <LinearRing>
            <coordinates>
              -70.8207097110,-33.1221001114,0
              -70.8207205085,-33.1226231803,0
              -70.8206940979,-33.1226235663,0
              -70.8206833005,-33.1221004974,0
              -70.8207097110,-33.1221001114,0
            </coordinates>
          </LinearRing>
        </outerBoundaryIs>
      </Polygon>
    </Placemark>
    <Placemark>
      <description><![CDATA[LIMITES_TRACKER<BR><BR><B>ELEVATION</B> = 0]]></description>
      <styleUrl>#area3</styleUrl>
      <Polygon>
        <altitudeMode>relativeToGround</altitudeMode>
        <extrude>1</extrude>
        <outerBoundaryIs>
          <LinearRing>
            <coordinates>
              -70.8207730459,-33.1220946765,0
              -70.8207466355,-33.1220950625,0
              -70.8207358380,-33.1215719935,0
              -70.8207622483,-33.1215716075,0
              -70.8207730459,-33.1220946765,0
            </coordinates>
          </LinearRing>
        </outerBoundaryIs>
      </Polygon>
    </Placemark>
    <Placemark>
      <description><![CDATA[LIMITES_TRACKER<BR><BR><B>ELEVATION</B> = 0]]></description>
      <styleUrl>#area3</styleUrl>
      <Polygon>
        <altitudeMode>relativeToGround</altitudeMode>
        <extrude>1</extrude>
        <outerBoundaryIs>
          <LinearRing>
            <coordinates>
              -70.8206988207,-33.1215725346,0
              -70.8207096179,-33.1220956035,0
              -70.8206832075,-33.1220959896,0
              -70.8206724104,-33.1215729206,0
              -70.8206988207,-33.1215725346,0
            </coordinates>
          </LinearRing>
        </outerBoundaryIs>
      </Polygon>
    </Placemark>
    <Placemark>
      <description><![CDATA[LIMITES_TRACKER<BR><BR><B>ELEVATION</B> = 0]]></description>
      <styleUrl>#area4</styleUrl>
      <Polygon>
        <altitudeMode>relativeToGround</altitudeMode>
        <extrude>1</extrude>
        <outerBoundaryIs>
          <LinearRing>
            <coordinates>
              -70.8206570802,-33.1226241074,0
              -70.8206306696,-33.1226244934,0
              -70.8206198726,-33.1221014244,0
              -70.8206462830,-33.1221010384,0
              -70.8206570802,-33.1226241074,0
            </coordinates>
          </LinearRing>
        </outerBoundaryIs>
      </Polygon>
    </Placemark>
    <Placemark>
      <description><![CDATA[LIMITES_TRACKER<BR><BR><B>ELEVATION</B> = 0]]></description>
      <styleUrl>#area4</styleUrl>
      <Polygon>
        <altitudeMode>relativeToGround</altitudeMode>
        <extrude>1</extrude>
        <outerBoundaryIs>
          <LinearRing>
            <coordinates>
              -70.8205828551,-33.1221019654,0
              -70.8205936518,-33.1226250344,0
              -70.8205672412,-33.1226254204,0
              -70.8205564446,-33.1221023514,0
              -70.8205828551,-33.1221019654,0
            </coordinates>
          </LinearRing>
        </outerBoundaryIs>
      </Polygon>
    </Placemark>
    <Placemark>
      <description><![CDATA[LIMITES_TRACKER<BR><BR><B>ELEVATION</B> = 0]]></description>
      <styleUrl>#area4</styleUrl>
      <Polygon>
        <altitudeMode>relativeToGround</altitudeMode>
        <extrude>1</extrude>
        <outerBoundaryIs>
          <LinearRing>
            <coordinates>
              -70.8206461900,-33.1220965306,0
              -70.8206197795,-33.1220969166,0
              -70.8206089828,-33.1215738476,0
              -70.8206353931,-33.1215734616,0
              -70.8206461900,-33.1220965306,0
            </coordinates>
          </LinearRing>
        </outerBoundaryIs>
      </Polygon>
    </Placemark>
    <Placemark>
      <description><![CDATA[LIMITES_TRACKER<BR><BR><B>ELEVATION</B> = 0]]></description>
      <styleUrl>#area4</styleUrl>
      <Polygon>
        <altitudeMode>relativeToGround</altitudeMode>
        <extrude>1</extrude>
        <outerBoundaryIs>
          <LinearRing>
            <coordinates>
              -70.8205719655,-33.1215743886,0
              -70.8205827620,-33.1220974576,0
              -70.8205563516,-33.1220978436,0
              -70.8205455552,-33.1215747746,0
              -70.8205719655,-33.1215743886,0
            </coordinates>
          </LinearRing>
        </outerBoundaryIs>
      </Polygon>
    </Placemark>
    <Placemark>
      <description><![CDATA[LIMITES_TRACKER<BR><BR><B>ELEVATION</B> = 0]]></description>
      <styleUrl>#area3</styleUrl>
      <Polygon>
        <altitudeMode>relativeToGround</altitudeMode>
        <extrude>1</extrude>
        <outerBoundaryIs>
          <LinearRing>
            <coordinates>
              -70.8206353001,-33.1215689538,0
              -70.8206088898,-33.1215693398,0
              -70.8205980934,-33.1210462707,0
              -70.8206245035,-33.1210458847,0
              -70.8206353001,-33.1215689538,0
            </coordinates>
          </LinearRing>
        </outerBoundaryIs>
      </Polygon>
    </Placemark>
    <Placemark>
      <description><![CDATA[LIMITES_TRACKER<BR><BR><B>ELEVATION</B> = 0]]></description>
      <styleUrl>#area3</styleUrl>
      <Polygon>
        <altitudeMode>relativeToGround</altitudeMode>
        <extrude>1</extrude>
        <outerBoundaryIs>
          <LinearRing>
            <coordinates>
              -70.8205610763,-33.1210468117,0
              -70.8205718725,-33.1215698808,0
              -70.8205454622,-33.1215702668,0
              -70.8205346661,-33.1210471977,0
              -70.8205610763,-33.1210468117,0
            </coordinates>
          </LinearRing>
        </outerBoundaryIs>
      </Polygon>
    </Placemark>
    <Placemark>
      <description><![CDATA[LIMITES_TRACKER<BR><BR><B>ELEVATION</B> = 0]]></description>
      <styleUrl>#area2</styleUrl>
      <Polygon>
        <altitudeMode>relativeToGround</altitudeMode>
        <extrude>1</extrude>
        <outerBoundaryIs>
          <LinearRing>
            <coordinates>
              -70.8207953864,-33.1231768768,0
              -70.8207689757,-33.1231772628,0
              -70.8207581776,-33.1226541939,0
              -70.8207845883,-33.1226538079,0
              -70.8207953864,-33.1231768768,0
            </coordinates>
          </LinearRing>
        </outerBoundaryIs>
      </Polygon>
    </Placemark>
    <Placemark>
      <description><![CDATA[LIMITES_TRACKER<BR><BR><B>ELEVATION</B> = 0]]></description>
      <styleUrl>#area2</styleUrl>
      <Polygon>
        <altitudeMode>relativeToGround</altitudeMode>
        <extrude>1</extrude>
        <outerBoundaryIs>
          <LinearRing>
            <coordinates>
              -70.8207211599,-33.1226547350,0
              -70.8207319577,-33.1231778039,0
              -70.8207055469,-33.1231781899,0
              -70.8206947493,-33.1226551210,0
              -70.8207211599,-33.1226547350,0
            </coordinates>
          </LinearRing>
        </outerBoundaryIs>
      </Polygon>
    </Placemark>
    <Placemark>
      <description><![CDATA[LIMITES_TRACKER<BR><BR><B>ELEVATION</B> = 0]]></description>
      <styleUrl>#area4</styleUrl>
      <Polygon>
        <altitudeMode>relativeToGround</altitudeMode>
        <extrude>1</extrude>
        <outerBoundaryIs>
          <LinearRing>
            <coordinates>
              -70.8205302235,-33.1226259614,0
              -70.8205038129,-33.1226263474,0
              -70.8204930166,-33.1221032784,0
              -70.8205194271,-33.1221028924,0
              -70.8205302235,-33.1226259614,0
            </coordinates>
          </LinearRing>
        </outerBoundaryIs>
      </Polygon>
    </Placemark>
    <Placemark>
      <description><![CDATA[LIMITES_TRACKER<BR><BR><B>ELEVATION</B> = 0]]></description>
      <styleUrl>#area4</styleUrl>
      <Polygon>
        <altitudeMode>relativeToGround</altitudeMode>
        <extrude>1</extrude>
        <outerBoundaryIs>
          <LinearRing>
            <coordinates>
              -70.8204559991,-33.1221038194,0
              -70.8204667951,-33.1226268884,0
              -70.8204403845,-33.1226272744,0
              -70.8204295886,-33.1221042054,0
              -70.8204559991,-33.1221038194,0
            </coordinates>
          </LinearRing>
        </outerBoundaryIs>
      </Polygon>
    </Placemark>
    <Placemark>
      <description><![CDATA[LIMITES_TRACKER<BR><BR><B>ELEVATION</B> = 0]]></description>
      <styleUrl>#area4</styleUrl>
      <Polygon>
        <altitudeMode>relativeToGround</altitudeMode>
        <extrude>1</extrude>
        <outerBoundaryIs>
          <LinearRing>
            <coordinates>
              -70.8205193340,-33.1220983846,0
              -70.8204929236,-33.1220987706,0
              -70.8204821276,-33.1215757015,0
              -70.8205085379,-33.1215753156,0
              -70.8205193340,-33.1220983846,0
            </coordinates>
          </LinearRing>
        </outerBoundaryIs>
      </Polygon>
    </Placemark>
    <Placemark>
      <description><![CDATA[LIMITES_TRACKER<BR><BR><B>ELEVATION</B> = 0]]></description>
      <styleUrl>#area4</styleUrl>
      <Polygon>
        <altitudeMode>relativeToGround</altitudeMode>
        <extrude>1</extrude>
        <outerBoundaryIs>
          <LinearRing>
            <coordinates>
              -70.8204451103,-33.1215762425,0
              -70.8204559061,-33.1220993116,0
              -70.8204294956,-33.1220996975,0
              -70.8204187000,-33.1215766285,0
              -70.8204451103,-33.1215762425,0
            </coordinates>
          </LinearRing>
        </outerBoundaryIs>
      </Polygon>
    </Placemark>
    <Placemark>
      <description><![CDATA[LIMITES_TRACKER<BR><BR><B>ELEVATION</B> = 0]]></description>
      <styleUrl>#area3</styleUrl>
      <Polygon>
        <altitudeMode>relativeToGround</altitudeMode>
        <extrude>1</extrude>
        <outerBoundaryIs>
          <LinearRing>
            <coordinates>
              -70.8205084449,-33.1215708078,0
              -70.8204820346,-33.1215711937,0
              -70.8204712389,-33.1210481246,0
              -70.8204976491,-33.1210477387,0
              -70.8205084449,-33.1215708078,0
            </coordinates>
          </LinearRing>
        </outerBoundaryIs>
      </Polygon>
    </Placemark>
    <Placemark>
      <description><![CDATA[LIMITES_TRACKER<BR><BR><B>ELEVATION</B> = 0]]></description>
      <styleUrl>#area3</styleUrl>
      <Polygon>
        <altitudeMode>relativeToGround</altitudeMode>
        <extrude>1</extrude>
        <outerBoundaryIs>
          <LinearRing>
            <coordinates>
              -70.8204342219,-33.1210486656,0
              -70.8204450173,-33.1215717347,0
              -70.8204186070,-33.1215721207,0
              -70.8204078117,-33.1210490515,0
              -70.8204342219,-33.1210486656,0
            </coordinates>
          </LinearRing>
        </outerBoundaryIs>
      </Polygon>
    </Placemark>
    <Placemark>
      <description><![CDATA[LIMITES_TRACKER<BR><BR><B>ELEVATION</B> = 0]]></description>
      <styleUrl>#area2</styleUrl>
      <Polygon>
        <altitudeMode>relativeToGround</altitudeMode>
        <extrude>1</extrude>
        <outerBoundaryIs>
          <LinearRing>
            <coordinates>
              -70.8206685290,-33.1231787310,0
              -70.8206421182,-33.1231791170,0
              -70.8206313209,-33.1226560481,0
              -70.8206577315,-33.1226556621,0
              -70.8206685290,-33.1231787310,0
            </coordinates>
          </LinearRing>
        </outerBoundaryIs>
      </Polygon>
    </Placemark>
    <Placemark>
      <description><![CDATA[LIMITES_TRACKER<BR><BR><B>ELEVATION</B> = 0]]></description>
      <styleUrl>#area2</styleUrl>
      <Polygon>
        <altitudeMode>relativeToGround</altitudeMode>
        <extrude>1</extrude>
        <outerBoundaryIs>
          <LinearRing>
            <coordinates>
              -70.8205943032,-33.1226565891,0
              -70.8206051002,-33.1231796581,0
              -70.8205786894,-33.1231800441,0
              -70.8205678925,-33.1226569751,0
              -70.8205943032,-33.1226565891,0
            </coordinates>
          </LinearRing>
        </outerBoundaryIs>
      </Polygon>
    </Placemark>
    <Placemark>
      <description><![CDATA[LIMITES_TRACKER<BR><BR><B>ELEVATION</B> = 0]]></description>
      <styleUrl>#area4</styleUrl>
      <Polygon>
        <altitudeMode>relativeToGround</altitudeMode>
        <extrude>1</extrude>
        <outerBoundaryIs>
          <LinearRing>
            <coordinates>
              -70.8204033668,-33.1226278154,0
              -70.8203769561,-33.1226282013,0
              -70.8203661607,-33.1221051323,0
              -70.8203925711,-33.1221047463,0
              -70.8204033668,-33.1226278154,0
            </coordinates>
          </LinearRing>
        </outerBoundaryIs>
      </Polygon>
    </Placemark>
    <Placemark>
      <description><![CDATA[LIMITES_TRACKER<BR><BR><B>ELEVATION</B> = 0]]></description>
      <styleUrl>#area4</styleUrl>
      <Polygon>
        <altitudeMode>relativeToGround</altitudeMode>
        <extrude>1</extrude>
        <outerBoundaryIs>
          <LinearRing>
            <coordinates>
              -70.8203291431,-33.1221056732,0
              -70.8203399384,-33.1226287423,0
              -70.8203135278,-33.1226291282,0
              -70.8203027327,-33.1221060592,0
              -70.8203291431,-33.1221056732,0
            </coordinates>
          </LinearRing>
        </outerBoundaryIs>
      </Polygon>
    </Placemark>
    <Placemark>
      <description><![CDATA[LIMITES_TRACKER<BR><BR><B>ELEVATION</B> = 0]]></description>
      <styleUrl>#area4</styleUrl>
      <Polygon>
        <altitudeMode>relativeToGround</altitudeMode>
        <extrude>1</extrude>
        <outerBoundaryIs>
          <LinearRing>
            <coordinates>
              -70.8203924781,-33.1221002385,0
              -70.8203660676,-33.1221006245,0
              -70.8203552724,-33.1215775554,0
              -70.8203816827,-33.1215771694,0
              -70.8203924781,-33.1221002385,0
            </coordinates>
          </LinearRing>
        </outerBoundaryIs>
      </Polygon>
    </Placemark>
    <Placemark>
      <description><![CDATA[LIMITES_TRACKER<BR><BR><B>ELEVATION</B> = 0]]></description>
      <styleUrl>#area4</styleUrl>
      <Polygon>
        <altitudeMode>relativeToGround</altitudeMode>
        <extrude>1</extrude>
        <outerBoundaryIs>
          <LinearRing>
            <coordinates>
              -70.8203182551,-33.1215780963,0
              -70.8203290501,-33.1221011654,0
              -70.8203026396,-33.1221015513,0
              -70.8202918448,-33.1215784822,0
              -70.8203182551,-33.1215780963,0
            </coordinates>
          </LinearRing>
        </outerBoundaryIs>
      </Polygon>
    </Placemark>
    <Placemark>
      <description><![CDATA[LIMITES_TRACKER<BR><BR><B>ELEVATION</B> = 0]]></description>
      <styleUrl>#area3</styleUrl>
      <Polygon>
        <altitudeMode>relativeToGround</altitudeMode>
        <extrude>1</extrude>
        <outerBoundaryIs>
          <LinearRing>
            <coordinates>
              -70.8203815897,-33.1215726616,0
              -70.8203551794,-33.1215730476,0
              -70.8203443845,-33.1210499784,0
              -70.8203707946,-33.1210495925,0
              -70.8203815897,-33.1215726616,0
            </coordinates>
          </LinearRing>
        </outerBoundaryIs>
      </Polygon>
    </Placemark>
    <Placemark>
      <description><![CDATA[LIMITES_TRACKER<BR><BR><B>ELEVATION</B> = 0]]></description>
      <styleUrl>#area3</styleUrl>
      <Polygon>
        <altitudeMode>relativeToGround</altitudeMode>
        <extrude>1</extrude>
        <outerBoundaryIs>
          <LinearRing>
            <coordinates>
              -70.8203073674,-33.1210505193,0
              -70.8203181621,-33.1215735885,0
              -70.8202917518,-33.1215739744,0
              -70.8202809573,-33.1210509053,0
              -70.8203073674,-33.1210505193,0
            </coordinates>
          </LinearRing>
        </outerBoundaryIs>
      </Polygon>
    </Placemark>
    <Placemark>
      <description><![CDATA[LIMITES_TRACKER<BR><BR><B>ELEVATION</B> = 0]]></description>
      <styleUrl>#area2</styleUrl>
      <Polygon>
        <altitudeMode>relativeToGround</altitudeMode>
        <extrude>1</extrude>
        <outerBoundaryIs>
          <LinearRing>
            <coordinates>
              -70.8205416715,-33.1231805851,0
              -70.8205152607,-33.1231809711,0
              -70.8205044642,-33.1226579021,0
              -70.8205308748,-33.1226575161,0
              -70.8205416715,-33.1231805851,0
            </coordinates>
          </LinearRing>
        </outerBoundaryIs>
      </Polygon>
    </Placemark>
    <Placemark>
      <description><![CDATA[LIMITES_TRACKER<BR><BR><B>ELEVATION</B> = 0]]></description>
      <styleUrl>#area2</styleUrl>
      <Polygon>
        <altitudeMode>relativeToGround</altitudeMode>
        <extrude>1</extrude>
        <outerBoundaryIs>
          <LinearRing>
            <coordinates>
              -70.8204674464,-33.1226584431,0
              -70.8204782427,-33.1231815121,0
              -70.8204518319,-33.1231818981,0
              -70.8204410358,-33.1226588291,0
              -70.8204674464,-33.1226584431,0
            </coordinates>
          </LinearRing>
        </outerBoundaryIs>
      </Polygon>
    </Placemark>
    <Placemark>
      <description><![CDATA[LIMITES_TRACKER<BR><BR><B>ELEVATION</B> = 0]]></description>
      <styleUrl>#area4</styleUrl>
      <Polygon>
        <altitudeMode>relativeToGround</altitudeMode>
        <extrude>1</extrude>
        <outerBoundaryIs>
          <LinearRing>
            <coordinates>
              -70.8202765100,-33.1226296692,0
              -70.8202500994,-33.1226300551,0
              -70.8202393047,-33.1221069860,0
              -70.8202657152,-33.1221066001,0
              -70.8202765100,-33.1226296692,0
            </coordinates>
          </LinearRing>
        </outerBoundaryIs>
      </Polygon>
    </Placemark>
    <Placemark>
      <description><![CDATA[LIMITES_TRACKER<BR><BR><B>ELEVATION</B> = 0]]></description>
      <styleUrl>#area4</styleUrl>
      <Polygon>
        <altitudeMode>relativeToGround</altitudeMode>
        <extrude>1</extrude>
        <outerBoundaryIs>
          <LinearRing>
            <coordinates>
              -70.8202022872,-33.1221075269,0
              -70.8202130817,-33.1226305960,0
              -70.8201866711,-33.1226309819,0
              -70.8201758767,-33.1221079128,0
              -70.8202022872,-33.1221075269,0
            </coordinates>
          </LinearRing>
        </outerBoundaryIs>
      </Polygon>
    </Placemark>
    <Placemark>
      <description><![CDATA[LIMITES_TRACKER<BR><BR><B>ELEVATION</B> = 0]]></description>
      <styleUrl>#area4</styleUrl>
      <Polygon>
        <altitudeMode>relativeToGround</altitudeMode>
        <extrude>1</extrude>
        <outerBoundaryIs>
          <LinearRing>
            <coordinates>
              -70.8202656221,-33.1221020923,0
              -70.8202392117,-33.1221024782,0
              -70.8202284172,-33.1215794091,0
              -70.8202548275,-33.1215790232,0
              -70.8202656221,-33.1221020923,0
            </coordinates>
          </LinearRing>
        </outerBoundaryIs>
      </Polygon>
    </Placemark>
    <Placemark>
      <description><![CDATA[LIMITES_TRACKER<BR><BR><B>ELEVATION</B> = 0]]></description>
      <styleUrl>#area4</styleUrl>
      <Polygon>
        <altitudeMode>relativeToGround</altitudeMode>
        <extrude>1</extrude>
        <outerBoundaryIs>
          <LinearRing>
            <coordinates>
              -70.8201913999,-33.1215799500,0
              -70.8202021941,-33.1221030191,0
              -70.8201757837,-33.1221034050,0
              -70.8201649896,-33.1215803359,0
              -70.8201913999,-33.1215799500,0
            </coordinates>
          </LinearRing>
        </outerBoundaryIs>
      </Polygon>
    </Placemark>
    <Placemark>
      <description><![CDATA[LIMITES_TRACKER<BR><BR><B>ELEVATION</B> = 0]]></description>
      <styleUrl>#area3</styleUrl>
      <Polygon>
        <altitudeMode>relativeToGround</altitudeMode>
        <extrude>1</extrude>
        <outerBoundaryIs>
          <LinearRing>
            <coordinates>
              -70.8202547345,-33.1215745153,0
              -70.8202283242,-33.1215749013,0
              -70.8202175300,-33.1210518321,0
              -70.8202439402,-33.1210514462,0
              -70.8202547345,-33.1215745153,0
            </coordinates>
          </LinearRing>
        </outerBoundaryIs>
      </Polygon>
    </Placemark>
    <Placemark>
      <description><![CDATA[LIMITES_TRACKER<BR><BR><B>ELEVATION</B> = 0]]></description>
      <styleUrl>#area3</styleUrl>
      <Polygon>
        <altitudeMode>relativeToGround</altitudeMode>
        <extrude>1</extrude>
        <outerBoundaryIs>
          <LinearRing>
            <coordinates>
              -70.8201805129,-33.1210523730,0
              -70.8201913069,-33.1215754421,0
              -70.8201648966,-33.1215758281,0
              -70.8201541028,-33.1210527589,0
              -70.8201805129,-33.1210523730,0
            </coordinates>
          </LinearRing>
        </outerBoundaryIs>
      </Polygon>
    </Placemark>
    <Placemark>
      <description><![CDATA[LIMITES_TRACKER<BR><BR><B>ELEVATION</B> = 0]]></description>
      <styleUrl>#area4</styleUrl>
      <Polygon>
        <altitudeMode>relativeToGround</altitudeMode>
        <extrude>1</extrude>
        <outerBoundaryIs>
          <LinearRing>
            <coordinates>
              -70.8204148140,-33.1231824391,0
              -70.8203884032,-33.1231828250,0
              -70.8203776074,-33.1226597560,0
              -70.8204040180,-33.1226593701,0
              -70.8204148140,-33.1231824391,0
            </coordinates>
          </LinearRing>
        </outerBoundaryIs>
      </Polygon>
    </Placemark>
    <Placemark>
      <description><![CDATA[LIMITES_TRACKER<BR><BR><B>ELEVATION</B> = 0]]></description>
      <styleUrl>#area4</styleUrl>
      <Polygon>
        <altitudeMode>relativeToGround</altitudeMode>
        <extrude>1</extrude>
        <outerBoundaryIs>
          <LinearRing>
            <coordinates>
              -70.8203405897,-33.1226602970,0
              -70.8203513852,-33.1231833660,0
              -70.8203249744,-33.1231837519,0
              -70.8203141790,-33.1226606829,0
              -70.8203405897,-33.1226602970,0
            </coordinates>
          </LinearRing>
        </outerBoundaryIs>
      </Polygon>
    </Placemark>
    <Placemark>
      <description><![CDATA[LIMITES_TRACKER<BR><BR><B>ELEVATION</B> = 0]]></description>
      <styleUrl>#area4</styleUrl>
      <Polygon>
        <altitudeMode>relativeToGround</altitudeMode>
        <extrude>1</extrude>
        <outerBoundaryIs>
          <LinearRing>
            <coordinates>
              -70.8201496533,-33.1226315228,0
              -70.8201232427,-33.1226319087,0
              -70.8201124487,-33.1221088396,0
              -70.8201388592,-33.1221084537,0
              -70.8201496533,-33.1226315228,0
            </coordinates>
          </LinearRing>
        </outerBoundaryIs>
      </Polygon>
    </Placemark>
    <Placemark>
      <description><![CDATA[LIMITES_TRACKER<BR><BR><B>ELEVATION</B> = 0]]></description>
      <styleUrl>#area4</styleUrl>
      <Polygon>
        <altitudeMode>relativeToGround</altitudeMode>
        <extrude>1</extrude>
        <outerBoundaryIs>
          <LinearRing>
            <coordinates>
              -70.8200754312,-33.1221093805,0
              -70.8200862249,-33.1226324496,0
              -70.8200598143,-33.1226328355,0
              -70.8200490207,-33.1221097664,0
              -70.8200754312,-33.1221093805,0
            </coordinates>
          </LinearRing>
        </outerBoundaryIs>
      </Polygon>
    </Placemark>
    <Placemark>
      <description><![CDATA[LIMITES_TRACKER<BR><BR><B>ELEVATION</B> = 0]]></description>
      <styleUrl>#area4</styleUrl>
      <Polygon>
        <altitudeMode>relativeToGround</altitudeMode>
        <extrude>1</extrude>
        <outerBoundaryIs>
          <LinearRing>
            <coordinates>
              -70.8201387662,-33.1221039459,0
              -70.8201123557,-33.1221043318,0
              -70.8201015620,-33.1215812626,0
              -70.8201279723,-33.1215808767,0
              -70.8201387662,-33.1221039459,0
            </coordinates>
          </LinearRing>
        </outerBoundaryIs>
      </Polygon>
    </Placemark>
    <Placemark>
      <description><![CDATA[LIMITES_TRACKER<BR><BR><B>ELEVATION</B> = 0]]></description>
      <styleUrl>#area4</styleUrl>
      <Polygon>
        <altitudeMode>relativeToGround</altitudeMode>
        <extrude>1</extrude>
        <outerBoundaryIs>
          <LinearRing>
            <coordinates>
              -70.8200645447,-33.1215818035,0
              -70.8200753382,-33.1221048727,0
              -70.8200489277,-33.1221052585,0
              -70.8200381344,-33.1215821894,0
              -70.8200645447,-33.1215818035,0
            </coordinates>
          </LinearRing>
        </outerBoundaryIs>
      </Polygon>
    </Placemark>
    <Placemark>
      <description><![CDATA[LIMITES_TRACKER<BR><BR><B>ELEVATION</B> = 0]]></description>
      <styleUrl>#area3</styleUrl>
      <Polygon>
        <altitudeMode>relativeToGround</altitudeMode>
        <extrude>1</extrude>
        <outerBoundaryIs>
          <LinearRing>
            <coordinates>
              -70.8201278793,-33.1215763689,0
              -70.8201014690,-33.1215767548,0
              -70.8200906756,-33.1210536856,0
              -70.8201170857,-33.1210532997,0
              -70.8201278793,-33.1215763689,0
            </coordinates>
          </LinearRing>
        </outerBoundaryIs>
      </Polygon>
    </Placemark>
    <Placemark>
      <description><![CDATA[LIMITES_TRACKER<BR><BR><B>ELEVATION</B> = 0]]></description>
      <styleUrl>#area3</styleUrl>
      <Polygon>
        <altitudeMode>relativeToGround</altitudeMode>
        <extrude>1</extrude>
        <outerBoundaryIs>
          <LinearRing>
            <coordinates>
              -70.8200536585,-33.1210542265,0
              -70.8200644517,-33.1215772957,0
              -70.8200380414,-33.1215776816,0
              -70.8200272483,-33.1210546123,0
              -70.8200536585,-33.1210542265,0
            </coordinates>
          </LinearRing>
        </outerBoundaryIs>
      </Polygon>
    </Placemark>
    <Placemark>
      <description><![CDATA[LIMITES_TRACKER<BR><BR><B>ELEVATION</B> = 0]]></description>
      <styleUrl>#area4</styleUrl>
      <Polygon>
        <altitudeMode>relativeToGround</altitudeMode>
        <extrude>1</extrude>
        <outerBoundaryIs>
          <LinearRing>
            <coordinates>
              -70.8202879564,-33.1231842929,0
              -70.8202615457,-33.1231846788,0
              -70.8202507506,-33.1226616098,0
              -70.8202771613,-33.1226612239,0
              -70.8202879564,-33.1231842929,0
            </coordinates>
          </LinearRing>
        </outerBoundaryIs>
      </Polygon>
    </Placemark>
    <Placemark>
      <description><![CDATA[LIMITES_TRACKER<BR><BR><B>ELEVATION</B> = 0]]></description>
      <styleUrl>#area4</styleUrl>
      <Polygon>
        <altitudeMode>relativeToGround</altitudeMode>
        <extrude>1</extrude>
        <outerBoundaryIs>
          <LinearRing>
            <coordinates>
              -70.8202137329,-33.1226621507,0
              -70.8202245277,-33.1231852198,0
              -70.8201981169,-33.1231856057,0
              -70.8201873222,-33.1226625366,0
              -70.8202137329,-33.1226621507,0
            </coordinates>
          </LinearRing>
        </outerBoundaryIs>
      </Polygon>
    </Placemark>
    <Placemark>
      <description><![CDATA[LIMITES_TRACKER<BR><BR><B>ELEVATION</B> = 0]]></description>
      <styleUrl>#area2</styleUrl>
      <Polygon>
        <altitudeMode>relativeToGround</altitudeMode>
        <extrude>1</extrude>
        <outerBoundaryIs>
          <LinearRing>
            <coordinates>
              -70.8201719867,-33.1237137234,0
              -70.8201455757,-33.1237141093,0
              -70.8201347812,-33.1231910403,0
              -70.8201611919,-33.1231906544,0
              -70.8201719867,-33.1237137234,0
            </coordinates>
          </LinearRing>
        </outerBoundaryIs>
      </Polygon>
    </Placemark>
    <Placemark>
      <description><![CDATA[LIMITES_TRACKER<BR><BR><B>ELEVATION</B> = 0]]></description>
      <styleUrl>#area2</styleUrl>
      <Polygon>
        <altitudeMode>relativeToGround</altitudeMode>
        <extrude>1</extrude>
        <outerBoundaryIs>
          <LinearRing>
            <coordinates>
              -70.8200977632,-33.1231915812,0
              -70.8201085575,-33.1237146502,0
              -70.8200821466,-33.1237150362,0
              -70.8200713524,-33.1231919671,0
              -70.8200977632,-33.1231915812,0
            </coordinates>
          </LinearRing>
        </outerBoundaryIs>
      </Polygon>
    </Placemark>
    <Placemark>
      <description><![CDATA[LIMITES_TRACKER<BR><BR><B>ELEVATION</B> = 0]]></description>
      <styleUrl>#area4</styleUrl>
      <Polygon>
        <altitudeMode>relativeToGround</altitudeMode>
        <extrude>1</extrude>
        <outerBoundaryIs>
          <LinearRing>
            <coordinates>
              -70.8200227966,-33.1226333764,0
              -70.8199963859,-33.1226337622,0
              -70.8199855927,-33.1221106931,0
              -70.8200120032,-33.1221103072,0
              -70.8200227966,-33.1226333764,0
            </coordinates>
          </LinearRing>
        </outerBoundaryIs>
      </Polygon>
    </Placemark>
    <Placemark>
      <description><![CDATA[LIMITES_TRACKER<BR><BR><B>ELEVATION</B> = 0]]></description>
      <styleUrl>#area4</styleUrl>
      <Polygon>
        <altitudeMode>relativeToGround</altitudeMode>
        <extrude>1</extrude>
        <outerBoundaryIs>
          <LinearRing>
            <coordinates>
              -70.8199485752,-33.1221112339,0
              -70.8199593682,-33.1226343031,0
              -70.8199329576,-33.1226346889,0
              -70.8199221647,-33.1221116198,0
              -70.8199485752,-33.1221112339,0
            </coordinates>
          </LinearRing>
        </outerBoundaryIs>
      </Polygon>
    </Placemark>
    <Placemark>
      <description><![CDATA[LIMITES_TRACKER<BR><BR><B>ELEVATION</B> = 0]]></description>
      <styleUrl>#area4</styleUrl>
      <Polygon>
        <altitudeMode>relativeToGround</altitudeMode>
        <extrude>1</extrude>
        <outerBoundaryIs>
          <LinearRing>
            <coordinates>
              -70.8200119102,-33.1221057994,0
              -70.8199854997,-33.1221061853,0
              -70.8199747068,-33.1215831161,0
              -70.8200011171,-33.1215827302,0
              -70.8200119102,-33.1221057994,0
            </coordinates>
          </LinearRing>
        </outerBoundaryIs>
      </Polygon>
    </Placemark>
    <Placemark>
      <description><![CDATA[LIMITES_TRACKER<BR><BR><B>ELEVATION</B> = 0]]></description>
      <styleUrl>#area4</styleUrl>
      <Polygon>
        <altitudeMode>relativeToGround</altitudeMode>
        <extrude>1</extrude>
        <outerBoundaryIs>
          <LinearRing>
            <coordinates>
              -70.8199376895,-33.1215836569,0
              -70.8199484822,-33.1221067261,0
              -70.8199220717,-33.1221071120,0
              -70.8199112791,-33.1215840427,0
              -70.8199376895,-33.1215836569,0
            </coordinates>
          </LinearRing>
        </outerBoundaryIs>
      </Polygon>
    </Placemark>
    <Placemark>
      <description><![CDATA[LIMITES_TRACKER<BR><BR><B>ELEVATION</B> = 0]]></description>
      <styleUrl>#area3</styleUrl>
      <Polygon>
        <altitudeMode>relativeToGround</altitudeMode>
        <extrude>1</extrude>
        <outerBoundaryIs>
          <LinearRing>
            <coordinates>
              -70.8200010241,-33.1215782224,0
              -70.8199746137,-33.1215786083,0
              -70.8199638211,-33.1210555390,0
              -70.8199902312,-33.1210551532,0
              -70.8200010241,-33.1215782224,0
            </coordinates>
          </LinearRing>
        </outerBoundaryIs>
      </Polygon>
    </Placemark>
    <Placemark>
      <description><![CDATA[LIMITES_TRACKER<BR><BR><B>ELEVATION</B> = 0]]></description>
      <styleUrl>#area3</styleUrl>
      <Polygon>
        <altitudeMode>relativeToGround</altitudeMode>
        <extrude>1</extrude>
        <outerBoundaryIs>
          <LinearRing>
            <coordinates>
              -70.8199268040,-33.1210560798,0
              -70.8199375964,-33.1215791491,0
              -70.8199111861,-33.1215795349,0
              -70.8199003938,-33.1210564657,0
              -70.8199268040,-33.1210560798,0
            </coordinates>
          </LinearRing>
        </outerBoundaryIs>
      </Polygon>
    </Placemark>
    <Placemark>
      <description><![CDATA[LIMITES_TRACKER<BR><BR><B>ELEVATION</B> = 0]]></description>
      <styleUrl>#area4</styleUrl>
      <Polygon>
        <altitudeMode>relativeToGround</altitudeMode>
        <extrude>1</extrude>
        <outerBoundaryIs>
          <LinearRing>
            <coordinates>
              -70.8201610989,-33.1231861466,0
              -70.8201346881,-33.1231865325,0
              -70.8201238939,-33.1226634634,0
              -70.8201503045,-33.1226630775,0
              -70.8201610989,-33.1231861466,0
            </coordinates>
          </LinearRing>
        </outerBoundaryIs>
      </Polygon>
    </Placemark>
    <Placemark>
      <description><![CDATA[LIMITES_TRACKER<BR><BR><B>ELEVATION</B> = 0]]></description>
      <styleUrl>#area4</styleUrl>
      <Polygon>
        <altitudeMode>relativeToGround</altitudeMode>
        <extrude>1</extrude>
        <outerBoundaryIs>
          <LinearRing>
            <coordinates>
              -70.8200868761,-33.1226640043,0
              -70.8200976702,-33.1231870734,0
              -70.8200712594,-33.1231874593,0
              -70.8200604655,-33.1226643902,0
              -70.8200868761,-33.1226640043,0
            </coordinates>
          </LinearRing>
        </outerBoundaryIs>
      </Polygon>
    </Placemark>
    <Placemark>
      <description><![CDATA[LIMITES_TRACKER<BR><BR><B>ELEVATION</B> = 0]]></description>
      <styleUrl>#area2</styleUrl>
      <Polygon>
        <altitudeMode>relativeToGround</altitudeMode>
        <extrude>1</extrude>
        <outerBoundaryIs>
          <LinearRing>
            <coordinates>
              -70.8200451284,-33.1237155770,0
              -70.8200187174,-33.1237159629,0
              -70.8200079236,-33.1231928939,0
              -70.8200343344,-33.1231925080,0
              -70.8200451284,-33.1237155770,0
            </coordinates>
          </LinearRing>
        </outerBoundaryIs>
      </Polygon>
    </Placemark>
    <Placemark>
      <description><![CDATA[LIMITES_TRACKER<BR><BR><B>ELEVATION</B> = 0]]></description>
      <styleUrl>#area2</styleUrl>
      <Polygon>
        <altitudeMode>relativeToGround</altitudeMode>
        <extrude>1</extrude>
        <outerBoundaryIs>
          <LinearRing>
            <coordinates>
              -70.8199709056,-33.1231934347,0
              -70.8199816992,-33.1237165038,0
              -70.8199552883,-33.1237168897,0
              -70.8199444948,-33.1231938206,0
              -70.8199709056,-33.1231934347,0
            </coordinates>
          </LinearRing>
        </outerBoundaryIs>
      </Polygon>
    </Placemark>
    <Placemark>
      <description><![CDATA[LIMITES_TRACKER<BR><BR><B>ELEVATION</B> = 0]]></description>
      <styleUrl>#area4</styleUrl>
      <Polygon>
        <altitudeMode>relativeToGround</altitudeMode>
        <extrude>1</extrude>
        <outerBoundaryIs>
          <LinearRing>
            <coordinates>
              -70.8198959398,-33.1226352298,0
              -70.8198695292,-33.1226356156,0
              -70.8198587367,-33.1221125464,0
              -70.8198851472,-33.1221121606,0
              -70.8198959398,-33.1226352298,0
            </coordinates>
          </LinearRing>
        </outerBoundaryIs>
      </Polygon>
    </Placemark>
    <Placemark>
      <description><![CDATA[LIMITES_TRACKER<BR><BR><B>ELEVATION</B> = 0]]></description>
      <styleUrl>#area4</styleUrl>
      <Polygon>
        <altitudeMode>relativeToGround</altitudeMode>
        <extrude>1</extrude>
        <outerBoundaryIs>
          <LinearRing>
            <coordinates>
              -70.8198217192,-33.1221130872,0
              -70.8198325114,-33.1226361564,0
              -70.8198061008,-33.1226365423,0
              -70.8197953087,-33.1221134731,0
              -70.8198217192,-33.1221130872,0
            </coordinates>
          </LinearRing>
        </outerBoundaryIs>
      </Polygon>
    </Placemark>
    <Placemark>
      <description><![CDATA[LIMITES_TRACKER<BR><BR><B>ELEVATION</B> = 0]]></description>
      <styleUrl>#area4</styleUrl>
      <Polygon>
        <altitudeMode>relativeToGround</altitudeMode>
        <extrude>1</extrude>
        <outerBoundaryIs>
          <LinearRing>
            <coordinates>
              -70.8198850542,-33.1221076528,0
              -70.8198586437,-33.1221080386,0
              -70.8198478515,-33.1215849694,0
              -70.8198742618,-33.1215845835,0
              -70.8198850542,-33.1221076528,0
            </coordinates>
          </LinearRing>
        </outerBoundaryIs>
      </Polygon>
    </Placemark>
    <Placemark>
      <description><![CDATA[LIMITES_TRACKER<BR><BR><B>ELEVATION</B> = 0]]></description>
      <styleUrl>#area4</styleUrl>
      <Polygon>
        <altitudeMode>relativeToGround</altitudeMode>
        <extrude>1</extrude>
        <outerBoundaryIs>
          <LinearRing>
            <coordinates>
              -70.8198108342,-33.1215855102,0
              -70.8198216262,-33.1221085794,0
              -70.8197952157,-33.1221089652,0
              -70.8197844239,-33.1215858960,0
              -70.8198108342,-33.1215855102,0
            </coordinates>
          </LinearRing>
        </outerBoundaryIs>
      </Polygon>
    </Placemark>
    <Placemark>
      <description><![CDATA[LIMITES_TRACKER<BR><BR><B>ELEVATION</B> = 0]]></description>
      <styleUrl>#area3</styleUrl>
      <Polygon>
        <altitudeMode>relativeToGround</altitudeMode>
        <extrude>1</extrude>
        <outerBoundaryIs>
          <LinearRing>
            <coordinates>
              -70.8198741688,-33.1215800757,0
              -70.8198477585,-33.1215804616,0
              -70.8198369666,-33.1210573923,0
              -70.8198633768,-33.1210570065,0
              -70.8198741688,-33.1215800757,0
            </coordinates>
          </LinearRing>
        </outerBoundaryIs>
      </Polygon>
    </Placemark>
    <Placemark>
      <description><![CDATA[LIMITES_TRACKER<BR><BR><B>ELEVATION</B> = 0]]></description>
      <styleUrl>#area3</styleUrl>
      <Polygon>
        <altitudeMode>relativeToGround</altitudeMode>
        <extrude>1</extrude>
        <outerBoundaryIs>
          <LinearRing>
            <coordinates>
              -70.8197999495,-33.1210579331,0
              -70.8198107412,-33.1215810023,0
              -70.8197843309,-33.1215813882,0
              -70.8197735393,-33.1210583189,0
              -70.8197999495,-33.1210579331,0
            </coordinates>
          </LinearRing>
        </outerBoundaryIs>
      </Polygon>
    </Placemark>
    <Placemark>
      <description><![CDATA[LIMITES_TRACKER<BR><BR><B>ELEVATION</B> = 0]]></description>
      <styleUrl>#area4</styleUrl>
      <Polygon>
        <altitudeMode>relativeToGround</altitudeMode>
        <extrude>1</extrude>
        <outerBoundaryIs>
          <LinearRing>
            <coordinates>
              -70.8200342414,-33.1231880002,0
              -70.8200078306,-33.1231883861,0
              -70.8199970371,-33.1226653170,0
              -70.8200234477,-33.1226649311,0
              -70.8200342414,-33.1231880002,0
            </coordinates>
          </LinearRing>
        </outerBoundaryIs>
      </Polygon>
    </Placemark>
    <Placemark>
      <description><![CDATA[LIMITES_TRACKER<BR><BR><B>ELEVATION</B> = 0]]></description>
      <styleUrl>#area4</styleUrl>
      <Polygon>
        <altitudeMode>relativeToGround</altitudeMode>
        <extrude>1</extrude>
        <outerBoundaryIs>
          <LinearRing>
            <coordinates>
              -70.8199600193,-33.1226658578,0
              -70.8199708126,-33.1231889269,0
              -70.8199444018,-33.1231893128,0
              -70.8199336087,-33.1226662437,0
              -70.8199600193,-33.1226658578,0
            </coordinates>
          </LinearRing>
        </outerBoundaryIs>
      </Polygon>
    </Placemark>
    <Placemark>
      <description><![CDATA[LIMITES_TRACKER<BR><BR><B>ELEVATION</B> = 0]]></description>
      <styleUrl>#area2</styleUrl>
      <Polygon>
        <altitudeMode>relativeToGround</altitudeMode>
        <extrude>1</extrude>
        <outerBoundaryIs>
          <LinearRing>
            <coordinates>
              -70.8199182701,-33.1237174305,0
              -70.8198918591,-33.1237178164,0
              -70.8198810660,-33.1231947473,0
              -70.8199074768,-33.1231943614,0
              -70.8199182701,-33.1237174305,0
            </coordinates>
          </LinearRing>
        </outerBoundaryIs>
      </Polygon>
    </Placemark>
    <Placemark>
      <description><![CDATA[LIMITES_TRACKER<BR><BR><B>ELEVATION</B> = 0]]></description>
      <styleUrl>#area2</styleUrl>
      <Polygon>
        <altitudeMode>relativeToGround</altitudeMode>
        <extrude>1</extrude>
        <outerBoundaryIs>
          <LinearRing>
            <coordinates>
              -70.8198440481,-33.1231952881,0
              -70.8198548409,-33.1237183572,0
              -70.8198284299,-33.1237187431,0
              -70.8198176373,-33.1231956740,0
              -70.8198440481,-33.1231952881,0
            </coordinates>
          </LinearRing>
        </outerBoundaryIs>
      </Polygon>
    </Placemark>
    <Placemark>
      <description><![CDATA[LIMITES_TRACKER<BR><BR><B>ELEVATION</B> = 0]]></description>
      <styleUrl>#area4</styleUrl>
      <Polygon>
        <altitudeMode>relativeToGround</altitudeMode>
        <extrude>1</extrude>
        <outerBoundaryIs>
          <LinearRing>
            <coordinates>
              -70.8197690830,-33.1226370831,0
              -70.8197426724,-33.1226374689,0
              -70.8197318807,-33.1221143997,0
              -70.8197582912,-33.1221140138,0
              -70.8197690830,-33.1226370831,0
            </coordinates>
          </LinearRing>
        </outerBoundaryIs>
      </Polygon>
    </Placemark>
    <Placemark>
      <description><![CDATA[LIMITES_TRACKER<BR><BR><B>ELEVATION</B> = 0]]></description>
      <styleUrl>#area4</styleUrl>
      <Polygon>
        <altitudeMode>relativeToGround</altitudeMode>
        <extrude>1</extrude>
        <outerBoundaryIs>
          <LinearRing>
            <coordinates>
              -70.8196948632,-33.1221149404,0
              -70.8197056547,-33.1226380096,0
              -70.8196792440,-33.1226383955,0
              -70.8196684527,-33.1221153262,0
              -70.8196948632,-33.1221149404,0
            </coordinates>
          </LinearRing>
        </outerBoundaryIs>
      </Polygon>
    </Placemark>
    <Placemark>
      <description><![CDATA[LIMITES_TRACKER<BR><BR><B>ELEVATION</B> = 0]]></description>
      <styleUrl>#area4</styleUrl>
      <Polygon>
        <altitudeMode>relativeToGround</altitudeMode>
        <extrude>1</extrude>
        <outerBoundaryIs>
          <LinearRing>
            <coordinates>
              -70.8197581982,-33.1221095060,0
              -70.8197317877,-33.1221098918,0
              -70.8197209962,-33.1215868226,0
              -70.8197474066,-33.1215864368,0
              -70.8197581982,-33.1221095060,0
            </coordinates>
          </LinearRing>
        </outerBoundaryIs>
      </Polygon>
    </Placemark>
    <Placemark>
      <description><![CDATA[LIMITES_TRACKER<BR><BR><B>ELEVATION</B> = 0]]></description>
      <styleUrl>#area4</styleUrl>
      <Polygon>
        <altitudeMode>relativeToGround</altitudeMode>
        <extrude>1</extrude>
        <outerBoundaryIs>
          <LinearRing>
            <coordinates>
              -70.8196839789,-33.1215873633,0
              -70.8196947702,-33.1221104326,0
              -70.8196683597,-33.1221108184,0
              -70.8196575686,-33.1215877491,0
              -70.8196839789,-33.1215873633,0
            </coordinates>
          </LinearRing>
        </outerBoundaryIs>
      </Polygon>
    </Placemark>
    <Placemark>
      <description><![CDATA[LIMITES_TRACKER<BR><BR><B>ELEVATION</B> = 0]]></description>
      <styleUrl>#area3</styleUrl>
      <Polygon>
        <altitudeMode>relativeToGround</altitudeMode>
        <extrude>1</extrude>
        <outerBoundaryIs>
          <LinearRing>
            <coordinates>
              -70.8197473136,-33.1215819289,0
              -70.8197209032,-33.1215823147,0
              -70.8197101121,-33.1210592454,0
              -70.8197365223,-33.1210588596,0
              -70.8197473136,-33.1215819289,0
            </coordinates>
          </LinearRing>
        </outerBoundaryIs>
      </Polygon>
    </Placemark>
    <Placemark>
      <description><![CDATA[LIMITES_TRACKER<BR><BR><B>ELEVATION</B> = 0]]></description>
      <styleUrl>#area3</styleUrl>
      <Polygon>
        <altitudeMode>relativeToGround</altitudeMode>
        <extrude>1</extrude>
        <outerBoundaryIs>
          <LinearRing>
            <coordinates>
              -70.8196730950,-33.1210597862,0
              -70.8196838859,-33.1215828555,0
              -70.8196574756,-33.1215832413,0
              -70.8196466848,-33.1210601719,0
              -70.8196730950,-33.1210597862,0
            </coordinates>
          </LinearRing>
        </outerBoundaryIs>
      </Polygon>
    </Placemark>
    <Placemark>
      <description><![CDATA[LIMITES_TRACKER<BR><BR><B>ELEVATION</B> = 0]]></description>
      <styleUrl>#area4</styleUrl>
      <Polygon>
        <altitudeMode>relativeToGround</altitudeMode>
        <extrude>1</extrude>
        <outerBoundaryIs>
          <LinearRing>
            <coordinates>
              -70.8199073838,-33.1231898536,0
              -70.8198809730,-33.1231902395,0
              -70.8198701803,-33.1226671703,0
              -70.8198965909,-33.1226667845,0
              -70.8199073838,-33.1231898536,0
            </coordinates>
          </LinearRing>
        </outerBoundaryIs>
      </Polygon>
    </Placemark>
    <Placemark>
      <description><![CDATA[LIMITES_TRACKER<BR><BR><B>ELEVATION</B> = 0]]></description>
      <styleUrl>#area4</styleUrl>
      <Polygon>
        <altitudeMode>relativeToGround</altitudeMode>
        <extrude>1</extrude>
        <outerBoundaryIs>
          <LinearRing>
            <coordinates>
              -70.8198331625,-33.1226677112,0
              -70.8198439550,-33.1231907803,0
              -70.8198175442,-33.1231911661,0
              -70.8198067519,-33.1226680970,0
              -70.8198331625,-33.1226677112,0
            </coordinates>
          </LinearRing>
        </outerBoundaryIs>
      </Polygon>
    </Placemark>
    <Placemark>
      <description><![CDATA[LIMITES_TRACKER<BR><BR><B>ELEVATION</B> = 0]]></description>
      <styleUrl>#area2</styleUrl>
      <Polygon>
        <altitudeMode>relativeToGround</altitudeMode>
        <extrude>1</extrude>
        <outerBoundaryIs>
          <LinearRing>
            <coordinates>
              -70.8197914117,-33.1237192839,0
              -70.8197650008,-33.1237196697,0
              -70.8197542085,-33.1231966006,0
              -70.8197806193,-33.1231962148,0
              -70.8197914117,-33.1237192839,0
            </coordinates>
          </LinearRing>
        </outerBoundaryIs>
      </Polygon>
    </Placemark>
    <Placemark>
      <description><![CDATA[LIMITES_TRACKER<BR><BR><B>ELEVATION</B> = 0]]></description>
      <styleUrl>#area2</styleUrl>
      <Polygon>
        <altitudeMode>relativeToGround</altitudeMode>
        <extrude>1</extrude>
        <outerBoundaryIs>
          <LinearRing>
            <coordinates>
              -70.8197171905,-33.1231971414,0
              -70.8197279826,-33.1237202105,0
              -70.8197015716,-33.1237205963,0
              -70.8196907797,-33.1231975272,0
              -70.8197171905,-33.1231971414,0
            </coordinates>
          </LinearRing>
        </outerBoundaryIs>
      </Polygon>
    </Placemark>
    <Placemark>
      <description><![CDATA[LIMITES_TRACKER<BR><BR><B>ELEVATION</B> = 0]]></description>
      <styleUrl>#area4</styleUrl>
      <Polygon>
        <altitudeMode>relativeToGround</altitudeMode>
        <extrude>1</extrude>
        <outerBoundaryIs>
          <LinearRing>
            <coordinates>
              -70.8196422263,-33.1226389362,0
              -70.8196158156,-33.1226393220,0
              -70.8196050247,-33.1221162527,0
              -70.8196314351,-33.1221158670,0
              -70.8196422263,-33.1226389362,0
            </coordinates>
          </LinearRing>
        </outerBoundaryIs>
      </Polygon>
    </Placemark>
    <Placemark>
      <description><![CDATA[LIMITES_TRACKER<BR><BR><B>ELEVATION</B> = 0]]></description>
      <styleUrl>#area4</styleUrl>
      <Polygon>
        <altitudeMode>relativeToGround</altitudeMode>
        <extrude>1</extrude>
        <outerBoundaryIs>
          <LinearRing>
            <coordinates>
              -70.8195680071,-33.1221167935,0
              -70.8195787979,-33.1226398627,0
              -70.8195523872,-33.1226402485,0
              -70.8195415966,-33.1221171792,0
              -70.8195680071,-33.1221167935,0
            </coordinates>
          </LinearRing>
        </outerBoundaryIs>
      </Polygon>
    </Placemark>
    <Placemark>
      <description><![CDATA[LIMITES_TRACKER<BR><BR><B>ELEVATION</B> = 0]]></description>
      <styleUrl>#area4</styleUrl>
      <Polygon>
        <altitudeMode>relativeToGround</altitudeMode>
        <extrude>1</extrude>
        <outerBoundaryIs>
          <LinearRing>
            <coordinates>
              -70.8196313421,-33.1221113591,0
              -70.8196049317,-33.1221117449,0
              -70.8195941410,-33.1215886756,0
              -70.8196205513,-33.1215882898,0
              -70.8196313421,-33.1221113591,0
            </coordinates>
          </LinearRing>
        </outerBoundaryIs>
      </Polygon>
    </Placemark>
    <Placemark>
      <description><![CDATA[LIMITES_TRACKER<BR><BR><B>ELEVATION</B> = 0]]></description>
      <styleUrl>#area4</styleUrl>
      <Polygon>
        <altitudeMode>relativeToGround</altitudeMode>
        <extrude>1</extrude>
        <outerBoundaryIs>
          <LinearRing>
            <coordinates>
              -70.8195571237,-33.1215892163,0
              -70.8195679141,-33.1221122856,0
              -70.8195415036,-33.1221126714,0
              -70.8195307133,-33.1215896021,0
              -70.8195571237,-33.1215892163,0
            </coordinates>
          </LinearRing>
        </outerBoundaryIs>
      </Polygon>
    </Placemark>
    <Placemark>
      <description><![CDATA[LIMITES_TRACKER<BR><BR><B>ELEVATION</B> = 0]]></description>
      <styleUrl>#area3</styleUrl>
      <Polygon>
        <altitudeMode>relativeToGround</altitudeMode>
        <extrude>1</extrude>
        <outerBoundaryIs>
          <LinearRing>
            <coordinates>
              -70.8196204583,-33.1215837820,0
              -70.8195940480,-33.1215841678,0
              -70.8195832576,-33.1210610984,0
              -70.8196096677,-33.1210607127,0
              -70.8196204583,-33.1215837820,0
            </coordinates>
          </LinearRing>
        </outerBoundaryIs>
      </Polygon>
    </Placemark>
    <Placemark>
      <description><![CDATA[LIMITES_TRACKER<BR><BR><B>ELEVATION</B> = 0]]></description>
      <styleUrl>#area3</styleUrl>
      <Polygon>
        <altitudeMode>relativeToGround</altitudeMode>
        <extrude>1</extrude>
        <outerBoundaryIs>
          <LinearRing>
            <coordinates>
              -70.8195462405,-33.1210616391,0
              -70.8195570307,-33.1215847085,0
              -70.8195306203,-33.1215850943,0
              -70.8195198303,-33.1210620249,0
              -70.8195462405,-33.1210616391,0
            </coordinates>
          </LinearRing>
        </outerBoundaryIs>
      </Polygon>
    </Placemark>
    <Placemark>
      <description><![CDATA[LIMITES_TRACKER<BR><BR><B>ELEVATION</B> = 0]]></description>
      <styleUrl>#area4</styleUrl>
      <Polygon>
        <altitudeMode>relativeToGround</altitudeMode>
        <extrude>1</extrude>
        <outerBoundaryIs>
          <LinearRing>
            <coordinates>
              -70.8197805263,-33.1231917069,0
              -70.8197541155,-33.1231920928,0
              -70.8197433234,-33.1226690236,0
              -70.8197697341,-33.1226686378,0
              -70.8197805263,-33.1231917069,0
            </coordinates>
          </LinearRing>
        </outerBoundaryIs>
      </Polygon>
    </Placemark>
    <Placemark>
      <description><![CDATA[LIMITES_TRACKER<BR><BR><B>ELEVATION</B> = 0]]></description>
      <styleUrl>#area4</styleUrl>
      <Polygon>
        <altitudeMode>relativeToGround</altitudeMode>
        <extrude>1</extrude>
        <outerBoundaryIs>
          <LinearRing>
            <coordinates>
              -70.8197063057,-33.1226695644,0
              -70.8197170975,-33.1231926336,0
              -70.8196906867,-33.1231930194,0
              -70.8196798950,-33.1226699502,0
              -70.8197063057,-33.1226695644,0
            </coordinates>
          </LinearRing>
        </outerBoundaryIs>
      </Polygon>
    </Placemark>
    <Placemark>
      <description><![CDATA[LIMITES_TRACKER<BR><BR><B>ELEVATION</B> = 0]]></description>
      <styleUrl>#area2</styleUrl>
      <Polygon>
        <altitudeMode>relativeToGround</altitudeMode>
        <extrude>1</extrude>
        <outerBoundaryIs>
          <LinearRing>
            <coordinates>
              -70.8196645534,-33.1237211371,0
              -70.8196381424,-33.1237215229,0
              -70.8196273509,-33.1231984538,0
              -70.8196537617,-33.1231980680,0
              -70.8196645534,-33.1237211371,0
            </coordinates>
          </LinearRing>
        </outerBoundaryIs>
      </Polygon>
    </Placemark>
    <Placemark>
      <description><![CDATA[LIMITES_TRACKER<BR><BR><B>ELEVATION</B> = 0]]></description>
      <styleUrl>#area2</styleUrl>
      <Polygon>
        <altitudeMode>relativeToGround</altitudeMode>
        <extrude>1</extrude>
        <outerBoundaryIs>
          <LinearRing>
            <coordinates>
              -70.8195903329,-33.1231989945,0
              -70.8196011242,-33.1237220637,0
              -70.8195747133,-33.1237224495,0
              -70.8195639221,-33.1231993803,0
              -70.8195903329,-33.1231989945,0
            </coordinates>
          </LinearRing>
        </outerBoundaryIs>
      </Polygon>
    </Placemark>
    <Placemark>
      <description><![CDATA[LIMITES_TRACKER<BR><BR><B>ELEVATION</B> = 0]]></description>
      <styleUrl>#area4</styleUrl>
      <Polygon>
        <altitudeMode>relativeToGround</altitudeMode>
        <extrude>1</extrude>
        <outerBoundaryIs>
          <LinearRing>
            <coordinates>
              -70.8195153695,-33.1226407892,0
              -70.8194889588,-33.1226411750,0
              -70.8194781686,-33.1221181057,0
              -70.8195045791,-33.1221177199,0
              -70.8195153695,-33.1226407892,0
            </coordinates>
          </LinearRing>
        </outerBoundaryIs>
      </Polygon>
    </Placemark>
    <Placemark>
      <description><![CDATA[LIMITES_TRACKER<BR><BR><B>ELEVATION</B> = 0]]></description>
      <styleUrl>#area4</styleUrl>
      <Polygon>
        <altitudeMode>relativeToGround</altitudeMode>
        <extrude>1</extrude>
        <outerBoundaryIs>
          <LinearRing>
            <coordinates>
              -70.8194411511,-33.1221186464,0
              -70.8194519411,-33.1226417157,0
              -70.8194255304,-33.1226421014,0
              -70.8194147406,-33.1221190321,0
              -70.8194411511,-33.1221186464,0
            </coordinates>
          </LinearRing>
        </outerBoundaryIs>
      </Polygon>
    </Placemark>
    <Placemark>
      <description><![CDATA[LIMITES_TRACKER<BR><BR><B>ELEVATION</B> = 0]]></description>
      <styleUrl>#area4</styleUrl>
      <Polygon>
        <altitudeMode>relativeToGround</altitudeMode>
        <extrude>1</extrude>
        <outerBoundaryIs>
          <LinearRing>
            <coordinates>
              -70.8195044861,-33.1221132121,0
              -70.8194780756,-33.1221135979,0
              -70.8194672857,-33.1215905285,0
              -70.8194936960,-33.1215901428,0
              -70.8195044861,-33.1221132121,0
            </coordinates>
          </LinearRing>
        </outerBoundaryIs>
      </Polygon>
    </Placemark>
    <Placemark>
      <description><![CDATA[LIMITES_TRACKER<BR><BR><B>ELEVATION</B> = 0]]></description>
      <styleUrl>#area4</styleUrl>
      <Polygon>
        <altitudeMode>relativeToGround</altitudeMode>
        <extrude>1</extrude>
        <outerBoundaryIs>
          <LinearRing>
            <coordinates>
              -70.8194302684,-33.1215910692,0
              -70.8194410581,-33.1221141386,0
              -70.8194146476,-33.1221145243,0
              -70.8194038580,-33.1215914549,0
              -70.8194302684,-33.1215910692,0
            </coordinates>
          </LinearRing>
        </outerBoundaryIs>
      </Polygon>
    </Placemark>
    <Placemark>
      <description><![CDATA[LIMITES_TRACKER<BR><BR><B>ELEVATION</B> = 0]]></description>
      <styleUrl>#area3</styleUrl>
      <Polygon>
        <altitudeMode>relativeToGround</altitudeMode>
        <extrude>1</extrude>
        <outerBoundaryIs>
          <LinearRing>
            <coordinates>
              -70.8194936030,-33.1215856350,0
              -70.8194671927,-33.1215860207,0
              -70.8194564030,-33.1210629513,0
              -70.8194828132,-33.1210625656,0
              -70.8194936030,-33.1215856350,0
            </coordinates>
          </LinearRing>
        </outerBoundaryIs>
      </Polygon>
    </Placemark>
    <Placemark>
      <description><![CDATA[LIMITES_TRACKER<BR><BR><B>ELEVATION</B> = 0]]></description>
      <styleUrl>#area3</styleUrl>
      <Polygon>
        <altitudeMode>relativeToGround</altitudeMode>
        <extrude>1</extrude>
        <outerBoundaryIs>
          <LinearRing>
            <coordinates>
              -70.8194193860,-33.1210634920,0
              -70.8194301754,-33.1215865614,0
              -70.8194037651,-33.1215869471,0
              -70.8193929758,-33.1210638777,0
              -70.8194193860,-33.1210634920,0
            </coordinates>
          </LinearRing>
        </outerBoundaryIs>
      </Polygon>
    </Placemark>
    <Placemark>
      <description><![CDATA[LIMITES_TRACKER<BR><BR><B>ELEVATION</B> = 0]]></description>
      <styleUrl>#area4</styleUrl>
      <Polygon>
        <altitudeMode>relativeToGround</altitudeMode>
        <extrude>1</extrude>
        <outerBoundaryIs>
          <LinearRing>
            <coordinates>
              -70.8196536687,-33.1231935601,0
              -70.8196272579,-33.1231939459,0
              -70.8196164666,-33.1226708767,0
              -70.8196428773,-33.1226704909,0
              -70.8196536687,-33.1231935601,0
            </coordinates>
          </LinearRing>
        </outerBoundaryIs>
      </Polygon>
    </Placemark>
    <Placemark>
      <description><![CDATA[LIMITES_TRACKER<BR><BR><B>ELEVATION</B> = 0]]></description>
      <styleUrl>#area4</styleUrl>
      <Polygon>
        <altitudeMode>relativeToGround</altitudeMode>
        <extrude>1</extrude>
        <outerBoundaryIs>
          <LinearRing>
            <coordinates>
              -70.8195794489,-33.1226714175,0
              -70.8195902399,-33.1231944867,0
              -70.8195638291,-33.1231948725,0
              -70.8195530382,-33.1226718032,0
              -70.8195794489,-33.1226714175,0
            </coordinates>
          </LinearRing>
        </outerBoundaryIs>
      </Polygon>
    </Placemark>
    <Placemark>
      <description><![CDATA[LIMITES_TRACKER<BR><BR><B>ELEVATION</B> = 0]]></description>
      <styleUrl>#area2</styleUrl>
      <Polygon>
        <altitudeMode>relativeToGround</altitudeMode>
        <extrude>1</extrude>
        <outerBoundaryIs>
          <LinearRing>
            <coordinates>
              -70.8195376951,-33.1237229902,0
              -70.8195112841,-33.1237233760,0
              -70.8195004933,-33.1232003068,0
              -70.8195269041,-33.1231999210,0
              -70.8195376951,-33.1237229902,0
            </coordinates>
          </LinearRing>
        </outerBoundaryIs>
      </Polygon>
    </Placemark>
    <Placemark>
      <description><![CDATA[LIMITES_TRACKER<BR><BR><B>ELEVATION</B> = 0]]></description>
      <styleUrl>#area2</styleUrl>
      <Polygon>
        <altitudeMode>relativeToGround</altitudeMode>
        <extrude>1</extrude>
        <outerBoundaryIs>
          <LinearRing>
            <coordinates>
              -70.8194634753,-33.1232008475,0
              -70.8194742659,-33.1237239167,0
              -70.8194478549,-33.1237243025,0
              -70.8194370645,-33.1232012333,0
              -70.8194634753,-33.1232008475,0
            </coordinates>
          </LinearRing>
        </outerBoundaryIs>
      </Polygon>
    </Placemark>
    <Placemark>
      <description><![CDATA[LIMITES_TRACKER<BR><BR><B>ELEVATION</B> = 0]]></description>
      <styleUrl>#area4</styleUrl>
      <Polygon>
        <altitudeMode>relativeToGround</altitudeMode>
        <extrude>1</extrude>
        <outerBoundaryIs>
          <LinearRing>
            <coordinates>
              -70.8193885127,-33.1226426421,0
              -70.8193621020,-33.1226430279,0
              -70.8193513126,-33.1221199585,0
              -70.8193777231,-33.1221195728,0
              -70.8193885127,-33.1226426421,0
            </coordinates>
          </LinearRing>
        </outerBoundaryIs>
      </Polygon>
    </Placemark>
    <Placemark>
      <description><![CDATA[LIMITES_TRACKER<BR><BR><B>ELEVATION</B> = 0]]></description>
      <styleUrl>#area4</styleUrl>
      <Polygon>
        <altitudeMode>relativeToGround</altitudeMode>
        <extrude>1</extrude>
        <outerBoundaryIs>
          <LinearRing>
            <coordinates>
              -70.8193142950,-33.1221204992,0
              -70.8193250843,-33.1226435685,0
              -70.8192986736,-33.1226439542,0
              -70.8192878845,-33.1221208849,0
              -70.8193142950,-33.1221204992,0
            </coordinates>
          </LinearRing>
        </outerBoundaryIs>
      </Polygon>
    </Placemark>
    <Placemark>
      <description><![CDATA[LIMITES_TRACKER<BR><BR><B>ELEVATION</B> = 0]]></description>
      <styleUrl>#area4</styleUrl>
      <Polygon>
        <altitudeMode>relativeToGround</altitudeMode>
        <extrude>1</extrude>
        <outerBoundaryIs>
          <LinearRing>
            <coordinates>
              -70.8193776301,-33.1221150650,0
              -70.8193512196,-33.1221154507,0
              -70.8193404304,-33.1215923813,0
              -70.8193668407,-33.1215919956,0
              -70.8193776301,-33.1221150650,0
            </coordinates>
          </LinearRing>
        </outerBoundaryIs>
      </Polygon>
    </Placemark>
    <Placemark>
      <description><![CDATA[LIMITES_TRACKER<BR><BR><B>ELEVATION</B> = 0]]></description>
      <styleUrl>#area4</styleUrl>
      <Polygon>
        <altitudeMode>relativeToGround</altitudeMode>
        <extrude>1</extrude>
        <outerBoundaryIs>
          <LinearRing>
            <coordinates>
              -70.8193034131,-33.1215929220,0
              -70.8193142020,-33.1221159914,0
              -70.8192877916,-33.1221163771,0
              -70.8192770027,-33.1215933077,0
              -70.8193034131,-33.1215929220,0
            </coordinates>
          </LinearRing>
        </outerBoundaryIs>
      </Polygon>
    </Placemark>
    <Placemark>
      <description><![CDATA[LIMITES_TRACKER<BR><BR><B>ELEVATION</B> = 0]]></description>
      <styleUrl>#area3</styleUrl>
      <Polygon>
        <altitudeMode>relativeToGround</altitudeMode>
        <extrude>1</extrude>
        <outerBoundaryIs>
          <LinearRing>
            <coordinates>
              -70.8193667477,-33.1215874878,0
              -70.8193403374,-33.1215878735,0
              -70.8193295485,-33.1210648041,0
              -70.8193559587,-33.1210644184,0
              -70.8193667477,-33.1215874878,0
            </coordinates>
          </LinearRing>
        </outerBoundaryIs>
      </Polygon>
    </Placemark>
    <Placemark>
      <description><![CDATA[LIMITES_TRACKER<BR><BR><B>ELEVATION</B> = 0]]></description>
      <styleUrl>#area3</styleUrl>
      <Polygon>
        <altitudeMode>relativeToGround</altitudeMode>
        <extrude>1</extrude>
        <outerBoundaryIs>
          <LinearRing>
            <coordinates>
              -70.8192925314,-33.1210653447,0
              -70.8193033201,-33.1215884141,0
              -70.8192769098,-33.1215887999,0
              -70.8192661212,-33.1210657304,0
              -70.8192925314,-33.1210653447,0
            </coordinates>
          </LinearRing>
        </outerBoundaryIs>
      </Polygon>
    </Placemark>
    <Placemark>
      <description><![CDATA[LIMITES_TRACKER<BR><BR><B>ELEVATION</B> = 0]]></description>
      <styleUrl>#area4</styleUrl>
      <Polygon>
        <altitudeMode>relativeToGround</altitudeMode>
        <extrude>1</extrude>
        <outerBoundaryIs>
          <LinearRing>
            <coordinates>
              -70.8195268111,-33.1231954132,0
              -70.8195004003,-33.1231957990,0
              -70.8194896098,-33.1226727297,0
              -70.8195160204,-33.1226723440,0
              -70.8195268111,-33.1231954132,0
            </coordinates>
          </LinearRing>
        </outerBoundaryIs>
      </Polygon>
    </Placemark>
    <Placemark>
      <description><![CDATA[LIMITES_TRACKER<BR><BR><B>ELEVATION</B> = 0]]></description>
      <styleUrl>#area4</styleUrl>
      <Polygon>
        <altitudeMode>relativeToGround</altitudeMode>
        <extrude>1</extrude>
        <outerBoundaryIs>
          <LinearRing>
            <coordinates>
              -70.8194525920,-33.1226732704,0
              -70.8194633823,-33.1231963397,0
              -70.8194369715,-33.1231967254,0
              -70.8194261814,-33.1226736562,0
              -70.8194525920,-33.1226732704,0
            </coordinates>
          </LinearRing>
        </outerBoundaryIs>
      </Polygon>
    </Placemark>
    <Placemark>
      <description><![CDATA[LIMITES_TRACKER<BR><BR><B>ELEVATION</B> = 0]]></description>
      <styleUrl>#area2</styleUrl>
      <Polygon>
        <altitudeMode>relativeToGround</altitudeMode>
        <extrude>1</extrude>
        <outerBoundaryIs>
          <LinearRing>
            <coordinates>
              -70.8194108367,-33.1237248432,0
              -70.8193844257,-33.1237252289,0
              -70.8193736357,-33.1232021597,0
              -70.8194000465,-33.1232017739,0
              -70.8194108367,-33.1237248432,0
            </coordinates>
          </LinearRing>
        </outerBoundaryIs>
      </Polygon>
    </Placemark>
    <Placemark>
      <description><![CDATA[LIMITES_TRACKER<BR><BR><B>ELEVATION</B> = 0]]></description>
      <styleUrl>#area2</styleUrl>
      <Polygon>
        <altitudeMode>relativeToGround</altitudeMode>
        <extrude>1</extrude>
        <outerBoundaryIs>
          <LinearRing>
            <coordinates>
              -70.8193366177,-33.1232027004,0
              -70.8193474075,-33.1237257696,0
              -70.8193209965,-33.1237261554,0
              -70.8193102069,-33.1232030861,0
              -70.8193366177,-33.1232027004,0
            </coordinates>
          </LinearRing>
        </outerBoundaryIs>
      </Polygon>
    </Placemark>
    <Placemark>
      <description><![CDATA[LIMITES_TRACKER<BR><BR><B>ELEVATION</B> = 0]]></description>
      <styleUrl>#area4</styleUrl>
      <Polygon>
        <altitudeMode>relativeToGround</altitudeMode>
        <extrude>1</extrude>
        <outerBoundaryIs>
          <LinearRing>
            <coordinates>
              -70.8192616559,-33.1226444949,0
              -70.8192352452,-33.1226448806,0
              -70.8192244565,-33.1221218112,0
              -70.8192508670,-33.1221214255,0
              -70.8192616559,-33.1226444949,0
            </coordinates>
          </LinearRing>
        </outerBoundaryIs>
      </Polygon>
    </Placemark>
    <Placemark>
      <description><![CDATA[LIMITES_TRACKER<BR><BR><B>ELEVATION</B> = 0]]></description>
      <styleUrl>#area4</styleUrl>
      <Polygon>
        <altitudeMode>relativeToGround</altitudeMode>
        <extrude>1</extrude>
        <outerBoundaryIs>
          <LinearRing>
            <coordinates>
              -70.8191874390,-33.1221223518,0
              -70.8191982275,-33.1226454212,0
              -70.8191718168,-33.1226458069,0
              -70.8191610285,-33.1221227375,0
              -70.8191874390,-33.1221223518,0
            </coordinates>
          </LinearRing>
        </outerBoundaryIs>
      </Polygon>
    </Placemark>
    <Placemark>
      <description><![CDATA[LIMITES_TRACKER<BR><BR><B>ELEVATION</B> = 0]]></description>
      <styleUrl>#area4</styleUrl>
      <Polygon>
        <altitudeMode>relativeToGround</altitudeMode>
        <extrude>1</extrude>
        <outerBoundaryIs>
          <LinearRing>
            <coordinates>
              -70.8192507740,-33.1221169177,0
              -70.8192243635,-33.1221173034,0
              -70.8192135751,-33.1215942340,0
              -70.8192399854,-33.1215938483,0
              -70.8192507740,-33.1221169177,0
            </coordinates>
          </LinearRing>
        </outerBoundaryIs>
      </Polygon>
    </Placemark>
    <Placemark>
      <description><![CDATA[LIMITES_TRACKER<BR><BR><B>ELEVATION</B> = 0]]></description>
      <styleUrl>#area4</styleUrl>
      <Polygon>
        <altitudeMode>relativeToGround</altitudeMode>
        <extrude>1</extrude>
        <outerBoundaryIs>
          <LinearRing>
            <coordinates>
              -70.8191765578,-33.1215947746,0
              -70.8191873460,-33.1221178440,0
              -70.8191609355,-33.1221182297,0
              -70.8191501474,-33.1215951603,0
              -70.8191765578,-33.1215947746,0
            </coordinates>
          </LinearRing>
        </outerBoundaryIs>
      </Polygon>
    </Placemark>
    <Placemark>
      <description><![CDATA[LIMITES_TRACKER<BR><BR><B>ELEVATION</B> = 0]]></description>
      <styleUrl>#area3</styleUrl>
      <Polygon>
        <altitudeMode>relativeToGround</altitudeMode>
        <extrude>1</extrude>
        <outerBoundaryIs>
          <LinearRing>
            <coordinates>
              -70.8192398924,-33.1215893405,0
              -70.8192134821,-33.1215897262,0
              -70.8192026940,-33.1210666567,0
              -70.8192291041,-33.1210662710,0
              -70.8192398924,-33.1215893405,0
            </coordinates>
          </LinearRing>
        </outerBoundaryIs>
      </Polygon>
    </Placemark>
    <Placemark>
      <description><![CDATA[LIMITES_TRACKER<BR><BR><B>ELEVATION</B> = 0]]></description>
      <styleUrl>#area3</styleUrl>
      <Polygon>
        <altitudeMode>relativeToGround</altitudeMode>
        <extrude>1</extrude>
        <outerBoundaryIs>
          <LinearRing>
            <coordinates>
              -70.8191656769,-33.1210671973,0
              -70.8191764648,-33.1215902668,0
              -70.8191500545,-33.1215906525,0
              -70.8191392667,-33.1210675830,0
              -70.8191656769,-33.1210671973,0
            </coordinates>
          </LinearRing>
        </outerBoundaryIs>
      </Polygon>
    </Placemark>
    <Placemark>
      <description><![CDATA[LIMITES_TRACKER<BR><BR><B>ELEVATION</B> = 0]]></description>
      <styleUrl>#area4</styleUrl>
      <Polygon>
        <altitudeMode>relativeToGround</altitudeMode>
        <extrude>1</extrude>
        <outerBoundaryIs>
          <LinearRing>
            <coordinates>
              -70.8193999535,-33.1231972661,0
              -70.8193735427,-33.1231976519,0
              -70.8193627529,-33.1226745826,0
              -70.8193891636,-33.1226741969,0
              -70.8193999535,-33.1231972661,0
            </coordinates>
          </LinearRing>
        </outerBoundaryIs>
      </Polygon>
    </Placemark>
    <Placemark>
      <description><![CDATA[LIMITES_TRACKER<BR><BR><B>ELEVATION</B> = 0]]></description>
      <styleUrl>#area4</styleUrl>
      <Polygon>
        <altitudeMode>relativeToGround</altitudeMode>
        <extrude>1</extrude>
        <outerBoundaryIs>
          <LinearRing>
            <coordinates>
              -70.8193257352,-33.1226751233,0
              -70.8193365247,-33.1231981925,0
              -70.8193101139,-33.1231985783,0
              -70.8192993245,-33.1226755090,0
              -70.8193257352,-33.1226751233,0
            </coordinates>
          </LinearRing>
        </outerBoundaryIs>
      </Polygon>
    </Placemark>
    <Placemark>
      <description><![CDATA[LIMITES_TRACKER<BR><BR><B>ELEVATION</B> = 0]]></description>
      <styleUrl>#area2</styleUrl>
      <Polygon>
        <altitudeMode>relativeToGround</altitudeMode>
        <extrude>1</extrude>
        <outerBoundaryIs>
          <LinearRing>
            <coordinates>
              -70.8192839783,-33.1237266960,0
              -70.8192575674,-33.1237270817,0
              -70.8192467781,-33.1232040125,0
              -70.8192731889,-33.1232036267,0
              -70.8192839783,-33.1237266960,0
            </coordinates>
          </LinearRing>
        </outerBoundaryIs>
      </Polygon>
    </Placemark>
    <Placemark>
      <description><![CDATA[LIMITES_TRACKER<BR><BR><B>ELEVATION</B> = 0]]></description>
      <styleUrl>#area2</styleUrl>
      <Polygon>
        <altitudeMode>relativeToGround</altitudeMode>
        <extrude>1</extrude>
        <outerBoundaryIs>
          <LinearRing>
            <coordinates>
              -70.8192097601,-33.1232045531,0
              -70.8192205491,-33.1237276224,0
              -70.8191941382,-33.1237280081,0
              -70.8191833493,-33.1232049388,0
              -70.8192097601,-33.1232045531,0
            </coordinates>
          </LinearRing>
        </outerBoundaryIs>
      </Polygon>
    </Placemark>
    <Placemark>
      <description><![CDATA[LIMITES_TRACKER<BR><BR><B>ELEVATION</B> = 0]]></description>
      <styleUrl>#area4</styleUrl>
      <Polygon>
        <altitudeMode>relativeToGround</altitudeMode>
        <extrude>1</extrude>
        <outerBoundaryIs>
          <LinearRing>
            <coordinates>
              -70.8191347990,-33.1226463475,0
              -70.8191083884,-33.1226467332,0
              -70.8190976004,-33.1221236638,0
              -70.8191240109,-33.1221232781,0
              -70.8191347990,-33.1226463475,0
            </coordinates>
          </LinearRing>
        </outerBoundaryIs>
      </Polygon>
    </Placemark>
    <Placemark>
      <description><![CDATA[LIMITES_TRACKER<BR><BR><B>ELEVATION</B> = 0]]></description>
      <styleUrl>#area4</styleUrl>
      <Polygon>
        <altitudeMode>relativeToGround</altitudeMode>
        <extrude>1</extrude>
        <outerBoundaryIs>
          <LinearRing>
            <coordinates>
              -70.8190605829,-33.1221242044,0
              -70.8190713706,-33.1226472738,0
              -70.8190449600,-33.1226476595,0
              -70.8190341724,-33.1221245900,0
              -70.8190605829,-33.1221242044,0
            </coordinates>
          </LinearRing>
        </outerBoundaryIs>
      </Polygon>
    </Placemark>
    <Placemark>
      <description><![CDATA[LIMITES_TRACKER<BR><BR><B>ELEVATION</B> = 0]]></description>
      <styleUrl>#area4</styleUrl>
      <Polygon>
        <altitudeMode>relativeToGround</altitudeMode>
        <extrude>1</extrude>
        <outerBoundaryIs>
          <LinearRing>
            <coordinates>
              -70.8191239179,-33.1221187703,0
              -70.8190975075,-33.1221191560,0
              -70.8190867198,-33.1215960865,0
              -70.8191131301,-33.1215957009,0
              -70.8191239179,-33.1221187703,0
            </coordinates>
          </LinearRing>
        </outerBoundaryIs>
      </Polygon>
    </Placemark>
    <Placemark>
      <description><![CDATA[LIMITES_TRACKER<BR><BR><B>ELEVATION</B> = 0]]></description>
      <styleUrl>#area4</styleUrl>
      <Polygon>
        <altitudeMode>relativeToGround</altitudeMode>
        <extrude>1</extrude>
        <outerBoundaryIs>
          <LinearRing>
            <coordinates>
              -70.8190497024,-33.1215966271,0
              -70.8190604899,-33.1221196965,0
              -70.8190340794,-33.1221200822,0
              -70.8190232921,-33.1215970127,0
              -70.8190497024,-33.1215966271,0
            </coordinates>
          </LinearRing>
        </outerBoundaryIs>
      </Polygon>
    </Placemark>
    <Placemark>
      <description><![CDATA[LIMITES_TRACKER<BR><BR><B>ELEVATION</B> = 0]]></description>
      <styleUrl>#area3</styleUrl>
      <Polygon>
        <altitudeMode>relativeToGround</altitudeMode>
        <extrude>1</extrude>
        <outerBoundaryIs>
          <LinearRing>
            <coordinates>
              -70.8191130371,-33.1215911930,0
              -70.8190866268,-33.1215915787,0
              -70.8190758394,-33.1210685092,0
              -70.8191022496,-33.1210681235,0
              -70.8191130371,-33.1215911930,0
            </coordinates>
          </LinearRing>
        </outerBoundaryIs>
      </Polygon>
    </Placemark>
    <Placemark>
      <description><![CDATA[LIMITES_TRACKER<BR><BR><B>ELEVATION</B> = 0]]></description>
      <styleUrl>#area3</styleUrl>
      <Polygon>
        <altitudeMode>relativeToGround</altitudeMode>
        <extrude>1</extrude>
        <outerBoundaryIs>
          <LinearRing>
            <coordinates>
              -70.8190388223,-33.1210690498,0
              -70.8190496095,-33.1215921193,0
              -70.8190231991,-33.1215925049,0
              -70.8190124121,-33.1210694354,0
              -70.8190388223,-33.1210690498,0
            </coordinates>
          </LinearRing>
        </outerBoundaryIs>
      </Polygon>
    </Placemark>
    <Placemark>
      <description><![CDATA[LIMITES_TRACKER<BR><BR><B>ELEVATION</B> = 0]]></description>
      <styleUrl>#area4</styleUrl>
      <Polygon>
        <altitudeMode>relativeToGround</altitudeMode>
        <extrude>1</extrude>
        <outerBoundaryIs>
          <LinearRing>
            <coordinates>
              -70.8192730959,-33.1231991189,0
              -70.8192466851,-33.1231995047,0
              -70.8192358961,-33.1226764353,0
              -70.8192623067,-33.1226760496,0
              -70.8192730959,-33.1231991189,0
            </coordinates>
          </LinearRing>
        </outerBoundaryIs>
      </Polygon>
    </Placemark>
    <Placemark>
      <description><![CDATA[LIMITES_TRACKER<BR><BR><B>ELEVATION</B> = 0]]></description>
      <styleUrl>#area4</styleUrl>
      <Polygon>
        <altitudeMode>relativeToGround</altitudeMode>
        <extrude>1</extrude>
        <outerBoundaryIs>
          <LinearRing>
            <coordinates>
              -70.8191988783,-33.1226769760,0
              -70.8192096671,-33.1232000453,0
              -70.8191832563,-33.1232004310,0
              -70.8191724676,-33.1226773617,0
              -70.8191988783,-33.1226769760,0
            </coordinates>
          </LinearRing>
        </outerBoundaryIs>
      </Polygon>
    </Placemark>
    <Placemark>
      <description><![CDATA[LIMITES_TRACKER<BR><BR><B>ELEVATION</B> = 0]]></description>
      <styleUrl>#area2</styleUrl>
      <Polygon>
        <altitudeMode>relativeToGround</altitudeMode>
        <extrude>1</extrude>
        <outerBoundaryIs>
          <LinearRing>
            <coordinates>
              -70.8191571200,-33.1237285487,0
              -70.8191307090,-33.1237289344,0
              -70.8191199204,-33.1232058651,0
              -70.8191463313,-33.1232054794,0
              -70.8191571200,-33.1237285487,0
            </coordinates>
          </LinearRing>
        </outerBoundaryIs>
      </Polygon>
    </Placemark>
    <Placemark>
      <description><![CDATA[LIMITES_TRACKER<BR><BR><B>ELEVATION</B> = 0]]></description>
      <styleUrl>#area2</styleUrl>
      <Polygon>
        <altitudeMode>relativeToGround</altitudeMode>
        <extrude>1</extrude>
        <outerBoundaryIs>
          <LinearRing>
            <coordinates>
              -70.8190829024,-33.1232064057,0
              -70.8190936908,-33.1237294750,0
              -70.8190672798,-33.1237298607,0
              -70.8190564916,-33.1232067914,0
              -70.8190829024,-33.1232064057,0
            </coordinates>
          </LinearRing>
        </outerBoundaryIs>
      </Polygon>
    </Placemark>
    <Placemark>
      <description><![CDATA[LIMITES_TRACKER<BR><BR><B>ELEVATION</B> = 0]]></description>
      <styleUrl>#area4</styleUrl>
      <Polygon>
        <altitudeMode>relativeToGround</altitudeMode>
        <extrude>1</extrude>
        <outerBoundaryIs>
          <LinearRing>
            <coordinates>
              -70.8190079422,-33.1226482000,0
              -70.8189815316,-33.1226485857,0
              -70.8189707443,-33.1221255162,0
              -70.8189971548,-33.1221251306,0
              -70.8190079422,-33.1226482000,0
            </coordinates>
          </LinearRing>
        </outerBoundaryIs>
      </Polygon>
    </Placemark>
    <Placemark>
      <description><![CDATA[LIMITES_TRACKER<BR><BR><B>ELEVATION</B> = 0]]></description>
      <styleUrl>#area4</styleUrl>
      <Polygon>
        <altitudeMode>relativeToGround</altitudeMode>
        <extrude>1</extrude>
        <outerBoundaryIs>
          <LinearRing>
            <coordinates>
              -70.8189337268,-33.1221260568,0
              -70.8189445138,-33.1226491262,0
              -70.8189181031,-33.1226495119,0
              -70.8189073163,-33.1221264424,0
              -70.8189337268,-33.1221260568,0
            </coordinates>
          </LinearRing>
        </outerBoundaryIs>
      </Polygon>
    </Placemark>
    <Placemark>
      <description><![CDATA[LIMITES_TRACKER<BR><BR><B>ELEVATION</B> = 0]]></description>
      <styleUrl>#area4</styleUrl>
      <Polygon>
        <altitudeMode>relativeToGround</altitudeMode>
        <extrude>1</extrude>
        <outerBoundaryIs>
          <LinearRing>
            <coordinates>
              -70.8189970619,-33.1221206228,0
              -70.8189706514,-33.1221210084,0
              -70.8189598644,-33.1215979389,0
              -70.8189862748,-33.1215975533,0
              -70.8189970619,-33.1221206228,0
            </coordinates>
          </LinearRing>
        </outerBoundaryIs>
      </Polygon>
    </Placemark>
    <Placemark>
      <description><![CDATA[LIMITES_TRACKER<BR><BR><B>ELEVATION</B> = 0]]></description>
      <styleUrl>#area4</styleUrl>
      <Polygon>
        <altitudeMode>relativeToGround</altitudeMode>
        <extrude>1</extrude>
        <outerBoundaryIs>
          <LinearRing>
            <coordinates>
              -70.8189228471,-33.1215984795,0
              -70.8189336338,-33.1221215490,0
              -70.8189072233,-33.1221219346,0
              -70.8188964368,-33.1215988651,0
              -70.8189228471,-33.1215984795,0
            </coordinates>
          </LinearRing>
        </outerBoundaryIs>
      </Polygon>
    </Placemark>
    <Placemark>
      <description><![CDATA[LIMITES_TRACKER<BR><BR><B>ELEVATION</B> = 0]]></description>
      <styleUrl>#area3</styleUrl>
      <Polygon>
        <altitudeMode>relativeToGround</altitudeMode>
        <extrude>1</extrude>
        <outerBoundaryIs>
          <LinearRing>
            <coordinates>
              -70.8189861818,-33.1215930455,0
              -70.8189597715,-33.1215934311,0
              -70.8189489848,-33.1210703616,0
              -70.8189753950,-33.1210699759,0
              -70.8189861818,-33.1215930455,0
            </coordinates>
          </LinearRing>
        </outerBoundaryIs>
      </Polygon>
    </Placemark>
    <Placemark>
      <description><![CDATA[LIMITES_TRACKER<BR><BR><B>ELEVATION</B> = 0]]></description>
      <styleUrl>#area3</styleUrl>
      <Polygon>
        <altitudeMode>relativeToGround</altitudeMode>
        <extrude>1</extrude>
        <outerBoundaryIs>
          <LinearRing>
            <coordinates>
              -70.8189119677,-33.1210709021,0
              -70.8189227542,-33.1215939716,0
              -70.8188963438,-33.1215943573,0
              -70.8188855575,-33.1210712877,0
              -70.8189119677,-33.1210709021,0
            </coordinates>
          </LinearRing>
        </outerBoundaryIs>
      </Polygon>
    </Placemark>
    <Placemark>
      <description><![CDATA[LIMITES_TRACKER<BR><BR><B>ELEVATION</B> = 0]]></description>
      <styleUrl>#area4</styleUrl>
      <Polygon>
        <altitudeMode>relativeToGround</altitudeMode>
        <extrude>1</extrude>
        <outerBoundaryIs>
          <LinearRing>
            <coordinates>
              -70.8191462383,-33.1232009716,0
              -70.8191198275,-33.1232013573,0
              -70.8191090392,-33.1226782879,0
              -70.8191354499,-33.1226779023,0
              -70.8191462383,-33.1232009716,0
            </coordinates>
          </LinearRing>
        </outerBoundaryIs>
      </Polygon>
    </Placemark>
    <Placemark>
      <description><![CDATA[LIMITES_TRACKER<BR><BR><B>ELEVATION</B> = 0]]></description>
      <styleUrl>#area4</styleUrl>
      <Polygon>
        <altitudeMode>relativeToGround</altitudeMode>
        <extrude>1</extrude>
        <outerBoundaryIs>
          <LinearRing>
            <coordinates>
              -70.8190720214,-33.1226788285,0
              -70.8190828095,-33.1232018979,0
              -70.8190563986,-33.1232022836,0
              -70.8190456108,-33.1226792142,0
              -70.8190720214,-33.1226788285,0
            </coordinates>
          </LinearRing>
        </outerBoundaryIs>
      </Polygon>
    </Placemark>
    <Placemark>
      <description><![CDATA[LIMITES_TRACKER<BR><BR><B>ELEVATION</B> = 0]]></description>
      <styleUrl>#area1</styleUrl>
      <Polygon>
        <altitudeMode>relativeToGround</altitudeMode>
        <extrude>1</extrude>
        <outerBoundaryIs>
          <LinearRing>
            <coordinates>
              -70.8190302616,-33.1237304013,0
              -70.8190038506,-33.1237307870,0
              -70.8189930628,-33.1232077176,0
              -70.8190194736,-33.1232073320,0
              -70.8190302616,-33.1237304013,0
            </coordinates>
          </LinearRing>
        </outerBoundaryIs>
      </Polygon>
    </Placemark>
    <Placemark>
      <description><![CDATA[LIMITES_TRACKER<BR><BR><B>ELEVATION</B> = 0]]></description>
      <styleUrl>#area1</styleUrl>
      <Polygon>
        <altitudeMode>relativeToGround</altitudeMode>
        <extrude>1</extrude>
        <outerBoundaryIs>
          <LinearRing>
            <coordinates>
              -70.8189560448,-33.1232082582,0
              -70.8189668324,-33.1237313276,0
              -70.8189404214,-33.1237317132,0
              -70.8189296340,-33.1232086439,0
              -70.8189560448,-33.1232082582,0
            </coordinates>
          </LinearRing>
        </outerBoundaryIs>
      </Polygon>
    </Placemark>
    <Placemark>
      <description><![CDATA[LIMITES_TRACKER<BR><BR><B>ELEVATION</B> = 0]]></description>
      <styleUrl>#area1</styleUrl>
      <Polygon>
        <altitudeMode>relativeToGround</altitudeMode>
        <extrude>1</extrude>
        <outerBoundaryIs>
          <LinearRing>
            <coordinates>
              -70.8188348873,-33.1204097013,0
              -70.8188084773,-33.1204100869,0
              -70.8187976921,-33.1198870172,0
              -70.8188241019,-33.1198866316,0
              -70.8188348873,-33.1204097013,0
            </coordinates>
          </LinearRing>
        </outerBoundaryIs>
      </Polygon>
    </Placemark>
    <Placemark>
      <description><![CDATA[LIMITES_TRACKER<BR><BR><B>ELEVATION</B> = 0]]></description>
      <styleUrl>#area1</styleUrl>
      <Polygon>
        <altitudeMode>relativeToGround</altitudeMode>
        <extrude>1</extrude>
        <outerBoundaryIs>
          <LinearRing>
            <coordinates>
              -70.8187606754,-33.1198875577,0
              -70.8187714605,-33.1204106274,0
              -70.8187450505,-33.1204110129,0
              -70.8187342656,-33.1198879432,0
              -70.8187606754,-33.1198875577,0
            </coordinates>
          </LinearRing>
        </outerBoundaryIs>
      </Polygon>
    </Placemark>
    <Placemark>
      <description><![CDATA[LIMITES_TRACKER<BR><BR><B>ELEVATION</B> = 0]]></description>
      <styleUrl>#area4</styleUrl>
      <Polygon>
        <altitudeMode>relativeToGround</altitudeMode>
        <extrude>1</extrude>
        <outerBoundaryIs>
          <LinearRing>
            <coordinates>
              -70.8188810854,-33.1226500524,0
              -70.8188546747,-33.1226504380,0
              -70.8188438882,-33.1221273686,0
              -70.8188702987,-33.1221269829,0
              -70.8188810854,-33.1226500524,0
            </coordinates>
          </LinearRing>
        </outerBoundaryIs>
      </Polygon>
    </Placemark>
    <Placemark>
      <description><![CDATA[LIMITES_TRACKER<BR><BR><B>ELEVATION</B> = 0]]></description>
      <styleUrl>#area4</styleUrl>
      <Polygon>
        <altitudeMode>relativeToGround</altitudeMode>
        <extrude>1</extrude>
        <outerBoundaryIs>
          <LinearRing>
            <coordinates>
              -70.8188068707,-33.1221279091,0
              -70.8188176569,-33.1226509785,0
              -70.8187912463,-33.1226513642,0
              -70.8187804602,-33.1221282947,0
              -70.8188068707,-33.1221279091,0
            </coordinates>
          </LinearRing>
        </outerBoundaryIs>
      </Polygon>
    </Placemark>
    <Placemark>
      <description><![CDATA[LIMITES_TRACKER<BR><BR><B>ELEVATION</B> = 0]]></description>
      <styleUrl>#area4</styleUrl>
      <Polygon>
        <altitudeMode>relativeToGround</altitudeMode>
        <extrude>1</extrude>
        <outerBoundaryIs>
          <LinearRing>
            <coordinates>
              -70.8188702058,-33.1221224751,0
              -70.8188437953,-33.1221228607,0
              -70.8188330091,-33.1215997912,0
              -70.8188594194,-33.1215994056,0
              -70.8188702058,-33.1221224751,0
            </coordinates>
          </LinearRing>
        </outerBoundaryIs>
      </Polygon>
    </Placemark>
    <Placemark>
      <description><![CDATA[LIMITES_TRACKER<BR><BR><B>ELEVATION</B> = 0]]></description>
      <styleUrl>#area4</styleUrl>
      <Polygon>
        <altitudeMode>relativeToGround</altitudeMode>
        <extrude>1</extrude>
        <outerBoundaryIs>
          <LinearRing>
            <coordinates>
              -70.8187959918,-33.1216003317,0
              -70.8188067777,-33.1221234012,0
              -70.8187803672,-33.1221237868,0
              -70.8187695814,-33.1216007173,0
              -70.8187959918,-33.1216003317,0
            </coordinates>
          </LinearRing>
        </outerBoundaryIs>
      </Polygon>
    </Placemark>
    <Placemark>
      <description><![CDATA[LIMITES_TRACKER<BR><BR><B>ELEVATION</B> = 0]]></description>
      <styleUrl>#area3</styleUrl>
      <Polygon>
        <altitudeMode>relativeToGround</altitudeMode>
        <extrude>1</extrude>
        <outerBoundaryIs>
          <LinearRing>
            <coordinates>
              -70.8188593265,-33.1215948978,0
              -70.8188329161,-33.1215952834,0
              -70.8188221302,-33.1210722138,0
              -70.8188485404,-33.1210718282,0
              -70.8188593265,-33.1215948978,0
            </coordinates>
          </LinearRing>
        </outerBoundaryIs>
      </Polygon>
    </Placemark>
    <Placemark>
      <description><![CDATA[LIMITES_TRACKER<BR><BR><B>ELEVATION</B> = 0]]></description>
      <styleUrl>#area3</styleUrl>
      <Polygon>
        <altitudeMode>relativeToGround</altitudeMode>
        <extrude>1</extrude>
        <outerBoundaryIs>
          <LinearRing>
            <coordinates>
              -70.8187851131,-33.1210727543,0
              -70.8187958988,-33.1215958239,0
              -70.8187694885,-33.1215962095,0
              -70.8187587029,-33.1210731399,0
              -70.8187851131,-33.1210727543,0
            </coordinates>
          </LinearRing>
        </outerBoundaryIs>
      </Polygon>
    </Placemark>
    <Placemark>
      <description><![CDATA[LIMITES_TRACKER<BR><BR><B>ELEVATION</B> = 0]]></description>
      <styleUrl>#area2</styleUrl>
      <Polygon>
        <altitudeMode>relativeToGround</altitudeMode>
        <extrude>1</extrude>
        <outerBoundaryIs>
          <LinearRing>
            <coordinates>
              -70.8190193806,-33.1232028241,0
              -70.8189929698,-33.1232032098,0
              -70.8189821823,-33.1226801404,0
              -70.8190085930,-33.1226797548,0
              -70.8190193806,-33.1232028241,0
            </coordinates>
          </LinearRing>
        </outerBoundaryIs>
      </Polygon>
    </Placemark>
    <Placemark>
      <description><![CDATA[LIMITES_TRACKER<BR><BR><B>ELEVATION</B> = 0]]></description>
      <styleUrl>#area2</styleUrl>
      <Polygon>
        <altitudeMode>relativeToGround</altitudeMode>
        <extrude>1</extrude>
        <outerBoundaryIs>
          <LinearRing>
            <coordinates>
              -70.8189451645,-33.1226806810,0
              -70.8189559518,-33.1232037504,0
              -70.8189295410,-33.1232041360,0
              -70.8189187539,-33.1226810666,0
              -70.8189451645,-33.1226806810,0
            </coordinates>
          </LinearRing>
        </outerBoundaryIs>
      </Polygon>
    </Placemark>
    <Placemark>
      <description><![CDATA[LIMITES_TRACKER<BR><BR><B>ELEVATION</B> = 0]]></description>
      <styleUrl>#area1</styleUrl>
      <Polygon>
        <altitudeMode>relativeToGround</altitudeMode>
        <extrude>1</extrude>
        <outerBoundaryIs>
          <LinearRing>
            <coordinates>
              -70.8186823181,-33.1191642929,0
              -70.8186559084,-33.1191646784,0
              -70.8186451246,-33.1186416086,0
              -70.8186715340,-33.1186412230,0
              -70.8186823181,-33.1191642929,0
            </coordinates>
          </LinearRing>
        </outerBoundaryIs>
      </Polygon>
    </Placemark>
    <Placemark>
      <description><![CDATA[LIMITES_TRACKER<BR><BR><B>ELEVATION</B> = 0]]></description>
      <styleUrl>#area1</styleUrl>
      <Polygon>
        <altitudeMode>relativeToGround</altitudeMode>
        <extrude>1</extrude>
        <outerBoundaryIs>
          <LinearRing>
            <coordinates>
              -70.8186081085,-33.1186421490,0
              -70.8186188921,-33.1191652188,0
              -70.8185924825,-33.1191656044,0
              -70.8185816990,-33.1186425345,0
              -70.8186081085,-33.1186421490,0
            </coordinates>
          </LinearRing>
        </outerBoundaryIs>
      </Polygon>
    </Placemark>
    <Placemark>
      <description><![CDATA[LIMITES_TRACKER<BR><BR><B>ELEVATION</B> = 0]]></description>
      <styleUrl>#area1</styleUrl>
      <Polygon>
        <altitudeMode>relativeToGround</altitudeMode>
        <extrude>1</extrude>
        <outerBoundaryIs>
          <LinearRing>
            <coordinates>
              -70.8187189116,-33.1209391309,0
              -70.8186925014,-33.1209395164,0
              -70.8186817166,-33.1204164468,0
              -70.8187081266,-33.1204160612,0
              -70.8187189116,-33.1209391309,0
            </coordinates>
          </LinearRing>
        </outerBoundaryIs>
      </Polygon>
    </Placemark>
    <Placemark>
      <description><![CDATA[LIMITES_TRACKER<BR><BR><B>ELEVATION</B> = 0]]></description>
      <styleUrl>#area1</styleUrl>
      <Polygon>
        <altitudeMode>relativeToGround</altitudeMode>
        <extrude>1</extrude>
        <outerBoundaryIs>
          <LinearRing>
            <coordinates>
              -70.8186446998,-33.1204169872,0
              -70.8186554844,-33.1209400569,0
              -70.8186290742,-33.1209404425,0
              -70.8186182898,-33.1204173728,0
              -70.8186446998,-33.1204169872,0
            </coordinates>
          </LinearRing>
        </outerBoundaryIs>
      </Polygon>
    </Placemark>
    <Placemark>
      <description><![CDATA[LIMITES_TRACKER<BR><BR><B>ELEVATION</B> = 0]]></description>
      <styleUrl>#area2</styleUrl>
      <Polygon>
        <altitudeMode>relativeToGround</altitudeMode>
        <extrude>1</extrude>
        <outerBoundaryIs>
          <LinearRing>
            <coordinates>
              -70.8187080337,-33.1204115534,0
              -70.8186816237,-33.1204119390,0
              -70.8186708392,-33.1198888692,0
              -70.8186972490,-33.1198884837,0
              -70.8187080337,-33.1204115534,0
            </coordinates>
          </LinearRing>
        </outerBoundaryIs>
      </Polygon>
    </Placemark>
    <Placemark>
      <description><![CDATA[LIMITES_TRACKER<BR><BR><B>ELEVATION</B> = 0]]></description>
      <styleUrl>#area2</styleUrl>
      <Polygon>
        <altitudeMode>relativeToGround</altitudeMode>
        <extrude>1</extrude>
        <outerBoundaryIs>
          <LinearRing>
            <coordinates>
              -70.8186338225,-33.1198894096,0
              -70.8186446068,-33.1204124794,0
              -70.8186181969,-33.1204128649,0
              -70.8186074127,-33.1198897952,0
              -70.8186338225,-33.1198894096,0
            </coordinates>
          </LinearRing>
        </outerBoundaryIs>
      </Polygon>
    </Placemark>
    <Placemark>
      <description><![CDATA[LIMITES_TRACKER<BR><BR><B>ELEVATION</B> = 0]]></description>
      <styleUrl>#area3</styleUrl>
      <Polygon>
        <altitudeMode>relativeToGround</altitudeMode>
        <extrude>1</extrude>
        <outerBoundaryIs>
          <LinearRing>
            <coordinates>
              -70.8186971561,-33.1198839758,0
              -70.8186707462,-33.1198843614,0
              -70.8186599620,-33.1193612916,0
              -70.8186863717,-33.1193609061,0
              -70.8186971561,-33.1198839758,0
            </coordinates>
          </LinearRing>
        </outerBoundaryIs>
      </Polygon>
    </Placemark>
    <Placemark>
      <description><![CDATA[LIMITES_TRACKER<BR><BR><B>ELEVATION</B> = 0]]></description>
      <styleUrl>#area3</styleUrl>
      <Polygon>
        <altitudeMode>relativeToGround</altitudeMode>
        <extrude>1</extrude>
        <outerBoundaryIs>
          <LinearRing>
            <coordinates>
              -70.8186229456,-33.1193618320,0
              -70.8186337296,-33.1198849018,0
              -70.8186073198,-33.1198852874,0
              -70.8185965359,-33.1193622176,0
              -70.8186229456,-33.1193618320,0
            </coordinates>
          </LinearRing>
        </outerBoundaryIs>
      </Polygon>
    </Placemark>
    <Placemark>
      <description><![CDATA[LIMITES_TRACKER<BR><BR><B>ELEVATION</B> = 0]]></description>
      <styleUrl>#area4</styleUrl>
      <Polygon>
        <altitudeMode>relativeToGround</altitudeMode>
        <extrude>1</extrude>
        <outerBoundaryIs>
          <LinearRing>
            <coordinates>
              -70.8187542285,-33.1226519046,0
              -70.8187278178,-33.1226522903,0
              -70.8187170321,-33.1221292207,0
              -70.8187434426,-33.1221288351,0
              -70.8187542285,-33.1226519046,0
            </coordinates>
          </LinearRing>
        </outerBoundaryIs>
      </Polygon>
    </Placemark>
    <Placemark>
      <description><![CDATA[LIMITES_TRACKER<BR><BR><B>ELEVATION</B> = 0]]></description>
      <styleUrl>#area4</styleUrl>
      <Polygon>
        <altitudeMode>relativeToGround</altitudeMode>
        <extrude>1</extrude>
        <outerBoundaryIs>
          <LinearRing>
            <coordinates>
              -70.8186800146,-33.1221297612,0
              -70.8186908001,-33.1226528307,0
              -70.8186643894,-33.1226532163,0
              -70.8186536041,-33.1221301468,0
              -70.8186800146,-33.1221297612,0
            </coordinates>
          </LinearRing>
        </outerBoundaryIs>
      </Polygon>
    </Placemark>
    <Placemark>
      <description><![CDATA[LIMITES_TRACKER<BR><BR><B>ELEVATION</B> = 0]]></description>
      <styleUrl>#area4</styleUrl>
      <Polygon>
        <altitudeMode>relativeToGround</altitudeMode>
        <extrude>1</extrude>
        <outerBoundaryIs>
          <LinearRing>
            <coordinates>
              -70.8187433497,-33.1221243273,0
              -70.8187169392,-33.1221247129,0
              -70.8187061537,-33.1216016434,0
              -70.8187325641,-33.1216012578,0
              -70.8187433497,-33.1221243273,0
            </coordinates>
          </LinearRing>
        </outerBoundaryIs>
      </Polygon>
    </Placemark>
    <Placemark>
      <description><![CDATA[LIMITES_TRACKER<BR><BR><B>ELEVATION</B> = 0]]></description>
      <styleUrl>#area4</styleUrl>
      <Polygon>
        <altitudeMode>relativeToGround</altitudeMode>
        <extrude>1</extrude>
        <outerBoundaryIs>
          <LinearRing>
            <coordinates>
              -70.8186691364,-33.1216021838,0
              -70.8186799216,-33.1221252534,0
              -70.8186535111,-33.1221256390,0
              -70.8186427261,-33.1216025694,0
              -70.8186691364,-33.1216021838,0
            </coordinates>
          </LinearRing>
        </outerBoundaryIs>
      </Polygon>
    </Placemark>
    <Placemark>
      <description><![CDATA[LIMITES_TRACKER<BR><BR><B>ELEVATION</B> = 0]]></description>
      <styleUrl>#area3</styleUrl>
      <Polygon>
        <altitudeMode>relativeToGround</altitudeMode>
        <extrude>1</extrude>
        <outerBoundaryIs>
          <LinearRing>
            <coordinates>
              -70.8187324711,-33.1215967499,0
              -70.8187060608,-33.1215971355,0
              -70.8186952756,-33.1210740659,0
              -70.8187216858,-33.1210736803,0
              -70.8187324711,-33.1215967499,0
            </coordinates>
          </LinearRing>
        </outerBoundaryIs>
      </Polygon>
    </Placemark>
    <Placemark>
      <description><![CDATA[LIMITES_TRACKER<BR><BR><B>ELEVATION</B> = 0]]></description>
      <styleUrl>#area3</styleUrl>
      <Polygon>
        <altitudeMode>relativeToGround</altitudeMode>
        <extrude>1</extrude>
        <outerBoundaryIs>
          <LinearRing>
            <coordinates>
              -70.8186582585,-33.1210746064,0
              -70.8186690435,-33.1215976760,0
              -70.8186426331,-33.1215980616,0
              -70.8186318483,-33.1210749919,0
              -70.8186582585,-33.1210746064,0
            </coordinates>
          </LinearRing>
        </outerBoundaryIs>
      </Polygon>
    </Placemark>
    <Placemark>
      <description><![CDATA[LIMITES_TRACKER<BR><BR><B>ELEVATION</B> = 0]]></description>
      <styleUrl>#area2</styleUrl>
      <Polygon>
        <altitudeMode>relativeToGround</altitudeMode>
        <extrude>1</extrude>
        <outerBoundaryIs>
          <LinearRing>
            <coordinates>
              -70.8188925230,-33.1232046766,0
              -70.8188661122,-33.1232050622,0
              -70.8188553254,-33.1226819928,0
              -70.8188817361,-33.1226816071,0
              -70.8188925230,-33.1232046766,0
            </coordinates>
          </LinearRing>
        </outerBoundaryIs>
      </Polygon>
    </Placemark>
    <Placemark>
      <description><![CDATA[LIMITES_TRACKER<BR><BR><B>ELEVATION</B> = 0]]></description>
      <styleUrl>#area2</styleUrl>
      <Polygon>
        <altitudeMode>relativeToGround</altitudeMode>
        <extrude>1</extrude>
        <outerBoundaryIs>
          <LinearRing>
            <coordinates>
              -70.8188183076,-33.1226825333,0
              -70.8188290942,-33.1232056027,0
              -70.8188026833,-33.1232059884,0
              -70.8187918970,-33.1226829189,0
              -70.8188183076,-33.1226825333,0
            </coordinates>
          </LinearRing>
        </outerBoundaryIs>
      </Polygon>
    </Placemark>
    <Placemark>
      <description><![CDATA[LIMITES_TRACKER<BR><BR><B>ELEVATION</B> = 0]]></description>
      <styleUrl>#area5</styleUrl>
      <Polygon>
        <altitudeMode>relativeToGround</altitudeMode>
        <extrude>1</extrude>
        <outerBoundaryIs>
          <LinearRing>
            <coordinates>
              -70.8185554662,-33.1191661447,0
              -70.8185290566,-33.1191665303,0
              -70.8185182735,-33.1186434604,0
              -70.8185446829,-33.1186430749,0
              -70.8185554662,-33.1191661447,0
            </coordinates>
          </LinearRing>
        </outerBoundaryIs>
      </Polygon>
    </Placemark>
    <Placemark>
      <description><![CDATA[LIMITES_TRACKER<BR><BR><B>ELEVATION</B> = 0]]></description>
      <styleUrl>#area5</styleUrl>
      <Polygon>
        <altitudeMode>relativeToGround</altitudeMode>
        <extrude>1</extrude>
        <outerBoundaryIs>
          <LinearRing>
            <coordinates>
              -70.8184812574,-33.1186440008,0
              -70.8184920403,-33.1191670706,0
              -70.8184656306,-33.1191674561,0
              -70.8184548479,-33.1186443863,0
              -70.8184812574,-33.1186440008,0
            </coordinates>
          </LinearRing>
        </outerBoundaryIs>
      </Polygon>
    </Placemark>
    <Placemark>
      <description><![CDATA[LIMITES_TRACKER<BR><BR><B>ELEVATION</B> = 0]]></description>
      <styleUrl>#area2</styleUrl>
      <Polygon>
        <altitudeMode>relativeToGround</altitudeMode>
        <extrude>1</extrude>
        <outerBoundaryIs>
          <LinearRing>
            <coordinates>
              -70.8185920572,-33.1209409829,0
              -70.8185656470,-33.1209413684,0
              -70.8185548630,-33.1204182987,0
              -70.8185812730,-33.1204179132,0
              -70.8185920572,-33.1209409829,0
            </coordinates>
          </LinearRing>
        </outerBoundaryIs>
      </Polygon>
    </Placemark>
    <Placemark>
      <description><![CDATA[LIMITES_TRACKER<BR><BR><B>ELEVATION</B> = 0]]></description>
      <styleUrl>#area2</styleUrl>
      <Polygon>
        <altitudeMode>relativeToGround</altitudeMode>
        <extrude>1</extrude>
        <outerBoundaryIs>
          <LinearRing>
            <coordinates>
              -70.8185178461,-33.1204188391,0
              -70.8185286299,-33.1209419088,0
              -70.8185022198,-33.1209422944,0
              -70.8184914361,-33.1204192246,0
              -70.8185178461,-33.1204188391,0
            </coordinates>
          </LinearRing>
        </outerBoundaryIs>
      </Polygon>
    </Placemark>
    <Placemark>
      <description><![CDATA[LIMITES_TRACKER<BR><BR><B>ELEVATION</B> = 0]]></description>
      <styleUrl>#area4</styleUrl>
      <Polygon>
        <altitudeMode>relativeToGround</altitudeMode>
        <extrude>1</extrude>
        <outerBoundaryIs>
          <LinearRing>
            <coordinates>
              -70.8185811800,-33.1204134053,0
              -70.8185547700,-33.1204137909,0
              -70.8185439863,-33.1198907211,0
              -70.8185703961,-33.1198903356,0
              -70.8185811800,-33.1204134053,0
            </coordinates>
          </LinearRing>
        </outerBoundaryIs>
      </Polygon>
    </Placemark>
    <Placemark>
      <description><![CDATA[LIMITES_TRACKER<BR><BR><B>ELEVATION</B> = 0]]></description>
      <styleUrl>#area4</styleUrl>
      <Polygon>
        <altitudeMode>relativeToGround</altitudeMode>
        <extrude>1</extrude>
        <outerBoundaryIs>
          <LinearRing>
            <coordinates>
              -70.8185069696,-33.1198912615,0
              -70.8185177532,-33.1204143313,0
              -70.8184913432,-33.1204147168,0
              -70.8184805598,-33.1198916470,0
              -70.8185069696,-33.1198912615,0
            </coordinates>
          </LinearRing>
        </outerBoundaryIs>
      </Polygon>
    </Placemark>
    <Placemark>
      <description><![CDATA[LIMITES_TRACKER<BR><BR><B>ELEVATION</B> = 0]]></description>
      <styleUrl>#area3</styleUrl>
      <Polygon>
        <altitudeMode>relativeToGround</altitudeMode>
        <extrude>1</extrude>
        <outerBoundaryIs>
          <LinearRing>
            <coordinates>
              -70.8185703032,-33.1198858278,0
              -70.8185438933,-33.1198862133,0
              -70.8185331098,-33.1193631435,0
              -70.8185595195,-33.1193627580,0
              -70.8185703032,-33.1198858278,0
            </coordinates>
          </LinearRing>
        </outerBoundaryIs>
      </Polygon>
    </Placemark>
    <Placemark>
      <description><![CDATA[LIMITES_TRACKER<BR><BR><B>ELEVATION</B> = 0]]></description>
      <styleUrl>#area3</styleUrl>
      <Polygon>
        <altitudeMode>relativeToGround</altitudeMode>
        <extrude>1</extrude>
        <outerBoundaryIs>
          <LinearRing>
            <coordinates>
              -70.8184960934,-33.1193636839,0
              -70.8185068767,-33.1198867537,0
              -70.8184804669,-33.1198871392,0
              -70.8184696838,-33.1193640694,0
              -70.8184960934,-33.1193636839,0
            </coordinates>
          </LinearRing>
        </outerBoundaryIs>
      </Polygon>
    </Placemark>
    <Placemark>
      <description><![CDATA[LIMITES_TRACKER<BR><BR><B>ELEVATION</B> = 0]]></description>
      <styleUrl>#area4</styleUrl>
      <Polygon>
        <altitudeMode>relativeToGround</altitudeMode>
        <extrude>1</extrude>
        <outerBoundaryIs>
          <LinearRing>
            <coordinates>
              -70.8186273716,-33.1226537568,0
              -70.8186009610,-33.1226541423,0
              -70.8185901760,-33.1221310728,0
              -70.8186165865,-33.1221306872,0
              -70.8186273716,-33.1226537568,0
            </coordinates>
          </LinearRing>
        </outerBoundaryIs>
      </Polygon>
    </Placemark>
    <Placemark>
      <description><![CDATA[LIMITES_TRACKER<BR><BR><B>ELEVATION</B> = 0]]></description>
      <styleUrl>#area4</styleUrl>
      <Polygon>
        <altitudeMode>relativeToGround</altitudeMode>
        <extrude>1</extrude>
        <outerBoundaryIs>
          <LinearRing>
            <coordinates>
              -70.8185531584,-33.1221316132,0
              -70.8185639432,-33.1226546828,0
              -70.8185375325,-33.1226550683,0
              -70.8185267479,-33.1221319988,0
              -70.8185531584,-33.1221316132,0
            </coordinates>
          </LinearRing>
        </outerBoundaryIs>
      </Polygon>
    </Placemark>
    <Placemark>
      <description><![CDATA[LIMITES_TRACKER<BR><BR><B>ELEVATION</B> = 0]]></description>
      <styleUrl>#area4</styleUrl>
      <Polygon>
        <altitudeMode>relativeToGround</altitudeMode>
        <extrude>1</extrude>
        <outerBoundaryIs>
          <LinearRing>
            <coordinates>
              -70.8186164936,-33.1221261794,0
              -70.8185900831,-33.1221265650,0
              -70.8185792984,-33.1216034954,0
              -70.8186057087,-33.1216031098,0
              -70.8186164936,-33.1221261794,0
            </coordinates>
          </LinearRing>
        </outerBoundaryIs>
      </Polygon>
    </Placemark>
    <Placemark>
      <description><![CDATA[LIMITES_TRACKER<BR><BR><B>ELEVATION</B> = 0]]></description>
      <styleUrl>#area4</styleUrl>
      <Polygon>
        <altitudeMode>relativeToGround</altitudeMode>
        <extrude>1</extrude>
        <outerBoundaryIs>
          <LinearRing>
            <coordinates>
              -70.8185422810,-33.1216040358,0
              -70.8185530655,-33.1221271054,0
              -70.8185266550,-33.1221274910,0
              -70.8185158707,-33.1216044213,0
              -70.8185422810,-33.1216040358,0
            </coordinates>
          </LinearRing>
        </outerBoundaryIs>
      </Polygon>
    </Placemark>
    <Placemark>
      <description><![CDATA[LIMITES_TRACKER<BR><BR><B>ELEVATION</B> = 0]]></description>
      <styleUrl>#area3</styleUrl>
      <Polygon>
        <altitudeMode>relativeToGround</altitudeMode>
        <extrude>1</extrude>
        <outerBoundaryIs>
          <LinearRing>
            <coordinates>
              -70.8186056158,-33.1215986020,0
              -70.8185792054,-33.1215989876,0
              -70.8185684210,-33.1210759179,0
              -70.8185948312,-33.1210755323,0
              -70.8186056158,-33.1215986020,0
            </coordinates>
          </LinearRing>
        </outerBoundaryIs>
      </Polygon>
    </Placemark>
    <Placemark>
      <description><![CDATA[LIMITES_TRACKER<BR><BR><B>ELEVATION</B> = 0]]></description>
      <styleUrl>#area3</styleUrl>
      <Polygon>
        <altitudeMode>relativeToGround</altitudeMode>
        <extrude>1</extrude>
        <outerBoundaryIs>
          <LinearRing>
            <coordinates>
              -70.8185314039,-33.1210764583,0
              -70.8185421881,-33.1215995280,0
              -70.8185157778,-33.1215999135,0
              -70.8185049937,-33.1210768438,0
              -70.8185314039,-33.1210764583,0
            </coordinates>
          </LinearRing>
        </outerBoundaryIs>
      </Polygon>
    </Placemark>
    <Placemark>
      <description><![CDATA[LIMITES_TRACKER<BR><BR><B>ELEVATION</B> = 0]]></description>
      <styleUrl>#area2</styleUrl>
      <Polygon>
        <altitudeMode>relativeToGround</altitudeMode>
        <extrude>1</extrude>
        <outerBoundaryIs>
          <LinearRing>
            <coordinates>
              -70.8187656653,-33.1232065289,0
              -70.8187392545,-33.1232069145,0
              -70.8187284685,-33.1226838450,0
              -70.8187548792,-33.1226834594,0
              -70.8187656653,-33.1232065289,0
            </coordinates>
          </LinearRing>
        </outerBoundaryIs>
      </Polygon>
    </Placemark>
    <Placemark>
      <description><![CDATA[LIMITES_TRACKER<BR><BR><B>ELEVATION</B> = 0]]></description>
      <styleUrl>#area2</styleUrl>
      <Polygon>
        <altitudeMode>relativeToGround</altitudeMode>
        <extrude>1</extrude>
        <outerBoundaryIs>
          <LinearRing>
            <coordinates>
              -70.8186914507,-33.1226843855,0
              -70.8187022365,-33.1232074549,0
              -70.8186758257,-33.1232078406,0
              -70.8186650401,-33.1226847711,0
              -70.8186914507,-33.1226843855,0
            </coordinates>
          </LinearRing>
        </outerBoundaryIs>
      </Polygon>
    </Placemark>
    <Placemark>
      <description><![CDATA[LIMITES_TRACKER<BR><BR><B>ELEVATION</B> = 0]]></description>
      <styleUrl>#area5</styleUrl>
      <Polygon>
        <altitudeMode>relativeToGround</altitudeMode>
        <extrude>1</extrude>
        <outerBoundaryIs>
          <LinearRing>
            <coordinates>
              -70.8184286143,-33.1191679965,0
              -70.8184022047,-33.1191683820,0
              -70.8183914224,-33.1186453121,0
              -70.8184178318,-33.1186449266,0
              -70.8184286143,-33.1191679965,0
            </coordinates>
          </LinearRing>
        </outerBoundaryIs>
      </Polygon>
    </Placemark>
    <Placemark>
      <description><![CDATA[LIMITES_TRACKER<BR><BR><B>ELEVATION</B> = 0]]></description>
      <styleUrl>#area5</styleUrl>
      <Polygon>
        <altitudeMode>relativeToGround</altitudeMode>
        <extrude>1</extrude>
        <outerBoundaryIs>
          <LinearRing>
            <coordinates>
              -70.8183544062,-33.1186458524,0
              -70.8183651884,-33.1191689223,0
              -70.8183387788,-33.1191693078,0
              -70.8183279968,-33.1186462379,0
              -70.8183544062,-33.1186458524,0
            </coordinates>
          </LinearRing>
        </outerBoundaryIs>
      </Polygon>
    </Placemark>
    <Placemark>
      <description><![CDATA[LIMITES_TRACKER<BR><BR><B>ELEVATION</B> = 0]]></description>
      <styleUrl>#area2</styleUrl>
      <Polygon>
        <altitudeMode>relativeToGround</altitudeMode>
        <extrude>1</extrude>
        <outerBoundaryIs>
          <LinearRing>
            <coordinates>
              -70.8184652027,-33.1209428347,0
              -70.8184387926,-33.1209432203,0
              -70.8184280093,-33.1204201505,0
              -70.8184544193,-33.1204197650,0
              -70.8184652027,-33.1209428347,0
            </coordinates>
          </LinearRing>
        </outerBoundaryIs>
      </Polygon>
    </Placemark>
    <Placemark>
      <description><![CDATA[LIMITES_TRACKER<BR><BR><B>ELEVATION</B> = 0]]></description>
      <styleUrl>#area2</styleUrl>
      <Polygon>
        <altitudeMode>relativeToGround</altitudeMode>
        <extrude>1</extrude>
        <outerBoundaryIs>
          <LinearRing>
            <coordinates>
              -70.8183909924,-33.1204206909,0
              -70.8184017755,-33.1209437606,0
              -70.8183753654,-33.1209441461,0
              -70.8183645824,-33.1204210764,0
              -70.8183909924,-33.1204206909,0
            </coordinates>
          </LinearRing>
        </outerBoundaryIs>
      </Polygon>
    </Placemark>
    <Placemark>
      <description><![CDATA[LIMITES_TRACKER<BR><BR><B>ELEVATION</B> = 0]]></description>
      <styleUrl>#area4</styleUrl>
      <Polygon>
        <altitudeMode>relativeToGround</altitudeMode>
        <extrude>1</extrude>
        <outerBoundaryIs>
          <LinearRing>
            <coordinates>
              -70.8184543264,-33.1204152572,0
              -70.8184279164,-33.1204156427,0
              -70.8184171333,-33.1198925729,0
              -70.8184435432,-33.1198921874,0
              -70.8184543264,-33.1204152572,0
            </coordinates>
          </LinearRing>
        </outerBoundaryIs>
      </Polygon>
    </Placemark>
    <Placemark>
      <description><![CDATA[LIMITES_TRACKER<BR><BR><B>ELEVATION</B> = 0]]></description>
      <styleUrl>#area4</styleUrl>
      <Polygon>
        <altitudeMode>relativeToGround</altitudeMode>
        <extrude>1</extrude>
        <outerBoundaryIs>
          <LinearRing>
            <coordinates>
              -70.8183801167,-33.1198931132,0
              -70.8183908995,-33.1204161830,0
              -70.8183644895,-33.1204165686,0
              -70.8183537069,-33.1198934987,0
              -70.8183801167,-33.1198931132,0
            </coordinates>
          </LinearRing>
        </outerBoundaryIs>
      </Polygon>
    </Placemark>
    <Placemark>
      <description><![CDATA[LIMITES_TRACKER<BR><BR><B>ELEVATION</B> = 0]]></description>
      <styleUrl>#area3</styleUrl>
      <Polygon>
        <altitudeMode>relativeToGround</altitudeMode>
        <extrude>1</extrude>
        <outerBoundaryIs>
          <LinearRing>
            <coordinates>
              -70.8184434503,-33.1198876796,0
              -70.8184170404,-33.1198880651,0
              -70.8184062577,-33.1193649952,0
              -70.8184326674,-33.1193646097,0
              -70.8184434503,-33.1198876796,0
            </coordinates>
          </LinearRing>
        </outerBoundaryIs>
      </Polygon>
    </Placemark>
    <Placemark>
      <description><![CDATA[LIMITES_TRACKER<BR><BR><B>ELEVATION</B> = 0]]></description>
      <styleUrl>#area3</styleUrl>
      <Polygon>
        <altitudeMode>relativeToGround</altitudeMode>
        <extrude>1</extrude>
        <outerBoundaryIs>
          <LinearRing>
            <coordinates>
              -70.8183692413,-33.1193655356,0
              -70.8183800238,-33.1198886054,0
              -70.8183536140,-33.1198889909,0
              -70.8183428316,-33.1193659211,0
              -70.8183692413,-33.1193655356,0
            </coordinates>
          </LinearRing>
        </outerBoundaryIs>
      </Polygon>
    </Placemark>
    <Placemark>
      <description><![CDATA[LIMITES_TRACKER<BR><BR><B>ELEVATION</B> = 0]]></description>
      <styleUrl>#area4</styleUrl>
      <Polygon>
        <altitudeMode>relativeToGround</altitudeMode>
        <extrude>1</extrude>
        <outerBoundaryIs>
          <LinearRing>
            <coordinates>
              -70.8185005147,-33.1226556088,0
              -70.8184741041,-33.1226559943,0
              -70.8184633199,-33.1221329247,0
              -70.8184897304,-33.1221325392,0
              -70.8185005147,-33.1226556088,0
            </coordinates>
          </LinearRing>
        </outerBoundaryIs>
      </Polygon>
    </Placemark>
    <Placemark>
      <description><![CDATA[LIMITES_TRACKER<BR><BR><B>ELEVATION</B> = 0]]></description>
      <styleUrl>#area4</styleUrl>
      <Polygon>
        <altitudeMode>relativeToGround</altitudeMode>
        <extrude>1</extrude>
        <outerBoundaryIs>
          <LinearRing>
            <coordinates>
              -70.8184263023,-33.1221334651,0
              -70.8184370863,-33.1226565347,0
              -70.8184106756,-33.1226569202,0
              -70.8183998918,-33.1221338506,0
              -70.8184263023,-33.1221334651,0
            </coordinates>
          </LinearRing>
        </outerBoundaryIs>
      </Polygon>
    </Placemark>
    <Placemark>
      <description><![CDATA[LIMITES_TRACKER<BR><BR><B>ELEVATION</B> = 0]]></description>
      <styleUrl>#area4</styleUrl>
      <Polygon>
        <altitudeMode>relativeToGround</altitudeMode>
        <extrude>1</extrude>
        <outerBoundaryIs>
          <LinearRing>
            <coordinates>
              -70.8184896374,-33.1221280314,0
              -70.8184632269,-33.1221284169,0
              -70.8184524430,-33.1216053473,0
              -70.8184788534,-33.1216049617,0
              -70.8184896374,-33.1221280314,0
            </coordinates>
          </LinearRing>
        </outerBoundaryIs>
      </Polygon>
    </Placemark>
    <Placemark>
      <description><![CDATA[LIMITES_TRACKER<BR><BR><B>ELEVATION</B> = 0]]></description>
      <styleUrl>#area4</styleUrl>
      <Polygon>
        <altitudeMode>relativeToGround</altitudeMode>
        <extrude>1</extrude>
        <outerBoundaryIs>
          <LinearRing>
            <coordinates>
              -70.8184154257,-33.1216058876,0
              -70.8184262094,-33.1221289573,0
              -70.8183997989,-33.1221293428,0
              -70.8183890153,-33.1216062732,0
              -70.8184154257,-33.1216058876,0
            </coordinates>
          </LinearRing>
        </outerBoundaryIs>
      </Polygon>
    </Placemark>
    <Placemark>
      <description><![CDATA[LIMITES_TRACKER<BR><BR><B>ELEVATION</B> = 0]]></description>
      <styleUrl>#area3</styleUrl>
      <Polygon>
        <altitudeMode>relativeToGround</altitudeMode>
        <extrude>1</extrude>
        <outerBoundaryIs>
          <LinearRing>
            <coordinates>
              -70.8184787604,-33.1216004539,0
              -70.8184523501,-33.1216008394,0
              -70.8184415664,-33.1210777698,0
              -70.8184679766,-33.1210773842,0
              -70.8184787604,-33.1216004539,0
            </coordinates>
          </LinearRing>
        </outerBoundaryIs>
      </Polygon>
    </Placemark>
    <Placemark>
      <description><![CDATA[LIMITES_TRACKER<BR><BR><B>ELEVATION</B> = 0]]></description>
      <styleUrl>#area3</styleUrl>
      <Polygon>
        <altitudeMode>relativeToGround</altitudeMode>
        <extrude>1</extrude>
        <outerBoundaryIs>
          <LinearRing>
            <coordinates>
              -70.8184045493,-33.1210783101,0
              -70.8184153327,-33.1216013798,0
              -70.8183889224,-33.1216017653,0
              -70.8183781391,-33.1210786956,0
              -70.8184045493,-33.1210783101,0
            </coordinates>
          </LinearRing>
        </outerBoundaryIs>
      </Polygon>
    </Placemark>
    <Placemark>
      <description><![CDATA[LIMITES_TRACKER<BR><BR><B>ELEVATION</B> = 0]]></description>
      <styleUrl>#area2</styleUrl>
      <Polygon>
        <altitudeMode>relativeToGround</altitudeMode>
        <extrude>1</extrude>
        <outerBoundaryIs>
          <LinearRing>
            <coordinates>
              -70.8186388077,-33.1232083810,0
              -70.8186123968,-33.1232087666,0
              -70.8186016116,-33.1226856971,0
              -70.8186280223,-33.1226853115,0
              -70.8186388077,-33.1232083810,0
            </coordinates>
          </LinearRing>
        </outerBoundaryIs>
      </Polygon>
    </Placemark>
    <Placemark>
      <description><![CDATA[LIMITES_TRACKER<BR><BR><B>ELEVATION</B> = 0]]></description>
      <styleUrl>#area2</styleUrl>
      <Polygon>
        <altitudeMode>relativeToGround</altitudeMode>
        <extrude>1</extrude>
        <outerBoundaryIs>
          <LinearRing>
            <coordinates>
              -70.8185645938,-33.1226862375,0
              -70.8185753788,-33.1232093070,0
              -70.8185489680,-33.1232096926,0
              -70.8185381831,-33.1226866231,0
              -70.8185645938,-33.1226862375,0
            </coordinates>
          </LinearRing>
        </outerBoundaryIs>
      </Polygon>
    </Placemark>
    <Placemark>
      <description><![CDATA[LIMITES_TRACKER<BR><BR><B>ELEVATION</B> = 0]]></description>
      <styleUrl>#area5</styleUrl>
      <Polygon>
        <altitudeMode>relativeToGround</altitudeMode>
        <extrude>1</extrude>
        <outerBoundaryIs>
          <LinearRing>
            <coordinates>
              -70.8183017624,-33.1191698481,0
              -70.8182753528,-33.1191702336,0
              -70.8182645712,-33.1186471636,0
              -70.8182909807,-33.1186467782,0
              -70.8183017624,-33.1191698481,0
            </coordinates>
          </LinearRing>
        </outerBoundaryIs>
      </Polygon>
    </Placemark>
    <Placemark>
      <description><![CDATA[LIMITES_TRACKER<BR><BR><B>ELEVATION</B> = 0]]></description>
      <styleUrl>#area5</styleUrl>
      <Polygon>
        <altitudeMode>relativeToGround</altitudeMode>
        <extrude>1</extrude>
        <outerBoundaryIs>
          <LinearRing>
            <coordinates>
              -70.8182275551,-33.1186477039,0
              -70.8182383365,-33.1191707739,0
              -70.8182119269,-33.1191711593,0
              -70.8182011456,-33.1186480894,0
              -70.8182275551,-33.1186477039,0
            </coordinates>
          </LinearRing>
        </outerBoundaryIs>
      </Polygon>
    </Placemark>
    <Placemark>
      <description><![CDATA[LIMITES_TRACKER<BR><BR><B>ELEVATION</B> = 0]]></description>
      <styleUrl>#area2</styleUrl>
      <Polygon>
        <altitudeMode>relativeToGround</altitudeMode>
        <extrude>1</extrude>
        <outerBoundaryIs>
          <LinearRing>
            <coordinates>
              -70.8183383483,-33.1209446865,0
              -70.8183119381,-33.1209450720,0
              -70.8183011556,-33.1204220022,0
              -70.8183275656,-33.1204216167,0
              -70.8183383483,-33.1209446865,0
            </coordinates>
          </LinearRing>
        </outerBoundaryIs>
      </Polygon>
    </Placemark>
    <Placemark>
      <description><![CDATA[LIMITES_TRACKER<BR><BR><B>ELEVATION</B> = 0]]></description>
      <styleUrl>#area2</styleUrl>
      <Polygon>
        <altitudeMode>relativeToGround</altitudeMode>
        <extrude>1</extrude>
        <outerBoundaryIs>
          <LinearRing>
            <coordinates>
              -70.8182641388,-33.1204225425,0
              -70.8182749211,-33.1209456123,0
              -70.8182485109,-33.1209459978,0
              -70.8182377288,-33.1204229280,0
              -70.8182641388,-33.1204225425,0
            </coordinates>
          </LinearRing>
        </outerBoundaryIs>
      </Polygon>
    </Placemark>
    <Placemark>
      <description><![CDATA[LIMITES_TRACKER<BR><BR><B>ELEVATION</B> = 0]]></description>
      <styleUrl>#area4</styleUrl>
      <Polygon>
        <altitudeMode>relativeToGround</altitudeMode>
        <extrude>1</extrude>
        <outerBoundaryIs>
          <LinearRing>
            <coordinates>
              -70.8183274727,-33.1204171089,0
              -70.8183010627,-33.1204174944,0
              -70.8182902804,-33.1198944245,0
              -70.8183166903,-33.1198940391,0
              -70.8183274727,-33.1204171089,0
            </coordinates>
          </LinearRing>
        </outerBoundaryIs>
      </Polygon>
    </Placemark>
    <Placemark>
      <description><![CDATA[LIMITES_TRACKER<BR><BR><B>ELEVATION</B> = 0]]></description>
      <styleUrl>#area4</styleUrl>
      <Polygon>
        <altitudeMode>relativeToGround</altitudeMode>
        <extrude>1</extrude>
        <outerBoundaryIs>
          <LinearRing>
            <coordinates>
              -70.8182532638,-33.1198949648,0
              -70.8182640458,-33.1204180347,0
              -70.8182376358,-33.1204184202,0
              -70.8182268539,-33.1198953503,0
              -70.8182532638,-33.1198949648,0
            </coordinates>
          </LinearRing>
        </outerBoundaryIs>
      </Polygon>
    </Placemark>
    <Placemark>
      <description><![CDATA[LIMITES_TRACKER<BR><BR><B>ELEVATION</B> = 0]]></description>
      <styleUrl>#area3</styleUrl>
      <Polygon>
        <altitudeMode>relativeToGround</altitudeMode>
        <extrude>1</extrude>
        <outerBoundaryIs>
          <LinearRing>
            <coordinates>
              -70.8183165973,-33.1198895312,0
              -70.8182901875,-33.1198899167,0
              -70.8182794055,-33.1193668468,0
              -70.8183058152,-33.1193664614,0
              -70.8183165973,-33.1198895312,0
            </coordinates>
          </LinearRing>
        </outerBoundaryIs>
      </Polygon>
    </Placemark>
    <Placemark>
      <description><![CDATA[LIMITES_TRACKER<BR><BR><B>ELEVATION</B> = 0]]></description>
      <styleUrl>#area3</styleUrl>
      <Polygon>
        <altitudeMode>relativeToGround</altitudeMode>
        <extrude>1</extrude>
        <outerBoundaryIs>
          <LinearRing>
            <coordinates>
              -70.8182423891,-33.1193673871,0
              -70.8182531709,-33.1198904570,0
              -70.8182267610,-33.1198908425,0
              -70.8182159794,-33.1193677726,0
              -70.8182423891,-33.1193673871,0
            </coordinates>
          </LinearRing>
        </outerBoundaryIs>
      </Polygon>
    </Placemark>
    <Placemark>
      <description><![CDATA[LIMITES_TRACKER<BR><BR><B>ELEVATION</B> = 0]]></description>
      <styleUrl>#area4</styleUrl>
      <Polygon>
        <altitudeMode>relativeToGround</altitudeMode>
        <extrude>1</extrude>
        <outerBoundaryIs>
          <LinearRing>
            <coordinates>
              -70.8183736579,-33.1226574606,0
              -70.8183472472,-33.1226578461,0
              -70.8183364637,-33.1221347765,0
              -70.8183628742,-33.1221343910,0
              -70.8183736579,-33.1226574606,0
            </coordinates>
          </LinearRing>
        </outerBoundaryIs>
      </Polygon>
    </Placemark>
    <Placemark>
      <description><![CDATA[LIMITES_TRACKER<BR><BR><B>ELEVATION</B> = 0]]></description>
      <styleUrl>#area4</styleUrl>
      <Polygon>
        <altitudeMode>relativeToGround</altitudeMode>
        <extrude>1</extrude>
        <outerBoundaryIs>
          <LinearRing>
            <coordinates>
              -70.8182994462,-33.1221353169,0
              -70.8183102294,-33.1226583865,0
              -70.8182838187,-33.1226587720,0
              -70.8182730357,-33.1221357024,0
              -70.8182994462,-33.1221353169,0
            </coordinates>
          </LinearRing>
        </outerBoundaryIs>
      </Polygon>
    </Placemark>
    <Placemark>
      <description><![CDATA[LIMITES_TRACKER<BR><BR><B>ELEVATION</B> = 0]]></description>
      <styleUrl>#area4</styleUrl>
      <Polygon>
        <altitudeMode>relativeToGround</altitudeMode>
        <extrude>1</extrude>
        <outerBoundaryIs>
          <LinearRing>
            <coordinates>
              -70.8183627813,-33.1221298832,0
              -70.8183363708,-33.1221302687,0
              -70.8183255876,-33.1216071990,0
              -70.8183519980,-33.1216068135,0
              -70.8183627813,-33.1221298832,0
            </coordinates>
          </LinearRing>
        </outerBoundaryIs>
      </Polygon>
    </Placemark>
    <Placemark>
      <description><![CDATA[LIMITES_TRACKER<BR><BR><B>ELEVATION</B> = 0]]></description>
      <styleUrl>#area4</styleUrl>
      <Polygon>
        <altitudeMode>relativeToGround</altitudeMode>
        <extrude>1</extrude>
        <outerBoundaryIs>
          <LinearRing>
            <coordinates>
              -70.8182885703,-33.1216077394,0
              -70.8182993532,-33.1221308090,0
              -70.8182729427,-33.1221311945,0
              -70.8182621599,-33.1216081249,0
              -70.8182885703,-33.1216077394,0
            </coordinates>
          </LinearRing>
        </outerBoundaryIs>
      </Polygon>
    </Placemark>
    <Placemark>
      <description><![CDATA[LIMITES_TRACKER<BR><BR><B>ELEVATION</B> = 0]]></description>
      <styleUrl>#area3</styleUrl>
      <Polygon>
        <altitudeMode>relativeToGround</altitudeMode>
        <extrude>1</extrude>
        <outerBoundaryIs>
          <LinearRing>
            <coordinates>
              -70.8183519050,-33.1216023057,0
              -70.8183254947,-33.1216026912,0
              -70.8183147118,-33.1210796215,0
              -70.8183411220,-33.1210792360,0
              -70.8183519050,-33.1216023057,0
            </coordinates>
          </LinearRing>
        </outerBoundaryIs>
      </Polygon>
    </Placemark>
    <Placemark>
      <description><![CDATA[LIMITES_TRACKER<BR><BR><B>ELEVATION</B> = 0]]></description>
      <styleUrl>#area3</styleUrl>
      <Polygon>
        <altitudeMode>relativeToGround</altitudeMode>
        <extrude>1</extrude>
        <outerBoundaryIs>
          <LinearRing>
            <coordinates>
              -70.8182776947,-33.1210801618,0
              -70.8182884773,-33.1216032315,0
              -70.8182620670,-33.1216036170,0
              -70.8182512845,-33.1210805473,0
              -70.8182776947,-33.1210801618,0
            </coordinates>
          </LinearRing>
        </outerBoundaryIs>
      </Polygon>
    </Placemark>
    <Placemark>
      <description><![CDATA[LIMITES_TRACKER<BR><BR><B>ELEVATION</B> = 0]]></description>
      <styleUrl>#area2</styleUrl>
      <Polygon>
        <altitudeMode>relativeToGround</altitudeMode>
        <extrude>1</extrude>
        <outerBoundaryIs>
          <LinearRing>
            <coordinates>
              -70.8185119500,-33.1232102330,0
              -70.8184855392,-33.1232106186,0
              -70.8184747547,-33.1226875491,0
              -70.8185011653,-33.1226871635,0
              -70.8185119500,-33.1232102330,0
            </coordinates>
          </LinearRing>
        </outerBoundaryIs>
      </Polygon>
    </Placemark>
    <Placemark>
      <description><![CDATA[LIMITES_TRACKER<BR><BR><B>ELEVATION</B> = 0]]></description>
      <styleUrl>#area2</styleUrl>
      <Polygon>
        <altitudeMode>relativeToGround</altitudeMode>
        <extrude>1</extrude>
        <outerBoundaryIs>
          <LinearRing>
            <coordinates>
              -70.8184377369,-33.1226880895,0
              -70.8184485212,-33.1232111590,0
              -70.8184221103,-33.1232115446,0
              -70.8184113262,-33.1226884750,0
              -70.8184377369,-33.1226880895,0
            </coordinates>
          </LinearRing>
        </outerBoundaryIs>
      </Polygon>
    </Placemark>
    <Placemark>
      <description><![CDATA[LIMITES_TRACKER<BR><BR><B>ELEVATION</B> = 0]]></description>
      <styleUrl>#area5</styleUrl>
      <Polygon>
        <altitudeMode>relativeToGround</altitudeMode>
        <extrude>1</extrude>
        <outerBoundaryIs>
          <LinearRing>
            <coordinates>
              -70.8181749105,-33.1191716996,0
              -70.8181485009,-33.1191720850,0
              -70.8181377201,-33.1186490151,0
              -70.8181641295,-33.1186486296,0
              -70.8181749105,-33.1191716996,0
            </coordinates>
          </LinearRing>
        </outerBoundaryIs>
      </Polygon>
    </Placemark>
    <Placemark>
      <description><![CDATA[LIMITES_TRACKER<BR><BR><B>ELEVATION</B> = 0]]></description>
      <styleUrl>#area5</styleUrl>
      <Polygon>
        <altitudeMode>relativeToGround</altitudeMode>
        <extrude>1</extrude>
        <outerBoundaryIs>
          <LinearRing>
            <coordinates>
              -70.8181007040,-33.1186495553,0
              -70.8181114846,-33.1191726253,0
              -70.8180850750,-33.1191730107,0
              -70.8180742945,-33.1186499407,0
              -70.8181007040,-33.1186495553,0
            </coordinates>
          </LinearRing>
        </outerBoundaryIs>
      </Polygon>
    </Placemark>
    <Placemark>
      <description><![CDATA[LIMITES_TRACKER<BR><BR><B>ELEVATION</B> = 0]]></description>
      <styleUrl>#area2</styleUrl>
      <Polygon>
        <altitudeMode>relativeToGround</altitudeMode>
        <extrude>1</extrude>
        <outerBoundaryIs>
          <LinearRing>
            <coordinates>
              -70.8182114939,-33.1209465381,0
              -70.8181850837,-33.1209469236,0
              -70.8181743019,-33.1204238537,0
              -70.8182007119,-33.1204234683,0
              -70.8182114939,-33.1209465381,0
            </coordinates>
          </LinearRing>
        </outerBoundaryIs>
      </Polygon>
    </Placemark>
    <Placemark>
      <description><![CDATA[LIMITES_TRACKER<BR><BR><B>ELEVATION</B> = 0]]></description>
      <styleUrl>#area2</styleUrl>
      <Polygon>
        <altitudeMode>relativeToGround</altitudeMode>
        <extrude>1</extrude>
        <outerBoundaryIs>
          <LinearRing>
            <coordinates>
              -70.8181372851,-33.1204243940,0
              -70.8181480666,-33.1209474638,0
              -70.8181216565,-33.1209478493,0
              -70.8181108751,-33.1204247795,0
              -70.8181372851,-33.1204243940,0
            </coordinates>
          </LinearRing>
        </outerBoundaryIs>
      </Polygon>
    </Placemark>
    <Placemark>
      <description><![CDATA[LIMITES_TRACKER<BR><BR><B>ELEVATION</B> = 0]]></description>
      <styleUrl>#area4</styleUrl>
      <Polygon>
        <altitudeMode>relativeToGround</altitudeMode>
        <extrude>1</extrude>
        <outerBoundaryIs>
          <LinearRing>
            <coordinates>
              -70.8182006190,-33.1204189605,0
              -70.8181742090,-33.1204193459,0
              -70.8181634275,-33.1198962761,0
              -70.8181898373,-33.1198958906,0
              -70.8182006190,-33.1204189605,0
            </coordinates>
          </LinearRing>
        </outerBoundaryIs>
      </Polygon>
    </Placemark>
    <Placemark>
      <description><![CDATA[LIMITES_TRACKER<BR><BR><B>ELEVATION</B> = 0]]></description>
      <styleUrl>#area4</styleUrl>
      <Polygon>
        <altitudeMode>relativeToGround</altitudeMode>
        <extrude>1</extrude>
        <outerBoundaryIs>
          <LinearRing>
            <coordinates>
              -70.8181264108,-33.1198968163,0
              -70.8181371921,-33.1204198862,0
              -70.8181107821,-33.1204202716,0
              -70.8181000010,-33.1198972018,0
              -70.8181264108,-33.1198968163,0
            </coordinates>
          </LinearRing>
        </outerBoundaryIs>
      </Polygon>
    </Placemark>
    <Placemark>
      <description><![CDATA[LIMITES_TRACKER<BR><BR><B>ELEVATION</B> = 0]]></description>
      <styleUrl>#area3</styleUrl>
      <Polygon>
        <altitudeMode>relativeToGround</altitudeMode>
        <extrude>1</extrude>
        <outerBoundaryIs>
          <LinearRing>
            <coordinates>
              -70.8181897444,-33.1198913828,0
              -70.8181633346,-33.1198917682,0
              -70.8181525533,-33.1193686983,0
              -70.8181789630,-33.1193683129,0
              -70.8181897444,-33.1198913828,0
            </coordinates>
          </LinearRing>
        </outerBoundaryIs>
      </Polygon>
    </Placemark>
    <Placemark>
      <description><![CDATA[LIMITES_TRACKER<BR><BR><B>ELEVATION</B> = 0]]></description>
      <styleUrl>#area3</styleUrl>
      <Polygon>
        <altitudeMode>relativeToGround</altitudeMode>
        <extrude>1</extrude>
        <outerBoundaryIs>
          <LinearRing>
            <coordinates>
              -70.8181155369,-33.1193692386,0
              -70.8181263179,-33.1198923085,0
              -70.8180999081,-33.1198926939,0
              -70.8180891272,-33.1193696240,0
              -70.8181155369,-33.1193692386,0
            </coordinates>
          </LinearRing>
        </outerBoundaryIs>
      </Polygon>
    </Placemark>
    <Placemark>
      <description><![CDATA[LIMITES_TRACKER<BR><BR><B>ELEVATION</B> = 0]]></description>
      <styleUrl>#area4</styleUrl>
      <Polygon>
        <altitudeMode>relativeToGround</altitudeMode>
        <extrude>1</extrude>
        <outerBoundaryIs>
          <LinearRing>
            <coordinates>
              -70.8182468009,-33.1226593124,0
              -70.8182203903,-33.1226596979,0
              -70.8182096076,-33.1221366282,0
              -70.8182360181,-33.1221362427,0
              -70.8182468009,-33.1226593124,0
            </coordinates>
          </LinearRing>
        </outerBoundaryIs>
      </Polygon>
    </Placemark>
    <Placemark>
      <description><![CDATA[LIMITES_TRACKER<BR><BR><B>ELEVATION</B> = 0]]></description>
      <styleUrl>#area4</styleUrl>
      <Polygon>
        <altitudeMode>relativeToGround</altitudeMode>
        <extrude>1</extrude>
        <outerBoundaryIs>
          <LinearRing>
            <coordinates>
              -70.8181725900,-33.1221371685,0
              -70.8181833725,-33.1226602382,0
              -70.8181569618,-33.1226606237,0
              -70.8181461795,-33.1221375540,0
              -70.8181725900,-33.1221371685,0
            </coordinates>
          </LinearRing>
        </outerBoundaryIs>
      </Polygon>
    </Placemark>
    <Placemark>
      <description><![CDATA[LIMITES_TRACKER<BR><BR><B>ELEVATION</B> = 0]]></description>
      <styleUrl>#area4</styleUrl>
      <Polygon>
        <altitudeMode>relativeToGround</altitudeMode>
        <extrude>1</extrude>
        <outerBoundaryIs>
          <LinearRing>
            <coordinates>
              -70.8182359252,-33.1221317349,0
              -70.8182095146,-33.1221321204,0
              -70.8181987322,-33.1216090507,0
              -70.8182251426,-33.1216086652,0
              -70.8182359252,-33.1221317349,0
            </coordinates>
          </LinearRing>
        </outerBoundaryIs>
      </Polygon>
    </Placemark>
    <Placemark>
      <description><![CDATA[LIMITES_TRACKER<BR><BR><B>ELEVATION</B> = 0]]></description>
      <styleUrl>#area4</styleUrl>
      <Polygon>
        <altitudeMode>relativeToGround</altitudeMode>
        <extrude>1</extrude>
        <outerBoundaryIs>
          <LinearRing>
            <coordinates>
              -70.8181617149,-33.1216095909,0
              -70.8181724971,-33.1221326607,0
              -70.8181460866,-33.1221330462,0
              -70.8181353045,-33.1216099764,0
              -70.8181617149,-33.1216095909,0
            </coordinates>
          </LinearRing>
        </outerBoundaryIs>
      </Polygon>
    </Placemark>
    <Placemark>
      <description><![CDATA[LIMITES_TRACKER<BR><BR><B>ELEVATION</B> = 0]]></description>
      <styleUrl>#area3</styleUrl>
      <Polygon>
        <altitudeMode>relativeToGround</altitudeMode>
        <extrude>1</extrude>
        <outerBoundaryIs>
          <LinearRing>
            <coordinates>
              -70.8182250496,-33.1216041573,0
              -70.8181986393,-33.1216045428,0
              -70.8181878572,-33.1210814731,0
              -70.8182142673,-33.1210810876,0
              -70.8182250496,-33.1216041573,0
            </coordinates>
          </LinearRing>
        </outerBoundaryIs>
      </Polygon>
    </Placemark>
    <Placemark>
      <description><![CDATA[LIMITES_TRACKER<BR><BR><B>ELEVATION</B> = 0]]></description>
      <styleUrl>#area3</styleUrl>
      <Polygon>
        <altitudeMode>relativeToGround</altitudeMode>
        <extrude>1</extrude>
        <outerBoundaryIs>
          <LinearRing>
            <coordinates>
              -70.8181508400,-33.1210820134,0
              -70.8181616219,-33.1216050831,0
              -70.8181352116,-33.1216054686,0
              -70.8181244298,-33.1210823988,0
              -70.8181508400,-33.1210820134,0
            </coordinates>
          </LinearRing>
        </outerBoundaryIs>
      </Polygon>
    </Placemark>
    <Placemark>
      <description><![CDATA[LIMITES_TRACKER<BR><BR><B>ELEVATION</B> = 0]]></description>
      <styleUrl>#area2</styleUrl>
      <Polygon>
        <altitudeMode>relativeToGround</altitudeMode>
        <extrude>1</extrude>
        <outerBoundaryIs>
          <LinearRing>
            <coordinates>
              -70.8183850923,-33.1232120849,0
              -70.8183586815,-33.1232124705,0
              -70.8183478977,-33.1226894009,0
              -70.8183743084,-33.1226890154,0
              -70.8183850923,-33.1232120849,0
            </coordinates>
          </LinearRing>
        </outerBoundaryIs>
      </Polygon>
    </Placemark>
    <Placemark>
      <description><![CDATA[LIMITES_TRACKER<BR><BR><B>ELEVATION</B> = 0]]></description>
      <styleUrl>#area2</styleUrl>
      <Polygon>
        <altitudeMode>relativeToGround</altitudeMode>
        <extrude>1</extrude>
        <outerBoundaryIs>
          <LinearRing>
            <coordinates>
              -70.8183108799,-33.1226899413,0
              -70.8183216635,-33.1232130108,0
              -70.8182952526,-33.1232133964,0
              -70.8182844692,-33.1226903268,0
              -70.8183108799,-33.1226899413,0
            </coordinates>
          </LinearRing>
        </outerBoundaryIs>
      </Polygon>
    </Placemark>
    <Placemark>
      <description><![CDATA[LIMITES_TRACKER<BR><BR><B>ELEVATION</B> = 0]]></description>
      <styleUrl>#area5</styleUrl>
      <Polygon>
        <altitudeMode>relativeToGround</altitudeMode>
        <extrude>1</extrude>
        <outerBoundaryIs>
          <LinearRing>
            <coordinates>
              -70.8180480586,-33.1191735509,0
              -70.8180216490,-33.1191739364,0
              -70.8180108689,-33.1186508664,0
              -70.8180372784,-33.1186504809,0
              -70.8180480586,-33.1191735509,0
            </coordinates>
          </LinearRing>
        </outerBoundaryIs>
      </Polygon>
    </Placemark>
    <Placemark>
      <description><![CDATA[LIMITES_TRACKER<BR><BR><B>ELEVATION</B> = 0]]></description>
      <styleUrl>#area5</styleUrl>
      <Polygon>
        <altitudeMode>relativeToGround</altitudeMode>
        <extrude>1</extrude>
        <outerBoundaryIs>
          <LinearRing>
            <coordinates>
              -70.8179738528,-33.1186514066,0
              -70.8179846327,-33.1191744766,0
              -70.8179582230,-33.1191748620,0
              -70.8179474433,-33.1186517920,0
              -70.8179738528,-33.1186514066,0
            </coordinates>
          </LinearRing>
        </outerBoundaryIs>
      </Polygon>
    </Placemark>
    <Placemark>
      <description><![CDATA[LIMITES_TRACKER<BR><BR><B>ELEVATION</B> = 0]]></description>
      <styleUrl>#area2</styleUrl>
      <Polygon>
        <altitudeMode>relativeToGround</altitudeMode>
        <extrude>1</extrude>
        <outerBoundaryIs>
          <LinearRing>
            <coordinates>
              -70.8180846394,-33.1209483896,0
              -70.8180582292,-33.1209487750,0
              -70.8180474482,-33.1204257052,0
              -70.8180738582,-33.1204253197,0
              -70.8180846394,-33.1209483896,0
            </coordinates>
          </LinearRing>
        </outerBoundaryIs>
      </Polygon>
    </Placemark>
    <Placemark>
      <description><![CDATA[LIMITES_TRACKER<BR><BR><B>ELEVATION</B> = 0]]></description>
      <styleUrl>#area2</styleUrl>
      <Polygon>
        <altitudeMode>relativeToGround</altitudeMode>
        <extrude>1</extrude>
        <outerBoundaryIs>
          <LinearRing>
            <coordinates>
              -70.8180104313,-33.1204262454,0
              -70.8180212122,-33.1209493153,0
              -70.8179948020,-33.1209497007,0
              -70.8179840213,-33.1204266308,0
              -70.8180104313,-33.1204262454,0
            </coordinates>
          </LinearRing>
        </outerBoundaryIs>
      </Polygon>
    </Placemark>
    <Placemark>
      <description><![CDATA[LIMITES_TRACKER<BR><BR><B>ELEVATION</B> = 0]]></description>
      <styleUrl>#area4</styleUrl>
      <Polygon>
        <altitudeMode>relativeToGround</altitudeMode>
        <extrude>1</extrude>
        <outerBoundaryIs>
          <LinearRing>
            <coordinates>
              -70.8180737653,-33.1204208119,0
              -70.8180473553,-33.1204211973,0
              -70.8180365745,-33.1198981274,0
              -70.8180629844,-33.1198977420,0
              -70.8180737653,-33.1204208119,0
            </coordinates>
          </LinearRing>
        </outerBoundaryIs>
      </Polygon>
    </Placemark>
    <Placemark>
      <description><![CDATA[LIMITES_TRACKER<BR><BR><B>ELEVATION</B> = 0]]></description>
      <styleUrl>#area4</styleUrl>
      <Polygon>
        <altitudeMode>relativeToGround</altitudeMode>
        <extrude>1</extrude>
        <outerBoundaryIs>
          <LinearRing>
            <coordinates>
              -70.8179995579,-33.1198986677,0
              -70.8180103384,-33.1204217376,0
              -70.8179839284,-33.1204221230,0
              -70.8179731480,-33.1198990531,0
              -70.8179995579,-33.1198986677,0
            </coordinates>
          </LinearRing>
        </outerBoundaryIs>
      </Polygon>
    </Placemark>
    <Placemark>
      <description><![CDATA[LIMITES_TRACKER<BR><BR><B>ELEVATION</B> = 0]]></description>
      <styleUrl>#area3</styleUrl>
      <Polygon>
        <altitudeMode>relativeToGround</altitudeMode>
        <extrude>1</extrude>
        <outerBoundaryIs>
          <LinearRing>
            <coordinates>
              -70.8180628915,-33.1198932342,0
              -70.8180364816,-33.1198936196,0
              -70.8180257011,-33.1193705497,0
              -70.8180521108,-33.1193701642,0
              -70.8180628915,-33.1198932342,0
            </coordinates>
          </LinearRing>
        </outerBoundaryIs>
      </Polygon>
    </Placemark>
    <Placemark>
      <description><![CDATA[LIMITES_TRACKER<BR><BR><B>ELEVATION</B> = 0]]></description>
      <styleUrl>#area3</styleUrl>
      <Polygon>
        <altitudeMode>relativeToGround</altitudeMode>
        <extrude>1</extrude>
        <outerBoundaryIs>
          <LinearRing>
            <coordinates>
              -70.8179886847,-33.1193710899,0
              -70.8179994650,-33.1198941598,0
              -70.8179730551,-33.1198945453,0
              -70.8179622750,-33.1193714753,0
              -70.8179886847,-33.1193710899,0
            </coordinates>
          </LinearRing>
        </outerBoundaryIs>
      </Polygon>
    </Placemark>
    <Placemark>
      <description><![CDATA[LIMITES_TRACKER<BR><BR><B>ELEVATION</B> = 0]]></description>
      <styleUrl>#area2</styleUrl>
      <Polygon>
        <altitudeMode>relativeToGround</altitudeMode>
        <extrude>1</extrude>
        <outerBoundaryIs>
          <LinearRing>
            <coordinates>
              -70.8181199440,-33.1226611640,0
              -70.8180935334,-33.1226615494,0
              -70.8180827514,-33.1221384797,0
              -70.8181091619,-33.1221380943,0
              -70.8181199440,-33.1226611640,0
            </coordinates>
          </LinearRing>
        </outerBoundaryIs>
      </Polygon>
    </Placemark>
    <Placemark>
      <description><![CDATA[LIMITES_TRACKER<BR><BR><B>ELEVATION</B> = 0]]></description>
      <styleUrl>#area2</styleUrl>
      <Polygon>
        <altitudeMode>relativeToGround</altitudeMode>
        <extrude>1</extrude>
        <outerBoundaryIs>
          <LinearRing>
            <coordinates>
              -70.8180457338,-33.1221390200,0
              -70.8180565156,-33.1226620897,0
              -70.8180301049,-33.1226624752,0
              -70.8180193233,-33.1221394054,0
              -70.8180457338,-33.1221390200,0
            </coordinates>
          </LinearRing>
        </outerBoundaryIs>
      </Polygon>
    </Placemark>
    <Placemark>
      <description><![CDATA[LIMITES_TRACKER<BR><BR><B>ELEVATION</B> = 0]]></description>
      <styleUrl>#area4</styleUrl>
      <Polygon>
        <altitudeMode>relativeToGround</altitudeMode>
        <extrude>1</extrude>
        <outerBoundaryIs>
          <LinearRing>
            <coordinates>
              -70.8181090690,-33.1221335864,0
              -70.8180826585,-33.1221339719,0
              -70.8180718768,-33.1216109022,0
              -70.8180982872,-33.1216105167,0
              -70.8181090690,-33.1221335864,0
            </coordinates>
          </LinearRing>
        </outerBoundaryIs>
      </Polygon>
    </Placemark>
    <Placemark>
      <description><![CDATA[LIMITES_TRACKER<BR><BR><B>ELEVATION</B> = 0]]></description>
      <styleUrl>#area4</styleUrl>
      <Polygon>
        <altitudeMode>relativeToGround</altitudeMode>
        <extrude>1</extrude>
        <outerBoundaryIs>
          <LinearRing>
            <coordinates>
              -70.8180348595,-33.1216114424,0
              -70.8180456409,-33.1221345122,0
              -70.8180192304,-33.1221348976,0
              -70.8180084491,-33.1216118279,0
              -70.8180348595,-33.1216114424,0
            </coordinates>
          </LinearRing>
        </outerBoundaryIs>
      </Polygon>
    </Placemark>
    <Placemark>
      <description><![CDATA[LIMITES_TRACKER<BR><BR><B>ELEVATION</B> = 0]]></description>
      <styleUrl>#area3</styleUrl>
      <Polygon>
        <altitudeMode>relativeToGround</altitudeMode>
        <extrude>1</extrude>
        <outerBoundaryIs>
          <LinearRing>
            <coordinates>
              -70.8180981942,-33.1216060089,0
              -70.8180717839,-33.1216063943,0
              -70.8180610025,-33.1210833245,0
              -70.8180874127,-33.1210829391,0
              -70.8180981942,-33.1216060089,0
            </coordinates>
          </LinearRing>
        </outerBoundaryIs>
      </Polygon>
    </Placemark>
    <Placemark>
      <description><![CDATA[LIMITES_TRACKER<BR><BR><B>ELEVATION</B> = 0]]></description>
      <styleUrl>#area3</styleUrl>
      <Polygon>
        <altitudeMode>relativeToGround</altitudeMode>
        <extrude>1</extrude>
        <outerBoundaryIs>
          <LinearRing>
            <coordinates>
              -70.8180239854,-33.1210838648,0
              -70.8180347665,-33.1216069346,0
              -70.8180083562,-33.1216073200,0
              -70.8179975752,-33.1210842502,0
              -70.8180239854,-33.1210838648,0
            </coordinates>
          </LinearRing>
        </outerBoundaryIs>
      </Polygon>
    </Placemark>
    <Placemark>
      <description><![CDATA[LIMITES_TRACKER<BR><BR><B>ELEVATION</B> = 0]]></description>
      <styleUrl>#area2</styleUrl>
      <Polygon>
        <altitudeMode>relativeToGround</altitudeMode>
        <extrude>1</extrude>
        <outerBoundaryIs>
          <LinearRing>
            <coordinates>
              -70.8182582346,-33.1232139367,0
              -70.8182318238,-33.1232143222,0
              -70.8182210408,-33.1226912526,0
              -70.8182474514,-33.1226908671,0
              -70.8182582346,-33.1232139367,0
            </coordinates>
          </LinearRing>
        </outerBoundaryIs>
      </Polygon>
    </Placemark>
    <Placemark>
      <description><![CDATA[LIMITES_TRACKER<BR><BR><B>ELEVATION</B> = 0]]></description>
      <styleUrl>#area2</styleUrl>
      <Polygon>
        <altitudeMode>relativeToGround</altitudeMode>
        <extrude>1</extrude>
        <outerBoundaryIs>
          <LinearRing>
            <coordinates>
              -70.8181840230,-33.1226917929,0
              -70.8181948057,-33.1232148625,0
              -70.8181683949,-33.1232152480,0
              -70.8181576123,-33.1226921784,0
              -70.8181840230,-33.1226917929,0
            </coordinates>
          </LinearRing>
        </outerBoundaryIs>
      </Polygon>
    </Placemark>
    <Placemark>
      <description><![CDATA[LIMITES_TRACKER<BR><BR><B>ELEVATION</B> = 0]]></description>
      <styleUrl>#area5</styleUrl>
      <Polygon>
        <altitudeMode>relativeToGround</altitudeMode>
        <extrude>1</extrude>
        <outerBoundaryIs>
          <LinearRing>
            <coordinates>
              -70.8179212067,-33.1191754022,0
              -70.8178947971,-33.1191757876,0
              -70.8178840177,-33.1186527175,0
              -70.8179104272,-33.1186523321,0
              -70.8179212067,-33.1191754022,0
            </coordinates>
          </LinearRing>
        </outerBoundaryIs>
      </Polygon>
    </Placemark>
    <Placemark>
      <description><![CDATA[LIMITES_TRACKER<BR><BR><B>ELEVATION</B> = 0]]></description>
      <styleUrl>#area5</styleUrl>
      <Polygon>
        <altitudeMode>relativeToGround</altitudeMode>
        <extrude>1</extrude>
        <outerBoundaryIs>
          <LinearRing>
            <coordinates>
              -70.8178470016,-33.1186532577,0
              -70.8178577807,-33.1191763277,0
              -70.8178313711,-33.1191767131,0
              -70.8178205921,-33.1186536431,0
              -70.8178470016,-33.1186532577,0
            </coordinates>
          </LinearRing>
        </outerBoundaryIs>
      </Polygon>
    </Placemark>
    <Placemark>
      <description><![CDATA[LIMITES_TRACKER<BR><BR><B>ELEVATION</B> = 0]]></description>
      <styleUrl>#area2</styleUrl>
      <Polygon>
        <altitudeMode>relativeToGround</altitudeMode>
        <extrude>1</extrude>
        <outerBoundaryIs>
          <LinearRing>
            <coordinates>
              -70.8179577849,-33.1209502409,0
              -70.8179313748,-33.1209506263,0
              -70.8179205945,-33.1204275565,0
              -70.8179470045,-33.1204271710,0
              -70.8179577849,-33.1209502409,0
            </coordinates>
          </LinearRing>
        </outerBoundaryIs>
      </Polygon>
    </Placemark>
    <Placemark>
      <description><![CDATA[LIMITES_TRACKER<BR><BR><B>ELEVATION</B> = 0]]></description>
      <styleUrl>#area2</styleUrl>
      <Polygon>
        <altitudeMode>relativeToGround</altitudeMode>
        <extrude>1</extrude>
        <outerBoundaryIs>
          <LinearRing>
            <coordinates>
              -70.8178835776,-33.1204280966,0
              -70.8178943577,-33.1209511666,0
              -70.8178679475,-33.1209515520,0
              -70.8178571676,-33.1204284821,0
              -70.8178835776,-33.1204280966,0
            </coordinates>
          </LinearRing>
        </outerBoundaryIs>
      </Polygon>
    </Placemark>
    <Placemark>
      <description><![CDATA[LIMITES_TRACKER<BR><BR><B>ELEVATION</B> = 0]]></description>
      <styleUrl>#area4</styleUrl>
      <Polygon>
        <altitudeMode>relativeToGround</altitudeMode>
        <extrude>1</extrude>
        <outerBoundaryIs>
          <LinearRing>
            <coordinates>
              -70.8179469116,-33.1204226632,0
              -70.8179205016,-33.1204230486,0
              -70.8179097216,-33.1198999787,0
              -70.8179361314,-33.1198995933,0
              -70.8179469116,-33.1204226632,0
            </coordinates>
          </LinearRing>
        </outerBoundaryIs>
      </Polygon>
    </Placemark>
    <Placemark>
      <description><![CDATA[LIMITES_TRACKER<BR><BR><B>ELEVATION</B> = 0]]></description>
      <styleUrl>#area4</styleUrl>
      <Polygon>
        <altitudeMode>relativeToGround</altitudeMode>
        <extrude>1</extrude>
        <outerBoundaryIs>
          <LinearRing>
            <coordinates>
              -70.8178727049,-33.1199005189,0
              -70.8178834847,-33.1204235888,0
              -70.8178570747,-33.1204239742,0
              -70.8178462951,-33.1199009043,0
              -70.8178727049,-33.1199005189,0
            </coordinates>
          </LinearRing>
        </outerBoundaryIs>
      </Polygon>
    </Placemark>
    <Placemark>
      <description><![CDATA[LIMITES_TRACKER<BR><BR><B>ELEVATION</B> = 0]]></description>
      <styleUrl>#area3</styleUrl>
      <Polygon>
        <altitudeMode>relativeToGround</altitudeMode>
        <extrude>1</extrude>
        <outerBoundaryIs>
          <LinearRing>
            <coordinates>
              -70.8179360385,-33.1198950855,0
              -70.8179096287,-33.1198954709,0
              -70.8178988489,-33.1193724009,0
              -70.8179252586,-33.1193720155,0
              -70.8179360385,-33.1198950855,0
            </coordinates>
          </LinearRing>
        </outerBoundaryIs>
      </Polygon>
    </Placemark>
    <Placemark>
      <description><![CDATA[LIMITES_TRACKER<BR><BR><B>ELEVATION</B> = 0]]></description>
      <styleUrl>#area3</styleUrl>
      <Polygon>
        <altitudeMode>relativeToGround</altitudeMode>
        <extrude>1</extrude>
        <outerBoundaryIs>
          <LinearRing>
            <coordinates>
              -70.8178618325,-33.1193729411,0
              -70.8178726120,-33.1198960111,0
              -70.8178462022,-33.1198963964,0
              -70.8178354228,-33.1193733264,0
              -70.8178618325,-33.1193729411,0
            </coordinates>
          </LinearRing>
        </outerBoundaryIs>
      </Polygon>
    </Placemark>
    <Placemark>
      <description><![CDATA[LIMITES_TRACKER<BR><BR><B>ELEVATION</B> = 0]]></description>
      <styleUrl>#area2</styleUrl>
      <Polygon>
        <altitudeMode>relativeToGround</altitudeMode>
        <extrude>1</extrude>
        <outerBoundaryIs>
          <LinearRing>
            <coordinates>
              -70.8179930871,-33.1226630154,0
              -70.8179666764,-33.1226634009,0
              -70.8179558952,-33.1221403311,0
              -70.8179823057,-33.1221399457,0
              -70.8179930871,-33.1226630154,0
            </coordinates>
          </LinearRing>
        </outerBoundaryIs>
      </Polygon>
    </Placemark>
    <Placemark>
      <description><![CDATA[LIMITES_TRACKER<BR><BR><B>ELEVATION</B> = 0]]></description>
      <styleUrl>#area2</styleUrl>
      <Polygon>
        <altitudeMode>relativeToGround</altitudeMode>
        <extrude>1</extrude>
        <outerBoundaryIs>
          <LinearRing>
            <coordinates>
              -70.8179188776,-33.1221408714,0
              -70.8179296586,-33.1226639411,0
              -70.8179032480,-33.1226643265,0
              -70.8178924671,-33.1221412568,0
              -70.8179188776,-33.1221408714,0
            </coordinates>
          </LinearRing>
        </outerBoundaryIs>
      </Polygon>
    </Placemark>
    <Placemark>
      <description><![CDATA[LIMITES_TRACKER<BR><BR><B>ELEVATION</B> = 0]]></description>
      <styleUrl>#area4</styleUrl>
      <Polygon>
        <altitudeMode>relativeToGround</altitudeMode>
        <extrude>1</extrude>
        <outerBoundaryIs>
          <LinearRing>
            <coordinates>
              -70.8179822128,-33.1221354379,0
              -70.8179558023,-33.1221358233,0
              -70.8179450214,-33.1216127535,0
              -70.8179714317,-33.1216123681,0
              -70.8179822128,-33.1221354379,0
            </coordinates>
          </LinearRing>
        </outerBoundaryIs>
      </Polygon>
    </Placemark>
    <Placemark>
      <description><![CDATA[LIMITES_TRACKER<BR><BR><B>ELEVATION</B> = 0]]></description>
      <styleUrl>#area4</styleUrl>
      <Polygon>
        <altitudeMode>relativeToGround</altitudeMode>
        <extrude>1</extrude>
        <outerBoundaryIs>
          <LinearRing>
            <coordinates>
              -70.8179080040,-33.1216132938,0
              -70.8179187847,-33.1221363635,0
              -70.8178923742,-33.1221367490,0
              -70.8178815937,-33.1216136792,0
              -70.8179080040,-33.1216132938,0
            </coordinates>
          </LinearRing>
        </outerBoundaryIs>
      </Polygon>
    </Placemark>
    <Placemark>
      <description><![CDATA[LIMITES_TRACKER<BR><BR><B>ELEVATION</B> = 0]]></description>
      <styleUrl>#area3</styleUrl>
      <Polygon>
        <altitudeMode>relativeToGround</altitudeMode>
        <extrude>1</extrude>
        <outerBoundaryIs>
          <LinearRing>
            <coordinates>
              -70.8179713388,-33.1216078603,0
              -70.8179449285,-33.1216082457,0
              -70.8179341478,-33.1210851759,0
              -70.8179605580,-33.1210847905,0
              -70.8179713388,-33.1216078603,0
            </coordinates>
          </LinearRing>
        </outerBoundaryIs>
      </Polygon>
    </Placemark>
    <Placemark>
      <description><![CDATA[LIMITES_TRACKER<BR><BR><B>ELEVATION</B> = 0]]></description>
      <styleUrl>#area3</styleUrl>
      <Polygon>
        <altitudeMode>relativeToGround</altitudeMode>
        <extrude>1</extrude>
        <outerBoundaryIs>
          <LinearRing>
            <coordinates>
              -70.8178971307,-33.1210857161,0
              -70.8179079111,-33.1216087859,0
              -70.8178815008,-33.1216091713,0
              -70.8178707205,-33.1210861015,0
              -70.8178971307,-33.1210857161,0
            </coordinates>
          </LinearRing>
        </outerBoundaryIs>
      </Polygon>
    </Placemark>
    <Placemark>
      <description><![CDATA[LIMITES_TRACKER<BR><BR><B>ELEVATION</B> = 0]]></description>
      <styleUrl>#area1</styleUrl>
      <Polygon>
        <altitudeMode>relativeToGround</altitudeMode>
        <extrude>1</extrude>
        <outerBoundaryIs>
          <LinearRing>
            <coordinates>
              -70.8181313769,-33.1232157884,0
              -70.8181049661,-33.1232161738,0
              -70.8180941838,-33.1226931042,0
              -70.8181205945,-33.1226927187,0
              -70.8181313769,-33.1232157884,0
            </coordinates>
          </LinearRing>
        </outerBoundaryIs>
      </Polygon>
    </Placemark>
    <Placemark>
      <description><![CDATA[LIMITES_TRACKER<BR><BR><B>ELEVATION</B> = 0]]></description>
      <styleUrl>#area1</styleUrl>
      <Polygon>
        <altitudeMode>relativeToGround</altitudeMode>
        <extrude>1</extrude>
        <outerBoundaryIs>
          <LinearRing>
            <coordinates>
              -70.8180571660,-33.1226936445,0
              -70.8180679480,-33.1232167141,0
              -70.8180415372,-33.1232170996,0
              -70.8180307553,-33.1226940299,0
              -70.8180571660,-33.1226936445,0
            </coordinates>
          </LinearRing>
        </outerBoundaryIs>
      </Polygon>
    </Placemark>
    <Placemark>
      <description><![CDATA[LIMITES_TRACKER<BR><BR><B>ELEVATION</B> = 0]]></description>
      <styleUrl>#area5</styleUrl>
      <Polygon>
        <altitudeMode>relativeToGround</altitudeMode>
        <extrude>1</extrude>
        <outerBoundaryIs>
          <LinearRing>
            <coordinates>
              -70.8177943548,-33.1191772533,0
              -70.8177679451,-33.1191776386,0
              -70.8177571666,-33.1186545686,0
              -70.8177835760,-33.1186541832,0
              -70.8177943548,-33.1191772533,0
            </coordinates>
          </LinearRing>
        </outerBoundaryIs>
      </Polygon>
    </Placemark>
    <Placemark>
      <description><![CDATA[LIMITES_TRACKER<BR><BR><B>ELEVATION</B> = 0]]></description>
      <styleUrl>#area5</styleUrl>
      <Polygon>
        <altitudeMode>relativeToGround</altitudeMode>
        <extrude>1</extrude>
        <outerBoundaryIs>
          <LinearRing>
            <coordinates>
              -70.8177201504,-33.1186551087,0
              -70.8177309288,-33.1191781788,0
              -70.8177045192,-33.1191785641,0
              -70.8176937410,-33.1186554940,0
              -70.8177201504,-33.1186551087,0
            </coordinates>
          </LinearRing>
        </outerBoundaryIs>
      </Polygon>
    </Placemark>
    <Placemark>
      <description><![CDATA[LIMITES_TRACKER<BR><BR><B>ELEVATION</B> = 0]]></description>
      <styleUrl>#area2</styleUrl>
      <Polygon>
        <altitudeMode>relativeToGround</altitudeMode>
        <extrude>1</extrude>
        <outerBoundaryIs>
          <LinearRing>
            <coordinates>
              -70.8178309304,-33.1209520921,0
              -70.8178045203,-33.1209524775,0
              -70.8177937407,-33.1204294076,0
              -70.8178201508,-33.1204290222,0
              -70.8178309304,-33.1209520921,0
            </coordinates>
          </LinearRing>
        </outerBoundaryIs>
      </Polygon>
    </Placemark>
    <Placemark>
      <description><![CDATA[LIMITES_TRACKER<BR><BR><B>ELEVATION</B> = 0]]></description>
      <styleUrl>#area2</styleUrl>
      <Polygon>
        <altitudeMode>relativeToGround</altitudeMode>
        <extrude>1</extrude>
        <outerBoundaryIs>
          <LinearRing>
            <coordinates>
              -70.8177567239,-33.1204299478,0
              -70.8177675032,-33.1209530177,0
              -70.8177410930,-33.1209534031,0
              -70.8177303139,-33.1204303331,0
              -70.8177567239,-33.1204299478,0
            </coordinates>
          </LinearRing>
        </outerBoundaryIs>
      </Polygon>
    </Placemark>
    <Placemark>
      <description><![CDATA[LIMITES_TRACKER<BR><BR><B>ELEVATION</B> = 0]]></description>
      <styleUrl>#area4</styleUrl>
      <Polygon>
        <altitudeMode>relativeToGround</altitudeMode>
        <extrude>1</extrude>
        <outerBoundaryIs>
          <LinearRing>
            <coordinates>
              -70.8178200579,-33.1204245144,0
              -70.8177936478,-33.1204248998,0
              -70.8177828686,-33.1199018298,0
              -70.8178092784,-33.1199014444,0
              -70.8178200579,-33.1204245144,0
            </coordinates>
          </LinearRing>
        </outerBoundaryIs>
      </Polygon>
    </Placemark>
    <Placemark>
      <description><![CDATA[LIMITES_TRACKER<BR><BR><B>ELEVATION</B> = 0]]></description>
      <styleUrl>#area4</styleUrl>
      <Polygon>
        <altitudeMode>relativeToGround</altitudeMode>
        <extrude>1</extrude>
        <outerBoundaryIs>
          <LinearRing>
            <coordinates>
              -70.8177458519,-33.1199023700,0
              -70.8177566310,-33.1204254399,0
              -70.8177302210,-33.1204258253,0
              -70.8177194421,-33.1199027553,0
              -70.8177458519,-33.1199023700,0
            </coordinates>
          </LinearRing>
        </outerBoundaryIs>
      </Polygon>
    </Placemark>
    <Placemark>
      <description><![CDATA[LIMITES_TRACKER<BR><BR><B>ELEVATION</B> = 0]]></description>
      <styleUrl>#area3</styleUrl>
      <Polygon>
        <altitudeMode>relativeToGround</altitudeMode>
        <extrude>1</extrude>
        <outerBoundaryIs>
          <LinearRing>
            <coordinates>
              -70.8178091855,-33.1198969366,0
              -70.8177827757,-33.1198973220,0
              -70.8177719967,-33.1193742520,0
              -70.8177984064,-33.1193738666,0
              -70.8178091855,-33.1198969366,0
            </coordinates>
          </LinearRing>
        </outerBoundaryIs>
      </Polygon>
    </Placemark>
    <Placemark>
      <description><![CDATA[LIMITES_TRACKER<BR><BR><B>ELEVATION</B> = 0]]></description>
      <styleUrl>#area3</styleUrl>
      <Polygon>
        <altitudeMode>relativeToGround</altitudeMode>
        <extrude>1</extrude>
        <outerBoundaryIs>
          <LinearRing>
            <coordinates>
              -70.8177349803,-33.1193747921,0
              -70.8177457591,-33.1198978621,0
              -70.8177193492,-33.1198982475,0
              -70.8177085706,-33.1193751775,0
              -70.8177349803,-33.1193747921,0
            </coordinates>
          </LinearRing>
        </outerBoundaryIs>
      </Polygon>
    </Placemark>
    <Placemark>
      <description><![CDATA[LIMITES_TRACKER<BR><BR><B>ELEVATION</B> = 0]]></description>
      <styleUrl>#area2</styleUrl>
      <Polygon>
        <altitudeMode>relativeToGround</altitudeMode>
        <extrude>1</extrude>
        <outerBoundaryIs>
          <LinearRing>
            <coordinates>
              -70.8178662302,-33.1226648668,0
              -70.8178398195,-33.1226652522,0
              -70.8178290390,-33.1221421824,0
              -70.8178554495,-33.1221417970,0
              -70.8178662302,-33.1226648668,0
            </coordinates>
          </LinearRing>
        </outerBoundaryIs>
      </Polygon>
    </Placemark>
    <Placemark>
      <description><![CDATA[LIMITES_TRACKER<BR><BR><B>ELEVATION</B> = 0]]></description>
      <styleUrl>#area2</styleUrl>
      <Polygon>
        <altitudeMode>relativeToGround</altitudeMode>
        <extrude>1</extrude>
        <outerBoundaryIs>
          <LinearRing>
            <coordinates>
              -70.8177920214,-33.1221427226,0
              -70.8178028017,-33.1226657924,0
              -70.8177763910,-33.1226661778,0
              -70.8177656109,-33.1221431080,0
              -70.8177920214,-33.1221427226,0
            </coordinates>
          </LinearRing>
        </outerBoundaryIs>
      </Polygon>
    </Placemark>
    <Placemark>
      <description><![CDATA[LIMITES_TRACKER<BR><BR><B>ELEVATION</B> = 0]]></description>
      <styleUrl>#area4</styleUrl>
      <Polygon>
        <altitudeMode>relativeToGround</altitudeMode>
        <extrude>1</extrude>
        <outerBoundaryIs>
          <LinearRing>
            <coordinates>
              -70.8178553566,-33.1221372892,0
              -70.8178289461,-33.1221376746,0
              -70.8178181660,-33.1216146048,0
              -70.8178445763,-33.1216142194,0
              -70.8178553566,-33.1221372892,0
            </coordinates>
          </LinearRing>
        </outerBoundaryIs>
      </Polygon>
    </Placemark>
    <Placemark>
      <description><![CDATA[LIMITES_TRACKER<BR><BR><B>ELEVATION</B> = 0]]></description>
      <styleUrl>#area4</styleUrl>
      <Polygon>
        <altitudeMode>relativeToGround</altitudeMode>
        <extrude>1</extrude>
        <outerBoundaryIs>
          <LinearRing>
            <coordinates>
              -70.8177811486,-33.1216151450,0
              -70.8177919285,-33.1221382148,0
              -70.8177655180,-33.1221386002,0
              -70.8177547382,-33.1216155303,0
              -70.8177811486,-33.1216151450,0
            </coordinates>
          </LinearRing>
        </outerBoundaryIs>
      </Polygon>
    </Placemark>
    <Placemark>
      <description><![CDATA[LIMITES_TRACKER<BR><BR><B>ELEVATION</B> = 0]]></description>
      <styleUrl>#area3</styleUrl>
      <Polygon>
        <altitudeMode>relativeToGround</altitudeMode>
        <extrude>1</extrude>
        <outerBoundaryIs>
          <LinearRing>
            <coordinates>
              -70.8178444834,-33.1216097115,0
              -70.8178180730,-33.1216100970,0
              -70.8178072932,-33.1210870271,0
              -70.8178337034,-33.1210866417,0
              -70.8178444834,-33.1216097115,0
            </coordinates>
          </LinearRing>
        </outerBoundaryIs>
      </Polygon>
    </Placemark>
    <Placemark>
      <description><![CDATA[LIMITES_TRACKER<BR><BR><B>ELEVATION</B> = 0]]></description>
      <styleUrl>#area3</styleUrl>
      <Polygon>
        <altitudeMode>relativeToGround</altitudeMode>
        <extrude>1</extrude>
        <outerBoundaryIs>
          <LinearRing>
            <coordinates>
              -70.8177702760,-33.1210875673,0
              -70.8177810557,-33.1216106371,0
              -70.8177546453,-33.1216110225,0
              -70.8177438658,-33.1210879526,0
              -70.8177702760,-33.1210875673,0
            </coordinates>
          </LinearRing>
        </outerBoundaryIs>
      </Polygon>
    </Placemark>
    <Placemark>
      <description><![CDATA[LIMITES_TRACKER<BR><BR><B>ELEVATION</B> = 0]]></description>
      <styleUrl>#area5</styleUrl>
      <Polygon>
        <altitudeMode>relativeToGround</altitudeMode>
        <extrude>1</extrude>
        <outerBoundaryIs>
          <LinearRing>
            <coordinates>
              -70.8176675028,-33.1191791042,0
              -70.8176410932,-33.1191794896,0
              -70.8176303154,-33.1186564195,0
              -70.8176567248,-33.1186560341,0
              -70.8176675028,-33.1191791042,0
            </coordinates>
          </LinearRing>
        </outerBoundaryIs>
      </Polygon>
    </Placemark>
    <Placemark>
      <description><![CDATA[LIMITES_TRACKER<BR><BR><B>ELEVATION</B> = 0]]></description>
      <styleUrl>#area5</styleUrl>
      <Polygon>
        <altitudeMode>relativeToGround</altitudeMode>
        <extrude>1</extrude>
        <outerBoundaryIs>
          <LinearRing>
            <coordinates>
              -70.8175932992,-33.1186569595,0
              -70.8176040769,-33.1191800297,0
              -70.8175776672,-33.1191804150,0
              -70.8175668898,-33.1186573449,0
              -70.8175932992,-33.1186569595,0
            </coordinates>
          </LinearRing>
        </outerBoundaryIs>
      </Polygon>
    </Placemark>
    <Placemark>
      <description><![CDATA[LIMITES_TRACKER<BR><BR><B>ELEVATION</B> = 0]]></description>
      <styleUrl>#area2</styleUrl>
      <Polygon>
        <altitudeMode>relativeToGround</altitudeMode>
        <extrude>1</extrude>
        <outerBoundaryIs>
          <LinearRing>
            <coordinates>
              -70.8177040760,-33.1209539432,0
              -70.8176776658,-33.1209543286,0
              -70.8176668870,-33.1204312586,0
              -70.8176932970,-33.1204308733,0
              -70.8177040760,-33.1209539432,0
            </coordinates>
          </LinearRing>
        </outerBoundaryIs>
      </Polygon>
    </Placemark>
    <Placemark>
      <description><![CDATA[LIMITES_TRACKER<BR><BR><B>ELEVATION</B> = 0]]></description>
      <styleUrl>#area2</styleUrl>
      <Polygon>
        <altitudeMode>relativeToGround</altitudeMode>
        <extrude>1</extrude>
        <outerBoundaryIs>
          <LinearRing>
            <coordinates>
              -70.8176298701,-33.1204317988,0
              -70.8176406487,-33.1209548687,0
              -70.8176142385,-33.1209552541,0
              -70.8176034601,-33.1204321841,0
              -70.8176298701,-33.1204317988,0
            </coordinates>
          </LinearRing>
        </outerBoundaryIs>
      </Polygon>
    </Placemark>
    <Placemark>
      <description><![CDATA[LIMITES_TRACKER<BR><BR><B>ELEVATION</B> = 0]]></description>
      <styleUrl>#area4</styleUrl>
      <Polygon>
        <altitudeMode>relativeToGround</altitudeMode>
        <extrude>1</extrude>
        <outerBoundaryIs>
          <LinearRing>
            <coordinates>
              -70.8176932041,-33.1204263655,0
              -70.8176667941,-33.1204267508,0
              -70.8176560156,-33.1199036808,0
              -70.8176824255,-33.1199032955,0
              -70.8176932041,-33.1204263655,0
            </coordinates>
          </LinearRing>
        </outerBoundaryIs>
      </Polygon>
    </Placemark>
    <Placemark>
      <description><![CDATA[LIMITES_TRACKER<BR><BR><B>ELEVATION</B> = 0]]></description>
      <styleUrl>#area4</styleUrl>
      <Polygon>
        <altitudeMode>relativeToGround</altitudeMode>
        <extrude>1</extrude>
        <outerBoundaryIs>
          <LinearRing>
            <coordinates>
              -70.8176189990,-33.1199042209,0
              -70.8176297772,-33.1204272909,0
              -70.8176033672,-33.1204276763,0
              -70.8175925891,-33.1199046063,0
              -70.8176189990,-33.1199042209,0
            </coordinates>
          </LinearRing>
        </outerBoundaryIs>
      </Polygon>
    </Placemark>
    <Placemark>
      <description><![CDATA[LIMITES_TRACKER<BR><BR><B>ELEVATION</B> = 0]]></description>
      <styleUrl>#area3</styleUrl>
      <Polygon>
        <altitudeMode>relativeToGround</altitudeMode>
        <extrude>1</extrude>
        <outerBoundaryIs>
          <LinearRing>
            <coordinates>
              -70.8176823326,-33.1198987876,0
              -70.8176559227,-33.1198991730,0
              -70.8176451445,-33.1193761029,0
              -70.8176715542,-33.1193757176,0
              -70.8176823326,-33.1198987876,0
            </coordinates>
          </LinearRing>
        </outerBoundaryIs>
      </Polygon>
    </Placemark>
    <Placemark>
      <description><![CDATA[LIMITES_TRACKER<BR><BR><B>ELEVATION</B> = 0]]></description>
      <styleUrl>#area3</styleUrl>
      <Polygon>
        <altitudeMode>relativeToGround</altitudeMode>
        <extrude>1</extrude>
        <outerBoundaryIs>
          <LinearRing>
            <coordinates>
              -70.8176081281,-33.1193766430,0
              -70.8176189061,-33.1198997131,0
              -70.8175924962,-33.1199000984,0
              -70.8175817184,-33.1193770284,0
              -70.8176081281,-33.1193766430,0
            </coordinates>
          </LinearRing>
        </outerBoundaryIs>
      </Polygon>
    </Placemark>
    <Placemark>
      <description><![CDATA[LIMITES_TRACKER<BR><BR><B>ELEVATION</B> = 0]]></description>
      <styleUrl>#area2</styleUrl>
      <Polygon>
        <altitudeMode>relativeToGround</altitudeMode>
        <extrude>1</extrude>
        <outerBoundaryIs>
          <LinearRing>
            <coordinates>
              -70.8177393732,-33.1226667180,0
              -70.8177129625,-33.1226671034,0
              -70.8177021828,-33.1221440336,0
              -70.8177285933,-33.1221436482,0
              -70.8177393732,-33.1226667180,0
            </coordinates>
          </LinearRing>
        </outerBoundaryIs>
      </Polygon>
    </Placemark>
    <Placemark>
      <description><![CDATA[LIMITES_TRACKER<BR><BR><B>ELEVATION</B> = 0]]></description>
      <styleUrl>#area2</styleUrl>
      <Polygon>
        <altitudeMode>relativeToGround</altitudeMode>
        <extrude>1</extrude>
        <outerBoundaryIs>
          <LinearRing>
            <coordinates>
              -70.8176651652,-33.1221445737,0
              -70.8176759447,-33.1226676435,0
              -70.8176495340,-33.1226680289,0
              -70.8176387547,-33.1221449591,0
              -70.8176651652,-33.1221445737,0
            </coordinates>
          </LinearRing>
        </outerBoundaryIs>
      </Polygon>
    </Placemark>
    <Placemark>
      <description><![CDATA[LIMITES_TRACKER<BR><BR><B>ELEVATION</B> = 0]]></description>
      <styleUrl>#area4</styleUrl>
      <Polygon>
        <altitudeMode>relativeToGround</altitudeMode>
        <extrude>1</extrude>
        <outerBoundaryIs>
          <LinearRing>
            <coordinates>
              -70.8177285004,-33.1221391404,0
              -70.8177020899,-33.1221395257,0
              -70.8176913105,-33.1216164559,0
              -70.8177177209,-33.1216160705,0
              -70.8177285004,-33.1221391404,0
            </coordinates>
          </LinearRing>
        </outerBoundaryIs>
      </Polygon>
    </Placemark>
    <Placemark>
      <description><![CDATA[LIMITES_TRACKER<BR><BR><B>ELEVATION</B> = 0]]></description>
      <styleUrl>#area4</styleUrl>
      <Polygon>
        <altitudeMode>relativeToGround</altitudeMode>
        <extrude>1</extrude>
        <outerBoundaryIs>
          <LinearRing>
            <coordinates>
              -70.8176542931,-33.1216169960,0
              -70.8176650723,-33.1221400659,0
              -70.8176386618,-33.1221404513,0
              -70.8176278828,-33.1216173814,0
              -70.8176542931,-33.1216169960,0
            </coordinates>
          </LinearRing>
        </outerBoundaryIs>
      </Polygon>
    </Placemark>
    <Placemark>
      <description><![CDATA[LIMITES_TRACKER<BR><BR><B>ELEVATION</B> = 0]]></description>
      <styleUrl>#area3</styleUrl>
      <Polygon>
        <altitudeMode>relativeToGround</altitudeMode>
        <extrude>1</extrude>
        <outerBoundaryIs>
          <LinearRing>
            <coordinates>
              -70.8177176280,-33.1216115627,0
              -70.8176912176,-33.1216119481,0
              -70.8176804385,-33.1210888782,0
              -70.8177068487,-33.1210884928,0
              -70.8177176280,-33.1216115627,0
            </coordinates>
          </LinearRing>
        </outerBoundaryIs>
      </Polygon>
    </Placemark>
    <Placemark>
      <description><![CDATA[LIMITES_TRACKER<BR><BR><B>ELEVATION</B> = 0]]></description>
      <styleUrl>#area3</styleUrl>
      <Polygon>
        <altitudeMode>relativeToGround</altitudeMode>
        <extrude>1</extrude>
        <outerBoundaryIs>
          <LinearRing>
            <coordinates>
              -70.8176434213,-33.1210894183,0
              -70.8176542002,-33.1216124882,0
              -70.8176277899,-33.1216128736,0
              -70.8176170111,-33.1210898037,0
              -70.8176434213,-33.1210894183,0
            </coordinates>
          </LinearRing>
        </outerBoundaryIs>
      </Polygon>
    </Placemark>
    <Placemark>
      <description><![CDATA[LIMITES_TRACKER<BR><BR><B>ELEVATION</B> = 0]]></description>
      <styleUrl>#area5</styleUrl>
      <Polygon>
        <altitudeMode>relativeToGround</altitudeMode>
        <extrude>1</extrude>
        <outerBoundaryIs>
          <LinearRing>
            <coordinates>
              -70.8175406509,-33.1191809551,0
              -70.8175142412,-33.1191813404,0
              -70.8175034642,-33.1186582702,0
              -70.8175298736,-33.1186578849,0
              -70.8175406509,-33.1191809551,0
            </coordinates>
          </LinearRing>
        </outerBoundaryIs>
      </Polygon>
    </Placemark>
    <Placemark>
      <description><![CDATA[LIMITES_TRACKER<BR><BR><B>ELEVATION</B> = 0]]></description>
      <styleUrl>#area5</styleUrl>
      <Polygon>
        <altitudeMode>relativeToGround</altitudeMode>
        <extrude>1</extrude>
        <outerBoundaryIs>
          <LinearRing>
            <coordinates>
              -70.8174664480,-33.1186588103,0
              -70.8174772249,-33.1191818805,0
              -70.8174508153,-33.1191822658,0
              -70.8174400385,-33.1186591956,0
              -70.8174664480,-33.1186588103,0
            </coordinates>
          </LinearRing>
        </outerBoundaryIs>
      </Polygon>
    </Placemark>
    <Placemark>
      <description><![CDATA[LIMITES_TRACKER<BR><BR><B>ELEVATION</B> = 0]]></description>
      <styleUrl>#area2</styleUrl>
      <Polygon>
        <altitudeMode>relativeToGround</altitudeMode>
        <extrude>1</extrude>
        <outerBoundaryIs>
          <LinearRing>
            <coordinates>
              -70.8175772215,-33.1209557942,0
              -70.8175508113,-33.1209561796,0
              -70.8175400332,-33.1204331095,0
              -70.8175664433,-33.1204327242,0
              -70.8175772215,-33.1209557942,0
            </coordinates>
          </LinearRing>
        </outerBoundaryIs>
      </Polygon>
    </Placemark>
    <Placemark>
      <description><![CDATA[LIMITES_TRACKER<BR><BR><B>ELEVATION</B> = 0]]></description>
      <styleUrl>#area2</styleUrl>
      <Polygon>
        <altitudeMode>relativeToGround</altitudeMode>
        <extrude>1</extrude>
        <outerBoundaryIs>
          <LinearRing>
            <coordinates>
              -70.8175030164,-33.1204336496,0
              -70.8175137942,-33.1209567196,0
              -70.8174873840,-33.1209571050,0
              -70.8174766064,-33.1204340350,0
              -70.8175030164,-33.1204336496,0
            </coordinates>
          </LinearRing>
        </outerBoundaryIs>
      </Polygon>
    </Placemark>
    <Placemark>
      <description><![CDATA[LIMITES_TRACKER<BR><BR><B>ELEVATION</B> = 0]]></description>
      <styleUrl>#area4</styleUrl>
      <Polygon>
        <altitudeMode>relativeToGround</altitudeMode>
        <extrude>1</extrude>
        <outerBoundaryIs>
          <LinearRing>
            <coordinates>
              -70.8175663504,-33.1204282164,0
              -70.8175399404,-33.1204286017,0
              -70.8175291626,-33.1199055317,0
              -70.8175555725,-33.1199051463,0
              -70.8175663504,-33.1204282164,0
            </coordinates>
          </LinearRing>
        </outerBoundaryIs>
      </Polygon>
    </Placemark>
    <Placemark>
      <description><![CDATA[LIMITES_TRACKER<BR><BR><B>ELEVATION</B> = 0]]></description>
      <styleUrl>#area4</styleUrl>
      <Polygon>
        <altitudeMode>relativeToGround</altitudeMode>
        <extrude>1</extrude>
        <outerBoundaryIs>
          <LinearRing>
            <coordinates>
              -70.8174921460,-33.1199060717,0
              -70.8175029235,-33.1204291418,0
              -70.8174765135,-33.1204295271,0
              -70.8174657361,-33.1199064571,0
              -70.8174921460,-33.1199060717,0
            </coordinates>
          </LinearRing>
        </outerBoundaryIs>
      </Polygon>
    </Placemark>
    <Placemark>
      <description><![CDATA[LIMITES_TRACKER<BR><BR><B>ELEVATION</B> = 0]]></description>
      <styleUrl>#area3</styleUrl>
      <Polygon>
        <altitudeMode>relativeToGround</altitudeMode>
        <extrude>1</extrude>
        <outerBoundaryIs>
          <LinearRing>
            <coordinates>
              -70.8175554796,-33.1199006385,0
              -70.8175290697,-33.1199010238,0
              -70.8175182922,-33.1193779538,0
              -70.8175447019,-33.1193775684,0
              -70.8175554796,-33.1199006385,0
            </coordinates>
          </LinearRing>
        </outerBoundaryIs>
      </Polygon>
    </Placemark>
    <Placemark>
      <description><![CDATA[LIMITES_TRACKER<BR><BR><B>ELEVATION</B> = 0]]></description>
      <styleUrl>#area3</styleUrl>
      <Polygon>
        <altitudeMode>relativeToGround</altitudeMode>
        <extrude>1</extrude>
        <outerBoundaryIs>
          <LinearRing>
            <coordinates>
              -70.8174812758,-33.1193784938,0
              -70.8174920531,-33.1199015639,0
              -70.8174656432,-33.1199019492,0
              -70.8174548661,-33.1193788791,0
              -70.8174812758,-33.1193784938,0
            </coordinates>
          </LinearRing>
        </outerBoundaryIs>
      </Polygon>
    </Placemark>
    <Placemark>
      <description><![CDATA[LIMITES_TRACKER<BR><BR><B>ELEVATION</B> = 0]]></description>
      <styleUrl>#area2</styleUrl>
      <Polygon>
        <altitudeMode>relativeToGround</altitudeMode>
        <extrude>1</extrude>
        <outerBoundaryIs>
          <LinearRing>
            <coordinates>
              -70.8176125162,-33.1226685691,0
              -70.8175861056,-33.1226689544,0
              -70.8175753266,-33.1221458846,0
              -70.8176017371,-33.1221454992,0
              -70.8176125162,-33.1226685691,0
            </coordinates>
          </LinearRing>
        </outerBoundaryIs>
      </Polygon>
    </Placemark>
    <Placemark>
      <description><![CDATA[LIMITES_TRACKER<BR><BR><B>ELEVATION</B> = 0]]></description>
      <styleUrl>#area2</styleUrl>
      <Polygon>
        <altitudeMode>relativeToGround</altitudeMode>
        <extrude>1</extrude>
        <outerBoundaryIs>
          <LinearRing>
            <coordinates>
              -70.8175383090,-33.1221464247,0
              -70.8175490878,-33.1226694946,0
              -70.8175226771,-33.1226698799,0
              -70.8175118985,-33.1221468101,0
              -70.8175383090,-33.1221464247,0
            </coordinates>
          </LinearRing>
        </outerBoundaryIs>
      </Polygon>
    </Placemark>
    <Placemark>
      <description><![CDATA[LIMITES_TRACKER<BR><BR><B>ELEVATION</B> = 0]]></description>
      <styleUrl>#area4</styleUrl>
      <Polygon>
        <altitudeMode>relativeToGround</altitudeMode>
        <extrude>1</extrude>
        <outerBoundaryIs>
          <LinearRing>
            <coordinates>
              -70.8176016442,-33.1221409914,0
              -70.8175752337,-33.1221413768,0
              -70.8175644550,-33.1216183069,0
              -70.8175908654,-33.1216179215,0
              -70.8176016442,-33.1221409914,0
            </coordinates>
          </LinearRing>
        </outerBoundaryIs>
      </Polygon>
    </Placemark>
    <Placemark>
      <description><![CDATA[LIMITES_TRACKER<BR><BR><B>ELEVATION</B> = 0]]></description>
      <styleUrl>#area4</styleUrl>
      <Polygon>
        <altitudeMode>relativeToGround</altitudeMode>
        <extrude>1</extrude>
        <outerBoundaryIs>
          <LinearRing>
            <coordinates>
              -70.8175274377,-33.1216188470,0
              -70.8175382161,-33.1221419169,0
              -70.8175118056,-33.1221423022,0
              -70.8175010273,-33.1216192323,0
              -70.8175274377,-33.1216188470,0
            </coordinates>
          </LinearRing>
        </outerBoundaryIs>
      </Polygon>
    </Placemark>
    <Placemark>
      <description><![CDATA[LIMITES_TRACKER<BR><BR><B>ELEVATION</B> = 0]]></description>
      <styleUrl>#area3</styleUrl>
      <Polygon>
        <altitudeMode>relativeToGround</altitudeMode>
        <extrude>1</extrude>
        <outerBoundaryIs>
          <LinearRing>
            <coordinates>
              -70.8175907725,-33.1216134137,0
              -70.8175643622,-33.1216137991,0
              -70.8175535838,-33.1210907291,0
              -70.8175799940,-33.1210903438,0
              -70.8175907725,-33.1216134137,0
            </coordinates>
          </LinearRing>
        </outerBoundaryIs>
      </Polygon>
    </Placemark>
    <Placemark>
      <description><![CDATA[LIMITES_TRACKER<BR><BR><B>ELEVATION</B> = 0]]></description>
      <styleUrl>#area3</styleUrl>
      <Polygon>
        <altitudeMode>relativeToGround</altitudeMode>
        <extrude>1</extrude>
        <outerBoundaryIs>
          <LinearRing>
            <coordinates>
              -70.8175165666,-33.1210912692,0
              -70.8175273448,-33.1216143392,0
              -70.8175009344,-33.1216147245,0
              -70.8174901564,-33.1210916545,0
              -70.8175165666,-33.1210912692,0
            </coordinates>
          </LinearRing>
        </outerBoundaryIs>
      </Polygon>
    </Placemark>
    <Placemark>
      <description><![CDATA[LIMITES_TRACKER<BR><BR><B>ELEVATION</B> = 0]]></description>
      <styleUrl>#area5</styleUrl>
      <Polygon>
        <altitudeMode>relativeToGround</altitudeMode>
        <extrude>1</extrude>
        <outerBoundaryIs>
          <LinearRing>
            <coordinates>
              -70.8174137989,-33.1191828058,0
              -70.8173873893,-33.1191831911,0
              -70.8173766129,-33.1186601209,0
              -70.8174030224,-33.1186597356,0
              -70.8174137989,-33.1191828058,0
            </coordinates>
          </LinearRing>
        </outerBoundaryIs>
      </Polygon>
    </Placemark>
    <Placemark>
      <description><![CDATA[LIMITES_TRACKER<BR><BR><B>ELEVATION</B> = 0]]></description>
      <styleUrl>#area5</styleUrl>
      <Polygon>
        <altitudeMode>relativeToGround</altitudeMode>
        <extrude>1</extrude>
        <outerBoundaryIs>
          <LinearRing>
            <coordinates>
              -70.8173395968,-33.1186606609,0
              -70.8173503729,-33.1191837311,0
              -70.8173239633,-33.1191841164,0
              -70.8173131873,-33.1186610462,0
              -70.8173395968,-33.1186606609,0
            </coordinates>
          </LinearRing>
        </outerBoundaryIs>
      </Polygon>
    </Placemark>
    <Placemark>
      <description><![CDATA[LIMITES_TRACKER<BR><BR><B>ELEVATION</B> = 0]]></description>
      <styleUrl>#area2</styleUrl>
      <Polygon>
        <altitudeMode>relativeToGround</altitudeMode>
        <extrude>1</extrude>
        <outerBoundaryIs>
          <LinearRing>
            <coordinates>
              -70.8174503669,-33.1209576450,0
              -70.8174239568,-33.1209580304,0
              -70.8174131795,-33.1204349603,0
              -70.8174395895,-33.1204345750,0
              -70.8174503669,-33.1209576450,0
            </coordinates>
          </LinearRing>
        </outerBoundaryIs>
      </Polygon>
    </Placemark>
    <Placemark>
      <description><![CDATA[LIMITES_TRACKER<BR><BR><B>ELEVATION</B> = 0]]></description>
      <styleUrl>#area2</styleUrl>
      <Polygon>
        <altitudeMode>relativeToGround</altitudeMode>
        <extrude>1</extrude>
        <outerBoundaryIs>
          <LinearRing>
            <coordinates>
              -70.8173761626,-33.1204355004,0
              -70.8173869397,-33.1209585704,0
              -70.8173605295,-33.1209589557,0
              -70.8173497526,-33.1204358857,0
              -70.8173761626,-33.1204355004,0
            </coordinates>
          </LinearRing>
        </outerBoundaryIs>
      </Polygon>
    </Placemark>
    <Placemark>
      <description><![CDATA[LIMITES_TRACKER<BR><BR><B>ELEVATION</B> = 0]]></description>
      <styleUrl>#area4</styleUrl>
      <Polygon>
        <altitudeMode>relativeToGround</altitudeMode>
        <extrude>1</extrude>
        <outerBoundaryIs>
          <LinearRing>
            <coordinates>
              -70.8174394966,-33.1204300672,0
              -70.8174130866,-33.1204304525,0
              -70.8174023096,-33.1199073824,0
              -70.8174287194,-33.1199069971,0
              -70.8174394966,-33.1204300672,0
            </coordinates>
          </LinearRing>
        </outerBoundaryIs>
      </Polygon>
    </Placemark>
    <Placemark>
      <description><![CDATA[LIMITES_TRACKER<BR><BR><B>ELEVATION</B> = 0]]></description>
      <styleUrl>#area4</styleUrl>
      <Polygon>
        <altitudeMode>relativeToGround</altitudeMode>
        <extrude>1</extrude>
        <outerBoundaryIs>
          <LinearRing>
            <coordinates>
              -70.8173652929,-33.1199079224,0
              -70.8173760697,-33.1204309925,0
              -70.8173496597,-33.1204313778,0
              -70.8173388831,-33.1199083077,0
              -70.8173652929,-33.1199079224,0
            </coordinates>
          </LinearRing>
        </outerBoundaryIs>
      </Polygon>
    </Placemark>
    <Placemark>
      <description><![CDATA[LIMITES_TRACKER<BR><BR><B>ELEVATION</B> = 0]]></description>
      <styleUrl>#area3</styleUrl>
      <Polygon>
        <altitudeMode>relativeToGround</altitudeMode>
        <extrude>1</extrude>
        <outerBoundaryIs>
          <LinearRing>
            <coordinates>
              -70.8174286266,-33.1199024893,0
              -70.8174022167,-33.1199028746,0
              -70.8173914400,-33.1193798045,0
              -70.8174178497,-33.1193794192,0
              -70.8174286266,-33.1199024893,0
            </coordinates>
          </LinearRing>
        </outerBoundaryIs>
      </Polygon>
    </Placemark>
    <Placemark>
      <description><![CDATA[LIMITES_TRACKER<BR><BR><B>ELEVATION</B> = 0]]></description>
      <styleUrl>#area3</styleUrl>
      <Polygon>
        <altitudeMode>relativeToGround</altitudeMode>
        <extrude>1</extrude>
        <outerBoundaryIs>
          <LinearRing>
            <coordinates>
              -70.8173544236,-33.1193803445,0
              -70.8173652001,-33.1199034146,0
              -70.8173387902,-33.1199037999,0
              -70.8173280139,-33.1193807298,0
              -70.8173544236,-33.1193803445,0
            </coordinates>
          </LinearRing>
        </outerBoundaryIs>
      </Polygon>
    </Placemark>
    <Placemark>
      <description><![CDATA[LIMITES_TRACKER<BR><BR><B>ELEVATION</B> = 0]]></description>
      <styleUrl>#area2</styleUrl>
      <Polygon>
        <altitudeMode>relativeToGround</altitudeMode>
        <extrude>1</extrude>
        <outerBoundaryIs>
          <LinearRing>
            <coordinates>
              -70.8174856593,-33.1226704200,0
              -70.8174592486,-33.1226708054,0
              -70.8174484704,-33.1221477355,0
              -70.8174748809,-33.1221473502,0
              -70.8174856593,-33.1226704200,0
            </coordinates>
          </LinearRing>
        </outerBoundaryIs>
      </Polygon>
    </Placemark>
    <Placemark>
      <description><![CDATA[LIMITES_TRACKER<BR><BR><B>ELEVATION</B> = 0]]></description>
      <styleUrl>#area2</styleUrl>
      <Polygon>
        <altitudeMode>relativeToGround</altitudeMode>
        <extrude>1</extrude>
        <outerBoundaryIs>
          <LinearRing>
            <coordinates>
              -70.8174114528,-33.1221482756,0
              -70.8174222308,-33.1226713455,0
              -70.8173958201,-33.1226717308,0
              -70.8173850423,-33.1221486609,0
              -70.8174114528,-33.1221482756,0
            </coordinates>
          </LinearRing>
        </outerBoundaryIs>
      </Polygon>
    </Placemark>
    <Placemark>
      <description><![CDATA[LIMITES_TRACKER<BR><BR><B>ELEVATION</B> = 0]]></description>
      <styleUrl>#area4</styleUrl>
      <Polygon>
        <altitudeMode>relativeToGround</altitudeMode>
        <extrude>1</extrude>
        <outerBoundaryIs>
          <LinearRing>
            <coordinates>
              -70.8174747880,-33.1221428423,0
              -70.8174483775,-33.1221432277,0
              -70.8174375996,-33.1216201577,0
              -70.8174640099,-33.1216197724,0
              -70.8174747880,-33.1221428423,0
            </coordinates>
          </LinearRing>
        </outerBoundaryIs>
      </Polygon>
    </Placemark>
    <Placemark>
      <description><![CDATA[LIMITES_TRACKER<BR><BR><B>ELEVATION</B> = 0]]></description>
      <styleUrl>#area4</styleUrl>
      <Polygon>
        <altitudeMode>relativeToGround</altitudeMode>
        <extrude>1</extrude>
        <outerBoundaryIs>
          <LinearRing>
            <coordinates>
              -70.8174005822,-33.1216206978,0
              -70.8174113599,-33.1221437677,0
              -70.8173849494,-33.1221441531,0
              -70.8173741718,-33.1216210831,0
              -70.8174005822,-33.1216206978,0
            </coordinates>
          </LinearRing>
        </outerBoundaryIs>
      </Polygon>
    </Placemark>
    <Placemark>
      <description><![CDATA[LIMITES_TRACKER<BR><BR><B>ELEVATION</B> = 0]]></description>
      <styleUrl>#area3</styleUrl>
      <Polygon>
        <altitudeMode>relativeToGround</altitudeMode>
        <extrude>1</extrude>
        <outerBoundaryIs>
          <LinearRing>
            <coordinates>
              -70.8174639171,-33.1216152646,0
              -70.8174375067,-33.1216156499,0
              -70.8174267291,-33.1210925799,0
              -70.8174531393,-33.1210921946,0
              -70.8174639171,-33.1216152646,0
            </coordinates>
          </LinearRing>
        </outerBoundaryIs>
      </Polygon>
    </Placemark>
    <Placemark>
      <description><![CDATA[LIMITES_TRACKER<BR><BR><B>ELEVATION</B> = 0]]></description>
      <styleUrl>#area3</styleUrl>
      <Polygon>
        <altitudeMode>relativeToGround</altitudeMode>
        <extrude>1</extrude>
        <outerBoundaryIs>
          <LinearRing>
            <coordinates>
              -70.8173897119,-33.1210931200,0
              -70.8174004893,-33.1216161900,0
              -70.8173740790,-33.1216165753,0
              -70.8173633017,-33.1210935053,0
              -70.8173897119,-33.1210931200,0
            </coordinates>
          </LinearRing>
        </outerBoundaryIs>
      </Polygon>
    </Placemark>
    <Placemark>
      <description><![CDATA[LIMITES_TRACKER<BR><BR><B>ELEVATION</B> = 0]]></description>
      <styleUrl>#area5</styleUrl>
      <Polygon>
        <altitudeMode>relativeToGround</altitudeMode>
        <extrude>1</extrude>
        <outerBoundaryIs>
          <LinearRing>
            <coordinates>
              -70.8172869469,-33.1191846564,0
              -70.8172605373,-33.1191850416,0
              -70.8172497617,-33.1186619714,0
              -70.8172761712,-33.1186615862,0
              -70.8172869469,-33.1191846564,0
            </coordinates>
          </LinearRing>
        </outerBoundaryIs>
      </Polygon>
    </Placemark>
    <Placemark>
      <description><![CDATA[LIMITES_TRACKER<BR><BR><B>ELEVATION</B> = 0]]></description>
      <styleUrl>#area5</styleUrl>
      <Polygon>
        <altitudeMode>relativeToGround</altitudeMode>
        <extrude>1</extrude>
        <outerBoundaryIs>
          <LinearRing>
            <coordinates>
              -70.8172127456,-33.1186625114,0
              -70.8172235209,-33.1191855816,0
              -70.8171971113,-33.1191859669,0
              -70.8171863361,-33.1186628966,0
              -70.8172127456,-33.1186625114,0
            </coordinates>
          </LinearRing>
        </outerBoundaryIs>
      </Polygon>
    </Placemark>
    <Placemark>
      <description><![CDATA[LIMITES_TRACKER<BR><BR><B>ELEVATION</B> = 0]]></description>
      <styleUrl>#area1</styleUrl>
      <Polygon>
        <altitudeMode>relativeToGround</altitudeMode>
        <extrude>1</extrude>
        <outerBoundaryIs>
          <LinearRing>
            <coordinates>
              -70.8172760783,-33.1186570783,0
              -70.8172496688,-33.1186574636,0
              -70.8172388935,-33.1181343933,0
              -70.8172653029,-33.1181340081,0
              -70.8172760783,-33.1186570783,0
            </coordinates>
          </LinearRing>
        </outerBoundaryIs>
      </Polygon>
    </Placemark>
    <Placemark>
      <description><![CDATA[LIMITES_TRACKER<BR><BR><B>ELEVATION</B> = 0]]></description>
      <styleUrl>#area1</styleUrl>
      <Polygon>
        <altitudeMode>relativeToGround</altitudeMode>
        <extrude>1</extrude>
        <outerBoundaryIs>
          <LinearRing>
            <coordinates>
              -70.8172018776,-33.1181349333,0
              -70.8172126527,-33.1186580036,0
              -70.8171862432,-33.1186583888,0
              -70.8171754683,-33.1181353185,0
              -70.8172018776,-33.1181349333,0
            </coordinates>
          </LinearRing>
        </outerBoundaryIs>
      </Polygon>
    </Placemark>
    <Placemark>
      <description><![CDATA[LIMITES_TRACKER<BR><BR><B>ELEVATION</B> = 0]]></description>
      <styleUrl>#area2</styleUrl>
      <Polygon>
        <altitudeMode>relativeToGround</altitudeMode>
        <extrude>1</extrude>
        <outerBoundaryIs>
          <LinearRing>
            <coordinates>
              -70.8173235124,-33.1209594958,0
              -70.8172971022,-33.1209598810,0
              -70.8172863257,-33.1204368110,0
              -70.8173127357,-33.1204364257,0
              -70.8173235124,-33.1209594958,0
            </coordinates>
          </LinearRing>
        </outerBoundaryIs>
      </Polygon>
    </Placemark>
    <Placemark>
      <description><![CDATA[LIMITES_TRACKER<BR><BR><B>ELEVATION</B> = 0]]></description>
      <styleUrl>#area2</styleUrl>
      <Polygon>
        <altitudeMode>relativeToGround</altitudeMode>
        <extrude>1</extrude>
        <outerBoundaryIs>
          <LinearRing>
            <coordinates>
              -70.8172493088,-33.1204373510,0
              -70.8172600851,-33.1209604211,0
              -70.8172336750,-33.1209608063,0
              -70.8172228988,-33.1204377362,0
              -70.8172493088,-33.1204373510,0
            </coordinates>
          </LinearRing>
        </outerBoundaryIs>
      </Polygon>
    </Placemark>
    <Placemark>
      <description><![CDATA[LIMITES_TRACKER<BR><BR><B>ELEVATION</B> = 0]]></description>
      <styleUrl>#area4</styleUrl>
      <Polygon>
        <altitudeMode>relativeToGround</altitudeMode>
        <extrude>1</extrude>
        <outerBoundaryIs>
          <LinearRing>
            <coordinates>
              -70.8173126428,-33.1204319179,0
              -70.8172862328,-33.1204323031,0
              -70.8172754566,-33.1199092330,0
              -70.8173018664,-33.1199088477,0
              -70.8173126428,-33.1204319179,0
            </coordinates>
          </LinearRing>
        </outerBoundaryIs>
      </Polygon>
    </Placemark>
    <Placemark>
      <description><![CDATA[LIMITES_TRACKER<BR><BR><B>ELEVATION</B> = 0]]></description>
      <styleUrl>#area4</styleUrl>
      <Polygon>
        <altitudeMode>relativeToGround</altitudeMode>
        <extrude>1</extrude>
        <outerBoundaryIs>
          <LinearRing>
            <coordinates>
              -70.8172384399,-33.1199097730,0
              -70.8172492160,-33.1204328431,0
              -70.8172228059,-33.1204332284,0
              -70.8172120301,-33.1199101583,0
              -70.8172384399,-33.1199097730,0
            </coordinates>
          </LinearRing>
        </outerBoundaryIs>
      </Polygon>
    </Placemark>
    <Placemark>
      <description><![CDATA[LIMITES_TRACKER<BR><BR><B>ELEVATION</B> = 0]]></description>
      <styleUrl>#area3</styleUrl>
      <Polygon>
        <altitudeMode>relativeToGround</altitudeMode>
        <extrude>1</extrude>
        <outerBoundaryIs>
          <LinearRing>
            <coordinates>
              -70.8173017736,-33.1199043399,0
              -70.8172753637,-33.1199047252,0
              -70.8172645877,-33.1193816550,0
              -70.8172909974,-33.1193812698,0
              -70.8173017736,-33.1199043399,0
            </coordinates>
          </LinearRing>
        </outerBoundaryIs>
      </Polygon>
    </Placemark>
    <Placemark>
      <description><![CDATA[LIMITES_TRACKER<BR><BR><B>ELEVATION</B> = 0]]></description>
      <styleUrl>#area3</styleUrl>
      <Polygon>
        <altitudeMode>relativeToGround</altitudeMode>
        <extrude>1</extrude>
        <outerBoundaryIs>
          <LinearRing>
            <coordinates>
              -70.8172275713,-33.1193821950,0
              -70.8172383471,-33.1199052652,0
              -70.8172119372,-33.1199056504,0
              -70.8172011616,-33.1193825803,0
              -70.8172275713,-33.1193821950,0
            </coordinates>
          </LinearRing>
        </outerBoundaryIs>
      </Polygon>
    </Placemark>
    <Placemark>
      <description><![CDATA[LIMITES_TRACKER<BR><BR><B>ELEVATION</B> = 0]]></description>
      <styleUrl>#area2</styleUrl>
      <Polygon>
        <altitudeMode>relativeToGround</altitudeMode>
        <extrude>1</extrude>
        <outerBoundaryIs>
          <LinearRing>
            <coordinates>
              -70.8173588023,-33.1226722709,0
              -70.8173323916,-33.1226726562,0
              -70.8173216141,-33.1221495863,0
              -70.8173480247,-33.1221492009,0
              -70.8173588023,-33.1226722709,0
            </coordinates>
          </LinearRing>
        </outerBoundaryIs>
      </Polygon>
    </Placemark>
    <Placemark>
      <description><![CDATA[LIMITES_TRACKER<BR><BR><B>ELEVATION</B> = 0]]></description>
      <styleUrl>#area2</styleUrl>
      <Polygon>
        <altitudeMode>relativeToGround</altitudeMode>
        <extrude>1</extrude>
        <outerBoundaryIs>
          <LinearRing>
            <coordinates>
              -70.8172845966,-33.1221501263,0
              -70.8172953738,-33.1226731962,0
              -70.8172689631,-33.1226735815,0
              -70.8172581860,-33.1221505116,0
              -70.8172845966,-33.1221501263,0
            </coordinates>
          </LinearRing>
        </outerBoundaryIs>
      </Polygon>
    </Placemark>
    <Placemark>
      <description><![CDATA[LIMITES_TRACKER<BR><BR><B>ELEVATION</B> = 0]]></description>
      <styleUrl>#area4</styleUrl>
      <Polygon>
        <altitudeMode>relativeToGround</altitudeMode>
        <extrude>1</extrude>
        <outerBoundaryIs>
          <LinearRing>
            <coordinates>
              -70.8173479318,-33.1221446931,0
              -70.8173215213,-33.1221450784,0
              -70.8173107441,-33.1216220085,0
              -70.8173371545,-33.1216216232,0
              -70.8173479318,-33.1221446931,0
            </coordinates>
          </LinearRing>
        </outerBoundaryIs>
      </Polygon>
    </Placemark>
    <Placemark>
      <description><![CDATA[LIMITES_TRACKER<BR><BR><B>ELEVATION</B> = 0]]></description>
      <styleUrl>#area4</styleUrl>
      <Polygon>
        <altitudeMode>relativeToGround</altitudeMode>
        <extrude>1</extrude>
        <outerBoundaryIs>
          <LinearRing>
            <coordinates>
              -70.8172737267,-33.1216225485,0
              -70.8172845037,-33.1221456185,0
              -70.8172580931,-33.1221460038,0
              -70.8172473164,-33.1216229338,0
              -70.8172737267,-33.1216225485,0
            </coordinates>
          </LinearRing>
        </outerBoundaryIs>
      </Polygon>
    </Placemark>
    <Placemark>
      <description><![CDATA[LIMITES_TRACKER<BR><BR><B>ELEVATION</B> = 0]]></description>
      <styleUrl>#area3</styleUrl>
      <Polygon>
        <altitudeMode>relativeToGround</altitudeMode>
        <extrude>1</extrude>
        <outerBoundaryIs>
          <LinearRing>
            <coordinates>
              -70.8173370616,-33.1216171153,0
              -70.8173106512,-33.1216175006,0
              -70.8172998743,-33.1210944306,0
              -70.8173262845,-33.1210940453,0
              -70.8173370616,-33.1216171153,0
            </coordinates>
          </LinearRing>
        </outerBoundaryIs>
      </Polygon>
    </Placemark>
    <Placemark>
      <description><![CDATA[LIMITES_TRACKER<BR><BR><B>ELEVATION</B> = 0]]></description>
      <styleUrl>#area3</styleUrl>
      <Polygon>
        <altitudeMode>relativeToGround</altitudeMode>
        <extrude>1</extrude>
        <outerBoundaryIs>
          <LinearRing>
            <coordinates>
              -70.8172628572,-33.1210949706,0
              -70.8172736339,-33.1216180407,0
              -70.8172472235,-33.1216184260,0
              -70.8172364470,-33.1210953559,0
              -70.8172628572,-33.1210949706,0
            </coordinates>
          </LinearRing>
        </outerBoundaryIs>
      </Polygon>
    </Placemark>
    <Placemark>
      <description><![CDATA[LIMITES_TRACKER<BR><BR><B>ELEVATION</B> = 0]]></description>
      <styleUrl>#area2</styleUrl>
      <Polygon>
        <altitudeMode>relativeToGround</altitudeMode>
        <extrude>1</extrude>
        <outerBoundaryIs>
          <LinearRing>
            <coordinates>
              -70.8171600949,-33.1191865068,0
              -70.8171336853,-33.1191868921,0
              -70.8171229105,-33.1186638218,0
              -70.8171493199,-33.1186634366,0
              -70.8171600949,-33.1191865068,0
            </coordinates>
          </LinearRing>
        </outerBoundaryIs>
      </Polygon>
    </Placemark>
    <Placemark>
      <description><![CDATA[LIMITES_TRACKER<BR><BR><B>ELEVATION</B> = 0]]></description>
      <styleUrl>#area2</styleUrl>
      <Polygon>
        <altitudeMode>relativeToGround</altitudeMode>
        <extrude>1</extrude>
        <outerBoundaryIs>
          <LinearRing>
            <coordinates>
              -70.8170858943,-33.1186643617,0
              -70.8170966689,-33.1191874320,0
              -70.8170702593,-33.1191878172,0
              -70.8170594848,-33.1186647469,0
              -70.8170858943,-33.1186643617,0
            </coordinates>
          </LinearRing>
        </outerBoundaryIs>
      </Polygon>
    </Placemark>
    <Placemark>
      <description><![CDATA[LIMITES_TRACKER<BR><BR><B>ELEVATION</B> = 0]]></description>
      <styleUrl>#area3</styleUrl>
      <Polygon>
        <altitudeMode>relativeToGround</altitudeMode>
        <extrude>1</extrude>
        <outerBoundaryIs>
          <LinearRing>
            <coordinates>
              -70.8171492271,-33.1186589287,0
              -70.8171228176,-33.1186593140,0
              -70.8171120430,-33.1181362437,0
              -70.8171384524,-33.1181358584,0
              -70.8171492271,-33.1186589287,0
            </coordinates>
          </LinearRing>
        </outerBoundaryIs>
      </Polygon>
    </Placemark>
    <Placemark>
      <description><![CDATA[LIMITES_TRACKER<BR><BR><B>ELEVATION</B> = 0]]></description>
      <styleUrl>#area3</styleUrl>
      <Polygon>
        <altitudeMode>relativeToGround</altitudeMode>
        <extrude>1</extrude>
        <outerBoundaryIs>
          <LinearRing>
            <coordinates>
              -70.8170750271,-33.1181367836,0
              -70.8170858015,-33.1186598539,0
              -70.8170593920,-33.1186602391,0
              -70.8170486178,-33.1181371688,0
              -70.8170750271,-33.1181367836,0
            </coordinates>
          </LinearRing>
        </outerBoundaryIs>
      </Polygon>
    </Placemark>
    <Placemark>
      <description><![CDATA[LIMITES_TRACKER<BR><BR><B>ELEVATION</B> = 0]]></description>
      <styleUrl>#area2</styleUrl>
      <Polygon>
        <altitudeMode>relativeToGround</altitudeMode>
        <extrude>1</extrude>
        <outerBoundaryIs>
          <LinearRing>
            <coordinates>
              -70.8171966579,-33.1209613463,0
              -70.8171702477,-33.1209617316,0
              -70.8171594719,-33.1204386615,0
              -70.8171858819,-33.1204382762,0
              -70.8171966579,-33.1209613463,0
            </coordinates>
          </LinearRing>
        </outerBoundaryIs>
      </Polygon>
    </Placemark>
    <Placemark>
      <description><![CDATA[LIMITES_TRACKER<BR><BR><B>ELEVATION</B> = 0]]></description>
      <styleUrl>#area2</styleUrl>
      <Polygon>
        <altitudeMode>relativeToGround</altitudeMode>
        <extrude>1</extrude>
        <outerBoundaryIs>
          <LinearRing>
            <coordinates>
              -70.8171224550,-33.1204392015,0
              -70.8171332306,-33.1209622716,0
              -70.8171068204,-33.1209626568,0
              -70.8170960450,-33.1204395867,0
              -70.8171224550,-33.1204392015,0
            </coordinates>
          </LinearRing>
        </outerBoundaryIs>
      </Polygon>
    </Placemark>
    <Placemark>
      <description><![CDATA[LIMITES_TRACKER<BR><BR><B>ELEVATION</B> = 0]]></description>
      <styleUrl>#area4</styleUrl>
      <Polygon>
        <altitudeMode>relativeToGround</altitudeMode>
        <extrude>1</extrude>
        <outerBoundaryIs>
          <LinearRing>
            <coordinates>
              -70.8171857891,-33.1204337684,0
              -70.8171593790,-33.1204341537,0
              -70.8171486035,-33.1199110835,0
              -70.8171750134,-33.1199106983,0
              -70.8171857891,-33.1204337684,0
            </coordinates>
          </LinearRing>
        </outerBoundaryIs>
      </Polygon>
    </Placemark>
    <Placemark>
      <description><![CDATA[LIMITES_TRACKER<BR><BR><B>ELEVATION</B> = 0]]></description>
      <styleUrl>#area4</styleUrl>
      <Polygon>
        <altitudeMode>relativeToGround</altitudeMode>
        <extrude>1</extrude>
        <outerBoundaryIs>
          <LinearRing>
            <coordinates>
              -70.8171115869,-33.1199116235,0
              -70.8171223622,-33.1204346936,0
              -70.8170959522,-33.1204350789,0
              -70.8170851770,-33.1199120087,0
              -70.8171115869,-33.1199116235,0
            </coordinates>
          </LinearRing>
        </outerBoundaryIs>
      </Polygon>
    </Placemark>
    <Placemark>
      <description><![CDATA[LIMITES_TRACKER<BR><BR><B>ELEVATION</B> = 0]]></description>
      <styleUrl>#area3</styleUrl>
      <Polygon>
        <altitudeMode>relativeToGround</altitudeMode>
        <extrude>1</extrude>
        <outerBoundaryIs>
          <LinearRing>
            <coordinates>
              -70.8171749205,-33.1199061904,0
              -70.8171485107,-33.1199065757,0
              -70.8171377355,-33.1193835055,0
              -70.8171641452,-33.1193831202,0
              -70.8171749205,-33.1199061904,0
            </coordinates>
          </LinearRing>
        </outerBoundaryIs>
      </Polygon>
    </Placemark>
    <Placemark>
      <description><![CDATA[LIMITES_TRACKER<BR><BR><B>ELEVATION</B> = 0]]></description>
      <styleUrl>#area3</styleUrl>
      <Polygon>
        <altitudeMode>relativeToGround</altitudeMode>
        <extrude>1</extrude>
        <outerBoundaryIs>
          <LinearRing>
            <coordinates>
              -70.8171007190,-33.1193840454,0
              -70.8171114940,-33.1199071156,0
              -70.8170850842,-33.1199075009,0
              -70.8170743093,-33.1193844306,0
              -70.8171007190,-33.1193840454,0
            </coordinates>
          </LinearRing>
        </outerBoundaryIs>
      </Polygon>
    </Placemark>
    <Placemark>
      <description><![CDATA[LIMITES_TRACKER<BR><BR><B>ELEVATION</B> = 0]]></description>
      <styleUrl>#area2</styleUrl>
      <Polygon>
        <altitudeMode>relativeToGround</altitudeMode>
        <extrude>1</extrude>
        <outerBoundaryIs>
          <LinearRing>
            <coordinates>
              -70.8172319453,-33.1226741216,0
              -70.8172055346,-33.1226745068,0
              -70.8171947579,-33.1221514369,0
              -70.8172211684,-33.1221510516,0
              -70.8172319453,-33.1226741216,0
            </coordinates>
          </LinearRing>
        </outerBoundaryIs>
      </Polygon>
    </Placemark>
    <Placemark>
      <description><![CDATA[LIMITES_TRACKER<BR><BR><B>ELEVATION</B> = 0]]></description>
      <styleUrl>#area2</styleUrl>
      <Polygon>
        <altitudeMode>relativeToGround</altitudeMode>
        <extrude>1</extrude>
        <outerBoundaryIs>
          <LinearRing>
            <coordinates>
              -70.8171577403,-33.1221519769,0
              -70.8171685168,-33.1226750469,0
              -70.8171421061,-33.1226754321,0
              -70.8171313298,-33.1221523622,0
              -70.8171577403,-33.1221519769,0
            </coordinates>
          </LinearRing>
        </outerBoundaryIs>
      </Polygon>
    </Placemark>
    <Placemark>
      <description><![CDATA[LIMITES_TRACKER<BR><BR><B>ELEVATION</B> = 0]]></description>
      <styleUrl>#area4</styleUrl>
      <Polygon>
        <altitudeMode>relativeToGround</altitudeMode>
        <extrude>1</extrude>
        <outerBoundaryIs>
          <LinearRing>
            <coordinates>
              -70.8172210756,-33.1221465438,0
              -70.8171946650,-33.1221469291,0
              -70.8171838886,-33.1216238591,0
              -70.8172102990,-33.1216234738,0
              -70.8172210756,-33.1221465438,0
            </coordinates>
          </LinearRing>
        </outerBoundaryIs>
      </Polygon>
    </Placemark>
    <Placemark>
      <description><![CDATA[LIMITES_TRACKER<BR><BR><B>ELEVATION</B> = 0]]></description>
      <styleUrl>#area4</styleUrl>
      <Polygon>
        <altitudeMode>relativeToGround</altitudeMode>
        <extrude>1</extrude>
        <outerBoundaryIs>
          <LinearRing>
            <coordinates>
              -70.8171468712,-33.1216243991,0
              -70.8171576474,-33.1221474691,0
              -70.8171312369,-33.1221478543,0
              -70.8171204609,-33.1216247843,0
              -70.8171468712,-33.1216243991,0
            </coordinates>
          </LinearRing>
        </outerBoundaryIs>
      </Polygon>
    </Placemark>
    <Placemark>
      <description><![CDATA[LIMITES_TRACKER<BR><BR><B>ELEVATION</B> = 0]]></description>
      <styleUrl>#area3</styleUrl>
      <Polygon>
        <altitudeMode>relativeToGround</altitudeMode>
        <extrude>1</extrude>
        <outerBoundaryIs>
          <LinearRing>
            <coordinates>
              -70.8172102061,-33.1216189660,0
              -70.8171837957,-33.1216193512,0
              -70.8171730196,-33.1210962812,0
              -70.8171994298,-33.1210958959,0
              -70.8172102061,-33.1216189660,0
            </coordinates>
          </LinearRing>
        </outerBoundaryIs>
      </Polygon>
    </Placemark>
    <Placemark>
      <description><![CDATA[LIMITES_TRACKER<BR><BR><B>ELEVATION</B> = 0]]></description>
      <styleUrl>#area3</styleUrl>
      <Polygon>
        <altitudeMode>relativeToGround</altitudeMode>
        <extrude>1</extrude>
        <outerBoundaryIs>
          <LinearRing>
            <coordinates>
              -70.8171360024,-33.1210968212,0
              -70.8171467784,-33.1216198912,0
              -70.8171203680,-33.1216202765,0
              -70.8171095922,-33.1210972064,0
              -70.8171360024,-33.1210968212,0
            </coordinates>
          </LinearRing>
        </outerBoundaryIs>
      </Polygon>
    </Placemark>
    <Placemark>
      <description><![CDATA[LIMITES_TRACKER<BR><BR><B>ELEVATION</B> = 0]]></description>
      <styleUrl>#area2</styleUrl>
      <Polygon>
        <altitudeMode>relativeToGround</altitudeMode>
        <extrude>1</extrude>
        <outerBoundaryIs>
          <LinearRing>
            <coordinates>
              -70.8170332429,-33.1191883572,0
              -70.8170068333,-33.1191887424,0
              -70.8169960592,-33.1186656721,0
              -70.8170224687,-33.1186652869,0
              -70.8170332429,-33.1191883572,0
            </coordinates>
          </LinearRing>
        </outerBoundaryIs>
      </Polygon>
    </Placemark>
    <Placemark>
      <description><![CDATA[LIMITES_TRACKER<BR><BR><B>ELEVATION</B> = 0]]></description>
      <styleUrl>#area2</styleUrl>
      <Polygon>
        <altitudeMode>relativeToGround</altitudeMode>
        <extrude>1</extrude>
        <outerBoundaryIs>
          <LinearRing>
            <coordinates>
              -70.8169590431,-33.1186662120,0
              -70.8169698169,-33.1191892823,0
              -70.8169434073,-33.1191896675,0
              -70.8169326336,-33.1186665971,0
              -70.8169590431,-33.1186662120,0
            </coordinates>
          </LinearRing>
        </outerBoundaryIs>
      </Polygon>
    </Placemark>
    <Placemark>
      <description><![CDATA[LIMITES_TRACKER<BR><BR><B>ELEVATION</B> = 0]]></description>
      <styleUrl>#area3</styleUrl>
      <Polygon>
        <altitudeMode>relativeToGround</altitudeMode>
        <extrude>1</extrude>
        <outerBoundaryIs>
          <LinearRing>
            <coordinates>
              -70.8170223758,-33.1186607790,0
              -70.8169959664,-33.1186611642,0
              -70.8169851926,-33.1181380939,0
              -70.8170116019,-33.1181377087,0
              -70.8170223758,-33.1186607790,0
            </coordinates>
          </LinearRing>
        </outerBoundaryIs>
      </Polygon>
    </Placemark>
    <Placemark>
      <description><![CDATA[LIMITES_TRACKER<BR><BR><B>ELEVATION</B> = 0]]></description>
      <styleUrl>#area3</styleUrl>
      <Polygon>
        <altitudeMode>relativeToGround</altitudeMode>
        <extrude>1</extrude>
        <outerBoundaryIs>
          <LinearRing>
            <coordinates>
              -70.8169481766,-33.1181386338,0
              -70.8169589502,-33.1186617041,0
              -70.8169325407,-33.1186620893,0
              -70.8169217673,-33.1181390189,0
              -70.8169481766,-33.1181386338,0
            </coordinates>
          </LinearRing>
        </outerBoundaryIs>
      </Polygon>
    </Placemark>
    <Placemark>
      <description><![CDATA[LIMITES_TRACKER<BR><BR><B>ELEVATION</B> = 0]]></description>
      <styleUrl>#area2</styleUrl>
      <Polygon>
        <altitudeMode>relativeToGround</altitudeMode>
        <extrude>1</extrude>
        <outerBoundaryIs>
          <LinearRing>
            <coordinates>
              -70.8170698033,-33.1209631968,0
              -70.8170433931,-33.1209635820,0
              -70.8170326181,-33.1204405119,0
              -70.8170590281,-33.1204401266,0
              -70.8170698033,-33.1209631968,0
            </coordinates>
          </LinearRing>
        </outerBoundaryIs>
      </Polygon>
    </Placemark>
    <Placemark>
      <description><![CDATA[LIMITES_TRACKER<BR><BR><B>ELEVATION</B> = 0]]></description>
      <styleUrl>#area2</styleUrl>
      <Polygon>
        <altitudeMode>relativeToGround</altitudeMode>
        <extrude>1</extrude>
        <outerBoundaryIs>
          <LinearRing>
            <coordinates>
              -70.8169956012,-33.1204410518,0
              -70.8170063760,-33.1209641220,0
              -70.8169799659,-33.1209645072,0
              -70.8169691912,-33.1204414370,0
              -70.8169956012,-33.1204410518,0
            </coordinates>
          </LinearRing>
        </outerBoundaryIs>
      </Polygon>
    </Placemark>
    <Placemark>
      <description><![CDATA[LIMITES_TRACKER<BR><BR><B>ELEVATION</B> = 0]]></description>
      <styleUrl>#area4</styleUrl>
      <Polygon>
        <altitudeMode>relativeToGround</altitudeMode>
        <extrude>1</extrude>
        <outerBoundaryIs>
          <LinearRing>
            <coordinates>
              -70.8170589353,-33.1204356188,0
              -70.8170325253,-33.1204360040,0
              -70.8170217505,-33.1199129338,0
              -70.8170481604,-33.1199125486,0
              -70.8170589353,-33.1204356188,0
            </coordinates>
          </LinearRing>
        </outerBoundaryIs>
      </Polygon>
    </Placemark>
    <Placemark>
      <description><![CDATA[LIMITES_TRACKER<BR><BR><B>ELEVATION</B> = 0]]></description>
      <styleUrl>#area4</styleUrl>
      <Polygon>
        <altitudeMode>relativeToGround</altitudeMode>
        <extrude>1</extrude>
        <outerBoundaryIs>
          <LinearRing>
            <coordinates>
              -70.8169847338,-33.1199134738,0
              -70.8169955084,-33.1204365440,0
              -70.8169690983,-33.1204369292,0
              -70.8169583240,-33.1199138590,0
              -70.8169847338,-33.1199134738,0
            </coordinates>
          </LinearRing>
        </outerBoundaryIs>
      </Polygon>
    </Placemark>
    <Placemark>
      <description><![CDATA[LIMITES_TRACKER<BR><BR><B>ELEVATION</B> = 0]]></description>
      <styleUrl>#area3</styleUrl>
      <Polygon>
        <altitudeMode>relativeToGround</altitudeMode>
        <extrude>1</extrude>
        <outerBoundaryIs>
          <LinearRing>
            <coordinates>
              -70.8170480675,-33.1199080408,0
              -70.8170216576,-33.1199084260,0
              -70.8170108832,-33.1193853558,0
              -70.8170372929,-33.1193849706,0
              -70.8170480675,-33.1199080408,0
            </coordinates>
          </LinearRing>
        </outerBoundaryIs>
      </Polygon>
    </Placemark>
    <Placemark>
      <description><![CDATA[LIMITES_TRACKER<BR><BR><B>ELEVATION</B> = 0]]></description>
      <styleUrl>#area3</styleUrl>
      <Polygon>
        <altitudeMode>relativeToGround</altitudeMode>
        <extrude>1</extrude>
        <outerBoundaryIs>
          <LinearRing>
            <coordinates>
              -70.8169738667,-33.1193858957,0
              -70.8169846410,-33.1199089659,0
              -70.8169582311,-33.1199093511,0
              -70.8169474570,-33.1193862809,0
              -70.8169738667,-33.1193858957,0
            </coordinates>
          </LinearRing>
        </outerBoundaryIs>
      </Polygon>
    </Placemark>
    <Placemark>
      <description><![CDATA[LIMITES_TRACKER<BR><BR><B>ELEVATION</B> = 0]]></description>
      <styleUrl>#area2</styleUrl>
      <Polygon>
        <altitudeMode>relativeToGround</altitudeMode>
        <extrude>1</extrude>
        <outerBoundaryIs>
          <LinearRing>
            <coordinates>
              -70.8171050883,-33.1226759721,0
              -70.8170786776,-33.1226763574,0
              -70.8170679016,-33.1221532874,0
              -70.8170943122,-33.1221529021,0
              -70.8171050883,-33.1226759721,0
            </coordinates>
          </LinearRing>
        </outerBoundaryIs>
      </Polygon>
    </Placemark>
    <Placemark>
      <description><![CDATA[LIMITES_TRACKER<BR><BR><B>ELEVATION</B> = 0]]></description>
      <styleUrl>#area2</styleUrl>
      <Polygon>
        <altitudeMode>relativeToGround</altitudeMode>
        <extrude>1</extrude>
        <outerBoundaryIs>
          <LinearRing>
            <coordinates>
              -70.8170308840,-33.1221538274,0
              -70.8170416598,-33.1226768974,0
              -70.8170152491,-33.1226772826,0
              -70.8170044735,-33.1221542126,0
              -70.8170308840,-33.1221538274,0
            </coordinates>
          </LinearRing>
        </outerBoundaryIs>
      </Polygon>
    </Placemark>
    <Placemark>
      <description><![CDATA[LIMITES_TRACKER<BR><BR><B>ELEVATION</B> = 0]]></description>
      <styleUrl>#area4</styleUrl>
      <Polygon>
        <altitudeMode>relativeToGround</altitudeMode>
        <extrude>1</extrude>
        <outerBoundaryIs>
          <LinearRing>
            <coordinates>
              -70.8170942193,-33.1221483943,0
              -70.8170678088,-33.1221487796,0
              -70.8170570331,-33.1216257095,0
              -70.8170834435,-33.1216253243,0
              -70.8170942193,-33.1221483943,0
            </coordinates>
          </LinearRing>
        </outerBoundaryIs>
      </Polygon>
    </Placemark>
    <Placemark>
      <description><![CDATA[LIMITES_TRACKER<BR><BR><B>ELEVATION</B> = 0]]></description>
      <styleUrl>#area4</styleUrl>
      <Polygon>
        <altitudeMode>relativeToGround</altitudeMode>
        <extrude>1</extrude>
        <outerBoundaryIs>
          <LinearRing>
            <coordinates>
              -70.8170200157,-33.1216262495,0
              -70.8170307912,-33.1221493195,0
              -70.8170043806,-33.1221497048,0
              -70.8169936053,-33.1216266347,0
              -70.8170200157,-33.1216262495,0
            </coordinates>
          </LinearRing>
        </outerBoundaryIs>
      </Polygon>
    </Placemark>
    <Placemark>
      <description><![CDATA[LIMITES_TRACKER<BR><BR><B>ELEVATION</B> = 0]]></description>
      <styleUrl>#area3</styleUrl>
      <Polygon>
        <altitudeMode>relativeToGround</altitudeMode>
        <extrude>1</extrude>
        <outerBoundaryIs>
          <LinearRing>
            <coordinates>
              -70.8170833506,-33.1216208165,0
              -70.8170569402,-33.1216212017,0
              -70.8170461649,-33.1210981316,0
              -70.8170725751,-33.1210977464,0
              -70.8170833506,-33.1216208165,0
            </coordinates>
          </LinearRing>
        </outerBoundaryIs>
      </Polygon>
    </Placemark>
    <Placemark>
      <description><![CDATA[LIMITES_TRACKER<BR><BR><B>ELEVATION</B> = 0]]></description>
      <styleUrl>#area3</styleUrl>
      <Polygon>
        <altitudeMode>relativeToGround</altitudeMode>
        <extrude>1</extrude>
        <outerBoundaryIs>
          <LinearRing>
            <coordinates>
              -70.8170091477,-33.1210986716,0
              -70.8170199229,-33.1216217417,0
              -70.8169935125,-33.1216221269,0
              -70.8169827375,-33.1210990568,0
              -70.8170091477,-33.1210986716,0
            </coordinates>
          </LinearRing>
        </outerBoundaryIs>
      </Polygon>
    </Placemark>
    <Placemark>
      <description><![CDATA[LIMITES_TRACKER<BR><BR><B>ELEVATION</B> = 0]]></description>
      <styleUrl>#area2</styleUrl>
      <Polygon>
        <altitudeMode>relativeToGround</altitudeMode>
        <extrude>1</extrude>
        <outerBoundaryIs>
          <LinearRing>
            <coordinates>
              -70.8169063909,-33.1191902074,0
              -70.8168799813,-33.1191905925,0
              -70.8168692079,-33.1186675222,0
              -70.8168956174,-33.1186671370,0
              -70.8169063909,-33.1191902074,0
            </coordinates>
          </LinearRing>
        </outerBoundaryIs>
      </Polygon>
    </Placemark>
    <Placemark>
      <description><![CDATA[LIMITES_TRACKER<BR><BR><B>ELEVATION</B> = 0]]></description>
      <styleUrl>#area2</styleUrl>
      <Polygon>
        <altitudeMode>relativeToGround</altitudeMode>
        <extrude>1</extrude>
        <outerBoundaryIs>
          <LinearRing>
            <coordinates>
              -70.8168321918,-33.1186680621,0
              -70.8168429649,-33.1191911324,0
              -70.8168165553,-33.1191915176,0
              -70.8168057823,-33.1186684472,0
              -70.8168321918,-33.1186680621,0
            </coordinates>
          </LinearRing>
        </outerBoundaryIs>
      </Polygon>
    </Placemark>
    <Placemark>
      <description><![CDATA[LIMITES_TRACKER<BR><BR><B>ELEVATION</B> = 0]]></description>
      <styleUrl>#area3</styleUrl>
      <Polygon>
        <altitudeMode>relativeToGround</altitudeMode>
        <extrude>1</extrude>
        <outerBoundaryIs>
          <LinearRing>
            <coordinates>
              -70.8168955246,-33.1186626292,0
              -70.8168691151,-33.1186630144,0
              -70.8168583420,-33.1181399440,0
              -70.8168847514,-33.1181395588,0
              -70.8168955246,-33.1186626292,0
            </coordinates>
          </LinearRing>
        </outerBoundaryIs>
      </Polygon>
    </Placemark>
    <Placemark>
      <description><![CDATA[LIMITES_TRACKER<BR><BR><B>ELEVATION</B> = 0]]></description>
      <styleUrl>#area3</styleUrl>
      <Polygon>
        <altitudeMode>relativeToGround</altitudeMode>
        <extrude>1</extrude>
        <outerBoundaryIs>
          <LinearRing>
            <coordinates>
              -70.8168213261,-33.1181404838,0
              -70.8168320990,-33.1186635542,0
              -70.8168056895,-33.1186639394,0
              -70.8167949168,-33.1181408690,0
              -70.8168213261,-33.1181404838,0
            </coordinates>
          </LinearRing>
        </outerBoundaryIs>
      </Polygon>
    </Placemark>
    <Placemark>
      <description><![CDATA[LIMITES_TRACKER<BR><BR><B>ELEVATION</B> = 0]]></description>
      <styleUrl>#area2</styleUrl>
      <Polygon>
        <altitudeMode>relativeToGround</altitudeMode>
        <extrude>1</extrude>
        <outerBoundaryIs>
          <LinearRing>
            <coordinates>
              -70.8169429488,-33.1209650471,0
              -70.8169165386,-33.1209654323,0
              -70.8169057643,-33.1204423621,0
              -70.8169321743,-33.1204419769,0
              -70.8169429488,-33.1209650471,0
            </coordinates>
          </LinearRing>
        </outerBoundaryIs>
      </Polygon>
    </Placemark>
    <Placemark>
      <description><![CDATA[LIMITES_TRACKER<BR><BR><B>ELEVATION</B> = 0]]></description>
      <styleUrl>#area2</styleUrl>
      <Polygon>
        <altitudeMode>relativeToGround</altitudeMode>
        <extrude>1</extrude>
        <outerBoundaryIs>
          <LinearRing>
            <coordinates>
              -70.8168687474,-33.1204429020,0
              -70.8168795215,-33.1209659722,0
              -70.8168531113,-33.1209663574,0
              -70.8168423374,-33.1204432872,0
              -70.8168687474,-33.1204429020,0
            </coordinates>
          </LinearRing>
        </outerBoundaryIs>
      </Polygon>
    </Placemark>
    <Placemark>
      <description><![CDATA[LIMITES_TRACKER<BR><BR><B>ELEVATION</B> = 0]]></description>
      <styleUrl>#area4</styleUrl>
      <Polygon>
        <altitudeMode>relativeToGround</altitudeMode>
        <extrude>1</extrude>
        <outerBoundaryIs>
          <LinearRing>
            <coordinates>
              -70.8169320815,-33.1204374691,0
              -70.8169056714,-33.1204378543,0
              -70.8168948974,-33.1199147841,0
              -70.8169213073,-33.1199143989,0
              -70.8169320815,-33.1204374691,0
            </coordinates>
          </LinearRing>
        </outerBoundaryIs>
      </Polygon>
    </Placemark>
    <Placemark>
      <description><![CDATA[LIMITES_TRACKER<BR><BR><B>ELEVATION</B> = 0]]></description>
      <styleUrl>#area4</styleUrl>
      <Polygon>
        <altitudeMode>relativeToGround</altitudeMode>
        <extrude>1</extrude>
        <outerBoundaryIs>
          <LinearRing>
            <coordinates>
              -70.8168578808,-33.1199153240,0
              -70.8168686546,-33.1204383942,0
              -70.8168422445,-33.1204387794,0
              -70.8168314709,-33.1199157091,0
              -70.8168578808,-33.1199153240,0
            </coordinates>
          </LinearRing>
        </outerBoundaryIs>
      </Polygon>
    </Placemark>
    <Placemark>
      <description><![CDATA[LIMITES_TRACKER<BR><BR><B>ELEVATION</B> = 0]]></description>
      <styleUrl>#area3</styleUrl>
      <Polygon>
        <altitudeMode>relativeToGround</altitudeMode>
        <extrude>1</extrude>
        <outerBoundaryIs>
          <LinearRing>
            <coordinates>
              -70.8169212145,-33.1199098910,0
              -70.8168948046,-33.1199102762,0
              -70.8168840309,-33.1193872060,0
              -70.8169104406,-33.1193868208,0
              -70.8169212145,-33.1199098910,0
            </coordinates>
          </LinearRing>
        </outerBoundaryIs>
      </Polygon>
    </Placemark>
    <Placemark>
      <description><![CDATA[LIMITES_TRACKER<BR><BR><B>ELEVATION</B> = 0]]></description>
      <styleUrl>#area3</styleUrl>
      <Polygon>
        <altitudeMode>relativeToGround</altitudeMode>
        <extrude>1</extrude>
        <outerBoundaryIs>
          <LinearRing>
            <coordinates>
              -70.8168470144,-33.1193877458,0
              -70.8168577879,-33.1199108161,0
              -70.8168313781,-33.1199112013,0
              -70.8168206047,-33.1193881310,0
              -70.8168470144,-33.1193877458,0
            </coordinates>
          </LinearRing>
        </outerBoundaryIs>
      </Polygon>
    </Placemark>
    <Placemark>
      <description><![CDATA[LIMITES_TRACKER<BR><BR><B>ELEVATION</B> = 0]]></description>
      <styleUrl>#area1</styleUrl>
      <Polygon>
        <altitudeMode>relativeToGround</altitudeMode>
        <extrude>1</extrude>
        <outerBoundaryIs>
          <LinearRing>
            <coordinates>
              -70.8169782312,-33.1226778226,0
              -70.8169518206,-33.1226782078,0
              -70.8169410454,-33.1221551378,0
              -70.8169674559,-33.1221547525,0
              -70.8169782312,-33.1226778226,0
            </coordinates>
          </LinearRing>
        </outerBoundaryIs>
      </Polygon>
    </Placemark>
    <Placemark>
      <description><![CDATA[LIMITES_TRACKER<BR><BR><B>ELEVATION</B> = 0]]></description>
      <styleUrl>#area1</styleUrl>
      <Polygon>
        <altitudeMode>relativeToGround</altitudeMode>
        <extrude>1</extrude>
        <outerBoundaryIs>
          <LinearRing>
            <coordinates>
              -70.8169040278,-33.1221556777,0
              -70.8169148027,-33.1226787477,0
              -70.8168883920,-33.1226791330,0
              -70.8168776172,-33.1221560629,0
              -70.8169040278,-33.1221556777,0
            </coordinates>
          </LinearRing>
        </outerBoundaryIs>
      </Polygon>
    </Placemark>
    <Placemark>
      <description><![CDATA[LIMITES_TRACKER<BR><BR><B>ELEVATION</B> = 0]]></description>
      <styleUrl>#area2</styleUrl>
      <Polygon>
        <altitudeMode>relativeToGround</altitudeMode>
        <extrude>1</extrude>
        <outerBoundaryIs>
          <LinearRing>
            <coordinates>
              -70.8169673630,-33.1221502447,0
              -70.8169409525,-33.1221506299,0
              -70.8169301776,-33.1216275599,0
              -70.8169565880,-33.1216271747,0
              -70.8169673630,-33.1221502447,0
            </coordinates>
          </LinearRing>
        </outerBoundaryIs>
      </Polygon>
    </Placemark>
    <Placemark>
      <description><![CDATA[LIMITES_TRACKER<BR><BR><B>ELEVATION</B> = 0]]></description>
      <styleUrl>#area2</styleUrl>
      <Polygon>
        <altitudeMode>relativeToGround</altitudeMode>
        <extrude>1</extrude>
        <outerBoundaryIs>
          <LinearRing>
            <coordinates>
              -70.8168931602,-33.1216280998,0
              -70.8169039349,-33.1221511699,0
              -70.8168775244,-33.1221515551,0
              -70.8168667498,-33.1216284850,0
              -70.8168931602,-33.1216280998,0
            </coordinates>
          </LinearRing>
        </outerBoundaryIs>
      </Polygon>
    </Placemark>
    <Placemark>
      <description><![CDATA[LIMITES_TRACKER<BR><BR><B>ELEVATION</B> = 0]]></description>
      <styleUrl>#area3</styleUrl>
      <Polygon>
        <altitudeMode>relativeToGround</altitudeMode>
        <extrude>1</extrude>
        <outerBoundaryIs>
          <LinearRing>
            <coordinates>
              -70.8169564951,-33.1216226668,0
              -70.8169300847,-33.1216230520,0
              -70.8169193101,-33.1210999819,0
              -70.8169457203,-33.1210995967,0
              -70.8169564951,-33.1216226668,0
            </coordinates>
          </LinearRing>
        </outerBoundaryIs>
      </Polygon>
    </Placemark>
    <Placemark>
      <description><![CDATA[LIMITES_TRACKER<BR><BR><B>ELEVATION</B> = 0]]></description>
      <styleUrl>#area3</styleUrl>
      <Polygon>
        <altitudeMode>relativeToGround</altitudeMode>
        <extrude>1</extrude>
        <outerBoundaryIs>
          <LinearRing>
            <coordinates>
              -70.8168822929,-33.1211005218,0
              -70.8168930673,-33.1216235920,0
              -70.8168666570,-33.1216239772,0
              -70.8168558827,-33.1211009070,0
              -70.8168822929,-33.1211005218,0
            </coordinates>
          </LinearRing>
        </outerBoundaryIs>
      </Polygon>
    </Placemark>
    <Placemark>
      <description><![CDATA[LIMITES_TRACKER<BR><BR><B>ELEVATION</B> = 0]]></description>
      <styleUrl>#area2</styleUrl>
      <Polygon>
        <altitudeMode>relativeToGround</altitudeMode>
        <extrude>1</extrude>
        <outerBoundaryIs>
          <LinearRing>
            <coordinates>
              -70.8167795389,-33.1191920574,0
              -70.8167531293,-33.1191924426,0
              -70.8167423567,-33.1186693722,0
              -70.8167687662,-33.1186689871,0
              -70.8167795389,-33.1191920574,0
            </coordinates>
          </LinearRing>
        </outerBoundaryIs>
      </Polygon>
    </Placemark>
    <Placemark>
      <description><![CDATA[LIMITES_TRACKER<BR><BR><B>ELEVATION</B> = 0]]></description>
      <styleUrl>#area2</styleUrl>
      <Polygon>
        <altitudeMode>relativeToGround</altitudeMode>
        <extrude>1</extrude>
        <outerBoundaryIs>
          <LinearRing>
            <coordinates>
              -70.8167053405,-33.1186699120,0
              -70.8167161129,-33.1191929824,0
              -70.8166897032,-33.1191933676,0
              -70.8166789310,-33.1186702972,0
              -70.8167053405,-33.1186699120,0
            </coordinates>
          </LinearRing>
        </outerBoundaryIs>
      </Polygon>
    </Placemark>
    <Placemark>
      <description><![CDATA[LIMITES_TRACKER<BR><BR><B>ELEVATION</B> = 0]]></description>
      <styleUrl>#area3</styleUrl>
      <Polygon>
        <altitudeMode>relativeToGround</altitudeMode>
        <extrude>1</extrude>
        <outerBoundaryIs>
          <LinearRing>
            <coordinates>
              -70.8167686733,-33.1186644792,0
              -70.8167422638,-33.1186648644,0
              -70.8167314915,-33.1181417939,0
              -70.8167579009,-33.1181414088,0
              -70.8167686733,-33.1186644792,0
            </coordinates>
          </LinearRing>
        </outerBoundaryIs>
      </Polygon>
    </Placemark>
    <Placemark>
      <description><![CDATA[LIMITES_TRACKER<BR><BR><B>ELEVATION</B> = 0]]></description>
      <styleUrl>#area3</styleUrl>
      <Polygon>
        <altitudeMode>relativeToGround</altitudeMode>
        <extrude>1</extrude>
        <outerBoundaryIs>
          <LinearRing>
            <coordinates>
              -70.8166944756,-33.1181423338,0
              -70.8167052477,-33.1186654042,0
              -70.8166788382,-33.1186657893,0
              -70.8166680663,-33.1181427189,0
              -70.8166944756,-33.1181423338,0
            </coordinates>
          </LinearRing>
        </outerBoundaryIs>
      </Polygon>
    </Placemark>
    <Placemark>
      <description><![CDATA[LIMITES_TRACKER<BR><BR><B>ELEVATION</B> = 0]]></description>
      <styleUrl>#area1</styleUrl>
      <Polygon>
        <altitudeMode>relativeToGround</altitudeMode>
        <extrude>1</extrude>
        <outerBoundaryIs>
          <LinearRing>
            <coordinates>
              -70.8167572510,-33.1181098540,0
              -70.8167308417,-33.1181102391,0
              -70.8167200697,-33.1175871687,0
              -70.8167464788,-33.1175867835,0
              -70.8167572510,-33.1181098540,0
            </coordinates>
          </LinearRing>
        </outerBoundaryIs>
      </Polygon>
    </Placemark>
    <Placemark>
      <description><![CDATA[LIMITES_TRACKER<BR><BR><B>ELEVATION</B> = 0]]></description>
      <styleUrl>#area1</styleUrl>
      <Polygon>
        <altitudeMode>relativeToGround</altitudeMode>
        <extrude>1</extrude>
        <outerBoundaryIs>
          <LinearRing>
            <coordinates>
              -70.8166830540,-33.1175877085,0
              -70.8166938258,-33.1181107789,0
              -70.8166674164,-33.1181111641,0
              -70.8166566448,-33.1175880936,0
              -70.8166830540,-33.1175877085,0
            </coordinates>
          </LinearRing>
        </outerBoundaryIs>
      </Polygon>
    </Placemark>
    <Placemark>
      <description><![CDATA[LIMITES_TRACKER<BR><BR><B>ELEVATION</B> = 0]]></description>
      <styleUrl>#area2</styleUrl>
      <Polygon>
        <altitudeMode>relativeToGround</altitudeMode>
        <extrude>1</extrude>
        <outerBoundaryIs>
          <LinearRing>
            <coordinates>
              -70.8168160942,-33.1209668973,0
              -70.8167896840,-33.1209672825,0
              -70.8167789105,-33.1204442123,0
              -70.8168053205,-33.1204438271,0
              -70.8168160942,-33.1209668973,0
            </coordinates>
          </LinearRing>
        </outerBoundaryIs>
      </Polygon>
    </Placemark>
    <Placemark>
      <description><![CDATA[LIMITES_TRACKER<BR><BR><B>ELEVATION</B> = 0]]></description>
      <styleUrl>#area2</styleUrl>
      <Polygon>
        <altitudeMode>relativeToGround</altitudeMode>
        <extrude>1</extrude>
        <outerBoundaryIs>
          <LinearRing>
            <coordinates>
              -70.8167418936,-33.1204447521,0
              -70.8167526669,-33.1209678223,0
              -70.8167262567,-33.1209682075,0
              -70.8167154836,-33.1204451373,0
              -70.8167418936,-33.1204447521,0
            </coordinates>
          </LinearRing>
        </outerBoundaryIs>
      </Polygon>
    </Placemark>
    <Placemark>
      <description><![CDATA[LIMITES_TRACKER<BR><BR><B>ELEVATION</B> = 0]]></description>
      <styleUrl>#area4</styleUrl>
      <Polygon>
        <altitudeMode>relativeToGround</altitudeMode>
        <extrude>1</extrude>
        <outerBoundaryIs>
          <LinearRing>
            <coordinates>
              -70.8168052276,-33.1204393193,0
              -70.8167788176,-33.1204397044,0
              -70.8167680444,-33.1199166342,0
              -70.8167944542,-33.1199162490,0
              -70.8168052276,-33.1204393193,0
            </coordinates>
          </LinearRing>
        </outerBoundaryIs>
      </Polygon>
    </Placemark>
    <Placemark>
      <description><![CDATA[LIMITES_TRACKER<BR><BR><B>ELEVATION</B> = 0]]></description>
      <styleUrl>#area4</styleUrl>
      <Polygon>
        <altitudeMode>relativeToGround</altitudeMode>
        <extrude>1</extrude>
        <outerBoundaryIs>
          <LinearRing>
            <coordinates>
              -70.8167310277,-33.1199171740,0
              -70.8167418007,-33.1204402443,0
              -70.8167153907,-33.1204406294,0
              -70.8167046178,-33.1199175592,0
              -70.8167310277,-33.1199171740,0
            </coordinates>
          </LinearRing>
        </outerBoundaryIs>
      </Polygon>
    </Placemark>
    <Placemark>
      <description><![CDATA[LIMITES_TRACKER<BR><BR><B>ELEVATION</B> = 0]]></description>
      <styleUrl>#area3</styleUrl>
      <Polygon>
        <altitudeMode>relativeToGround</altitudeMode>
        <extrude>1</extrude>
        <outerBoundaryIs>
          <LinearRing>
            <coordinates>
              -70.8167943614,-33.1199117412,0
              -70.8167679515,-33.1199121263,0
              -70.8167571786,-33.1193890560,0
              -70.8167835883,-33.1193886709,0
              -70.8167943614,-33.1199117412,0
            </coordinates>
          </LinearRing>
        </outerBoundaryIs>
      </Polygon>
    </Placemark>
    <Placemark>
      <description><![CDATA[LIMITES_TRACKER<BR><BR><B>ELEVATION</B> = 0]]></description>
      <styleUrl>#area3</styleUrl>
      <Polygon>
        <altitudeMode>relativeToGround</altitudeMode>
        <extrude>1</extrude>
        <outerBoundaryIs>
          <LinearRing>
            <coordinates>
              -70.8167201621,-33.1193895959,0
              -70.8167309349,-33.1199126662,0
              -70.8167045250,-33.1199130513,0
              -70.8166937524,-33.1193899810,0
              -70.8167201621,-33.1193895959,0
            </coordinates>
          </LinearRing>
        </outerBoundaryIs>
      </Polygon>
    </Placemark>
    <Placemark>
      <description><![CDATA[LIMITES_TRACKER<BR><BR><B>ELEVATION</B> = 0]]></description>
      <styleUrl>#area2</styleUrl>
      <Polygon>
        <altitudeMode>relativeToGround</altitudeMode>
        <extrude>1</extrude>
        <outerBoundaryIs>
          <LinearRing>
            <coordinates>
              -70.8168405068,-33.1221520950,0
              -70.8168140962,-33.1221524802,0
              -70.8168033221,-33.1216294101,0
              -70.8168297324,-33.1216290249,0
              -70.8168405068,-33.1221520950,0
            </coordinates>
          </LinearRing>
        </outerBoundaryIs>
      </Polygon>
    </Placemark>
    <Placemark>
      <description><![CDATA[LIMITES_TRACKER<BR><BR><B>ELEVATION</B> = 0]]></description>
      <styleUrl>#area2</styleUrl>
      <Polygon>
        <altitudeMode>relativeToGround</altitudeMode>
        <extrude>1</extrude>
        <outerBoundaryIs>
          <LinearRing>
            <coordinates>
              -70.8167663047,-33.1216299500,0
              -70.8167770786,-33.1221530201,0
              -70.8167506681,-33.1221534053,0
              -70.8167398943,-33.1216303351,0
              -70.8167663047,-33.1216299500,0
            </coordinates>
          </LinearRing>
        </outerBoundaryIs>
      </Polygon>
    </Placemark>
    <Placemark>
      <description><![CDATA[LIMITES_TRACKER<BR><BR><B>ELEVATION</B> = 0]]></description>
      <styleUrl>#area3</styleUrl>
      <Polygon>
        <altitudeMode>relativeToGround</altitudeMode>
        <extrude>1</extrude>
        <outerBoundaryIs>
          <LinearRing>
            <coordinates>
              -70.8168296396,-33.1216245171,0
              -70.8168032292,-33.1216249023,0
              -70.8167924553,-33.1211018321,0
              -70.8168188655,-33.1211014469,0
              -70.8168296396,-33.1216245171,0
            </coordinates>
          </LinearRing>
        </outerBoundaryIs>
      </Polygon>
    </Placemark>
    <Placemark>
      <description><![CDATA[LIMITES_TRACKER<BR><BR><B>ELEVATION</B> = 0]]></description>
      <styleUrl>#area3</styleUrl>
      <Polygon>
        <altitudeMode>relativeToGround</altitudeMode>
        <extrude>1</extrude>
        <outerBoundaryIs>
          <LinearRing>
            <coordinates>
              -70.8167554382,-33.1211023720,0
              -70.8167662118,-33.1216254421,0
              -70.8167398014,-33.1216258273,0
              -70.8167290279,-33.1211027571,0
              -70.8167554382,-33.1211023720,0
            </coordinates>
          </LinearRing>
        </outerBoundaryIs>
      </Polygon>
    </Placemark>
    <Placemark>
      <description><![CDATA[LIMITES_TRACKER<BR><BR><B>ELEVATION</B> = 0]]></description>
      <styleUrl>#area2</styleUrl>
      <Polygon>
        <altitudeMode>relativeToGround</altitudeMode>
        <extrude>1</extrude>
        <outerBoundaryIs>
          <LinearRing>
            <coordinates>
              -70.8166526869,-33.1191939074,0
              -70.8166262772,-33.1191942925,0
              -70.8166155054,-33.1186712221,0
              -70.8166419149,-33.1186708370,0
              -70.8166526869,-33.1191939074,0
            </coordinates>
          </LinearRing>
        </outerBoundaryIs>
      </Polygon>
    </Placemark>
    <Placemark>
      <description><![CDATA[LIMITES_TRACKER<BR><BR><B>ELEVATION</B> = 0]]></description>
      <styleUrl>#area2</styleUrl>
      <Polygon>
        <altitudeMode>relativeToGround</altitudeMode>
        <extrude>1</extrude>
        <outerBoundaryIs>
          <LinearRing>
            <coordinates>
              -70.8165784892,-33.1186717619,0
              -70.8165892608,-33.1191948323,0
              -70.8165628512,-33.1191952174,0
              -70.8165520797,-33.1186721470,0
              -70.8165784892,-33.1186717619,0
            </coordinates>
          </LinearRing>
        </outerBoundaryIs>
      </Polygon>
    </Placemark>
    <Placemark>
      <description><![CDATA[LIMITES_TRACKER<BR><BR><B>ELEVATION</B> = 0]]></description>
      <styleUrl>#area4</styleUrl>
      <Polygon>
        <altitudeMode>relativeToGround</altitudeMode>
        <extrude>1</extrude>
        <outerBoundaryIs>
          <LinearRing>
            <coordinates>
              -70.8166418220,-33.1186663291,0
              -70.8166154126,-33.1186667142,0
              -70.8166046410,-33.1181436438,0
              -70.8166310503,-33.1181432587,0
              -70.8166418220,-33.1186663291,0
            </coordinates>
          </LinearRing>
        </outerBoundaryIs>
      </Polygon>
    </Placemark>
    <Placemark>
      <description><![CDATA[LIMITES_TRACKER<BR><BR><B>ELEVATION</B> = 0]]></description>
      <styleUrl>#area4</styleUrl>
      <Polygon>
        <altitudeMode>relativeToGround</altitudeMode>
        <extrude>1</extrude>
        <outerBoundaryIs>
          <LinearRing>
            <coordinates>
              -70.8165676251,-33.1181441836,0
              -70.8165783964,-33.1186672540,0
              -70.8165519869,-33.1186676391,0
              -70.8165412157,-33.1181445687,0
              -70.8165676251,-33.1181441836,0
            </coordinates>
          </LinearRing>
        </outerBoundaryIs>
      </Polygon>
    </Placemark>
    <Placemark>
      <description><![CDATA[LIMITES_TRACKER<BR><BR><B>ELEVATION</B> = 0]]></description>
      <styleUrl>#area3</styleUrl>
      <Polygon>
        <altitudeMode>relativeToGround</altitudeMode>
        <extrude>1</extrude>
        <outerBoundaryIs>
          <LinearRing>
            <coordinates>
              -70.8166304005,-33.1181117039,0
              -70.8166039912,-33.1181120890,0
              -70.8165932199,-33.1175890185,0
              -70.8166196291,-33.1175886334,0
              -70.8166304005,-33.1181117039,0
            </coordinates>
          </LinearRing>
        </outerBoundaryIs>
      </Polygon>
    </Placemark>
    <Placemark>
      <description><![CDATA[LIMITES_TRACKER<BR><BR><B>ELEVATION</B> = 0]]></description>
      <styleUrl>#area3</styleUrl>
      <Polygon>
        <altitudeMode>relativeToGround</altitudeMode>
        <extrude>1</extrude>
        <outerBoundaryIs>
          <LinearRing>
            <coordinates>
              -70.8165562042,-33.1175895582,0
              -70.8165669753,-33.1181126287,0
              -70.8165405660,-33.1181130138,0
              -70.8165297951,-33.1175899433,0
              -70.8165562042,-33.1175895582,0
            </coordinates>
          </LinearRing>
        </outerBoundaryIs>
      </Polygon>
    </Placemark>
    <Placemark>
      <description><![CDATA[LIMITES_TRACKER<BR><BR><B>ELEVATION</B> = 0]]></description>
      <styleUrl>#area2</styleUrl>
      <Polygon>
        <altitudeMode>relativeToGround</altitudeMode>
        <extrude>1</extrude>
        <outerBoundaryIs>
          <LinearRing>
            <coordinates>
              -70.8166892396,-33.1209687474,0
              -70.8166628294,-33.1209691325,0
              -70.8166520566,-33.1204460623,0
              -70.8166784667,-33.1204456771,0
              -70.8166892396,-33.1209687474,0
            </coordinates>
          </LinearRing>
        </outerBoundaryIs>
      </Polygon>
    </Placemark>
    <Placemark>
      <description><![CDATA[LIMITES_TRACKER<BR><BR><B>ELEVATION</B> = 0]]></description>
      <styleUrl>#area2</styleUrl>
      <Polygon>
        <altitudeMode>relativeToGround</altitudeMode>
        <extrude>1</extrude>
        <outerBoundaryIs>
          <LinearRing>
            <coordinates>
              -70.8166150397,-33.1204466021,0
              -70.8166258123,-33.1209696723,0
              -70.8165994021,-33.1209700575,0
              -70.8165886297,-33.1204469872,0
              -70.8166150397,-33.1204466021,0
            </coordinates>
          </LinearRing>
        </outerBoundaryIs>
      </Polygon>
    </Placemark>
    <Placemark>
      <description><![CDATA[LIMITES_TRACKER<BR><BR><B>ELEVATION</B> = 0]]></description>
      <styleUrl>#area4</styleUrl>
      <Polygon>
        <altitudeMode>relativeToGround</altitudeMode>
        <extrude>1</extrude>
        <outerBoundaryIs>
          <LinearRing>
            <coordinates>
              -70.8166783738,-33.1204411693,0
              -70.8166519638,-33.1204415544,0
              -70.8166411913,-33.1199184841,0
              -70.8166676012,-33.1199180990,0
              -70.8166783738,-33.1204411693,0
            </coordinates>
          </LinearRing>
        </outerBoundaryIs>
      </Polygon>
    </Placemark>
    <Placemark>
      <description><![CDATA[LIMITES_TRACKER<BR><BR><B>ELEVATION</B> = 0]]></description>
      <styleUrl>#area4</styleUrl>
      <Polygon>
        <altitudeMode>relativeToGround</altitudeMode>
        <extrude>1</extrude>
        <outerBoundaryIs>
          <LinearRing>
            <coordinates>
              -70.8166041746,-33.1199190239,0
              -70.8166149469,-33.1204420942,0
              -70.8165885369,-33.1204424794,0
              -70.8165777648,-33.1199194091,0
              -70.8166041746,-33.1199190239,0
            </coordinates>
          </LinearRing>
        </outerBoundaryIs>
      </Polygon>
    </Placemark>
    <Placemark>
      <description><![CDATA[LIMITES_TRACKER<BR><BR><B>ELEVATION</B> = 0]]></description>
      <styleUrl>#area3</styleUrl>
      <Polygon>
        <altitudeMode>relativeToGround</altitudeMode>
        <extrude>1</extrude>
        <outerBoundaryIs>
          <LinearRing>
            <coordinates>
              -70.8166675083,-33.1199135912,0
              -70.8166410985,-33.1199139763,0
              -70.8166303262,-33.1193909059,0
              -70.8166567360,-33.1193905208,0
              -70.8166675083,-33.1199135912,0
            </coordinates>
          </LinearRing>
        </outerBoundaryIs>
      </Polygon>
    </Placemark>
    <Placemark>
      <description><![CDATA[LIMITES_TRACKER<BR><BR><B>ELEVATION</B> = 0]]></description>
      <styleUrl>#area3</styleUrl>
      <Polygon>
        <altitudeMode>relativeToGround</altitudeMode>
        <extrude>1</extrude>
        <outerBoundaryIs>
          <LinearRing>
            <coordinates>
              -70.8165933098,-33.1193914457,0
              -70.8166040818,-33.1199145161,0
              -70.8165776719,-33.1199149012,0
              -70.8165669001,-33.1193918309,0
              -70.8165933098,-33.1193914457,0
            </coordinates>
          </LinearRing>
        </outerBoundaryIs>
      </Polygon>
    </Placemark>
    <Placemark>
      <description><![CDATA[LIMITES_TRACKER<BR><BR><B>ELEVATION</B> = 0]]></description>
      <styleUrl>#area2</styleUrl>
      <Polygon>
        <altitudeMode>relativeToGround</altitudeMode>
        <extrude>1</extrude>
        <outerBoundaryIs>
          <LinearRing>
            <coordinates>
              -70.8167136505,-33.1221539451,0
              -70.8166872399,-33.1221543303,0
              -70.8166764665,-33.1216312602,0
              -70.8167028769,-33.1216308750,0
              -70.8167136505,-33.1221539451,0
            </coordinates>
          </LinearRing>
        </outerBoundaryIs>
      </Polygon>
    </Placemark>
    <Placemark>
      <description><![CDATA[LIMITES_TRACKER<BR><BR><B>ELEVATION</B> = 0]]></description>
      <styleUrl>#area2</styleUrl>
      <Polygon>
        <altitudeMode>relativeToGround</altitudeMode>
        <extrude>1</extrude>
        <outerBoundaryIs>
          <LinearRing>
            <coordinates>
              -70.8166394491,-33.1216318000,0
              -70.8166502223,-33.1221548702,0
              -70.8166238118,-33.1221552553,0
              -70.8166130387,-33.1216321852,0
              -70.8166394491,-33.1216318000,0
            </coordinates>
          </LinearRing>
        </outerBoundaryIs>
      </Polygon>
    </Placemark>
    <Placemark>
      <description><![CDATA[LIMITES_TRACKER<BR><BR><B>ELEVATION</B> = 0]]></description>
      <styleUrl>#area3</styleUrl>
      <Polygon>
        <altitudeMode>relativeToGround</altitudeMode>
        <extrude>1</extrude>
        <outerBoundaryIs>
          <LinearRing>
            <coordinates>
              -70.8167027841,-33.1216263672,0
              -70.8166763737,-33.1216267523,0
              -70.8166656005,-33.1211036821,0
              -70.8166920108,-33.1211032970,0
              -70.8167027841,-33.1216263672,0
            </coordinates>
          </LinearRing>
        </outerBoundaryIs>
      </Polygon>
    </Placemark>
    <Placemark>
      <description><![CDATA[LIMITES_TRACKER<BR><BR><B>ELEVATION</B> = 0]]></description>
      <styleUrl>#area3</styleUrl>
      <Polygon>
        <altitudeMode>relativeToGround</altitudeMode>
        <extrude>1</extrude>
        <outerBoundaryIs>
          <LinearRing>
            <coordinates>
              -70.8166285834,-33.1211042220,0
              -70.8166393563,-33.1216272922,0
              -70.8166129459,-33.1216276773,0
              -70.8166021732,-33.1211046071,0
              -70.8166285834,-33.1211042220,0
            </coordinates>
          </LinearRing>
        </outerBoundaryIs>
      </Polygon>
    </Placemark>
    <Placemark>
      <description><![CDATA[LIMITES_TRACKER<BR><BR><B>ELEVATION</B> = 0]]></description>
      <styleUrl>#area2</styleUrl>
      <Polygon>
        <altitudeMode>relativeToGround</altitudeMode>
        <extrude>1</extrude>
        <outerBoundaryIs>
          <LinearRing>
            <coordinates>
              -70.8165258348,-33.1191957572,0
              -70.8164994252,-33.1191961423,0
              -70.8164886541,-33.1186730718,0
              -70.8165150636,-33.1186726867,0
              -70.8165258348,-33.1191957572,0
            </coordinates>
          </LinearRing>
        </outerBoundaryIs>
      </Polygon>
    </Placemark>
    <Placemark>
      <description><![CDATA[LIMITES_TRACKER<BR><BR><B>ELEVATION</B> = 0]]></description>
      <styleUrl>#area2</styleUrl>
      <Polygon>
        <altitudeMode>relativeToGround</altitudeMode>
        <extrude>1</extrude>
        <outerBoundaryIs>
          <LinearRing>
            <coordinates>
              -70.8164516379,-33.1186736116,0
              -70.8164624088,-33.1191966820,0
              -70.8164359991,-33.1191970671,0
              -70.8164252284,-33.1186739966,0
              -70.8164516379,-33.1186736116,0
            </coordinates>
          </LinearRing>
        </outerBoundaryIs>
      </Polygon>
    </Placemark>
    <Placemark>
      <description><![CDATA[LIMITES_TRACKER<BR><BR><B>ELEVATION</B> = 0]]></description>
      <styleUrl>#area4</styleUrl>
      <Polygon>
        <altitudeMode>relativeToGround</altitudeMode>
        <extrude>1</extrude>
        <outerBoundaryIs>
          <LinearRing>
            <coordinates>
              -70.8165149708,-33.1186681789,0
              -70.8164885613,-33.1186685640,0
              -70.8164777905,-33.1181454935,0
              -70.8165041998,-33.1181451084,0
              -70.8165149708,-33.1186681789,0
            </coordinates>
          </LinearRing>
        </outerBoundaryIs>
      </Polygon>
    </Placemark>
    <Placemark>
      <description><![CDATA[LIMITES_TRACKER<BR><BR><B>ELEVATION</B> = 0]]></description>
      <styleUrl>#area4</styleUrl>
      <Polygon>
        <altitudeMode>relativeToGround</altitudeMode>
        <extrude>1</extrude>
        <outerBoundaryIs>
          <LinearRing>
            <coordinates>
              -70.8164407745,-33.1181460332,0
              -70.8164515451,-33.1186691037,0
              -70.8164251356,-33.1186694888,0
              -70.8164143652,-33.1181464183,0
              -70.8164407745,-33.1181460332,0
            </coordinates>
          </LinearRing>
        </outerBoundaryIs>
      </Polygon>
    </Placemark>
    <Placemark>
      <description><![CDATA[LIMITES_TRACKER<BR><BR><B>ELEVATION</B> = 0]]></description>
      <styleUrl>#area3</styleUrl>
      <Polygon>
        <altitudeMode>relativeToGround</altitudeMode>
        <extrude>1</extrude>
        <outerBoundaryIs>
          <LinearRing>
            <coordinates>
              -70.8165035500,-33.1181135536,0
              -70.8164771407,-33.1181139387,0
              -70.8164663702,-33.1175908681,0
              -70.8164927794,-33.1175904831,0
              -70.8165035500,-33.1181135536,0
            </coordinates>
          </LinearRing>
        </outerBoundaryIs>
      </Polygon>
    </Placemark>
    <Placemark>
      <description><![CDATA[LIMITES_TRACKER<BR><BR><B>ELEVATION</B> = 0]]></description>
      <styleUrl>#area3</styleUrl>
      <Polygon>
        <altitudeMode>relativeToGround</altitudeMode>
        <extrude>1</extrude>
        <outerBoundaryIs>
          <LinearRing>
            <coordinates>
              -70.8164293545,-33.1175914079,0
              -70.8164401248,-33.1181144784,0
              -70.8164137155,-33.1181148635,0
              -70.8164029453,-33.1175917929,0
              -70.8164293545,-33.1175914079,0
            </coordinates>
          </LinearRing>
        </outerBoundaryIs>
      </Polygon>
    </Placemark>
    <Placemark>
      <description><![CDATA[LIMITES_TRACKER<BR><BR><B>ELEVATION</B> = 0]]></description>
      <styleUrl>#area2</styleUrl>
      <Polygon>
        <altitudeMode>relativeToGround</altitudeMode>
        <extrude>1</extrude>
        <outerBoundaryIs>
          <LinearRing>
            <coordinates>
              -70.8165623850,-33.1209705973,0
              -70.8165359748,-33.1209709824,0
              -70.8165252028,-33.1204479121,0
              -70.8165516128,-33.1204475270,0
              -70.8165623850,-33.1209705973,0
            </coordinates>
          </LinearRing>
        </outerBoundaryIs>
      </Polygon>
    </Placemark>
    <Placemark>
      <description><![CDATA[LIMITES_TRACKER<BR><BR><B>ELEVATION</B> = 0]]></description>
      <styleUrl>#area2</styleUrl>
      <Polygon>
        <altitudeMode>relativeToGround</altitudeMode>
        <extrude>1</extrude>
        <outerBoundaryIs>
          <LinearRing>
            <coordinates>
              -70.8164881859,-33.1204484519,0
              -70.8164989577,-33.1209715222,0
              -70.8164725475,-33.1209719073,0
              -70.8164617759,-33.1204488370,0
              -70.8164881859,-33.1204484519,0
            </coordinates>
          </LinearRing>
        </outerBoundaryIs>
      </Polygon>
    </Placemark>
    <Placemark>
      <description><![CDATA[LIMITES_TRACKER<BR><BR><B>ELEVATION</B> = 0]]></description>
      <styleUrl>#area4</styleUrl>
      <Polygon>
        <altitudeMode>relativeToGround</altitudeMode>
        <extrude>1</extrude>
        <outerBoundaryIs>
          <LinearRing>
            <coordinates>
              -70.8165515200,-33.1204430192,0
              -70.8165251100,-33.1204434043,0
              -70.8165143382,-33.1199203340,0
              -70.8165407481,-33.1199199488,0
              -70.8165515200,-33.1204430192,0
            </coordinates>
          </LinearRing>
        </outerBoundaryIs>
      </Polygon>
    </Placemark>
    <Placemark>
      <description><![CDATA[LIMITES_TRACKER<BR><BR><B>ELEVATION</B> = 0]]></description>
      <styleUrl>#area4</styleUrl>
      <Polygon>
        <altitudeMode>relativeToGround</altitudeMode>
        <extrude>1</extrude>
        <outerBoundaryIs>
          <LinearRing>
            <coordinates>
              -70.8164773215,-33.1199208737,0
              -70.8164880931,-33.1204439441,0
              -70.8164616830,-33.1204443292,0
              -70.8164509117,-33.1199212588,0
              -70.8164773215,-33.1199208737,0
            </coordinates>
          </LinearRing>
        </outerBoundaryIs>
      </Polygon>
    </Placemark>
    <Placemark>
      <description><![CDATA[LIMITES_TRACKER<BR><BR><B>ELEVATION</B> = 0]]></description>
      <styleUrl>#area3</styleUrl>
      <Polygon>
        <altitudeMode>relativeToGround</altitudeMode>
        <extrude>1</extrude>
        <outerBoundaryIs>
          <LinearRing>
            <coordinates>
              -70.8165406552,-33.1199154410,0
              -70.8165142454,-33.1199158261,0
              -70.8165034739,-33.1193927557,0
              -70.8165298836,-33.1193923706,0
              -70.8165406552,-33.1199154410,0
            </coordinates>
          </LinearRing>
        </outerBoundaryIs>
      </Polygon>
    </Placemark>
    <Placemark>
      <description><![CDATA[LIMITES_TRACKER<BR><BR><B>ELEVATION</B> = 0]]></description>
      <styleUrl>#area3</styleUrl>
      <Polygon>
        <altitudeMode>relativeToGround</altitudeMode>
        <extrude>1</extrude>
        <outerBoundaryIs>
          <LinearRing>
            <coordinates>
              -70.8164664575,-33.1193932955,0
              -70.8164772287,-33.1199163659,0
              -70.8164508188,-33.1199167510,0
              -70.8164400477,-33.1193936806,0
              -70.8164664575,-33.1193932955,0
            </coordinates>
          </LinearRing>
        </outerBoundaryIs>
      </Polygon>
    </Placemark>
    <Placemark>
      <description><![CDATA[LIMITES_TRACKER<BR><BR><B>ELEVATION</B> = 0]]></description>
      <styleUrl>#area2</styleUrl>
      <Polygon>
        <altitudeMode>relativeToGround</altitudeMode>
        <extrude>1</extrude>
        <outerBoundaryIs>
          <LinearRing>
            <coordinates>
              -70.8165867942,-33.1221557952,0
              -70.8165603836,-33.1221561803,0
              -70.8165496110,-33.1216331101,0
              -70.8165760214,-33.1216327250,0
              -70.8165867942,-33.1221557952,0
            </coordinates>
          </LinearRing>
        </outerBoundaryIs>
      </Polygon>
    </Placemark>
    <Placemark>
      <description><![CDATA[LIMITES_TRACKER<BR><BR><B>ELEVATION</B> = 0]]></description>
      <styleUrl>#area2</styleUrl>
      <Polygon>
        <altitudeMode>relativeToGround</altitudeMode>
        <extrude>1</extrude>
        <outerBoundaryIs>
          <LinearRing>
            <coordinates>
              -70.8165125936,-33.1216336499,0
              -70.8165233660,-33.1221567201,0
              -70.8164969555,-33.1221571053,0
              -70.8164861832,-33.1216340350,0
              -70.8165125936,-33.1216336499,0
            </coordinates>
          </LinearRing>
        </outerBoundaryIs>
      </Polygon>
    </Placemark>
    <Placemark>
      <description><![CDATA[LIMITES_TRACKER<BR><BR><B>ELEVATION</B> = 0]]></description>
      <styleUrl>#area3</styleUrl>
      <Polygon>
        <altitudeMode>relativeToGround</altitudeMode>
        <extrude>1</extrude>
        <outerBoundaryIs>
          <LinearRing>
            <coordinates>
              -70.8165759285,-33.1216282172,0
              -70.8165495181,-33.1216286023,0
              -70.8165387458,-33.1211055321,0
              -70.8165651560,-33.1211051469,0
              -70.8165759285,-33.1216282172,0
            </coordinates>
          </LinearRing>
        </outerBoundaryIs>
      </Polygon>
    </Placemark>
    <Placemark>
      <description><![CDATA[LIMITES_TRACKER<BR><BR><B>ELEVATION</B> = 0]]></description>
      <styleUrl>#area3</styleUrl>
      <Polygon>
        <altitudeMode>relativeToGround</altitudeMode>
        <extrude>1</extrude>
        <outerBoundaryIs>
          <LinearRing>
            <coordinates>
              -70.8165017286,-33.1211060718,0
              -70.8165125007,-33.1216291421,0
              -70.8164860904,-33.1216295272,0
              -70.8164753184,-33.1211064570,0
              -70.8165017286,-33.1211060718,0
            </coordinates>
          </LinearRing>
        </outerBoundaryIs>
      </Polygon>
    </Placemark>
    <Placemark>
      <description><![CDATA[LIMITES_TRACKER<BR><BR><B>ELEVATION</B> = 0]]></description>
      <styleUrl>#area2</styleUrl>
      <Polygon>
        <altitudeMode>relativeToGround</altitudeMode>
        <extrude>1</extrude>
        <outerBoundaryIs>
          <LinearRing>
            <coordinates>
              -70.8163989828,-33.1191976069,0
              -70.8163725731,-33.1191979919,0
              -70.8163618028,-33.1186749214,0
              -70.8163882123,-33.1186745364,0
              -70.8163989828,-33.1191976069,0
            </coordinates>
          </LinearRing>
        </outerBoundaryIs>
      </Polygon>
    </Placemark>
    <Placemark>
      <description><![CDATA[LIMITES_TRACKER<BR><BR><B>ELEVATION</B> = 0]]></description>
      <styleUrl>#area2</styleUrl>
      <Polygon>
        <altitudeMode>relativeToGround</altitudeMode>
        <extrude>1</extrude>
        <outerBoundaryIs>
          <LinearRing>
            <coordinates>
              -70.8163247866,-33.1186754611,0
              -70.8163355567,-33.1191985316,0
              -70.8163091471,-33.1191989167,0
              -70.8162983771,-33.1186758462,0
              -70.8163247866,-33.1186754611,0
            </coordinates>
          </LinearRing>
        </outerBoundaryIs>
      </Polygon>
    </Placemark>
    <Placemark>
      <description><![CDATA[LIMITES_TRACKER<BR><BR><B>ELEVATION</B> = 0]]></description>
      <styleUrl>#area4</styleUrl>
      <Polygon>
        <altitudeMode>relativeToGround</altitudeMode>
        <extrude>1</extrude>
        <outerBoundaryIs>
          <LinearRing>
            <coordinates>
              -70.8163881195,-33.1186700285,0
              -70.8163617100,-33.1186704136,0
              -70.8163509399,-33.1181473431,0
              -70.8163773492,-33.1181469580,0
              -70.8163881195,-33.1186700285,0
            </coordinates>
          </LinearRing>
        </outerBoundaryIs>
      </Polygon>
    </Placemark>
    <Placemark>
      <description><![CDATA[LIMITES_TRACKER<BR><BR><B>ELEVATION</B> = 0]]></description>
      <styleUrl>#area4</styleUrl>
      <Polygon>
        <altitudeMode>relativeToGround</altitudeMode>
        <extrude>1</extrude>
        <outerBoundaryIs>
          <LinearRing>
            <coordinates>
              -70.8163139240,-33.1181478828,0
              -70.8163246938,-33.1186709533,0
              -70.8162982843,-33.1186713384,0
              -70.8162875146,-33.1181482678,0
              -70.8163139240,-33.1181478828,0
            </coordinates>
          </LinearRing>
        </outerBoundaryIs>
      </Polygon>
    </Placemark>
    <Placemark>
      <description><![CDATA[LIMITES_TRACKER<BR><BR><B>ELEVATION</B> = 0]]></description>
      <styleUrl>#area3</styleUrl>
      <Polygon>
        <altitudeMode>relativeToGround</altitudeMode>
        <extrude>1</extrude>
        <outerBoundaryIs>
          <LinearRing>
            <coordinates>
              -70.8163766995,-33.1181154032,0
              -70.8163502902,-33.1181157883,0
              -70.8163395204,-33.1175927177,0
              -70.8163659296,-33.1175923326,0
              -70.8163766995,-33.1181154032,0
            </coordinates>
          </LinearRing>
        </outerBoundaryIs>
      </Polygon>
    </Placemark>
    <Placemark>
      <description><![CDATA[LIMITES_TRACKER<BR><BR><B>ELEVATION</B> = 0]]></description>
      <styleUrl>#area3</styleUrl>
      <Polygon>
        <altitudeMode>relativeToGround</altitudeMode>
        <extrude>1</extrude>
        <outerBoundaryIs>
          <LinearRing>
            <coordinates>
              -70.8163025047,-33.1175932574,0
              -70.8163132743,-33.1181163280,0
              -70.8162868649,-33.1181167130,0
              -70.8162760956,-33.1175936424,0
              -70.8163025047,-33.1175932574,0
            </coordinates>
          </LinearRing>
        </outerBoundaryIs>
      </Polygon>
    </Placemark>
    <Placemark>
      <description><![CDATA[LIMITES_TRACKER<BR><BR><B>ELEVATION</B> = 0]]></description>
      <styleUrl>#area2</styleUrl>
      <Polygon>
        <altitudeMode>relativeToGround</altitudeMode>
        <extrude>1</extrude>
        <outerBoundaryIs>
          <LinearRing>
            <coordinates>
              -70.8164355304,-33.1209724471,0
              -70.8164091202,-33.1209728322,0
              -70.8163983489,-33.1204497619,0
              -70.8164247590,-33.1204493768,0
              -70.8164355304,-33.1209724471,0
            </coordinates>
          </LinearRing>
        </outerBoundaryIs>
      </Polygon>
    </Placemark>
    <Placemark>
      <description><![CDATA[LIMITES_TRACKER<BR><BR><B>ELEVATION</B> = 0]]></description>
      <styleUrl>#area2</styleUrl>
      <Polygon>
        <altitudeMode>relativeToGround</altitudeMode>
        <extrude>1</extrude>
        <outerBoundaryIs>
          <LinearRing>
            <coordinates>
              -70.8163613320,-33.1204503016,0
              -70.8163721031,-33.1209733720,0
              -70.8163456929,-33.1209737570,0
              -70.8163349220,-33.1204506867,0
              -70.8163613320,-33.1204503016,0
            </coordinates>
          </LinearRing>
        </outerBoundaryIs>
      </Polygon>
    </Placemark>
    <Placemark>
      <description><![CDATA[LIMITES_TRACKER<BR><BR><B>ELEVATION</B> = 0]]></description>
      <styleUrl>#area3</styleUrl>
      <Polygon>
        <altitudeMode>relativeToGround</altitudeMode>
        <extrude>1</extrude>
        <outerBoundaryIs>
          <LinearRing>
            <coordinates>
              -70.8164246661,-33.1204448689,0
              -70.8163982561,-33.1204452540,0
              -70.8163874851,-33.1199221837,0
              -70.8164138950,-33.1199217986,0
              -70.8164246661,-33.1204448689,0
            </coordinates>
          </LinearRing>
        </outerBoundaryIs>
      </Polygon>
    </Placemark>
    <Placemark>
      <description><![CDATA[LIMITES_TRACKER<BR><BR><B>ELEVATION</B> = 0]]></description>
      <styleUrl>#area3</styleUrl>
      <Polygon>
        <altitudeMode>relativeToGround</altitudeMode>
        <extrude>1</extrude>
        <outerBoundaryIs>
          <LinearRing>
            <coordinates>
              -70.8163504684,-33.1199227234,0
              -70.8163612392,-33.1204457938,0
              -70.8163348292,-33.1204461789,0
              -70.8163240585,-33.1199231085,0
              -70.8163504684,-33.1199227234,0
            </coordinates>
          </LinearRing>
        </outerBoundaryIs>
      </Polygon>
    </Placemark>
    <Placemark>
      <description><![CDATA[LIMITES_TRACKER<BR><BR><B>ELEVATION</B> = 0]]></description>
      <styleUrl>#area2</styleUrl>
      <Polygon>
        <altitudeMode>relativeToGround</altitudeMode>
        <extrude>1</extrude>
        <outerBoundaryIs>
          <LinearRing>
            <coordinates>
              -70.8164599379,-33.1221576451,0
              -70.8164335273,-33.1221580302,0
              -70.8164227554,-33.1216349599,0
              -70.8164491658,-33.1216345748,0
              -70.8164599379,-33.1221576451,0
            </coordinates>
          </LinearRing>
        </outerBoundaryIs>
      </Polygon>
    </Placemark>
    <Placemark>
      <description><![CDATA[LIMITES_TRACKER<BR><BR><B>ELEVATION</B> = 0]]></description>
      <styleUrl>#area2</styleUrl>
      <Polygon>
        <altitudeMode>relativeToGround</altitudeMode>
        <extrude>1</extrude>
        <outerBoundaryIs>
          <LinearRing>
            <coordinates>
              -70.8163857380,-33.1216354997,0
              -70.8163965097,-33.1221585699,0
              -70.8163700992,-33.1221589550,0
              -70.8163593276,-33.1216358848,0
              -70.8163857380,-33.1216354997,0
            </coordinates>
          </LinearRing>
        </outerBoundaryIs>
      </Polygon>
    </Placemark>
    <Placemark>
      <description><![CDATA[LIMITES_TRACKER<BR><BR><B>ELEVATION</B> = 0]]></description>
      <styleUrl>#area3</styleUrl>
      <Polygon>
        <altitudeMode>relativeToGround</altitudeMode>
        <extrude>1</extrude>
        <outerBoundaryIs>
          <LinearRing>
            <coordinates>
              -70.8164490730,-33.1216300670,0
              -70.8164226626,-33.1216304521,0
              -70.8164118910,-33.1211073818,0
              -70.8164383012,-33.1211069967,0
              -70.8164490730,-33.1216300670,0
            </coordinates>
          </LinearRing>
        </outerBoundaryIs>
      </Polygon>
    </Placemark>
    <Placemark>
      <description><![CDATA[LIMITES_TRACKER<BR><BR><B>ELEVATION</B> = 0]]></description>
      <styleUrl>#area3</styleUrl>
      <Polygon>
        <altitudeMode>relativeToGround</altitudeMode>
        <extrude>1</extrude>
        <outerBoundaryIs>
          <LinearRing>
            <coordinates>
              -70.8163748738,-33.1211079216,0
              -70.8163856452,-33.1216309919,0
              -70.8163592348,-33.1216313770,0
              -70.8163484635,-33.1211083067,0
              -70.8163748738,-33.1211079216,0
            </coordinates>
          </LinearRing>
        </outerBoundaryIs>
      </Polygon>
    </Placemark>
    <Placemark>
      <description><![CDATA[LIMITES_TRACKER<BR><BR><B>ELEVATION</B> = 0]]></description>
      <styleUrl>#area2</styleUrl>
      <Polygon>
        <altitudeMode>relativeToGround</altitudeMode>
        <extrude>1</extrude>
        <outerBoundaryIs>
          <LinearRing>
            <coordinates>
              -70.8162721307,-33.1191994564,0
              -70.8162457210,-33.1191998415,0
              -70.8162349514,-33.1186767709,0
              -70.8162613610,-33.1186763859,0
              -70.8162721307,-33.1191994564,0
            </coordinates>
          </LinearRing>
        </outerBoundaryIs>
      </Polygon>
    </Placemark>
    <Placemark>
      <description><![CDATA[LIMITES_TRACKER<BR><BR><B>ELEVATION</B> = 0]]></description>
      <styleUrl>#area2</styleUrl>
      <Polygon>
        <altitudeMode>relativeToGround</altitudeMode>
        <extrude>1</extrude>
        <outerBoundaryIs>
          <LinearRing>
            <coordinates>
              -70.8161979353,-33.1186773106,0
              -70.8162087047,-33.1192003811,0
              -70.8161822950,-33.1192007662,0
              -70.8161715258,-33.1186776956,0
              -70.8161979353,-33.1186773106,0
            </coordinates>
          </LinearRing>
        </outerBoundaryIs>
      </Polygon>
    </Placemark>
    <Placemark>
      <description><![CDATA[LIMITES_TRACKER<BR><BR><B>ELEVATION</B> = 0]]></description>
      <styleUrl>#area4</styleUrl>
      <Polygon>
        <altitudeMode>relativeToGround</altitudeMode>
        <extrude>1</extrude>
        <outerBoundaryIs>
          <LinearRing>
            <coordinates>
              -70.8162612681,-33.1186718781,0
              -70.8162348586,-33.1186722631,0
              -70.8162240893,-33.1181491925,0
              -70.8162504987,-33.1181488075,0
              -70.8162612681,-33.1186718781,0
            </coordinates>
          </LinearRing>
        </outerBoundaryIs>
      </Polygon>
    </Placemark>
    <Placemark>
      <description><![CDATA[LIMITES_TRACKER<BR><BR><B>ELEVATION</B> = 0]]></description>
      <styleUrl>#area4</styleUrl>
      <Polygon>
        <altitudeMode>relativeToGround</altitudeMode>
        <extrude>1</extrude>
        <outerBoundaryIs>
          <LinearRing>
            <coordinates>
              -70.8161870734,-33.1181497322,0
              -70.8161978425,-33.1186728028,0
              -70.8161714330,-33.1186731878,0
              -70.8161606641,-33.1181501172,0
              -70.8161870734,-33.1181497322,0
            </coordinates>
          </LinearRing>
        </outerBoundaryIs>
      </Polygon>
    </Placemark>
    <Placemark>
      <description><![CDATA[LIMITES_TRACKER<BR><BR><B>ELEVATION</B> = 0]]></description>
      <styleUrl>#area3</styleUrl>
      <Polygon>
        <altitudeMode>relativeToGround</altitudeMode>
        <extrude>1</extrude>
        <outerBoundaryIs>
          <LinearRing>
            <coordinates>
              -70.8162498490,-33.1181172527,0
              -70.8162234397,-33.1181176377,0
              -70.8162126707,-33.1175945671,0
              -70.8162390799,-33.1175941821,0
              -70.8162498490,-33.1181172527,0
            </coordinates>
          </LinearRing>
        </outerBoundaryIs>
      </Polygon>
    </Placemark>
    <Placemark>
      <description><![CDATA[LIMITES_TRACKER<BR><BR><B>ELEVATION</B> = 0]]></description>
      <styleUrl>#area3</styleUrl>
      <Polygon>
        <altitudeMode>relativeToGround</altitudeMode>
        <extrude>1</extrude>
        <outerBoundaryIs>
          <LinearRing>
            <coordinates>
              -70.8161756550,-33.1175951067,0
              -70.8161864238,-33.1181181774,0
              -70.8161600144,-33.1181185624,0
              -70.8161492458,-33.1175954917,0
              -70.8161756550,-33.1175951067,0
            </coordinates>
          </LinearRing>
        </outerBoundaryIs>
      </Polygon>
    </Placemark>
    <Placemark>
      <description><![CDATA[LIMITES_TRACKER<BR><BR><B>ELEVATION</B> = 0]]></description>
      <styleUrl>#area2</styleUrl>
      <Polygon>
        <altitudeMode>relativeToGround</altitudeMode>
        <extrude>1</extrude>
        <outerBoundaryIs>
          <LinearRing>
            <coordinates>
              -70.8163086758,-33.1209742968,0
              -70.8162822656,-33.1209746818,0
              -70.8162714951,-33.1204516115,0
              -70.8162979051,-33.1204512264,0
              -70.8163086758,-33.1209742968,0
            </coordinates>
          </LinearRing>
        </outerBoundaryIs>
      </Polygon>
    </Placemark>
    <Placemark>
      <description><![CDATA[LIMITES_TRACKER<BR><BR><B>ELEVATION</B> = 0]]></description>
      <styleUrl>#area2</styleUrl>
      <Polygon>
        <altitudeMode>relativeToGround</altitudeMode>
        <extrude>1</extrude>
        <outerBoundaryIs>
          <LinearRing>
            <coordinates>
              -70.8162344782,-33.1204521512,0
              -70.8162452485,-33.1209752216,0
              -70.8162188383,-33.1209756066,0
              -70.8162080681,-33.1204525362,0
              -70.8162344782,-33.1204521512,0
            </coordinates>
          </LinearRing>
        </outerBoundaryIs>
      </Polygon>
    </Placemark>
    <Placemark>
      <description><![CDATA[LIMITES_TRACKER<BR><BR><B>ELEVATION</B> = 0]]></description>
      <styleUrl>#area3</styleUrl>
      <Polygon>
        <altitudeMode>relativeToGround</altitudeMode>
        <extrude>1</extrude>
        <outerBoundaryIs>
          <LinearRing>
            <coordinates>
              -70.8162978123,-33.1204467186,0
              -70.8162714022,-33.1204471037,0
              -70.8162606320,-33.1199240332,0
              -70.8162870419,-33.1199236482,0
              -70.8162978123,-33.1204467186,0
            </coordinates>
          </LinearRing>
        </outerBoundaryIs>
      </Polygon>
    </Placemark>
    <Placemark>
      <description><![CDATA[LIMITES_TRACKER<BR><BR><B>ELEVATION</B> = 0]]></description>
      <styleUrl>#area3</styleUrl>
      <Polygon>
        <altitudeMode>relativeToGround</altitudeMode>
        <extrude>1</extrude>
        <outerBoundaryIs>
          <LinearRing>
            <coordinates>
              -70.8162236153,-33.1199245729,0
              -70.8162343853,-33.1204476434,0
              -70.8162079753,-33.1204480284,0
              -70.8161972054,-33.1199249580,0
              -70.8162236153,-33.1199245729,0
            </coordinates>
          </LinearRing>
        </outerBoundaryIs>
      </Polygon>
    </Placemark>
    <Placemark>
      <description><![CDATA[LIMITES_TRACKER<BR><BR><B>ELEVATION</B> = 0]]></description>
      <styleUrl>#area2</styleUrl>
      <Polygon>
        <altitudeMode>relativeToGround</altitudeMode>
        <extrude>1</extrude>
        <outerBoundaryIs>
          <LinearRing>
            <coordinates>
              -70.8163330815,-33.1221594948,0
              -70.8163066710,-33.1221598799,0
              -70.8162958998,-33.1216368096,0
              -70.8163223102,-33.1216364246,0
              -70.8163330815,-33.1221594948,0
            </coordinates>
          </LinearRing>
        </outerBoundaryIs>
      </Polygon>
    </Placemark>
    <Placemark>
      <description><![CDATA[LIMITES_TRACKER<BR><BR><B>ELEVATION</B> = 0]]></description>
      <styleUrl>#area2</styleUrl>
      <Polygon>
        <altitudeMode>relativeToGround</altitudeMode>
        <extrude>1</extrude>
        <outerBoundaryIs>
          <LinearRing>
            <coordinates>
              -70.8162588824,-33.1216373494,0
              -70.8162696534,-33.1221604196,0
              -70.8162432428,-33.1221608047,0
              -70.8162324720,-33.1216377344,0
              -70.8162588824,-33.1216373494,0
            </coordinates>
          </LinearRing>
        </outerBoundaryIs>
      </Polygon>
    </Placemark>
    <Placemark>
      <description><![CDATA[LIMITES_TRACKER<BR><BR><B>ELEVATION</B> = 0]]></description>
      <styleUrl>#area3</styleUrl>
      <Polygon>
        <altitudeMode>relativeToGround</altitudeMode>
        <extrude>1</extrude>
        <outerBoundaryIs>
          <LinearRing>
            <coordinates>
              -70.8163222174,-33.1216319167,0
              -70.8162958070,-33.1216323018,0
              -70.8162850361,-33.1211092315,0
              -70.8163114464,-33.1211088464,0
              -70.8163222174,-33.1216319167,0
            </coordinates>
          </LinearRing>
        </outerBoundaryIs>
      </Polygon>
    </Placemark>
    <Placemark>
      <description><![CDATA[LIMITES_TRACKER<BR><BR><B>ELEVATION</B> = 0]]></description>
      <styleUrl>#area3</styleUrl>
      <Polygon>
        <altitudeMode>relativeToGround</altitudeMode>
        <extrude>1</extrude>
        <outerBoundaryIs>
          <LinearRing>
            <coordinates>
              -70.8162480190,-33.1211097712,0
              -70.8162587896,-33.1216328415,0
              -70.8162323792,-33.1216332266,0
              -70.8162216087,-33.1211101563,0
              -70.8162480190,-33.1211097712,0
            </coordinates>
          </LinearRing>
        </outerBoundaryIs>
      </Polygon>
    </Placemark>
    <Placemark>
      <description><![CDATA[LIMITES_TRACKER<BR><BR><B>ELEVATION</B> = 0]]></description>
      <styleUrl>#area2</styleUrl>
      <Polygon>
        <altitudeMode>relativeToGround</altitudeMode>
        <extrude>1</extrude>
        <outerBoundaryIs>
          <LinearRing>
            <coordinates>
              -70.8161452786,-33.1192013058,0
              -70.8161188689,-33.1192016909,0
              -70.8161081001,-33.1186786203,0
              -70.8161345096,-33.1186782353,0
              -70.8161452786,-33.1192013058,0
            </coordinates>
          </LinearRing>
        </outerBoundaryIs>
      </Polygon>
    </Placemark>
    <Placemark>
      <description><![CDATA[LIMITES_TRACKER<BR><BR><B>ELEVATION</B> = 0]]></description>
      <styleUrl>#area2</styleUrl>
      <Polygon>
        <altitudeMode>relativeToGround</altitudeMode>
        <extrude>1</extrude>
        <outerBoundaryIs>
          <LinearRing>
            <coordinates>
              -70.8160710840,-33.1186791599,0
              -70.8160818526,-33.1192022305,0
              -70.8160554429,-33.1192026155,0
              -70.8160446744,-33.1186795449,0
              -70.8160710840,-33.1186791599,0
            </coordinates>
          </LinearRing>
        </outerBoundaryIs>
      </Polygon>
    </Placemark>
    <Placemark>
      <description><![CDATA[LIMITES_TRACKER<BR><BR><B>ELEVATION</B> = 0]]></description>
      <styleUrl>#area4</styleUrl>
      <Polygon>
        <altitudeMode>relativeToGround</altitudeMode>
        <extrude>1</extrude>
        <outerBoundaryIs>
          <LinearRing>
            <coordinates>
              -70.8161344168,-33.1186737274,0
              -70.8161080073,-33.1186741125,0
              -70.8160972388,-33.1181510418,0
              -70.8161236481,-33.1181506568,0
              -70.8161344168,-33.1186737274,0
            </coordinates>
          </LinearRing>
        </outerBoundaryIs>
      </Polygon>
    </Placemark>
    <Placemark>
      <description><![CDATA[LIMITES_TRACKER<BR><BR><B>ELEVATION</B> = 0]]></description>
      <styleUrl>#area4</styleUrl>
      <Polygon>
        <altitudeMode>relativeToGround</altitudeMode>
        <extrude>1</extrude>
        <outerBoundaryIs>
          <LinearRing>
            <coordinates>
              -70.8160602228,-33.1181515815,0
              -70.8160709911,-33.1186746521,0
              -70.8160445816,-33.1186750371,0
              -70.8160338135,-33.1181519665,0
              -70.8160602228,-33.1181515815,0
            </coordinates>
          </LinearRing>
        </outerBoundaryIs>
      </Polygon>
    </Placemark>
    <Placemark>
      <description><![CDATA[LIMITES_TRACKER<BR><BR><B>ELEVATION</B> = 0]]></description>
      <styleUrl>#area3</styleUrl>
      <Polygon>
        <altitudeMode>relativeToGround</altitudeMode>
        <extrude>1</extrude>
        <outerBoundaryIs>
          <LinearRing>
            <coordinates>
              -70.8161229985,-33.1181191020,0
              -70.8160965891,-33.1181194870,0
              -70.8160858209,-33.1175964164,0
              -70.8161122301,-33.1175960314,0
              -70.8161229985,-33.1181191020,0
            </coordinates>
          </LinearRing>
        </outerBoundaryIs>
      </Polygon>
    </Placemark>
    <Placemark>
      <description><![CDATA[LIMITES_TRACKER<BR><BR><B>ELEVATION</B> = 0]]></description>
      <styleUrl>#area3</styleUrl>
      <Polygon>
        <altitudeMode>relativeToGround</altitudeMode>
        <extrude>1</extrude>
        <outerBoundaryIs>
          <LinearRing>
            <coordinates>
              -70.8160488052,-33.1175969560,0
              -70.8160595732,-33.1181200266,0
              -70.8160331639,-33.1181204116,0
              -70.8160223960,-33.1175973410,0
              -70.8160488052,-33.1175969560,0
            </coordinates>
          </LinearRing>
        </outerBoundaryIs>
      </Polygon>
    </Placemark>
    <Placemark>
      <description><![CDATA[LIMITES_TRACKER<BR><BR><B>ELEVATION</B> = 0]]></description>
      <styleUrl>#area1</styleUrl>
      <Polygon>
        <altitudeMode>relativeToGround</altitudeMode>
        <extrude>1</extrude>
        <outerBoundaryIs>
          <LinearRing>
            <coordinates>
              -70.8161121373,-33.1175915235,0
              -70.8160857281,-33.1175919085,0
              -70.8160749601,-33.1170688378,0
              -70.8161013691,-33.1170684528,0
              -70.8161121373,-33.1175915235,0
            </coordinates>
          </LinearRing>
        </outerBoundaryIs>
      </Polygon>
    </Placemark>
    <Placemark>
      <description><![CDATA[LIMITES_TRACKER<BR><BR><B>ELEVATION</B> = 0]]></description>
      <styleUrl>#area1</styleUrl>
      <Polygon>
        <altitudeMode>relativeToGround</altitudeMode>
        <extrude>1</extrude>
        <outerBoundaryIs>
          <LinearRing>
            <coordinates>
              -70.8160379446,-33.1170693774,0
              -70.8160487124,-33.1175924481,0
              -70.8160223032,-33.1175928331,0
              -70.8160115356,-33.1170697624,0
              -70.8160379446,-33.1170693774,0
            </coordinates>
          </LinearRing>
        </outerBoundaryIs>
      </Polygon>
    </Placemark>
    <Placemark>
      <description><![CDATA[LIMITES_TRACKER<BR><BR><B>ELEVATION</B> = 0]]></description>
      <styleUrl>#area2</styleUrl>
      <Polygon>
        <altitudeMode>relativeToGround</altitudeMode>
        <extrude>1</extrude>
        <outerBoundaryIs>
          <LinearRing>
            <coordinates>
              -70.8161818211,-33.1209761463,0
              -70.8161554109,-33.1209765314,0
              -70.8161446412,-33.1204534610,0
              -70.8161710512,-33.1204530759,0
              -70.8161818211,-33.1209761463,0
            </coordinates>
          </LinearRing>
        </outerBoundaryIs>
      </Polygon>
    </Placemark>
    <Placemark>
      <description><![CDATA[LIMITES_TRACKER<BR><BR><B>ELEVATION</B> = 0]]></description>
      <styleUrl>#area2</styleUrl>
      <Polygon>
        <altitudeMode>relativeToGround</altitudeMode>
        <extrude>1</extrude>
        <outerBoundaryIs>
          <LinearRing>
            <coordinates>
              -70.8161076243,-33.1204540006,0
              -70.8161183938,-33.1209770710,0
              -70.8160919836,-33.1209774561,0
              -70.8160812142,-33.1204543857,0
              -70.8161076243,-33.1204540006,0
            </coordinates>
          </LinearRing>
        </outerBoundaryIs>
      </Polygon>
    </Placemark>
    <Placemark>
      <description><![CDATA[LIMITES_TRACKER<BR><BR><B>ELEVATION</B> = 0]]></description>
      <styleUrl>#area3</styleUrl>
      <Polygon>
        <altitudeMode>relativeToGround</altitudeMode>
        <extrude>1</extrude>
        <outerBoundaryIs>
          <LinearRing>
            <coordinates>
              -70.8161709584,-33.1204485681,0
              -70.8161445484,-33.1204489531,0
              -70.8161337789,-33.1199258827,0
              -70.8161601887,-33.1199254977,0
              -70.8161709584,-33.1204485681,0
            </coordinates>
          </LinearRing>
        </outerBoundaryIs>
      </Polygon>
    </Placemark>
    <Placemark>
      <description><![CDATA[LIMITES_TRACKER<BR><BR><B>ELEVATION</B> = 0]]></description>
      <styleUrl>#area3</styleUrl>
      <Polygon>
        <altitudeMode>relativeToGround</altitudeMode>
        <extrude>1</extrude>
        <outerBoundaryIs>
          <LinearRing>
            <coordinates>
              -70.8160967622,-33.1199264223,0
              -70.8161075315,-33.1204494928,0
              -70.8160811214,-33.1204498778,0
              -70.8160703523,-33.1199268074,0
              -70.8160967622,-33.1199264223,0
            </coordinates>
          </LinearRing>
        </outerBoundaryIs>
      </Polygon>
    </Placemark>
    <Placemark>
      <description><![CDATA[LIMITES_TRACKER<BR><BR><B>ELEVATION</B> = 0]]></description>
      <styleUrl>#area2</styleUrl>
      <Polygon>
        <altitudeMode>relativeToGround</altitudeMode>
        <extrude>1</extrude>
        <outerBoundaryIs>
          <LinearRing>
            <coordinates>
              -70.8162062252,-33.1221613444,0
              -70.8161798147,-33.1221617295,0
              -70.8161690443,-33.1216386592,0
              -70.8161954546,-33.1216382741,0
              -70.8162062252,-33.1221613444,0
            </coordinates>
          </LinearRing>
        </outerBoundaryIs>
      </Polygon>
    </Placemark>
    <Placemark>
      <description><![CDATA[LIMITES_TRACKER<BR><BR><B>ELEVATION</B> = 0]]></description>
      <styleUrl>#area2</styleUrl>
      <Polygon>
        <altitudeMode>relativeToGround</altitudeMode>
        <extrude>1</extrude>
        <outerBoundaryIs>
          <LinearRing>
            <coordinates>
              -70.8161320268,-33.1216391989,0
              -70.8161427970,-33.1221622692,0
              -70.8161163865,-33.1221626543,0
              -70.8161056165,-33.1216395839,0
              -70.8161320268,-33.1216391989,0
            </coordinates>
          </LinearRing>
        </outerBoundaryIs>
      </Polygon>
    </Placemark>
    <Placemark>
      <description><![CDATA[LIMITES_TRACKER<BR><BR><B>ELEVATION</B> = 0]]></description>
      <styleUrl>#area3</styleUrl>
      <Polygon>
        <altitudeMode>relativeToGround</altitudeMode>
        <extrude>1</extrude>
        <outerBoundaryIs>
          <LinearRing>
            <coordinates>
              -70.8161953618,-33.1216337663,0
              -70.8161689514,-33.1216341514,0
              -70.8161581813,-33.1211110810,0
              -70.8161845915,-33.1211106960,0
              -70.8161953618,-33.1216337663,0
            </coordinates>
          </LinearRing>
        </outerBoundaryIs>
      </Polygon>
    </Placemark>
    <Placemark>
      <description><![CDATA[LIMITES_TRACKER<BR><BR><B>ELEVATION</B> = 0]]></description>
      <styleUrl>#area3</styleUrl>
      <Polygon>
        <altitudeMode>relativeToGround</altitudeMode>
        <extrude>1</extrude>
        <outerBoundaryIs>
          <LinearRing>
            <coordinates>
              -70.8161211641,-33.1211116207,0
              -70.8161319340,-33.1216346911,0
              -70.8161055236,-33.1216350761,0
              -70.8160947539,-33.1211120057,0
              -70.8161211641,-33.1211116207,0
            </coordinates>
          </LinearRing>
        </outerBoundaryIs>
      </Polygon>
    </Placemark>
    <Placemark>
      <description><![CDATA[LIMITES_TRACKER<BR><BR><B>ELEVATION</B> = 0]]></description>
      <styleUrl>#area2</styleUrl>
      <Polygon>
        <altitudeMode>relativeToGround</altitudeMode>
        <extrude>1</extrude>
        <outerBoundaryIs>
          <LinearRing>
            <coordinates>
              -70.8160184265,-33.1192031551,0
              -70.8159920168,-33.1192035401,0
              -70.8159812488,-33.1186804695,0
              -70.8160076583,-33.1186800845,0
              -70.8160184265,-33.1192031551,0
            </coordinates>
          </LinearRing>
        </outerBoundaryIs>
      </Polygon>
    </Placemark>
    <Placemark>
      <description><![CDATA[LIMITES_TRACKER<BR><BR><B>ELEVATION</B> = 0]]></description>
      <styleUrl>#area2</styleUrl>
      <Polygon>
        <altitudeMode>relativeToGround</altitudeMode>
        <extrude>1</extrude>
        <outerBoundaryIs>
          <LinearRing>
            <coordinates>
              -70.8159442326,-33.1186810091,0
              -70.8159550005,-33.1192040797,0
              -70.8159285908,-33.1192044647,0
              -70.8159178231,-33.1186813941,0
              -70.8159442326,-33.1186810091,0
            </coordinates>
          </LinearRing>
        </outerBoundaryIs>
      </Polygon>
    </Placemark>
    <Placemark>
      <description><![CDATA[LIMITES_TRACKER<BR><BR><B>ELEVATION</B> = 0]]></description>
      <styleUrl>#area4</styleUrl>
      <Polygon>
        <altitudeMode>relativeToGround</altitudeMode>
        <extrude>1</extrude>
        <outerBoundaryIs>
          <LinearRing>
            <coordinates>
              -70.8160075655,-33.1186755767,0
              -70.8159811560,-33.1186759617,0
              -70.8159703882,-33.1181528910,0
              -70.8159967975,-33.1181525061,0
              -70.8160075655,-33.1186755767,0
            </coordinates>
          </LinearRing>
        </outerBoundaryIs>
      </Polygon>
    </Placemark>
    <Placemark>
      <description><![CDATA[LIMITES_TRACKER<BR><BR><B>ELEVATION</B> = 0]]></description>
      <styleUrl>#area4</styleUrl>
      <Polygon>
        <altitudeMode>relativeToGround</altitudeMode>
        <extrude>1</extrude>
        <outerBoundaryIs>
          <LinearRing>
            <coordinates>
              -70.8159333722,-33.1181534306,0
              -70.8159441398,-33.1186765013,0
              -70.8159177303,-33.1186768863,0
              -70.8159069629,-33.1181538156,0
              -70.8159333722,-33.1181534306,0
            </coordinates>
          </LinearRing>
        </outerBoundaryIs>
      </Polygon>
    </Placemark>
    <Placemark>
      <description><![CDATA[LIMITES_TRACKER<BR><BR><B>ELEVATION</B> = 0]]></description>
      <styleUrl>#area4</styleUrl>
      <Polygon>
        <altitudeMode>relativeToGround</altitudeMode>
        <extrude>1</extrude>
        <outerBoundaryIs>
          <LinearRing>
            <coordinates>
              -70.8159961479,-33.1181209512,0
              -70.8159697386,-33.1181213362,0
              -70.8159589711,-33.1175982655,0
              -70.8159853803,-33.1175978806,0
              -70.8159961479,-33.1181209512,0
            </coordinates>
          </LinearRing>
        </outerBoundaryIs>
      </Polygon>
    </Placemark>
    <Placemark>
      <description><![CDATA[LIMITES_TRACKER<BR><BR><B>ELEVATION</B> = 0]]></description>
      <styleUrl>#area4</styleUrl>
      <Polygon>
        <altitudeMode>relativeToGround</altitudeMode>
        <extrude>1</extrude>
        <outerBoundaryIs>
          <LinearRing>
            <coordinates>
              -70.8159219554,-33.1175988051,0
              -70.8159327227,-33.1181218758,0
              -70.8159063133,-33.1181222608,0
              -70.8158955462,-33.1175991900,0
              -70.8159219554,-33.1175988051,0
            </coordinates>
          </LinearRing>
        </outerBoundaryIs>
      </Polygon>
    </Placemark>
    <Placemark>
      <description><![CDATA[LIMITES_TRACKER<BR><BR><B>ELEVATION</B> = 0]]></description>
      <styleUrl>#area3</styleUrl>
      <Polygon>
        <altitudeMode>relativeToGround</altitudeMode>
        <extrude>1</extrude>
        <outerBoundaryIs>
          <LinearRing>
            <coordinates>
              -70.8159852875,-33.1175933727,0
              -70.8159588783,-33.1175937577,0
              -70.8159481111,-33.1170706869,0
              -70.8159745201,-33.1170703020,0
              -70.8159852875,-33.1175933727,0
            </coordinates>
          </LinearRing>
        </outerBoundaryIs>
      </Polygon>
    </Placemark>
    <Placemark>
      <description><![CDATA[LIMITES_TRACKER<BR><BR><B>ELEVATION</B> = 0]]></description>
      <styleUrl>#area3</styleUrl>
      <Polygon>
        <altitudeMode>relativeToGround</altitudeMode>
        <extrude>1</extrude>
        <outerBoundaryIs>
          <LinearRing>
            <coordinates>
              -70.8159110956,-33.1170712265,0
              -70.8159218626,-33.1175942973,0
              -70.8158954534,-33.1175946822,0
              -70.8158846866,-33.1170716115,0
              -70.8159110956,-33.1170712265,0
            </coordinates>
          </LinearRing>
        </outerBoundaryIs>
      </Polygon>
    </Placemark>
    <Placemark>
      <description><![CDATA[LIMITES_TRACKER<BR><BR><B>ELEVATION</B> = 0]]></description>
      <styleUrl>#area2</styleUrl>
      <Polygon>
        <altitudeMode>relativeToGround</altitudeMode>
        <extrude>1</extrude>
        <outerBoundaryIs>
          <LinearRing>
            <coordinates>
              -70.8160549665,-33.1209779957,0
              -70.8160285563,-33.1209783808,0
              -70.8160177873,-33.1204553103,0
              -70.8160441973,-33.1204549253,0
              -70.8160549665,-33.1209779957,0
            </coordinates>
          </LinearRing>
        </outerBoundaryIs>
      </Polygon>
    </Placemark>
    <Placemark>
      <description><![CDATA[LIMITES_TRACKER<BR><BR><B>ELEVATION</B> = 0]]></description>
      <styleUrl>#area2</styleUrl>
      <Polygon>
        <altitudeMode>relativeToGround</altitudeMode>
        <extrude>1</extrude>
        <outerBoundaryIs>
          <LinearRing>
            <coordinates>
              -70.8159807704,-33.1204558499,0
              -70.8159915392,-33.1209789204,0
              -70.8159651290,-33.1209793054,0
              -70.8159543603,-33.1204562349,0
              -70.8159807704,-33.1204558499,0
            </coordinates>
          </LinearRing>
        </outerBoundaryIs>
      </Polygon>
    </Placemark>
    <Placemark>
      <description><![CDATA[LIMITES_TRACKER<BR><BR><B>ELEVATION</B> = 0]]></description>
      <styleUrl>#area3</styleUrl>
      <Polygon>
        <altitudeMode>relativeToGround</altitudeMode>
        <extrude>1</extrude>
        <outerBoundaryIs>
          <LinearRing>
            <coordinates>
              -70.8160441045,-33.1204504175,0
              -70.8160176945,-33.1204508025,0
              -70.8160069257,-33.1199277320,0
              -70.8160333356,-33.1199273470,0
              -70.8160441045,-33.1204504175,0
            </coordinates>
          </LinearRing>
        </outerBoundaryIs>
      </Polygon>
    </Placemark>
    <Placemark>
      <description><![CDATA[LIMITES_TRACKER<BR><BR><B>ELEVATION</B> = 0]]></description>
      <styleUrl>#area3</styleUrl>
      <Polygon>
        <altitudeMode>relativeToGround</altitudeMode>
        <extrude>1</extrude>
        <outerBoundaryIs>
          <LinearRing>
            <coordinates>
              -70.8159699090,-33.1199282716,0
              -70.8159806776,-33.1204513421,0
              -70.8159542675,-33.1204517271,0
              -70.8159434992,-33.1199286566,0
              -70.8159699090,-33.1199282716,0
            </coordinates>
          </LinearRing>
        </outerBoundaryIs>
      </Polygon>
    </Placemark>
    <Placemark>
      <description><![CDATA[LIMITES_TRACKER<BR><BR><B>ELEVATION</B> = 0]]></description>
      <styleUrl>#area2</styleUrl>
      <Polygon>
        <altitudeMode>relativeToGround</altitudeMode>
        <extrude>1</extrude>
        <outerBoundaryIs>
          <LinearRing>
            <coordinates>
              -70.8160793689,-33.1221631939,0
              -70.8160529583,-33.1221635790,0
              -70.8160421887,-33.1216405086,0
              -70.8160685990,-33.1216401236,0
              -70.8160793689,-33.1221631939,0
            </coordinates>
          </LinearRing>
        </outerBoundaryIs>
      </Polygon>
    </Placemark>
    <Placemark>
      <description><![CDATA[LIMITES_TRACKER<BR><BR><B>ELEVATION</B> = 0]]></description>
      <styleUrl>#area2</styleUrl>
      <Polygon>
        <altitudeMode>relativeToGround</altitudeMode>
        <extrude>1</extrude>
        <outerBoundaryIs>
          <LinearRing>
            <coordinates>
              -70.8160051712,-33.1216410483,0
              -70.8160159407,-33.1221641186,0
              -70.8159895301,-33.1221645037,0
              -70.8159787609,-33.1216414333,0
              -70.8160051712,-33.1216410483,0
            </coordinates>
          </LinearRing>
        </outerBoundaryIs>
      </Polygon>
    </Placemark>
    <Placemark>
      <description><![CDATA[LIMITES_TRACKER<BR><BR><B>ELEVATION</B> = 0]]></description>
      <styleUrl>#area3</styleUrl>
      <Polygon>
        <altitudeMode>relativeToGround</altitudeMode>
        <extrude>1</extrude>
        <outerBoundaryIs>
          <LinearRing>
            <coordinates>
              -70.8160685062,-33.1216356158,0
              -70.8160420958,-33.1216360008,0
              -70.8160313265,-33.1211129304,0
              -70.8160577367,-33.1211125454,0
              -70.8160685062,-33.1216356158,0
            </coordinates>
          </LinearRing>
        </outerBoundaryIs>
      </Polygon>
    </Placemark>
    <Placemark>
      <description><![CDATA[LIMITES_TRACKER<BR><BR><B>ELEVATION</B> = 0]]></description>
      <styleUrl>#area3</styleUrl>
      <Polygon>
        <altitudeMode>relativeToGround</altitudeMode>
        <extrude>1</extrude>
        <outerBoundaryIs>
          <LinearRing>
            <coordinates>
              -70.8159943093,-33.1211134701,0
              -70.8160050784,-33.1216365405,0
              -70.8159786680,-33.1216369255,0
              -70.8159678990,-33.1211138551,0
              -70.8159943093,-33.1211134701,0
            </coordinates>
          </LinearRing>
        </outerBoundaryIs>
      </Polygon>
    </Placemark>
    <Placemark>
      <description><![CDATA[LIMITES_TRACKER<BR><BR><B>ELEVATION</B> = 0]]></description>
      <styleUrl>#area2</styleUrl>
      <Polygon>
        <altitudeMode>relativeToGround</altitudeMode>
        <extrude>1</extrude>
        <outerBoundaryIs>
          <LinearRing>
            <coordinates>
              -70.8158915744,-33.1192050043,0
              -70.8158651647,-33.1192053893,0
              -70.8158543974,-33.1186823186,0
              -70.8158808069,-33.1186819337,0
              -70.8158915744,-33.1192050043,0
            </coordinates>
          </LinearRing>
        </outerBoundaryIs>
      </Polygon>
    </Placemark>
    <Placemark>
      <description><![CDATA[LIMITES_TRACKER<BR><BR><B>ELEVATION</B> = 0]]></description>
      <styleUrl>#area2</styleUrl>
      <Polygon>
        <altitudeMode>relativeToGround</altitudeMode>
        <extrude>1</extrude>
        <outerBoundaryIs>
          <LinearRing>
            <coordinates>
              -70.8158173812,-33.1186828582,0
              -70.8158281484,-33.1192059288,0
              -70.8158017387,-33.1192063138,0
              -70.8157909717,-33.1186832431,0
              -70.8158173812,-33.1186828582,0
            </coordinates>
          </LinearRing>
        </outerBoundaryIs>
      </Polygon>
    </Placemark>
    <Placemark>
      <description><![CDATA[LIMITES_TRACKER<BR><BR><B>ELEVATION</B> = 0]]></description>
      <styleUrl>#area4</styleUrl>
      <Polygon>
        <altitudeMode>relativeToGround</altitudeMode>
        <extrude>1</extrude>
        <outerBoundaryIs>
          <LinearRing>
            <coordinates>
              -70.8158807141,-33.1186774258,0
              -70.8158543046,-33.1186778108,0
              -70.8158435376,-33.1181547401,0
              -70.8158699469,-33.1181543551,0
              -70.8158807141,-33.1186774258,0
            </coordinates>
          </LinearRing>
        </outerBoundaryIs>
      </Polygon>
    </Placemark>
    <Placemark>
      <description><![CDATA[LIMITES_TRACKER<BR><BR><B>ELEVATION</B> = 0]]></description>
      <styleUrl>#area4</styleUrl>
      <Polygon>
        <altitudeMode>relativeToGround</altitudeMode>
        <extrude>1</extrude>
        <outerBoundaryIs>
          <LinearRing>
            <coordinates>
              -70.8158065216,-33.1181552796,0
              -70.8158172885,-33.1186783503,0
              -70.8157908789,-33.1186787353,0
              -70.8157801123,-33.1181556646,0
              -70.8158065216,-33.1181552796,0
            </coordinates>
          </LinearRing>
        </outerBoundaryIs>
      </Polygon>
    </Placemark>
    <Placemark>
      <description><![CDATA[LIMITES_TRACKER<BR><BR><B>ELEVATION</B> = 0]]></description>
      <styleUrl>#area4</styleUrl>
      <Polygon>
        <altitudeMode>relativeToGround</altitudeMode>
        <extrude>1</extrude>
        <outerBoundaryIs>
          <LinearRing>
            <coordinates>
              -70.8158692974,-33.1181228003,0
              -70.8158428880,-33.1181231853,0
              -70.8158321213,-33.1176001145,0
              -70.8158585305,-33.1175997296,0
              -70.8158692974,-33.1181228003,0
            </coordinates>
          </LinearRing>
        </outerBoundaryIs>
      </Polygon>
    </Placemark>
    <Placemark>
      <description><![CDATA[LIMITES_TRACKER<BR><BR><B>ELEVATION</B> = 0]]></description>
      <styleUrl>#area4</styleUrl>
      <Polygon>
        <altitudeMode>relativeToGround</altitudeMode>
        <extrude>1</extrude>
        <outerBoundaryIs>
          <LinearRing>
            <coordinates>
              -70.8157951056,-33.1176006541,0
              -70.8158058721,-33.1181237248,0
              -70.8157794628,-33.1181241098,0
              -70.8157686964,-33.1176010390,0
              -70.8157951056,-33.1176006541,0
            </coordinates>
          </LinearRing>
        </outerBoundaryIs>
      </Polygon>
    </Placemark>
    <Placemark>
      <description><![CDATA[LIMITES_TRACKER<BR><BR><B>ELEVATION</B> = 0]]></description>
      <styleUrl>#area3</styleUrl>
      <Polygon>
        <altitudeMode>relativeToGround</altitudeMode>
        <extrude>1</extrude>
        <outerBoundaryIs>
          <LinearRing>
            <coordinates>
              -70.8158584377,-33.1175952218,0
              -70.8158320285,-33.1175956067,0
              -70.8158212620,-33.1170725359,0
              -70.8158476711,-33.1170721510,0
              -70.8158584377,-33.1175952218,0
            </coordinates>
          </LinearRing>
        </outerBoundaryIs>
      </Polygon>
    </Placemark>
    <Placemark>
      <description><![CDATA[LIMITES_TRACKER<BR><BR><B>ELEVATION</B> = 0]]></description>
      <styleUrl>#area3</styleUrl>
      <Polygon>
        <altitudeMode>relativeToGround</altitudeMode>
        <extrude>1</extrude>
        <outerBoundaryIs>
          <LinearRing>
            <coordinates>
              -70.8157842465,-33.1170730755,0
              -70.8157950128,-33.1175961462,0
              -70.8157686036,-33.1175965312,0
              -70.8157578375,-33.1170734604,0
              -70.8157842465,-33.1170730755,0
            </coordinates>
          </LinearRing>
        </outerBoundaryIs>
      </Polygon>
    </Placemark>
    <Placemark>
      <description><![CDATA[LIMITES_TRACKER<BR><BR><B>ELEVATION</B> = 0]]></description>
      <styleUrl>#area2</styleUrl>
      <Polygon>
        <altitudeMode>relativeToGround</altitudeMode>
        <extrude>1</extrude>
        <outerBoundaryIs>
          <LinearRing>
            <coordinates>
              -70.8159281118,-33.1209798450,0
              -70.8159017016,-33.1209802300,0
              -70.8158909334,-33.1204571595,0
              -70.8159173434,-33.1204567746,0
              -70.8159281118,-33.1209798450,0
            </coordinates>
          </LinearRing>
        </outerBoundaryIs>
      </Polygon>
    </Placemark>
    <Placemark>
      <description><![CDATA[LIMITES_TRACKER<BR><BR><B>ELEVATION</B> = 0]]></description>
      <styleUrl>#area2</styleUrl>
      <Polygon>
        <altitudeMode>relativeToGround</altitudeMode>
        <extrude>1</extrude>
        <outerBoundaryIs>
          <LinearRing>
            <coordinates>
              -70.8158539165,-33.1204576991,0
              -70.8158646845,-33.1209807696,0
              -70.8158382743,-33.1209811546,0
              -70.8158275064,-33.1204580841,0
              -70.8158539165,-33.1204576991,0
            </coordinates>
          </LinearRing>
        </outerBoundaryIs>
      </Polygon>
    </Placemark>
    <Placemark>
      <description><![CDATA[LIMITES_TRACKER<BR><BR><B>ELEVATION</B> = 0]]></description>
      <styleUrl>#area3</styleUrl>
      <Polygon>
        <altitudeMode>relativeToGround</altitudeMode>
        <extrude>1</extrude>
        <outerBoundaryIs>
          <LinearRing>
            <coordinates>
              -70.8159172506,-33.1204522667,0
              -70.8158908406,-33.1204526517,0
              -70.8158800726,-33.1199295812,0
              -70.8159064825,-33.1199291962,0
              -70.8159172506,-33.1204522667,0
            </coordinates>
          </LinearRing>
        </outerBoundaryIs>
      </Polygon>
    </Placemark>
    <Placemark>
      <description><![CDATA[LIMITES_TRACKER<BR><BR><B>ELEVATION</B> = 0]]></description>
      <styleUrl>#area3</styleUrl>
      <Polygon>
        <altitudeMode>relativeToGround</altitudeMode>
        <extrude>1</extrude>
        <outerBoundaryIs>
          <LinearRing>
            <coordinates>
              -70.8158430559,-33.1199301208,0
              -70.8158538237,-33.1204531913,0
              -70.8158274136,-33.1204535763,0
              -70.8158166460,-33.1199305057,0
              -70.8158430559,-33.1199301208,0
            </coordinates>
          </LinearRing>
        </outerBoundaryIs>
      </Polygon>
    </Placemark>
    <Placemark>
      <description><![CDATA[LIMITES_TRACKER<BR><BR><B>ELEVATION</B> = 0]]></description>
      <styleUrl>#area1</styleUrl>
      <Polygon>
        <altitudeMode>relativeToGround</altitudeMode>
        <extrude>1</extrude>
        <outerBoundaryIs>
          <LinearRing>
            <coordinates>
              -70.8159063897,-33.1199246884,0
              -70.8158799798,-33.1199250734,0
              -70.8158692121,-33.1194020028,0
              -70.8158956218,-33.1194016178,0
              -70.8159063897,-33.1199246884,0
            </coordinates>
          </LinearRing>
        </outerBoundaryIs>
      </Polygon>
    </Placemark>
    <Placemark>
      <description><![CDATA[LIMITES_TRACKER<BR><BR><B>ELEVATION</B> = 0]]></description>
      <styleUrl>#area1</styleUrl>
      <Polygon>
        <altitudeMode>relativeToGround</altitudeMode>
        <extrude>1</extrude>
        <outerBoundaryIs>
          <LinearRing>
            <coordinates>
              -70.8158321956,-33.1194025424,0
              -70.8158429631,-33.1199256129,0
              -70.8158165532,-33.1199259979,0
              -70.8158057859,-33.1194029273,0
              -70.8158321956,-33.1194025424,0
            </coordinates>
          </LinearRing>
        </outerBoundaryIs>
      </Polygon>
    </Placemark>
    <Placemark>
      <description><![CDATA[LIMITES_TRACKER<BR><BR><B>ELEVATION</B> = 0]]></description>
      <styleUrl>#area1</styleUrl>
      <Polygon>
        <altitudeMode>relativeToGround</altitudeMode>
        <extrude>1</extrude>
        <outerBoundaryIs>
          <LinearRing>
            <coordinates>
              -70.8159525125,-33.1221650433,0
              -70.8159261020,-33.1221654283,0
              -70.8159153330,-33.1216423579,0
              -70.8159417434,-33.1216419729,0
              -70.8159525125,-33.1221650433,0
            </coordinates>
          </LinearRing>
        </outerBoundaryIs>
      </Polygon>
    </Placemark>
    <Placemark>
      <description><![CDATA[LIMITES_TRACKER<BR><BR><B>ELEVATION</B> = 0]]></description>
      <styleUrl>#area1</styleUrl>
      <Polygon>
        <altitudeMode>relativeToGround</altitudeMode>
        <extrude>1</extrude>
        <outerBoundaryIs>
          <LinearRing>
            <coordinates>
              -70.8158783156,-33.1216428976,0
              -70.8158890843,-33.1221659679,0
              -70.8158626738,-33.1221663529,0
              -70.8158519052,-33.1216432826,0
              -70.8158783156,-33.1216428976,0
            </coordinates>
          </LinearRing>
        </outerBoundaryIs>
      </Polygon>
    </Placemark>
    <Placemark>
      <description><![CDATA[LIMITES_TRACKER<BR><BR><B>ELEVATION</B> = 0]]></description>
      <styleUrl>#area5</styleUrl>
      <Polygon>
        <altitudeMode>relativeToGround</altitudeMode>
        <extrude>1</extrude>
        <outerBoundaryIs>
          <LinearRing>
            <coordinates>
              -70.8159416506,-33.1216374651,0
              -70.8159152402,-33.1216378501,0
              -70.8159044716,-33.1211147797,0
              -70.8159308819,-33.1211143947,0
              -70.8159416506,-33.1216374651,0
            </coordinates>
          </LinearRing>
        </outerBoundaryIs>
      </Polygon>
    </Placemark>
    <Placemark>
      <description><![CDATA[LIMITES_TRACKER<BR><BR><B>ELEVATION</B> = 0]]></description>
      <styleUrl>#area5</styleUrl>
      <Polygon>
        <altitudeMode>relativeToGround</altitudeMode>
        <extrude>1</extrude>
        <outerBoundaryIs>
          <LinearRing>
            <coordinates>
              -70.8158674544,-33.1211153193,0
              -70.8158782228,-33.1216383897,0
              -70.8158518124,-33.1216387747,0
              -70.8158410442,-33.1211157043,0
              -70.8158674544,-33.1211153193,0
            </coordinates>
          </LinearRing>
        </outerBoundaryIs>
      </Polygon>
    </Placemark>
    <Placemark>
      <description><![CDATA[LIMITES_TRACKER<BR><BR><B>ELEVATION</B> = 0]]></description>
      <styleUrl>#area2</styleUrl>
      <Polygon>
        <altitudeMode>relativeToGround</altitudeMode>
        <extrude>1</extrude>
        <outerBoundaryIs>
          <LinearRing>
            <coordinates>
              -70.8157647223,-33.1192068533,0
              -70.8157383126,-33.1192072383,0
              -70.8157275460,-33.1186841676,0
              -70.8157539556,-33.1186837827,0
              -70.8157647223,-33.1192068533,0
            </coordinates>
          </LinearRing>
        </outerBoundaryIs>
      </Polygon>
    </Placemark>
    <Placemark>
      <description><![CDATA[LIMITES_TRACKER<BR><BR><B>ELEVATION</B> = 0]]></description>
      <styleUrl>#area2</styleUrl>
      <Polygon>
        <altitudeMode>relativeToGround</altitudeMode>
        <extrude>1</extrude>
        <outerBoundaryIs>
          <LinearRing>
            <coordinates>
              -70.8156905299,-33.1186847071,0
              -70.8157012962,-33.1192077778,0
              -70.8156748866,-33.1192081627,0
              -70.8156641204,-33.1186850920,0
              -70.8156905299,-33.1186847071,0
            </coordinates>
          </LinearRing>
        </outerBoundaryIs>
      </Polygon>
    </Placemark>
    <Placemark>
      <description><![CDATA[LIMITES_TRACKER<BR><BR><B>ELEVATION</B> = 0]]></description>
      <styleUrl>#area4</styleUrl>
      <Polygon>
        <altitudeMode>relativeToGround</altitudeMode>
        <extrude>1</extrude>
        <outerBoundaryIs>
          <LinearRing>
            <coordinates>
              -70.8157538628,-33.1186792748,0
              -70.8157274533,-33.1186796598,0
              -70.8157166870,-33.1181565890,0
              -70.8157430963,-33.1181562041,0
              -70.8157538628,-33.1186792748,0
            </coordinates>
          </LinearRing>
        </outerBoundaryIs>
      </Polygon>
    </Placemark>
    <Placemark>
      <description><![CDATA[LIMITES_TRACKER<BR><BR><B>ELEVATION</B> = 0]]></description>
      <styleUrl>#area4</styleUrl>
      <Polygon>
        <altitudeMode>relativeToGround</altitudeMode>
        <extrude>1</extrude>
        <outerBoundaryIs>
          <LinearRing>
            <coordinates>
              -70.8156796710,-33.1181571285,0
              -70.8156904371,-33.1186801993,0
              -70.8156640276,-33.1186805842,0
              -70.8156532617,-33.1181575135,0
              -70.8156796710,-33.1181571285,0
            </coordinates>
          </LinearRing>
        </outerBoundaryIs>
      </Polygon>
    </Placemark>
    <Placemark>
      <description><![CDATA[LIMITES_TRACKER<BR><BR><B>ELEVATION</B> = 0]]></description>
      <styleUrl>#area4</styleUrl>
      <Polygon>
        <altitudeMode>relativeToGround</altitudeMode>
        <extrude>1</extrude>
        <outerBoundaryIs>
          <LinearRing>
            <coordinates>
              -70.8157424468,-33.1181246493,0
              -70.8157160375,-33.1181250342,0
              -70.8157052715,-33.1176019634,0
              -70.8157316807,-33.1176015785,0
              -70.8157424468,-33.1181246493,0
            </coordinates>
          </LinearRing>
        </outerBoundaryIs>
      </Polygon>
    </Placemark>
    <Placemark>
      <description><![CDATA[LIMITES_TRACKER<BR><BR><B>ELEVATION</B> = 0]]></description>
      <styleUrl>#area4</styleUrl>
      <Polygon>
        <altitudeMode>relativeToGround</altitudeMode>
        <extrude>1</extrude>
        <outerBoundaryIs>
          <LinearRing>
            <coordinates>
              -70.8156682558,-33.1176025029,0
              -70.8156790215,-33.1181255737,0
              -70.8156526122,-33.1181259586,0
              -70.8156418466,-33.1176028878,0
              -70.8156682558,-33.1176025029,0
            </coordinates>
          </LinearRing>
        </outerBoundaryIs>
      </Polygon>
    </Placemark>
    <Placemark>
      <description><![CDATA[LIMITES_TRACKER<BR><BR><B>ELEVATION</B> = 0]]></description>
      <styleUrl>#area3</styleUrl>
      <Polygon>
        <altitudeMode>relativeToGround</altitudeMode>
        <extrude>1</extrude>
        <outerBoundaryIs>
          <LinearRing>
            <coordinates>
              -70.8157315879,-33.1175970707,0
              -70.8157051787,-33.1175974556,0
              -70.8156944130,-33.1170743848,0
              -70.8157208220,-33.1170739999,0
              -70.8157315879,-33.1175970707,0
            </coordinates>
          </LinearRing>
        </outerBoundaryIs>
      </Polygon>
    </Placemark>
    <Placemark>
      <description><![CDATA[LIMITES_TRACKER<BR><BR><B>ELEVATION</B> = 0]]></description>
      <styleUrl>#area3</styleUrl>
      <Polygon>
        <altitudeMode>relativeToGround</altitudeMode>
        <extrude>1</extrude>
        <outerBoundaryIs>
          <LinearRing>
            <coordinates>
              -70.8156573975,-33.1170749243,0
              -70.8156681630,-33.1175979951,0
              -70.8156417538,-33.1175983800,0
              -70.8156309884,-33.1170753092,0
              -70.8156573975,-33.1170749243,0
            </coordinates>
          </LinearRing>
        </outerBoundaryIs>
      </Polygon>
    </Placemark>
    <Placemark>
      <description><![CDATA[LIMITES_TRACKER<BR><BR><B>ELEVATION</B> = 0]]></description>
      <styleUrl>#area2</styleUrl>
      <Polygon>
        <altitudeMode>relativeToGround</altitudeMode>
        <extrude>1</extrude>
        <outerBoundaryIs>
          <LinearRing>
            <coordinates>
              -70.8158012572,-33.1209816942,0
              -70.8157748470,-33.1209820792,0
              -70.8157640795,-33.1204590086,0
              -70.8157904895,-33.1204586237,0
              -70.8158012572,-33.1209816942,0
            </coordinates>
          </LinearRing>
        </outerBoundaryIs>
      </Polygon>
    </Placemark>
    <Placemark>
      <description><![CDATA[LIMITES_TRACKER<BR><BR><B>ELEVATION</B> = 0]]></description>
      <styleUrl>#area2</styleUrl>
      <Polygon>
        <altitudeMode>relativeToGround</altitudeMode>
        <extrude>1</extrude>
        <outerBoundaryIs>
          <LinearRing>
            <coordinates>
              -70.8157270625,-33.1204595482,0
              -70.8157378298,-33.1209826187,0
              -70.8157114196,-33.1209830037,0
              -70.8157006525,-33.1204599331,0
              -70.8157270625,-33.1204595482,0
            </coordinates>
          </LinearRing>
        </outerBoundaryIs>
      </Polygon>
    </Placemark>
    <Placemark>
      <description><![CDATA[LIMITES_TRACKER<BR><BR><B>ELEVATION</B> = 0]]></description>
      <styleUrl>#area4</styleUrl>
      <Polygon>
        <altitudeMode>relativeToGround</altitudeMode>
        <extrude>1</extrude>
        <outerBoundaryIs>
          <LinearRing>
            <coordinates>
              -70.8157903967,-33.1204541159,0
              -70.8157639867,-33.1204545008,0
              -70.8157532194,-33.1199314302,0
              -70.8157796293,-33.1199310453,0
              -70.8157903967,-33.1204541159,0
            </coordinates>
          </LinearRing>
        </outerBoundaryIs>
      </Polygon>
    </Placemark>
    <Placemark>
      <description><![CDATA[LIMITES_TRACKER<BR><BR><B>ELEVATION</B> = 0]]></description>
      <styleUrl>#area4</styleUrl>
      <Polygon>
        <altitudeMode>relativeToGround</altitudeMode>
        <extrude>1</extrude>
        <outerBoundaryIs>
          <LinearRing>
            <coordinates>
              -70.8157162027,-33.1199319698,0
              -70.8157269697,-33.1204550404,0
              -70.8157005597,-33.1204554253,0
              -70.8156897928,-33.1199323547,0
              -70.8157162027,-33.1199319698,0
            </coordinates>
          </LinearRing>
        </outerBoundaryIs>
      </Polygon>
    </Placemark>
    <Placemark>
      <description><![CDATA[LIMITES_TRACKER<BR><BR><B>ELEVATION</B> = 0]]></description>
      <styleUrl>#area3</styleUrl>
      <Polygon>
        <altitudeMode>relativeToGround</altitudeMode>
        <extrude>1</extrude>
        <outerBoundaryIs>
          <LinearRing>
            <coordinates>
              -70.8157795365,-33.1199265375,0
              -70.8157531266,-33.1199269224,0
              -70.8157423597,-33.1194038518,0
              -70.8157687694,-33.1194034669,0
              -70.8157795365,-33.1199265375,0
            </coordinates>
          </LinearRing>
        </outerBoundaryIs>
      </Polygon>
    </Placemark>
    <Placemark>
      <description><![CDATA[LIMITES_TRACKER<BR><BR><B>ELEVATION</B> = 0]]></description>
      <styleUrl>#area3</styleUrl>
      <Polygon>
        <altitudeMode>relativeToGround</altitudeMode>
        <extrude>1</extrude>
        <outerBoundaryIs>
          <LinearRing>
            <coordinates>
              -70.8157053432,-33.1194043913,0
              -70.8157161099,-33.1199274620,0
              -70.8156897000,-33.1199278469,0
              -70.8156789335,-33.1194047763,0
              -70.8157053432,-33.1194043913,0
            </coordinates>
          </LinearRing>
        </outerBoundaryIs>
      </Polygon>
    </Placemark>
    <Placemark>
      <description><![CDATA[LIMITES_TRACKER<BR><BR><B>ELEVATION</B> = 0]]></description>
      <styleUrl>#area5</styleUrl>
      <Polygon>
        <altitudeMode>relativeToGround</altitudeMode>
        <extrude>1</extrude>
        <outerBoundaryIs>
          <LinearRing>
            <coordinates>
              -70.8158147950,-33.1216393143,0
              -70.8157883846,-33.1216396993,0
              -70.8157776168,-33.1211166288,0
              -70.8158040270,-33.1211162439,0
              -70.8158147950,-33.1216393143,0
            </coordinates>
          </LinearRing>
        </outerBoundaryIs>
      </Polygon>
    </Placemark>
    <Placemark>
      <description><![CDATA[LIMITES_TRACKER<BR><BR><B>ELEVATION</B> = 0]]></description>
      <styleUrl>#area5</styleUrl>
      <Polygon>
        <altitudeMode>relativeToGround</altitudeMode>
        <extrude>1</extrude>
        <outerBoundaryIs>
          <LinearRing>
            <coordinates>
              -70.8157405996,-33.1211171684,0
              -70.8157513672,-33.1216402389,0
              -70.8157249568,-33.1216406238,0
              -70.8157141893,-33.1211175534,0
              -70.8157405996,-33.1211171684,0
            </coordinates>
          </LinearRing>
        </outerBoundaryIs>
      </Polygon>
    </Placemark>
    <Placemark>
      <description><![CDATA[LIMITES_TRACKER<BR><BR><B>ELEVATION</B> = 0]]></description>
      <styleUrl>#area2</styleUrl>
      <Polygon>
        <altitudeMode>relativeToGround</altitudeMode>
        <extrude>1</extrude>
        <outerBoundaryIs>
          <LinearRing>
            <coordinates>
              -70.8156378702,-33.1192087022,0
              -70.8156114605,-33.1192090871,0
              -70.8156006947,-33.1186860164,0
              -70.8156271042,-33.1186856315,0
              -70.8156378702,-33.1192087022,0
            </coordinates>
          </LinearRing>
        </outerBoundaryIs>
      </Polygon>
    </Placemark>
    <Placemark>
      <description><![CDATA[LIMITES_TRACKER<BR><BR><B>ELEVATION</B> = 0]]></description>
      <styleUrl>#area2</styleUrl>
      <Polygon>
        <altitudeMode>relativeToGround</altitudeMode>
        <extrude>1</extrude>
        <outerBoundaryIs>
          <LinearRing>
            <coordinates>
              -70.8155636785,-33.1186865559,0
              -70.8155744441,-33.1192096266,0
              -70.8155480344,-33.1192100115,0
              -70.8155372690,-33.1186869408,0
              -70.8155636785,-33.1186865559,0
            </coordinates>
          </LinearRing>
        </outerBoundaryIs>
      </Polygon>
    </Placemark>
    <Placemark>
      <description><![CDATA[LIMITES_TRACKER<BR><BR><B>ELEVATION</B> = 0]]></description>
      <styleUrl>#area4</styleUrl>
      <Polygon>
        <altitudeMode>relativeToGround</altitudeMode>
        <extrude>1</extrude>
        <outerBoundaryIs>
          <LinearRing>
            <coordinates>
              -70.8156270114,-33.1186811237,0
              -70.8156006019,-33.1186815086,0
              -70.8155898363,-33.1181584378,0
              -70.8156162457,-33.1181580529,0
              -70.8156270114,-33.1186811237,0
            </coordinates>
          </LinearRing>
        </outerBoundaryIs>
      </Polygon>
    </Placemark>
    <Placemark>
      <description><![CDATA[LIMITES_TRACKER<BR><BR><B>ELEVATION</B> = 0]]></description>
      <styleUrl>#area4</styleUrl>
      <Polygon>
        <altitudeMode>relativeToGround</altitudeMode>
        <extrude>1</extrude>
        <outerBoundaryIs>
          <LinearRing>
            <coordinates>
              -70.8155528204,-33.1181589773,0
              -70.8155635857,-33.1186820481,0
              -70.8155371762,-33.1186824330,0
              -70.8155264110,-33.1181593622,0
              -70.8155528204,-33.1181589773,0
            </coordinates>
          </LinearRing>
        </outerBoundaryIs>
      </Polygon>
    </Placemark>
    <Placemark>
      <description><![CDATA[LIMITES_TRACKER<BR><BR><B>ELEVATION</B> = 0]]></description>
      <styleUrl>#area4</styleUrl>
      <Polygon>
        <altitudeMode>relativeToGround</altitudeMode>
        <extrude>1</extrude>
        <outerBoundaryIs>
          <LinearRing>
            <coordinates>
              -70.8156155963,-33.1181264981,0
              -70.8155891869,-33.1181268830,0
              -70.8155784217,-33.1176038122,0
              -70.8156048308,-33.1176034273,0
              -70.8156155963,-33.1181264981,0
            </coordinates>
          </LinearRing>
        </outerBoundaryIs>
      </Polygon>
    </Placemark>
    <Placemark>
      <description><![CDATA[LIMITES_TRACKER<BR><BR><B>ELEVATION</B> = 0]]></description>
      <styleUrl>#area4</styleUrl>
      <Polygon>
        <altitudeMode>relativeToGround</altitudeMode>
        <extrude>1</extrude>
        <outerBoundaryIs>
          <LinearRing>
            <coordinates>
              -70.8155414059,-33.1176043517,0
              -70.8155521710,-33.1181274225,0
              -70.8155257616,-33.1181278074,0
              -70.8155149967,-33.1176047365,0
              -70.8155414059,-33.1176043517,0
            </coordinates>
          </LinearRing>
        </outerBoundaryIs>
      </Polygon>
    </Placemark>
    <Placemark>
      <description><![CDATA[LIMITES_TRACKER<BR><BR><B>ELEVATION</B> = 0]]></description>
      <styleUrl>#area3</styleUrl>
      <Polygon>
        <altitudeMode>relativeToGround</altitudeMode>
        <extrude>1</extrude>
        <outerBoundaryIs>
          <LinearRing>
            <coordinates>
              -70.8156047381,-33.1175989195,0
              -70.8155783289,-33.1175993044,0
              -70.8155675639,-33.1170762335,0
              -70.8155939729,-33.1170758486,0
              -70.8156047381,-33.1175989195,0
            </coordinates>
          </LinearRing>
        </outerBoundaryIs>
      </Polygon>
    </Placemark>
    <Placemark>
      <description><![CDATA[LIMITES_TRACKER<BR><BR><B>ELEVATION</B> = 0]]></description>
      <styleUrl>#area3</styleUrl>
      <Polygon>
        <altitudeMode>relativeToGround</altitudeMode>
        <extrude>1</extrude>
        <outerBoundaryIs>
          <LinearRing>
            <coordinates>
              -70.8155305484,-33.1170767730,0
              -70.8155413132,-33.1175998438,0
              -70.8155149040,-33.1176002287,0
              -70.8155041394,-33.1170771578,0
              -70.8155305484,-33.1170767730,0
            </coordinates>
          </LinearRing>
        </outerBoundaryIs>
      </Polygon>
    </Placemark>
    <Placemark>
      <description><![CDATA[LIMITES_TRACKER<BR><BR><B>ELEVATION</B> = 0]]></description>
      <styleUrl>#area2</styleUrl>
      <Polygon>
        <altitudeMode>relativeToGround</altitudeMode>
        <extrude>1</extrude>
        <outerBoundaryIs>
          <LinearRing>
            <coordinates>
              -70.8156744025,-33.1209835432,0
              -70.8156479923,-33.1209839282,0
              -70.8156372255,-33.1204608576,0
              -70.8156636356,-33.1204604727,0
              -70.8156744025,-33.1209835432,0
            </coordinates>
          </LinearRing>
        </outerBoundaryIs>
      </Polygon>
    </Placemark>
    <Placemark>
      <description><![CDATA[LIMITES_TRACKER<BR><BR><B>ELEVATION</B> = 0]]></description>
      <styleUrl>#area2</styleUrl>
      <Polygon>
        <altitudeMode>relativeToGround</altitudeMode>
        <extrude>1</extrude>
        <outerBoundaryIs>
          <LinearRing>
            <coordinates>
              -70.8156002086,-33.1204613971,0
              -70.8156109752,-33.1209844677,0
              -70.8155845650,-33.1209848526,0
              -70.8155737986,-33.1204617820,0
              -70.8156002086,-33.1204613971,0
            </coordinates>
          </LinearRing>
        </outerBoundaryIs>
      </Polygon>
    </Placemark>
    <Placemark>
      <description><![CDATA[LIMITES_TRACKER<BR><BR><B>ELEVATION</B> = 0]]></description>
      <styleUrl>#area4</styleUrl>
      <Polygon>
        <altitudeMode>relativeToGround</altitudeMode>
        <extrude>1</extrude>
        <outerBoundaryIs>
          <LinearRing>
            <coordinates>
              -70.8156635428,-33.1204559648,0
              -70.8156371327,-33.1204563498,0
              -70.8156263663,-33.1199332792,0
              -70.8156527761,-33.1199328943,0
              -70.8156635428,-33.1204559648,0
            </coordinates>
          </LinearRing>
        </outerBoundaryIs>
      </Polygon>
    </Placemark>
    <Placemark>
      <description><![CDATA[LIMITES_TRACKER<BR><BR><B>ELEVATION</B> = 0]]></description>
      <styleUrl>#area4</styleUrl>
      <Polygon>
        <altitudeMode>relativeToGround</altitudeMode>
        <extrude>1</extrude>
        <outerBoundaryIs>
          <LinearRing>
            <coordinates>
              -70.8155893495,-33.1199338187,0
              -70.8156001158,-33.1204568893,0
              -70.8155737058,-33.1204572742,0
              -70.8155629397,-33.1199342036,0
              -70.8155893495,-33.1199338187,0
            </coordinates>
          </LinearRing>
        </outerBoundaryIs>
      </Polygon>
    </Placemark>
    <Placemark>
      <description><![CDATA[LIMITES_TRACKER<BR><BR><B>ELEVATION</B> = 0]]></description>
      <styleUrl>#area3</styleUrl>
      <Polygon>
        <altitudeMode>relativeToGround</altitudeMode>
        <extrude>1</extrude>
        <outerBoundaryIs>
          <LinearRing>
            <coordinates>
              -70.8156526834,-33.1199283864,0
              -70.8156262735,-33.1199287713,0
              -70.8156155073,-33.1194057007,0
              -70.8156419170,-33.1194053158,0
              -70.8156526834,-33.1199283864,0
            </coordinates>
          </LinearRing>
        </outerBoundaryIs>
      </Polygon>
    </Placemark>
    <Placemark>
      <description><![CDATA[LIMITES_TRACKER<BR><BR><B>ELEVATION</B> = 0]]></description>
      <styleUrl>#area3</styleUrl>
      <Polygon>
        <altitudeMode>relativeToGround</altitudeMode>
        <extrude>1</extrude>
        <outerBoundaryIs>
          <LinearRing>
            <coordinates>
              -70.8155784908,-33.1194062402,0
              -70.8155892568,-33.1199293109,0
              -70.8155628469,-33.1199296958,0
              -70.8155520810,-33.1194066251,0
              -70.8155784908,-33.1194062402,0
            </coordinates>
          </LinearRing>
        </outerBoundaryIs>
      </Polygon>
    </Placemark>
    <Placemark>
      <description><![CDATA[LIMITES_TRACKER<BR><BR><B>ELEVATION</B> = 0]]></description>
      <styleUrl>#area5</styleUrl>
      <Polygon>
        <altitudeMode>relativeToGround</altitudeMode>
        <extrude>1</extrude>
        <outerBoundaryIs>
          <LinearRing>
            <coordinates>
              -70.8156879394,-33.1216411634,0
              -70.8156615290,-33.1216415484,0
              -70.8156507619,-33.1211184779,0
              -70.8156771721,-33.1211180929,0
              -70.8156879394,-33.1216411634,0
            </coordinates>
          </LinearRing>
        </outerBoundaryIs>
      </Polygon>
    </Placemark>
    <Placemark>
      <description><![CDATA[LIMITES_TRACKER<BR><BR><B>ELEVATION</B> = 0]]></description>
      <styleUrl>#area5</styleUrl>
      <Polygon>
        <altitudeMode>relativeToGround</altitudeMode>
        <extrude>1</extrude>
        <outerBoundaryIs>
          <LinearRing>
            <coordinates>
              -70.8156137447,-33.1211190174,0
              -70.8156245116,-33.1216420879,0
              -70.8155981012,-33.1216424728,0
              -70.8155873344,-33.1211194023,0
              -70.8156137447,-33.1211190174,0
            </coordinates>
          </LinearRing>
        </outerBoundaryIs>
      </Polygon>
    </Placemark>
    <Placemark>
      <description><![CDATA[LIMITES_TRACKER<BR><BR><B>ELEVATION</B> = 0]]></description>
      <styleUrl>#area2</styleUrl>
      <Polygon>
        <altitudeMode>relativeToGround</altitudeMode>
        <extrude>1</extrude>
        <outerBoundaryIs>
          <LinearRing>
            <coordinates>
              -70.8155110180,-33.1192105510,0
              -70.8154846083,-33.1192109359,0
              -70.8154738433,-33.1186878651,0
              -70.8155002528,-33.1186874803,0
              -70.8155110180,-33.1192105510,0
            </coordinates>
          </LinearRing>
        </outerBoundaryIs>
      </Polygon>
    </Placemark>
    <Placemark>
      <description><![CDATA[LIMITES_TRACKER<BR><BR><B>ELEVATION</B> = 0]]></description>
      <styleUrl>#area2</styleUrl>
      <Polygon>
        <altitudeMode>relativeToGround</altitudeMode>
        <extrude>1</extrude>
        <outerBoundaryIs>
          <LinearRing>
            <coordinates>
              -70.8154368271,-33.1186884046,0
              -70.8154475919,-33.1192114753,0
              -70.8154211823,-33.1192118602,0
              -70.8154104176,-33.1186887895,0
              -70.8154368271,-33.1186884046,0
            </coordinates>
          </LinearRing>
        </outerBoundaryIs>
      </Polygon>
    </Placemark>
    <Placemark>
      <description><![CDATA[LIMITES_TRACKER<BR><BR><B>ELEVATION</B> = 0]]></description>
      <styleUrl>#area4</styleUrl>
      <Polygon>
        <altitudeMode>relativeToGround</altitudeMode>
        <extrude>1</extrude>
        <outerBoundaryIs>
          <LinearRing>
            <coordinates>
              -70.8155001600,-33.1186829724,0
              -70.8154737505,-33.1186833573,0
              -70.8154629857,-33.1181602865,0
              -70.8154893951,-33.1181599016,0
              -70.8155001600,-33.1186829724,0
            </coordinates>
          </LinearRing>
        </outerBoundaryIs>
      </Polygon>
    </Placemark>
    <Placemark>
      <description><![CDATA[LIMITES_TRACKER<BR><BR><B>ELEVATION</B> = 0]]></description>
      <styleUrl>#area4</styleUrl>
      <Polygon>
        <altitudeMode>relativeToGround</altitudeMode>
        <extrude>1</extrude>
        <outerBoundaryIs>
          <LinearRing>
            <coordinates>
              -70.8154259697,-33.1181608259,0
              -70.8154367343,-33.1186838968,0
              -70.8154103248,-33.1186842816,0
              -70.8153995604,-33.1181612108,0
              -70.8154259697,-33.1181608259,0
            </coordinates>
          </LinearRing>
        </outerBoundaryIs>
      </Polygon>
    </Placemark>
    <Placemark>
      <description><![CDATA[LIMITES_TRACKER<BR><BR><B>ELEVATION</B> = 0]]></description>
      <styleUrl>#area4</styleUrl>
      <Polygon>
        <altitudeMode>relativeToGround</altitudeMode>
        <extrude>1</extrude>
        <outerBoundaryIs>
          <LinearRing>
            <coordinates>
              -70.8154887457,-33.1181283468,0
              -70.8154623363,-33.1181287317,0
              -70.8154515718,-33.1176056608,0
              -70.8154779810,-33.1176052760,0
              -70.8154887457,-33.1181283468,0
            </coordinates>
          </LinearRing>
        </outerBoundaryIs>
      </Polygon>
    </Placemark>
    <Placemark>
      <description><![CDATA[LIMITES_TRACKER<BR><BR><B>ELEVATION</B> = 0]]></description>
      <styleUrl>#area4</styleUrl>
      <Polygon>
        <altitudeMode>relativeToGround</altitudeMode>
        <extrude>1</extrude>
        <outerBoundaryIs>
          <LinearRing>
            <coordinates>
              -70.8154145561,-33.1176062003,0
              -70.8154253204,-33.1181292711,0
              -70.8153989110,-33.1181296560,0
              -70.8153881469,-33.1176065851,0
              -70.8154145561,-33.1176062003,0
            </coordinates>
          </LinearRing>
        </outerBoundaryIs>
      </Polygon>
    </Placemark>
    <Placemark>
      <description><![CDATA[LIMITES_TRACKER<BR><BR><B>ELEVATION</B> = 0]]></description>
      <styleUrl>#area3</styleUrl>
      <Polygon>
        <altitudeMode>relativeToGround</altitudeMode>
        <extrude>1</extrude>
        <outerBoundaryIs>
          <LinearRing>
            <coordinates>
              -70.8154778882,-33.1176007682,0
              -70.8154514791,-33.1176011530,0
              -70.8154407148,-33.1170780821,0
              -70.8154671239,-33.1170776973,0
              -70.8154778882,-33.1176007682,0
            </coordinates>
          </LinearRing>
        </outerBoundaryIs>
      </Polygon>
    </Placemark>
    <Placemark>
      <description><![CDATA[LIMITES_TRACKER<BR><BR><B>ELEVATION</B> = 0]]></description>
      <styleUrl>#area3</styleUrl>
      <Polygon>
        <altitudeMode>relativeToGround</altitudeMode>
        <extrude>1</extrude>
        <outerBoundaryIs>
          <LinearRing>
            <coordinates>
              -70.8154036993,-33.1170786215,0
              -70.8154144633,-33.1176016924,0
              -70.8153880541,-33.1176020773,0
              -70.8153772903,-33.1170790064,0
              -70.8154036993,-33.1170786215,0
            </coordinates>
          </LinearRing>
        </outerBoundaryIs>
      </Polygon>
    </Placemark>
    <Placemark>
      <description><![CDATA[LIMITES_TRACKER<BR><BR><B>ELEVATION</B> = 0]]></description>
      <styleUrl>#area2</styleUrl>
      <Polygon>
        <altitudeMode>relativeToGround</altitudeMode>
        <extrude>1</extrude>
        <outerBoundaryIs>
          <LinearRing>
            <coordinates>
              -70.8155475478,-33.1209853921,0
              -70.8155211376,-33.1209857770,0
              -70.8155103716,-33.1204627064,0
              -70.8155367816,-33.1204623215,0
              -70.8155475478,-33.1209853921,0
            </coordinates>
          </LinearRing>
        </outerBoundaryIs>
      </Polygon>
    </Placemark>
    <Placemark>
      <description><![CDATA[LIMITES_TRACKER<BR><BR><B>ELEVATION</B> = 0]]></description>
      <styleUrl>#area2</styleUrl>
      <Polygon>
        <altitudeMode>relativeToGround</altitudeMode>
        <extrude>1</extrude>
        <outerBoundaryIs>
          <LinearRing>
            <coordinates>
              -70.8154733547,-33.1204632459,0
              -70.8154841205,-33.1209863165,0
              -70.8154577103,-33.1209867014,0
              -70.8154469446,-33.1204636308,0
              -70.8154733547,-33.1204632459,0
            </coordinates>
          </LinearRing>
        </outerBoundaryIs>
      </Polygon>
    </Placemark>
    <Placemark>
      <description><![CDATA[LIMITES_TRACKER<BR><BR><B>ELEVATION</B> = 0]]></description>
      <styleUrl>#area4</styleUrl>
      <Polygon>
        <altitudeMode>relativeToGround</altitudeMode>
        <extrude>1</extrude>
        <outerBoundaryIs>
          <LinearRing>
            <coordinates>
              -70.8155366889,-33.1204578137,0
              -70.8155102788,-33.1204581986,0
              -70.8154995131,-33.1199351280,0
              -70.8155259230,-33.1199347431,0
              -70.8155366889,-33.1204578137,0
            </coordinates>
          </LinearRing>
        </outerBoundaryIs>
      </Polygon>
    </Placemark>
    <Placemark>
      <description><![CDATA[LIMITES_TRACKER<BR><BR><B>ELEVATION</B> = 0]]></description>
      <styleUrl>#area4</styleUrl>
      <Polygon>
        <altitudeMode>relativeToGround</altitudeMode>
        <extrude>1</extrude>
        <outerBoundaryIs>
          <LinearRing>
            <coordinates>
              -70.8154624964,-33.1199356674,0
              -70.8154732619,-33.1204587381,0
              -70.8154468518,-33.1204591230,0
              -70.8154360865,-33.1199360523,0
              -70.8154624964,-33.1199356674,0
            </coordinates>
          </LinearRing>
        </outerBoundaryIs>
      </Polygon>
    </Placemark>
    <Placemark>
      <description><![CDATA[LIMITES_TRACKER<BR><BR><B>ELEVATION</B> = 0]]></description>
      <styleUrl>#area3</styleUrl>
      <Polygon>
        <altitudeMode>relativeToGround</altitudeMode>
        <extrude>1</extrude>
        <outerBoundaryIs>
          <LinearRing>
            <coordinates>
              -70.8155258302,-33.1199302353,0
              -70.8154994203,-33.1199306201,0
              -70.8154886548,-33.1194075495,0
              -70.8155150646,-33.1194071646,0
              -70.8155258302,-33.1199302353,0
            </coordinates>
          </LinearRing>
        </outerBoundaryIs>
      </Polygon>
    </Placemark>
    <Placemark>
      <description><![CDATA[LIMITES_TRACKER<BR><BR><B>ELEVATION</B> = 0]]></description>
      <styleUrl>#area3</styleUrl>
      <Polygon>
        <altitudeMode>relativeToGround</altitudeMode>
        <extrude>1</extrude>
        <outerBoundaryIs>
          <LinearRing>
            <coordinates>
              -70.8154516383,-33.1194080889,0
              -70.8154624036,-33.1199311596,0
              -70.8154359937,-33.1199315445,0
              -70.8154252286,-33.1194084738,0
              -70.8154516383,-33.1194080889,0
            </coordinates>
          </LinearRing>
        </outerBoundaryIs>
      </Polygon>
    </Placemark>
    <Placemark>
      <description><![CDATA[LIMITES_TRACKER<BR><BR><B>ELEVATION</B> = 0]]></description>
      <styleUrl>#area5</styleUrl>
      <Polygon>
        <altitudeMode>relativeToGround</altitudeMode>
        <extrude>1</extrude>
        <outerBoundaryIs>
          <LinearRing>
            <coordinates>
              -70.8155610838,-33.1216430123,0
              -70.8155346734,-33.1216433973,0
              -70.8155239070,-33.1211203267,0
              -70.8155503172,-33.1211199418,0
              -70.8155610838,-33.1216430123,0
            </coordinates>
          </LinearRing>
        </outerBoundaryIs>
      </Polygon>
    </Placemark>
    <Placemark>
      <description><![CDATA[LIMITES_TRACKER<BR><BR><B>ELEVATION</B> = 0]]></description>
      <styleUrl>#area5</styleUrl>
      <Polygon>
        <altitudeMode>relativeToGround</altitudeMode>
        <extrude>1</extrude>
        <outerBoundaryIs>
          <LinearRing>
            <coordinates>
              -70.8154868898,-33.1211208662,0
              -70.8154976559,-33.1216439368,0
              -70.8154712455,-33.1216443217,0
              -70.8154604796,-33.1211212511,0
              -70.8154868898,-33.1211208662,0
            </coordinates>
          </LinearRing>
        </outerBoundaryIs>
      </Polygon>
    </Placemark>
    <Placemark>
      <description><![CDATA[LIMITES_TRACKER<BR><BR><B>ELEVATION</B> = 0]]></description>
      <styleUrl>#area2</styleUrl>
      <Polygon>
        <altitudeMode>relativeToGround</altitudeMode>
        <extrude>1</extrude>
        <outerBoundaryIs>
          <LinearRing>
            <coordinates>
              -70.8153841659,-33.1192123997,0
              -70.8153577562,-33.1192127845,0
              -70.8153469919,-33.1186897137,0
              -70.8153734014,-33.1186893289,0
              -70.8153841659,-33.1192123997,0
            </coordinates>
          </LinearRing>
        </outerBoundaryIs>
      </Polygon>
    </Placemark>
    <Placemark>
      <description><![CDATA[LIMITES_TRACKER<BR><BR><B>ELEVATION</B> = 0]]></description>
      <styleUrl>#area2</styleUrl>
      <Polygon>
        <altitudeMode>relativeToGround</altitudeMode>
        <extrude>1</extrude>
        <outerBoundaryIs>
          <LinearRing>
            <coordinates>
              -70.8153099757,-33.1186902531,0
              -70.8153207398,-33.1192133239,0
              -70.8152943301,-33.1192137088,0
              -70.8152835662,-33.1186906380,0
              -70.8153099757,-33.1186902531,0
            </coordinates>
          </LinearRing>
        </outerBoundaryIs>
      </Polygon>
    </Placemark>
    <Placemark>
      <description><![CDATA[LIMITES_TRACKER<BR><BR><B>ELEVATION</B> = 0]]></description>
      <styleUrl>#area4</styleUrl>
      <Polygon>
        <altitudeMode>relativeToGround</altitudeMode>
        <extrude>1</extrude>
        <outerBoundaryIs>
          <LinearRing>
            <coordinates>
              -70.8153733086,-33.1186848210,0
              -70.8153468991,-33.1186852059,0
              -70.8153361351,-33.1181621351,0
              -70.8153625444,-33.1181617502,0
              -70.8153733086,-33.1186848210,0
            </coordinates>
          </LinearRing>
        </outerBoundaryIs>
      </Polygon>
    </Placemark>
    <Placemark>
      <description><![CDATA[LIMITES_TRACKER<BR><BR><B>ELEVATION</B> = 0]]></description>
      <styleUrl>#area4</styleUrl>
      <Polygon>
        <altitudeMode>relativeToGround</altitudeMode>
        <extrude>1</extrude>
        <outerBoundaryIs>
          <LinearRing>
            <coordinates>
              -70.8152991191,-33.1181626745,0
              -70.8153098829,-33.1186857453,0
              -70.8152834734,-33.1186861301,0
              -70.8152727097,-33.1181630593,0
              -70.8152991191,-33.1181626745,0
            </coordinates>
          </LinearRing>
        </outerBoundaryIs>
      </Polygon>
    </Placemark>
    <Placemark>
      <description><![CDATA[LIMITES_TRACKER<BR><BR><B>ELEVATION</B> = 0]]></description>
      <styleUrl>#area4</styleUrl>
      <Polygon>
        <altitudeMode>relativeToGround</altitudeMode>
        <extrude>1</extrude>
        <outerBoundaryIs>
          <LinearRing>
            <coordinates>
              -70.8153618951,-33.1181301954,0
              -70.8153354857,-33.1181305802,0
              -70.8153247220,-33.1176075094,0
              -70.8153511312,-33.1176071245,0
              -70.8153618951,-33.1181301954,0
            </coordinates>
          </LinearRing>
        </outerBoundaryIs>
      </Polygon>
    </Placemark>
    <Placemark>
      <description><![CDATA[LIMITES_TRACKER<BR><BR><B>ELEVATION</B> = 0]]></description>
      <styleUrl>#area4</styleUrl>
      <Polygon>
        <altitudeMode>relativeToGround</altitudeMode>
        <extrude>1</extrude>
        <outerBoundaryIs>
          <LinearRing>
            <coordinates>
              -70.8152877062,-33.1176080487,0
              -70.8152984698,-33.1181311196,0
              -70.8152720604,-33.1181315045,0
              -70.8152612970,-33.1176084336,0
              -70.8152877062,-33.1176080487,0
            </coordinates>
          </LinearRing>
        </outerBoundaryIs>
      </Polygon>
    </Placemark>
    <Placemark>
      <description><![CDATA[LIMITES_TRACKER<BR><BR><B>ELEVATION</B> = 0]]></description>
      <styleUrl>#area3</styleUrl>
      <Polygon>
        <altitudeMode>relativeToGround</altitudeMode>
        <extrude>1</extrude>
        <outerBoundaryIs>
          <LinearRing>
            <coordinates>
              -70.8153510384,-33.1176026167,0
              -70.8153246292,-33.1176030015,0
              -70.8153138657,-33.1170799306,0
              -70.8153402748,-33.1170795458,0
              -70.8153510384,-33.1176026167,0
            </coordinates>
          </LinearRing>
        </outerBoundaryIs>
      </Polygon>
    </Placemark>
    <Placemark>
      <description><![CDATA[LIMITES_TRACKER<BR><BR><B>ELEVATION</B> = 0]]></description>
      <styleUrl>#area3</styleUrl>
      <Polygon>
        <altitudeMode>relativeToGround</altitudeMode>
        <extrude>1</extrude>
        <outerBoundaryIs>
          <LinearRing>
            <coordinates>
              -70.8152768502,-33.1170804700,0
              -70.8152876135,-33.1176035409,0
              -70.8152612043,-33.1176039257,0
              -70.8152504412,-33.1170808548,0
              -70.8152768502,-33.1170804700,0
            </coordinates>
          </LinearRing>
        </outerBoundaryIs>
      </Polygon>
    </Placemark>
    <Placemark>
      <description><![CDATA[LIMITES_TRACKER<BR><BR><B>ELEVATION</B> = 0]]></description>
      <styleUrl>#area2</styleUrl>
      <Polygon>
        <altitudeMode>relativeToGround</altitudeMode>
        <extrude>1</extrude>
        <outerBoundaryIs>
          <LinearRing>
            <coordinates>
              -70.8154206931,-33.1209872409,0
              -70.8153942829,-33.1209876258,0
              -70.8153835176,-33.1204645552,0
              -70.8154099277,-33.1204641703,0
              -70.8154206931,-33.1209872409,0
            </coordinates>
          </LinearRing>
        </outerBoundaryIs>
      </Polygon>
    </Placemark>
    <Placemark>
      <description><![CDATA[LIMITES_TRACKER<BR><BR><B>ELEVATION</B> = 0]]></description>
      <styleUrl>#area2</styleUrl>
      <Polygon>
        <altitudeMode>relativeToGround</altitudeMode>
        <extrude>1</extrude>
        <outerBoundaryIs>
          <LinearRing>
            <coordinates>
              -70.8153465007,-33.1204650946,0
              -70.8153572658,-33.1209881652,0
              -70.8153308555,-33.1209885501,0
              -70.8153200907,-33.1204654795,0
              -70.8153465007,-33.1204650946,0
            </coordinates>
          </LinearRing>
        </outerBoundaryIs>
      </Polygon>
    </Placemark>
    <Placemark>
      <description><![CDATA[LIMITES_TRACKER<BR><BR><B>ELEVATION</B> = 0]]></description>
      <styleUrl>#area4</styleUrl>
      <Polygon>
        <altitudeMode>relativeToGround</altitudeMode>
        <extrude>1</extrude>
        <outerBoundaryIs>
          <LinearRing>
            <coordinates>
              -70.8154098349,-33.1204596624,0
              -70.8153834249,-33.1204600473,0
              -70.8153726599,-33.1199369766,0
              -70.8153990698,-33.1199365918,0
              -70.8154098349,-33.1204596624,0
            </coordinates>
          </LinearRing>
        </outerBoundaryIs>
      </Polygon>
    </Placemark>
    <Placemark>
      <description><![CDATA[LIMITES_TRACKER<BR><BR><B>ELEVATION</B> = 0]]></description>
      <styleUrl>#area4</styleUrl>
      <Polygon>
        <altitudeMode>relativeToGround</altitudeMode>
        <extrude>1</extrude>
        <outerBoundaryIs>
          <LinearRing>
            <coordinates>
              -70.8153356432,-33.1199375161,0
              -70.8153464079,-33.1204605868,0
              -70.8153199979,-33.1204609716,0
              -70.8153092333,-33.1199379009,0
              -70.8153356432,-33.1199375161,0
            </coordinates>
          </LinearRing>
        </outerBoundaryIs>
      </Polygon>
    </Placemark>
    <Placemark>
      <description><![CDATA[LIMITES_TRACKER<BR><BR><B>ELEVATION</B> = 0]]></description>
      <styleUrl>#area3</styleUrl>
      <Polygon>
        <altitudeMode>relativeToGround</altitudeMode>
        <extrude>1</extrude>
        <outerBoundaryIs>
          <LinearRing>
            <coordinates>
              -70.8153989770,-33.1199320839,0
              -70.8153725671,-33.1199324688,0
              -70.8153618024,-33.1194093981,0
              -70.8153882121,-33.1194090132,0
              -70.8153989770,-33.1199320839,0
            </coordinates>
          </LinearRing>
        </outerBoundaryIs>
      </Polygon>
    </Placemark>
    <Placemark>
      <description><![CDATA[LIMITES_TRACKER<BR><BR><B>ELEVATION</B> = 0]]></description>
      <styleUrl>#area3</styleUrl>
      <Polygon>
        <altitudeMode>relativeToGround</altitudeMode>
        <extrude>1</extrude>
        <outerBoundaryIs>
          <LinearRing>
            <coordinates>
              -70.8153247859,-33.1194099375,0
              -70.8153355504,-33.1199330083,0
              -70.8153091405,-33.1199333931,0
              -70.8152983762,-33.1194103224,0
              -70.8153247859,-33.1194099375,0
            </coordinates>
          </LinearRing>
        </outerBoundaryIs>
      </Polygon>
    </Placemark>
    <Placemark>
      <description><![CDATA[LIMITES_TRACKER<BR><BR><B>ELEVATION</B> = 0]]></description>
      <styleUrl>#area5</styleUrl>
      <Polygon>
        <altitudeMode>relativeToGround</altitudeMode>
        <extrude>1</extrude>
        <outerBoundaryIs>
          <LinearRing>
            <coordinates>
              -70.8154342281,-33.1216448612,0
              -70.8154078177,-33.1216452461,0
              -70.8153970521,-33.1211221755,0
              -70.8154234623,-33.1211217906,0
              -70.8154342281,-33.1216448612,0
            </coordinates>
          </LinearRing>
        </outerBoundaryIs>
      </Polygon>
    </Placemark>
    <Placemark>
      <description><![CDATA[LIMITES_TRACKER<BR><BR><B>ELEVATION</B> = 0]]></description>
      <styleUrl>#area5</styleUrl>
      <Polygon>
        <altitudeMode>relativeToGround</altitudeMode>
        <extrude>1</extrude>
        <outerBoundaryIs>
          <LinearRing>
            <coordinates>
              -70.8153600349,-33.1211227150,0
              -70.8153708003,-33.1216457855,0
              -70.8153443899,-33.1216461704,0
              -70.8153336246,-33.1211230998,0
              -70.8153600349,-33.1211227150,0
            </coordinates>
          </LinearRing>
        </outerBoundaryIs>
      </Polygon>
    </Placemark>
    <Placemark>
      <description><![CDATA[LIMITES_TRACKER<BR><BR><B>ELEVATION</B> = 0]]></description>
      <styleUrl>#area2</styleUrl>
      <Polygon>
        <altitudeMode>relativeToGround</altitudeMode>
        <extrude>1</extrude>
        <outerBoundaryIs>
          <LinearRing>
            <coordinates>
              -70.8152573137,-33.1192142482,0
              -70.8152309040,-33.1192146330,0
              -70.8152201405,-33.1186915622,0
              -70.8152465500,-33.1186911774,0
              -70.8152573137,-33.1192142482,0
            </coordinates>
          </LinearRing>
        </outerBoundaryIs>
      </Polygon>
    </Placemark>
    <Placemark>
      <description><![CDATA[LIMITES_TRACKER<BR><BR><B>ELEVATION</B> = 0]]></description>
      <styleUrl>#area2</styleUrl>
      <Polygon>
        <altitudeMode>relativeToGround</altitudeMode>
        <extrude>1</extrude>
        <outerBoundaryIs>
          <LinearRing>
            <coordinates>
              -70.8151831243,-33.1186921016,0
              -70.8151938876,-33.1192151724,0
              -70.8151674779,-33.1192155572,0
              -70.8151567147,-33.1186924864,0
              -70.8151831243,-33.1186921016,0
            </coordinates>
          </LinearRing>
        </outerBoundaryIs>
      </Polygon>
    </Placemark>
    <Placemark>
      <description><![CDATA[LIMITES_TRACKER<BR><BR><B>ELEVATION</B> = 0]]></description>
      <styleUrl>#area4</styleUrl>
      <Polygon>
        <altitudeMode>relativeToGround</altitudeMode>
        <extrude>1</extrude>
        <outerBoundaryIs>
          <LinearRing>
            <coordinates>
              -70.8152464572,-33.1186866695,0
              -70.8152200477,-33.1186870544,0
              -70.8152092844,-33.1181639835,0
              -70.8152356938,-33.1181635987,0
              -70.8152464572,-33.1186866695,0
            </coordinates>
          </LinearRing>
        </outerBoundaryIs>
      </Polygon>
    </Placemark>
    <Placemark>
      <description><![CDATA[LIMITES_TRACKER<BR><BR><B>ELEVATION</B> = 0]]></description>
      <styleUrl>#area4</styleUrl>
      <Polygon>
        <altitudeMode>relativeToGround</altitudeMode>
        <extrude>1</extrude>
        <outerBoundaryIs>
          <LinearRing>
            <coordinates>
              -70.8151722684,-33.1181645228,0
              -70.8151830315,-33.1186875937,0
              -70.8151566220,-33.1186879785,0
              -70.8151458591,-33.1181649076,0
              -70.8151722684,-33.1181645228,0
            </coordinates>
          </LinearRing>
        </outerBoundaryIs>
      </Polygon>
    </Placemark>
    <Placemark>
      <description><![CDATA[LIMITES_TRACKER<BR><BR><B>ELEVATION</B> = 0]]></description>
      <styleUrl>#area3</styleUrl>
      <Polygon>
        <altitudeMode>relativeToGround</altitudeMode>
        <extrude>1</extrude>
        <outerBoundaryIs>
          <LinearRing>
            <coordinates>
              -70.8152350445,-33.1181320438,0
              -70.8152086351,-33.1181324287,0
              -70.8151978721,-33.1176093577,0
              -70.8152242813,-33.1176089729,0
              -70.8152350445,-33.1181320438,0
            </coordinates>
          </LinearRing>
        </outerBoundaryIs>
      </Polygon>
    </Placemark>
    <Placemark>
      <description><![CDATA[LIMITES_TRACKER<BR><BR><B>ELEVATION</B> = 0]]></description>
      <styleUrl>#area3</styleUrl>
      <Polygon>
        <altitudeMode>relativeToGround</altitudeMode>
        <extrude>1</extrude>
        <outerBoundaryIs>
          <LinearRing>
            <coordinates>
              -70.8151608564,-33.1176098971,0
              -70.8151716192,-33.1181329680,0
              -70.8151452098,-33.1181333528,0
              -70.8151344472,-33.1176102819,0
              -70.8151608564,-33.1176098971,0
            </coordinates>
          </LinearRing>
        </outerBoundaryIs>
      </Polygon>
    </Placemark>
    <Placemark>
      <description><![CDATA[LIMITES_TRACKER<BR><BR><B>ELEVATION</B> = 0]]></description>
      <styleUrl>#area1</styleUrl>
      <Polygon>
        <altitudeMode>relativeToGround</altitudeMode>
        <extrude>1</extrude>
        <outerBoundaryIs>
          <LinearRing>
            <coordinates>
              -70.8152241886,-33.1176044651,0
              -70.8151977794,-33.1176048499,0
              -70.8151870166,-33.1170817789,0
              -70.8152134257,-33.1170813941,0
              -70.8152241886,-33.1176044651,0
            </coordinates>
          </LinearRing>
        </outerBoundaryIs>
      </Polygon>
    </Placemark>
    <Placemark>
      <description><![CDATA[LIMITES_TRACKER<BR><BR><B>ELEVATION</B> = 0]]></description>
      <styleUrl>#area1</styleUrl>
      <Polygon>
        <altitudeMode>relativeToGround</altitudeMode>
        <extrude>1</extrude>
        <outerBoundaryIs>
          <LinearRing>
            <coordinates>
              -70.8151500011,-33.1170823183,0
              -70.8151607636,-33.1176053892,0
              -70.8151343544,-33.1176057740,0
              -70.8151235921,-33.1170827031,0
              -70.8151500011,-33.1170823183,0
            </coordinates>
          </LinearRing>
        </outerBoundaryIs>
      </Polygon>
    </Placemark>
    <Placemark>
      <description><![CDATA[LIMITES_TRACKER<BR><BR><B>ELEVATION</B> = 0]]></description>
      <styleUrl>#area2</styleUrl>
      <Polygon>
        <altitudeMode>relativeToGround</altitudeMode>
        <extrude>1</extrude>
        <outerBoundaryIs>
          <LinearRing>
            <coordinates>
              -70.8152938384,-33.1209890895,0
              -70.8152674282,-33.1209894744,0
              -70.8152566637,-33.1204664037,0
              -70.8152830737,-33.1204660189,0
              -70.8152938384,-33.1209890895,0
            </coordinates>
          </LinearRing>
        </outerBoundaryIs>
      </Polygon>
    </Placemark>
    <Placemark>
      <description><![CDATA[LIMITES_TRACKER<BR><BR><B>ELEVATION</B> = 0]]></description>
      <styleUrl>#area2</styleUrl>
      <Polygon>
        <altitudeMode>relativeToGround</altitudeMode>
        <extrude>1</extrude>
        <outerBoundaryIs>
          <LinearRing>
            <coordinates>
              -70.8152196467,-33.1204669431,0
              -70.8152304110,-33.1209900138,0
              -70.8152040008,-33.1209903987,0
              -70.8151932367,-33.1204673280,0
              -70.8152196467,-33.1204669431,0
            </coordinates>
          </LinearRing>
        </outerBoundaryIs>
      </Polygon>
    </Placemark>
    <Placemark>
      <description><![CDATA[LIMITES_TRACKER<BR><BR><B>ELEVATION</B> = 0]]></description>
      <styleUrl>#area4</styleUrl>
      <Polygon>
        <altitudeMode>relativeToGround</altitudeMode>
        <extrude>1</extrude>
        <outerBoundaryIs>
          <LinearRing>
            <coordinates>
              -70.8152829810,-33.1204615111,0
              -70.8152565709,-33.1204618959,0
              -70.8152458067,-33.1199388252,0
              -70.8152722166,-33.1199384404,0
              -70.8152829810,-33.1204615111,0
            </coordinates>
          </LinearRing>
        </outerBoundaryIs>
      </Polygon>
    </Placemark>
    <Placemark>
      <description><![CDATA[LIMITES_TRACKER<BR><BR><B>ELEVATION</B> = 0]]></description>
      <styleUrl>#area4</styleUrl>
      <Polygon>
        <altitudeMode>relativeToGround</altitudeMode>
        <extrude>1</extrude>
        <outerBoundaryIs>
          <LinearRing>
            <coordinates>
              -70.8152087900,-33.1199393646,0
              -70.8152195540,-33.1204624353,0
              -70.8151931439,-33.1204628201,0
              -70.8151823801,-33.1199397494,0
              -70.8152087900,-33.1199393646,0
            </coordinates>
          </LinearRing>
        </outerBoundaryIs>
      </Polygon>
    </Placemark>
    <Placemark>
      <description><![CDATA[LIMITES_TRACKER<BR><BR><B>ELEVATION</B> = 0]]></description>
      <styleUrl>#area3</styleUrl>
      <Polygon>
        <altitudeMode>relativeToGround</altitudeMode>
        <extrude>1</extrude>
        <outerBoundaryIs>
          <LinearRing>
            <coordinates>
              -70.8152721238,-33.1199339325,0
              -70.8152457139,-33.1199343174,0
              -70.8152349499,-33.1194112466,0
              -70.8152613597,-33.1194108618,0
              -70.8152721238,-33.1199339325,0
            </coordinates>
          </LinearRing>
        </outerBoundaryIs>
      </Polygon>
    </Placemark>
    <Placemark>
      <description><![CDATA[LIMITES_TRACKER<BR><BR><B>ELEVATION</B> = 0]]></description>
      <styleUrl>#area3</styleUrl>
      <Polygon>
        <altitudeMode>relativeToGround</altitudeMode>
        <extrude>1</extrude>
        <outerBoundaryIs>
          <LinearRing>
            <coordinates>
              -70.8151979335,-33.1194117860,0
              -70.8152086972,-33.1199348568,0
              -70.8151822873,-33.1199352416,0
              -70.8151715237,-33.1194121708,0
              -70.8151979335,-33.1194117860,0
            </coordinates>
          </LinearRing>
        </outerBoundaryIs>
      </Polygon>
    </Placemark>
    <Placemark>
      <description><![CDATA[LIMITES_TRACKER<BR><BR><B>ELEVATION</B> = 0]]></description>
      <styleUrl>#area5</styleUrl>
      <Polygon>
        <altitudeMode>relativeToGround</altitudeMode>
        <extrude>1</extrude>
        <outerBoundaryIs>
          <LinearRing>
            <coordinates>
              -70.8153073725,-33.1216467099,0
              -70.8152809621,-33.1216470947,0
              -70.8152701972,-33.1211240241,0
              -70.8152966074,-33.1211236393,0
              -70.8153073725,-33.1216467099,0
            </coordinates>
          </LinearRing>
        </outerBoundaryIs>
      </Polygon>
    </Placemark>
    <Placemark>
      <description><![CDATA[LIMITES_TRACKER<BR><BR><B>ELEVATION</B> = 0]]></description>
      <styleUrl>#area5</styleUrl>
      <Polygon>
        <altitudeMode>relativeToGround</altitudeMode>
        <extrude>1</extrude>
        <outerBoundaryIs>
          <LinearRing>
            <coordinates>
              -70.8152331800,-33.1211245635,0
              -70.8152439446,-33.1216476342,0
              -70.8152175342,-33.1216480190,0
              -70.8152067697,-33.1211249484,0
              -70.8152331800,-33.1211245635,0
            </coordinates>
          </LinearRing>
        </outerBoundaryIs>
      </Polygon>
    </Placemark>
    <Placemark>
      <description><![CDATA[LIMITES_TRACKER<BR><BR><B>ELEVATION</B> = 0]]></description>
      <styleUrl>#area1</styleUrl>
      <Polygon>
        <altitudeMode>relativeToGround</altitudeMode>
        <extrude>1</extrude>
        <outerBoundaryIs>
          <LinearRing>
            <coordinates>
              -70.8151304615,-33.1192160966,0
              -70.8151040518,-33.1192164814,0
              -70.8150932890,-33.1186934105,0
              -70.8151196986,-33.1186930257,0
              -70.8151304615,-33.1192160966,0
            </coordinates>
          </LinearRing>
        </outerBoundaryIs>
      </Polygon>
    </Placemark>
    <Placemark>
      <description><![CDATA[LIMITES_TRACKER<BR><BR><B>ELEVATION</B> = 0]]></description>
      <styleUrl>#area1</styleUrl>
      <Polygon>
        <altitudeMode>relativeToGround</altitudeMode>
        <extrude>1</extrude>
        <outerBoundaryIs>
          <LinearRing>
            <coordinates>
              -70.8150562728,-33.1186939498,0
              -70.8150670354,-33.1192170207,0
              -70.8150406258,-33.1192174055,0
              -70.8150298633,-33.1186943346,0
              -70.8150562728,-33.1186939498,0
            </coordinates>
          </LinearRing>
        </outerBoundaryIs>
      </Polygon>
    </Placemark>
    <Placemark>
      <description><![CDATA[LIMITES_TRACKER<BR><BR><B>ELEVATION</B> = 0]]></description>
      <styleUrl>#area1</styleUrl>
      <Polygon>
        <altitudeMode>relativeToGround</altitudeMode>
        <extrude>1</extrude>
        <outerBoundaryIs>
          <LinearRing>
            <coordinates>
              -70.8151196058,-33.1186885179,0
              -70.8150931963,-33.1186889027,0
              -70.8150824337,-33.1181658318,0
              -70.8151088431,-33.1181654470,0
              -70.8151196058,-33.1186885179,0
            </coordinates>
          </LinearRing>
        </outerBoundaryIs>
      </Polygon>
    </Placemark>
    <Placemark>
      <description><![CDATA[LIMITES_TRACKER<BR><BR><B>ELEVATION</B> = 0]]></description>
      <styleUrl>#area1</styleUrl>
      <Polygon>
        <altitudeMode>relativeToGround</altitudeMode>
        <extrude>1</extrude>
        <outerBoundaryIs>
          <LinearRing>
            <coordinates>
              -70.8150454178,-33.1181663711,0
              -70.8150561801,-33.1186894420,0
              -70.8150297706,-33.1186898268,0
              -70.8150190084,-33.1181667559,0
              -70.8150454178,-33.1181663711,0
            </coordinates>
          </LinearRing>
        </outerBoundaryIs>
      </Polygon>
    </Placemark>
    <Placemark>
      <description><![CDATA[LIMITES_TRACKER<BR><BR><B>ELEVATION</B> = 0]]></description>
      <styleUrl>#area2</styleUrl>
      <Polygon>
        <altitudeMode>relativeToGround</altitudeMode>
        <extrude>1</extrude>
        <outerBoundaryIs>
          <LinearRing>
            <coordinates>
              -70.8151669837,-33.1209909381,0
              -70.8151405735,-33.1209913229,0
              -70.8151298097,-33.1204682522,0
              -70.8151562197,-33.1204678674,0
              -70.8151669837,-33.1209909381,0
            </coordinates>
          </LinearRing>
        </outerBoundaryIs>
      </Polygon>
    </Placemark>
    <Placemark>
      <description><![CDATA[LIMITES_TRACKER<BR><BR><B>ELEVATION</B> = 0]]></description>
      <styleUrl>#area2</styleUrl>
      <Polygon>
        <altitudeMode>relativeToGround</altitudeMode>
        <extrude>1</extrude>
        <outerBoundaryIs>
          <LinearRing>
            <coordinates>
              -70.8150927928,-33.1204687916,0
              -70.8151035563,-33.1209918623,0
              -70.8150771461,-33.1209922471,0
              -70.8150663827,-33.1204691764,0
              -70.8150927928,-33.1204687916,0
            </coordinates>
          </LinearRing>
        </outerBoundaryIs>
      </Polygon>
    </Placemark>
    <Placemark>
      <description><![CDATA[LIMITES_TRACKER<BR><BR><B>ELEVATION</B> = 0]]></description>
      <styleUrl>#area4</styleUrl>
      <Polygon>
        <altitudeMode>relativeToGround</altitudeMode>
        <extrude>1</extrude>
        <outerBoundaryIs>
          <LinearRing>
            <coordinates>
              -70.8151561270,-33.1204633595,0
              -70.8151297169,-33.1204637444,0
              -70.8151189534,-33.1199406736,0
              -70.8151453633,-33.1199402888,0
              -70.8151561270,-33.1204633595,0
            </coordinates>
          </LinearRing>
        </outerBoundaryIs>
      </Polygon>
    </Placemark>
    <Placemark>
      <description><![CDATA[LIMITES_TRACKER<BR><BR><B>ELEVATION</B> = 0]]></description>
      <styleUrl>#area4</styleUrl>
      <Polygon>
        <altitudeMode>relativeToGround</altitudeMode>
        <extrude>1</extrude>
        <outerBoundaryIs>
          <LinearRing>
            <coordinates>
              -70.8150819367,-33.1199412130,0
              -70.8150927000,-33.1204642837,0
              -70.8150662899,-33.1204646685,0
              -70.8150555268,-33.1199415978,0
              -70.8150819367,-33.1199412130,0
            </coordinates>
          </LinearRing>
        </outerBoundaryIs>
      </Polygon>
    </Placemark>
    <Placemark>
      <description><![CDATA[LIMITES_TRACKER<BR><BR><B>ELEVATION</B> = 0]]></description>
      <styleUrl>#area3</styleUrl>
      <Polygon>
        <altitudeMode>relativeToGround</altitudeMode>
        <extrude>1</extrude>
        <outerBoundaryIs>
          <LinearRing>
            <coordinates>
              -70.8151452706,-33.1199357810,0
              -70.8151188607,-33.1199361658,0
              -70.8151080975,-33.1194130950,0
              -70.8151345072,-33.1194127102,0
              -70.8151452706,-33.1199357810,0
            </coordinates>
          </LinearRing>
        </outerBoundaryIs>
      </Polygon>
    </Placemark>
    <Placemark>
      <description><![CDATA[LIMITES_TRACKER<BR><BR><B>ELEVATION</B> = 0]]></description>
      <styleUrl>#area3</styleUrl>
      <Polygon>
        <altitudeMode>relativeToGround</altitudeMode>
        <extrude>1</extrude>
        <outerBoundaryIs>
          <LinearRing>
            <coordinates>
              -70.8150710810,-33.1194136343,0
              -70.8150818440,-33.1199367051,0
              -70.8150554341,-33.1199370899,0
              -70.8150446713,-33.1194140191,0
              -70.8150710810,-33.1194136343,0
            </coordinates>
          </LinearRing>
        </outerBoundaryIs>
      </Polygon>
    </Placemark>
    <Placemark>
      <description><![CDATA[LIMITES_TRACKER<BR><BR><B>ELEVATION</B> = 0]]></description>
      <styleUrl>#area5</styleUrl>
      <Polygon>
        <altitudeMode>relativeToGround</altitudeMode>
        <extrude>1</extrude>
        <outerBoundaryIs>
          <LinearRing>
            <coordinates>
              -70.8151805168,-33.1216485584,0
              -70.8151541064,-33.1216489433,0
              -70.8151433423,-33.1211258726,0
              -70.8151697525,-33.1211254878,0
              -70.8151805168,-33.1216485584,0
            </coordinates>
          </LinearRing>
        </outerBoundaryIs>
      </Polygon>
    </Placemark>
    <Placemark>
      <description><![CDATA[LIMITES_TRACKER<BR><BR><B>ELEVATION</B> = 0]]></description>
      <styleUrl>#area5</styleUrl>
      <Polygon>
        <altitudeMode>relativeToGround</altitudeMode>
        <extrude>1</extrude>
        <outerBoundaryIs>
          <LinearRing>
            <coordinates>
              -70.8151063251,-33.1211264120,0
              -70.8151170890,-33.1216494827,0
              -70.8150906785,-33.1216498675,0
              -70.8150799148,-33.1211267968,0
              -70.8151063251,-33.1211264120,0
            </coordinates>
          </LinearRing>
        </outerBoundaryIs>
      </Polygon>
    </Placemark>
    <Placemark>
      <description><![CDATA[LIMITES_TRACKER<BR><BR><B>ELEVATION</B> = 0]]></description>
      <styleUrl>#area1</styleUrl>
      <Polygon>
        <altitudeMode>relativeToGround</altitudeMode>
        <extrude>1</extrude>
        <outerBoundaryIs>
          <LinearRing>
            <coordinates>
              -70.8150401289,-33.1209927864,0
              -70.8150137187,-33.1209931712,0
              -70.8150029557,-33.1204701005,0
              -70.8150293658,-33.1204697157,0
              -70.8150401289,-33.1209927864,0
            </coordinates>
          </LinearRing>
        </outerBoundaryIs>
      </Polygon>
    </Placemark>
    <Placemark>
      <description><![CDATA[LIMITES_TRACKER<BR><BR><B>ELEVATION</B> = 0]]></description>
      <styleUrl>#area1</styleUrl>
      <Polygon>
        <altitudeMode>relativeToGround</altitudeMode>
        <extrude>1</extrude>
        <outerBoundaryIs>
          <LinearRing>
            <coordinates>
              -70.8149659388,-33.1204706398,0
              -70.8149767016,-33.1209937106,0
              -70.8149502913,-33.1209940954,0
              -70.8149395287,-33.1204710246,0
              -70.8149659388,-33.1204706398,0
            </coordinates>
          </LinearRing>
        </outerBoundaryIs>
      </Polygon>
    </Placemark>
    <Placemark>
      <description><![CDATA[LIMITES_TRACKER<BR><BR><B>ELEVATION</B> = 0]]></description>
      <styleUrl>#area1</styleUrl>
      <Polygon>
        <altitudeMode>relativeToGround</altitudeMode>
        <extrude>1</extrude>
        <outerBoundaryIs>
          <LinearRing>
            <coordinates>
              -70.8150292730,-33.1204652079,0
              -70.8150028630,-33.1204655927,0
              -70.8149921002,-33.1199425219,0
              -70.8150185101,-33.1199421371,0
              -70.8150292730,-33.1204652079,0
            </coordinates>
          </LinearRing>
        </outerBoundaryIs>
      </Polygon>
    </Placemark>
    <Placemark>
      <description><![CDATA[LIMITES_TRACKER<BR><BR><B>ELEVATION</B> = 0]]></description>
      <styleUrl>#area1</styleUrl>
      <Polygon>
        <altitudeMode>relativeToGround</altitudeMode>
        <extrude>1</extrude>
        <outerBoundaryIs>
          <LinearRing>
            <coordinates>
              -70.8149550835,-33.1199430612,0
              -70.8149658460,-33.1204661320,0
              -70.8149394360,-33.1204665168,0
              -70.8149286736,-33.1199434460,0
              -70.8149550835,-33.1199430612,0
            </coordinates>
          </LinearRing>
        </outerBoundaryIs>
      </Polygon>
    </Placemark>
    <Placemark>
      <description><![CDATA[LIMITES_TRACKER<BR><BR><B>ELEVATION</B> = 0]]></description>
      <styleUrl>#area1</styleUrl>
      <Polygon>
        <altitudeMode>relativeToGround</altitudeMode>
        <extrude>1</extrude>
        <outerBoundaryIs>
          <LinearRing>
            <coordinates>
              -70.8150184174,-33.1199376293,0
              -70.8149920075,-33.1199380141,0
              -70.8149812450,-33.1194149432,0
              -70.8150076548,-33.1194145584,0
              -70.8150184174,-33.1199376293,0
            </coordinates>
          </LinearRing>
        </outerBoundaryIs>
      </Polygon>
    </Placemark>
    <Placemark>
      <description><![CDATA[LIMITES_TRACKER<BR><BR><B>ELEVATION</B> = 0]]></description>
      <styleUrl>#area1</styleUrl>
      <Polygon>
        <altitudeMode>relativeToGround</altitudeMode>
        <extrude>1</extrude>
        <outerBoundaryIs>
          <LinearRing>
            <coordinates>
              -70.8149442285,-33.1194154825,0
              -70.8149549908,-33.1199385534,0
              -70.8149285809,-33.1199389382,0
              -70.8149178188,-33.1194158673,0
              -70.8149442285,-33.1194154825,0
            </coordinates>
          </LinearRing>
        </outerBoundaryIs>
      </Polygon>
    </Placemark>
    <Placemark>
      <description><![CDATA[LIMITES_TRACKER<BR><BR><B>ELEVATION</B> = 0]]></description>
      <styleUrl>#area5</styleUrl>
      <Polygon>
        <altitudeMode>relativeToGround</altitudeMode>
        <extrude>1</extrude>
        <outerBoundaryIs>
          <LinearRing>
            <coordinates>
              -70.8150536611,-33.1216504069,0
              -70.8150272507,-33.1216507917,0
              -70.8150164873,-33.1211277210,0
              -70.8150428976,-33.1211273362,0
              -70.8150536611,-33.1216504069,0
            </coordinates>
          </LinearRing>
        </outerBoundaryIs>
      </Polygon>
    </Placemark>
    <Placemark>
      <description><![CDATA[LIMITES_TRACKER<BR><BR><B>ELEVATION</B> = 0]]></description>
      <styleUrl>#area5</styleUrl>
      <Polygon>
        <altitudeMode>relativeToGround</altitudeMode>
        <extrude>1</extrude>
        <outerBoundaryIs>
          <LinearRing>
            <coordinates>
              -70.8149794701,-33.1211282603,0
              -70.8149902333,-33.1216513310,0
              -70.8149638229,-33.1216517158,0
              -70.8149530599,-33.1211286451,0
              -70.8149794701,-33.1211282603,0
            </coordinates>
          </LinearRing>
        </outerBoundaryIs>
      </Polygon>
    </Placemark>
    <Placemark>
      <description><![CDATA[LIMITES_TRACKER<BR><BR><B>ELEVATION</B> = 0]]></description>
      <styleUrl>#area1</styleUrl>
      <Polygon>
        <altitudeMode>relativeToGround</altitudeMode>
        <extrude>1</extrude>
        <outerBoundaryIs>
          <LinearRing>
            <coordinates>
              -70.8149268054,-33.1216522552,0
              -70.8149003950,-33.1216526399,0
              -70.8148896324,-33.1211295692,0
              -70.8149160427,-33.1211291844,0
              -70.8149268054,-33.1216522552,0
            </coordinates>
          </LinearRing>
        </outerBoundaryIs>
      </Polygon>
    </Placemark>
    <Placemark>
      <description><![CDATA[LIMITES_TRACKER<BR><BR><B>ELEVATION</B> = 0]]></description>
      <styleUrl>#area1</styleUrl>
      <Polygon>
        <altitudeMode>relativeToGround</altitudeMode>
        <extrude>1</extrude>
        <outerBoundaryIs>
          <LinearRing>
            <coordinates>
              -70.8148526152,-33.1211301085,0
              -70.8148633776,-33.1216531793,0
              -70.8148369672,-33.1216535640,0
              -70.8148262049,-33.1211304933,0
              -70.8148526152,-33.1211301085,0
            </coordinates>
          </LinearRing>
        </outerBoundaryIs>
      </Polygon>
    </Placemark>
    <Placemark>
      <description><![CDATA[LIMITES_TRACKER<BR><BR><B>ELEVATION</B> = 0]]></description>
      <styleUrl>#area2</styleUrl>
      <Polygon>
        <altitudeMode>relativeToGround</altitudeMode>
        <extrude>1</extrude>
        <outerBoundaryIs>
          <LinearRing>
            <coordinates>
              -70.8202988449,-33.1237118697,0
              -70.8202724340,-33.1237122556,0
              -70.8202616387,-33.1231891866,0
              -70.8202880495,-33.1231888007,0
              -70.8202988449,-33.1237118697,0
            </coordinates>
          </LinearRing>
        </outerBoundaryIs>
      </Polygon>
    </Placemark>
    <Placemark>
      <description><![CDATA[LIMITES_TRACKER<BR><BR><B>ELEVATION</B> = 0]]></description>
      <styleUrl>#area2</styleUrl>
      <Polygon>
        <altitudeMode>relativeToGround</altitudeMode>
        <extrude>1</extrude>
        <outerBoundaryIs>
          <LinearRing>
            <coordinates>
              -70.8202246207,-33.1231897276,0
              -70.8202354158,-33.1237127966,0
              -70.8202090049,-33.1237131825,0
              -70.8201982099,-33.1231901135,0
              -70.8202246207,-33.1231897276,0
            </coordinates>
          </LinearRing>
        </outerBoundaryIs>
      </Polygon>
    </Placemark>
    <Placemark>
      <description><![CDATA[LIMITES_TRACKER<BR><BR><B>ELEVATION</B> = 0]]></description>
      <styleUrl>#area2</styleUrl>
      <Polygon>
        <altitudeMode>relativeToGround</altitudeMode>
        <extrude>1</extrude>
        <outerBoundaryIs>
          <LinearRing>
            <coordinates>
              -70.8204257032,-33.1237100158,0
              -70.8203992923,-33.1237104018,0
              -70.8203884962,-33.1231873328,0
              -70.8204149070,-33.1231869469,0
              -70.8204257032,-33.1237100158,0
            </coordinates>
          </LinearRing>
        </outerBoundaryIs>
      </Polygon>
    </Placemark>
    <Placemark>
      <description><![CDATA[LIMITES_TRACKER<BR><BR><B>ELEVATION</B> = 0]]></description>
      <styleUrl>#area2</styleUrl>
      <Polygon>
        <altitudeMode>relativeToGround</altitudeMode>
        <extrude>1</extrude>
        <outerBoundaryIs>
          <LinearRing>
            <coordinates>
              -70.8203514782,-33.1231878738,0
              -70.8203622741,-33.1237109428,0
              -70.8203358631,-33.1237113287,0
              -70.8203250675,-33.1231882598,0
              -70.8203514782,-33.1231878738,0
            </coordinates>
          </LinearRing>
        </outerBoundaryIs>
      </Polygon>
    </Placemark>
    <Placemark>
      <description><![CDATA[LIMITES_TRACKER<BR><BR><B>ELEVATION</B> = 0]]></description>
      <styleUrl>#area1</styleUrl>
      <Polygon>
        <altitudeMode>relativeToGround</altitudeMode>
        <extrude>1</extrude>
        <outerBoundaryIs>
          <LinearRing>
            <coordinates>
              -70.8205525615,-33.1237081618,0
              -70.8205261505,-33.1237085478,0
              -70.8205153537,-33.1231854789,0
              -70.8205417645,-33.1231850929,0
              -70.8205525615,-33.1237081618,0
            </coordinates>
          </LinearRing>
        </outerBoundaryIs>
      </Polygon>
    </Placemark>
    <Placemark>
      <description><![CDATA[LIMITES_TRACKER<BR><BR><B>ELEVATION</B> = 0]]></description>
      <styleUrl>#area1</styleUrl>
      <Polygon>
        <altitudeMode>relativeToGround</altitudeMode>
        <extrude>1</extrude>
        <outerBoundaryIs>
          <LinearRing>
            <coordinates>
              -70.8204783358,-33.1231860199,0
              -70.8204891324,-33.1237090888,0
              -70.8204627214,-33.1237094748,0
              -70.8204519250,-33.1231864059,0
              -70.8204783358,-33.1231860199,0
            </coordinates>
          </LinearRing>
        </outerBoundaryIs>
      </Polygon>
    </Placemark>
    <Placemark>
      <description><![CDATA[LIMITES_TRACKER<BR><BR><B>ELEVATION</B> = 0]]></description>
      <styleUrl>#area1</styleUrl>
      <Polygon>
        <altitudeMode>relativeToGround</altitudeMode>
        <extrude>1</extrude>
        <outerBoundaryIs>
          <LinearRing>
            <coordinates>
              -70.8164138022,-33.1199172907,0
              -70.8163873923,-33.1199176758,0
              -70.8163766216,-33.1193946054,0
              -70.8164030313,-33.1193942203,0
              -70.8164138022,-33.1199172907,0
            </coordinates>
          </LinearRing>
        </outerBoundaryIs>
      </Polygon>
    </Placemark>
    <Placemark>
      <description><![CDATA[LIMITES_TRACKER<BR><BR><B>ELEVATION</B> = 0]]></description>
      <styleUrl>#area1</styleUrl>
      <Polygon>
        <altitudeMode>relativeToGround</altitudeMode>
        <extrude>1</extrude>
        <outerBoundaryIs>
          <LinearRing>
            <coordinates>
              -70.8163396051,-33.1193951451,0
              -70.8163503756,-33.1199182156,0
              -70.8163239657,-33.1199186006,0
              -70.8163131954,-33.1193955302,0
              -70.8163396051,-33.1193951451,0
            </coordinates>
          </LinearRing>
        </outerBoundaryIs>
      </Polygon>
    </Placemark>
    <Placemark>
      <description><![CDATA[LIMITES_TRACKER<BR><BR><B>ELEVATION</B> = 0]]></description>
      <styleUrl>#area1</styleUrl>
      <Polygon>
        <altitudeMode>relativeToGround</altitudeMode>
        <extrude>1</extrude>
        <outerBoundaryIs>
          <LinearRing>
            <coordinates>
              -70.8209222439,-33.1231750224,0
              -70.8208958331,-33.1231754085,0
              -70.8208850344,-33.1226523397,0
              -70.8209114450,-33.1226519536,0
              -70.8209222439,-33.1231750224,0
            </coordinates>
          </LinearRing>
        </outerBoundaryIs>
      </Polygon>
    </Placemark>
    <Placemark>
      <description><![CDATA[LIMITES_TRACKER<BR><BR><B>ELEVATION</B> = 0]]></description>
      <styleUrl>#area1</styleUrl>
      <Polygon>
        <altitudeMode>relativeToGround</altitudeMode>
        <extrude>1</extrude>
        <outerBoundaryIs>
          <LinearRing>
            <coordinates>
              -70.8208480166,-33.1226528808,0
              -70.8208588152,-33.1231759496,0
              -70.8208324044,-33.1231763357,0
              -70.8208216060,-33.1226532668,0
              -70.8208480166,-33.1226528808,0
            </coordinates>
          </LinearRing>
        </outerBoundaryIs>
      </Polygon>
    </Placemark>
    <Placemark>
      <description><![CDATA[LIMITES_TRACKER<BR><BR><B>ELEVATION</B> = 0]]></description>
      <styleUrl>#area1</styleUrl>
      <Polygon>
        <altitudeMode>relativeToGround</altitudeMode>
        <extrude>1</extrude>
        <outerBoundaryIs>
          <LinearRing>
            <coordinates>
              -70.8207621553,-33.1215670997,0
              -70.8207357449,-33.1215674857,0
              -70.8207249478,-33.1210444167,0
              -70.8207513579,-33.1210440307,0
              -70.8207621553,-33.1215670997,0
            </coordinates>
          </LinearRing>
        </outerBoundaryIs>
      </Polygon>
    </Placemark>
    <Placemark>
      <description><![CDATA[LIMITES_TRACKER<BR><BR><B>ELEVATION</B> = 0]]></description>
      <styleUrl>#area1</styleUrl>
      <Polygon>
        <altitudeMode>relativeToGround</altitudeMode>
        <extrude>1</extrude>
        <outerBoundaryIs>
          <LinearRing>
            <coordinates>
              -70.8206879307,-33.1210449577,0
              -70.8206987277,-33.1215680267,0
              -70.8206723174,-33.1215684128,0
              -70.8206615206,-33.1210453437,0
              -70.8206879307,-33.1210449577,0
            </coordinates>
          </LinearRing>
        </outerBoundaryIs>
      </Polygon>
    </Placemark>
    <Placemark>
      <description><![CDATA[LIMITES_TRACKER<BR><BR><B>ELEVATION</B> = 0]]></description>
      <styleUrl>#area1</styleUrl>
      <Polygon>
        <altitudeMode>relativeToGround</altitudeMode>
        <extrude>1</extrude>
        <outerBoundaryIs>
          <LinearRing>
            <coordinates>
              -70.8188240089,-33.1198821238,0
              -70.8187975991,-33.1198825094,0
              -70.8187868141,-33.1193594397,0
              -70.8188132238,-33.1193590541,0
              -70.8188240089,-33.1198821238,0
            </coordinates>
          </LinearRing>
        </outerBoundaryIs>
      </Polygon>
    </Placemark>
    <Placemark>
      <description><![CDATA[LIMITES_TRACKER<BR><BR><B>ELEVATION</B> = 0]]></description>
      <styleUrl>#area1</styleUrl>
      <Polygon>
        <altitudeMode>relativeToGround</altitudeMode>
        <extrude>1</extrude>
        <outerBoundaryIs>
          <LinearRing>
            <coordinates>
              -70.8187497977,-33.1193599801,0
              -70.8187605825,-33.1198830498,0
              -70.8187341727,-33.1198834354,0
              -70.8187233881,-33.1193603657,0
              -70.8187497977,-33.1193599801,0
            </coordinates>
          </LinearRing>
        </outerBoundaryIs>
      </Polygon>
    </Placemark>
    <Placemark>
      <description><![CDATA[LIMITES_TRACKER<BR><BR><B>ELEVATION</B> = 0]]></description>
      <styleUrl>#area1</styleUrl>
      <Polygon>
        <altitudeMode>relativeToGround</altitudeMode>
        <extrude>1</extrude>
        <outerBoundaryIs>
          <LinearRing>
            <coordinates>
              -70.8151081938,-33.1181338922,0
              -70.8150817845,-33.1181342769,0
              -70.8150710222,-33.1176112060,0
              -70.8150974314,-33.1176108212,0
              -70.8151081938,-33.1181338922,0
            </coordinates>
          </LinearRing>
        </outerBoundaryIs>
      </Polygon>
    </Placemark>
    <Placemark>
      <description><![CDATA[LIMITES_TRACKER<BR><BR><B>ELEVATION</B> = 0]]></description>
      <styleUrl>#area1</styleUrl>
      <Polygon>
        <altitudeMode>relativeToGround</altitudeMode>
        <extrude>1</extrude>
        <outerBoundaryIs>
          <LinearRing>
            <coordinates>
              -70.8150340065,-33.1176117453,0
              -70.8150447685,-33.1181348163,0
              -70.8150183592,-33.1181352010,0
              -70.8150075973,-33.1176121301,0
              -70.8150340065,-33.1176117453,0
            </coordinates>
          </LinearRing>
        </outerBoundaryIs>
      </Polygon>
    </Placemark>
  </Folder>
</Document>
</kml>
