name,point,polyP1,polyP2,polyP3,polyP4,yaw,ancho
1,"-70.79842964554999,-33.110049066900004","-70.7984481794,-33.1103104145","-70.7984217721,-33.1103107957","-70.7984111118,-33.1097877193","-70.7984375189,-33.1097873381",180.97801624681642,0.002459916501777417
2,"-70.79836622545,-33.110049982325","-70.798374099,-33.1097882535","-70.7983847591,-33.11031133","-70.7983583518,-33.1103117111","-70.7983476919,-33.1097886347",180.977973465358,0.0024599163797018988
3,"-70.7984188934,-33.109521482575","-70.798437427,-33.1097828302","-70.7984110199,-33.1097832114","-70.7984003599,-33.1092601349","-70.7984267668,-33.1092597538",180.97799431787155,0.0024599125476658865
4,"-70.798355473675,-33.109522398","-70.7983633473,-33.1092606692","-70.7983740071,-33.1097837457","-70.7983476,-33.1097841268","-70.7983369403,-33.1092610503",180.97795611101756,0.0024599170820023644
5,"-70.79840759035,-33.108966850925","-70.7984261237,-33.1092281986","-70.7983997168,-33.1092285798","-70.7983890571,-33.1087055032","-70.7984154638,-33.1087051221",180.9779728274545,0.002459909445961788
6,"-70.79834417102501,-33.108967766325","-70.7983520447,-33.1087060375","-70.7983627042,-33.109229114","-70.7983362973,-33.1092294952","-70.7983256379,-33.1087064186",180.97793494449417,0.0024599140767677784
7,"-70.7983968388,-33.1084392665","-70.798415372,-33.1087006142","-70.7983889652,-33.1087009954","-70.7983783057,-33.1081779188","-70.7984047123,-33.1081775376",180.97796050867677,0.002459914995450121
8,"-70.79833341987501,-33.10844018185","-70.7983412936,-33.108178453","-70.7983519528,-33.1087015296","-70.7983255461,-33.1087019107","-70.798314887,-33.1081788341",180.97791301484995,0.0024599101224832024
9,"-70.7985564857,-33.110047236","-70.7985750199,-33.1103085836","-70.7985486126,-33.1103089648","-70.7985379516,-33.1097858884","-70.7985643587,-33.1097855072",180.97808035852668,0.0024599165530116212
10,"-70.798493065625,-33.110048151475","-70.7985009388,-33.1097864227","-70.7985115996,-33.1103094991","-70.7984851924,-33.1103098803","-70.7984745317,-33.1097868038",180.97804215781542,0.0024599117759227197
11,"-70.798545732825,-33.109519651700005","-70.7985642668,-33.1097809993","-70.7985378597,-33.1097813805","-70.7985271989,-33.1092583041","-70.7985536059,-33.1092579229",180.9780633296393,0.0024599173504524815
12,"-70.79848231310001,-33.10952056715","-70.7984901863,-33.1092588383","-70.7985008469,-33.1097819148","-70.7984744398,-33.109782296","-70.7984637794,-33.1092592195",180.97802526785142,0.0024599126690726435
13,"-70.79853442897499,-33.10896502005","-70.7985529627,-33.1092263677","-70.7985265558,-33.1092267489","-70.7985158953,-33.1087036724","-70.7985423021,-33.1087032912",180.97804183784646,0.0024599142500797344
14,"-70.79847100967501,-33.108965935499995","-70.798478883,-33.1087042067","-70.7984895432,-33.1092272832","-70.7984631363,-33.1092276643","-70.7984524762,-33.1087045878",180.97799891942094,0.0024599140328889746
15,"-70.79852367665,-33.10843743565","-70.7985422102,-33.1086987833","-70.7985158034,-33.1086991645","-70.7985051432,-33.108176088","-70.7985315498,-33.1081757068",180.97802480876211,0.002459915047361876
16,"-70.79846025775,-33.1084383511","-70.7984681311,-33.1081766222","-70.7984787911,-33.1086996988","-70.7984523843,-33.10870008","-70.7984417245,-33.1081770034",180.97798216593824,0.0024599150210710416
17,"-70.798683325875,-33.1100454049","-70.7987018604,-33.1103067525","-70.7986754532,-33.1103071337","-70.7986647914,-33.1097840573","-70.7986911985,-33.1097836761",180.97814905315025,0.00245991194725435
18,"-70.7986199058,-33.110046320449996","-70.7986277786,-33.1097845917","-70.7986384402,-33.110307668","-70.7986120329,-33.1103080492","-70.7986013715,-33.1097849729",180.97811135596982,0.0024599165779902433
19,"-70.798672572225,-33.10951782065","-70.7986911066,-33.1097791682","-70.7986646995,-33.1097795495","-70.7986540379,-33.1092564731","-70.7986804449,-33.1092560918",180.97813706087348,0.002459917594644815
20,"-70.798609152525,-33.1095187362","-70.7986170254,-33.1092570074","-70.7986276867,-33.1097800838","-70.7986012796,-33.109780465","-70.7985906184,-33.1092573886",180.97809414023976,0.0024599173767389853
21,"-70.798661267575,-33.10896318905","-70.7986798017,-33.1092245367","-70.7986533948,-33.1092249179","-70.7986427335,-33.1087018414","-70.7986691403,-33.1087014602",180.97811510796635,0.002459914301334993
22,"-70.798597848275,-33.10896410455","-70.7986057212,-33.1087023757","-70.7986163822,-33.1092254522","-70.7985899753,-33.1092258334","-70.7985793144,-33.1087027569",180.97807265011784,0.002459914275049064
23,"-70.7986505145,-33.108435604725","-70.7986690484,-33.1086969523","-70.7986426416,-33.1086973336","-70.7986319807,-33.1081742571","-70.7986583873,-33.1081738759",180.97808924731004,0.0024599151944161915
24,"-70.79858709557499,-33.108436520225","-70.7985949686,-33.1081747914","-70.7986056293,-33.1086978679","-70.7985792225,-33.1086982491","-70.7985685619,-33.1081751725",180.9780507141025,0.0024599196336482117
25,"-70.79881016600001,-33.1100435737","-70.798828701,-33.1103049212","-70.7988022937,-33.1103053025","-70.7987916311,-33.1097822262","-70.7988180382,-33.1097818449",180.9782275452293,0.0024599168464979593
26,"-70.79874674589999,-33.110044489325","-70.7987546183,-33.1097827605","-70.7987652807,-33.1103058369","-70.7987388734,-33.1103062181","-70.7987282112,-33.1097831418",180.97818476135095,0.002459916725053429
27,"-70.7987994116,-33.109515989475","-70.7988179463,-33.109777337","-70.7987915392,-33.1097777183","-70.798780877,-33.1092546419","-70.7988072839,-33.1092542607",180.9781964606965,0.002459912893692489
28,"-70.798735991925,-33.109516905075","-70.7987438644,-33.1092551763","-70.7987545265,-33.1097782526","-70.7987281194,-33.1097786339","-70.7987174574,-33.1092555575",180.97816773382482,0.00245991752379434
29,"-70.79878810615,-33.108961357925","-70.7988066407,-33.1092227055","-70.7987802337,-33.1092230868","-70.7987695717,-33.1087000103","-70.7987959785,-33.1086996291",180.97818411953384,0.0024599191034787955
30,"-70.798724686875,-33.108962273500005","-70.7987325594,-33.1087005447","-70.7987432212,-33.1092236211","-70.7987168143,-33.1092240023","-70.7987061526,-33.1087009259",180.97814610465943,0.0024599143263057174
31,"-70.79877735235,-33.108433773625","-70.7987958866,-33.1086951212","-70.7987694799,-33.1086955025","-70.7987588181,-33.108172426","-70.7987852248,-33.1081720448",180.97816251665537,0.00245991524569451
32,"-70.798713933425,-33.108434689149995","-70.798721806,-33.1081729603","-70.7987324675,-33.1086960368","-70.7987060608,-33.108696418","-70.7986953994,-33.1081733415",180.9781243151755,0.002459910467791873
33,"-70.79893700615,-33.110041742375","-70.7989555415,-33.1103030899","-70.7989291342,-33.1103034711","-70.7989184709,-33.1097803949","-70.798944878,-33.1097800136",180.97829151804447,0.0024599168026036332
34,"-70.798873586075,-33.11004265805","-70.7988814581,-33.1097809293","-70.7988921212,-33.1103040056","-70.798865714,-33.1103043868","-70.798855051,-33.1097813105",180.9782533166071,0.002459912024146726
35,"-70.798926251,-33.1095141582","-70.7989447861,-33.1097755057","-70.798918379,-33.109775887","-70.798907716,-33.1092528107","-70.7989341229,-33.1092524294",180.9782700535707,0.0024599130394286914
36,"-70.7988628313,-33.10951507385","-70.7988707034,-33.109253345","-70.7988813662,-33.1097764214","-70.7988549591,-33.1097768027","-70.7988442965,-33.1092537263",180.97822740887005,0.0024599130151231486
37,"-70.79891494475,-33.108959526675","-70.7989334796,-33.1092208742","-70.7989070727,-33.1092212555","-70.79889641,-33.1086981791","-70.7989228167,-33.1086977979",180.9782484259186,0.0024599098425692263
38,"-70.798851525475,-33.1089604423","-70.7988593976,-33.1086987135","-70.7988700602,-33.1092217899","-70.7988436532,-33.1092221711","-70.7988329909,-33.1086990947",180.97821021802818,0.0024599143781937503
39,"-70.798904190175,-33.1084319424","-70.7989227248,-33.10869329","-70.7988963181,-33.1086936712","-70.7988856556,-33.1081705948","-70.7989120622,-33.1081702136",180.97823107244247,0.002459910544014973
40,"-70.798840771275,-33.108432858025","-70.7988486435,-33.1081711292","-70.7988593057,-33.1086942056","-70.798832899,-33.1086945869","-70.7988222369,-33.1081715104",180.97818875273646,0.002459910614852045
41,"-70.79906384625,-33.1100399109","-70.799082382,-33.1103012584","-70.7990559747,-33.1103016397","-70.7990453106,-33.1097785634","-70.7990717177,-33.1097781821",180.97836492446453,0.0024599169496764516
42,"-70.79900042622499,-33.11004082665","-70.7990082979,-33.1097790979","-70.7990189617,-33.1103021741","-70.7989925545,-33.1103025554","-70.7989818908,-33.1097794792",180.97831807749014,0.002459912267695286
43,"-70.799053090325,-33.1095123268","-70.7990716258,-33.1097736743","-70.7990452187,-33.1097740556","-70.7990345549,-33.1092509793","-70.7990609619,-33.109250598",180.97833874092376,0.0024599177470939777
44,"-70.7989896707,-33.1095132425","-70.7989975424,-33.1092515137","-70.799008206,-33.10977459","-70.7989817989,-33.1097749713","-70.7989711355,-33.109251895",180.97830086297725,0.002459913065720739
45,"-70.79904178334999,-33.1089576953","-70.7990603186,-33.1092190428","-70.7990339117,-33.1092194241","-70.7990232482,-33.1086963478","-70.7990496549,-33.1086959665",180.97832201928972,0.002459909990292301
46,"-70.79897836405,-33.108958611","-70.7989862358,-33.1086968822","-70.7989968991,-33.1092199585","-70.7989704922,-33.1092203398","-70.7989598291,-33.1086972635",180.97827956136732,0.002459909964662532
47,"-70.799031027975,-33.10843011105","-70.799049563,-33.1086914586","-70.7990231563,-33.1086918399","-70.799012493,-33.1081687635","-70.7990388996,-33.1081683822",180.9783048040245,0.00245991078755227
48,"-70.79896760907499,-33.10843102675","-70.7989754809,-33.1081692979","-70.7989861439,-33.1086923743","-70.7989597372,-33.1086927556","-70.7989490743,-33.1081696792",180.97826234555436,0.0024599107619366263
49,"-70.7991906864,-33.11003807935","-70.7992092225,-33.1102994268","-70.7991828152,-33.1102998081","-70.7991721504,-33.1097767319","-70.7991985575,-33.1097763506",180.9784292229754,0.002459917000949256
50,"-70.799127266325,-33.11003899515","-70.7991351376,-33.1097772664","-70.7991458022,-33.1103003426","-70.799119395,-33.1103007239","-70.7991087305,-33.1097776477",180.97839134512287,0.0024599123189597873
51,"-70.799179929725,-33.1095104952","-70.7991984656,-33.1097718427","-70.7991720585,-33.109772224","-70.7991613939,-33.1092491477","-70.7991878009,-33.1092487664",180.9784120099998,0.002459917799022062
52,"-70.799116510025,-33.109511411","-70.7991243814,-33.1092496822","-70.7991350457,-33.1097727585","-70.7991086386,-33.1097731398","-70.7990979744,-33.1092500635",180.97836954992272,0.002459917773388872
53,"-70.799168621875,-33.1089558638","-70.7991871575,-33.1092172113","-70.7991607506,-33.1092175926","-70.7991500863,-33.1086945163","-70.7991764931,-33.108694135",180.97839070704632,0.0024599146979887247
54,"-70.79910520257499,-33.10895677955","-70.799113074,-33.1086950507","-70.799123738,-33.1092181271","-70.7990973311,-33.1092185084","-70.7990866672,-33.108695432",180.9783480614936,0.0024599146723575083
55,"-70.7991578658,-33.108428279575","-70.7991764012,-33.1086896271","-70.7991499944,-33.1086900084","-70.7991393305,-33.1081669321","-70.7991657371,-33.1081665507",180.97836466080102,0.0024599155910950835
56,"-70.799094446875,-33.10842919535","-70.7991023184,-33.1081674665","-70.7991129821,-33.1086905429","-70.7990865753,-33.1086909242","-70.7990759117,-33.1081678478",180.9783264521451,0.0024599201260778122
57,"-70.799317526475,-33.1100362476","-70.7993360629,-33.110297595","-70.7993096557,-33.1102979764","-70.7992989901,-33.1097749002","-70.7993253972,-33.1097745188",180.9784983792469,0.0024599125868854316
58,"-70.7992541064,-33.110037163475","-70.7992619773,-33.1097754347","-70.7992726427,-33.1102985109","-70.7992462354,-33.1102988922","-70.7992355702,-33.1097758161",180.9784603566983,0.0024599171224192412
59,"-70.79930676905,-33.109508663525006","-70.7993253053,-33.109770011","-70.7992988982,-33.1097703923","-70.7992882329,-33.1092473161","-70.7993146398,-33.1092469347",180.97848102835897,0.0024599132897268924
60,"-70.79924334935001,-33.109509579375","-70.7992512203,-33.1092478506","-70.7992618854,-33.1097709268","-70.7992354783,-33.1097713082","-70.7992248134,-33.1092482319",180.97843856901184,0.0024599132634304955
61,"-70.799295460425,-33.108954032125","-70.7993139964,-33.1092153796","-70.7992875895,-33.1092157609","-70.7992769245,-33.1086926847","-70.7993033313,-33.1086923033",180.97845514465317,0.0024599148444352497
62,"-70.799232041175,-33.108954947975","-70.7992399122,-33.1086932192","-70.799250577,-33.1092162954","-70.7992241701,-33.1092166768","-70.7992135054,-33.1086936005",180.9784218411186,0.0024599148181397423
63,"-70.7992847036,-33.108426447975006","-70.7993032394,-33.1086877955","-70.7992768326,-33.1086881768","-70.7992661679,-33.1081651005","-70.7992925745,-33.1081647191",180.97843793135422,0.002459915642352486
64,"-70.79922128470001,-33.1084273638","-70.7992291558,-33.108165635","-70.7992398203,-33.1086887113","-70.7992134135,-33.1086890926","-70.7992027492,-33.1081660163",180.97839533254034,0.0024599155208854338
65,"-70.79944436657499,-33.11003441575","-70.7994629034,-33.1102957631","-70.7994364962,-33.1102961445","-70.7994258298,-33.1097730684","-70.7994522369,-33.109772687",180.97857183464268,0.002459912638159719
66,"-70.79938094655,-33.110035331700004","-70.7993888171,-33.1097736029","-70.7993994832,-33.1102966791","-70.7993730759,-33.1102970605","-70.79936241,-33.1097739843",180.97852460531345,0.002459917269532366
67,"-70.79943360840001,-33.1095068317","-70.799452145,-33.1097681791","-70.7994257379,-33.1097685605","-70.7994150719,-33.1092454843","-70.7994414788,-33.1092451029",180.97854546498735,0.0024599134375021554
68,"-70.799370188725,-33.10950774765","-70.7993780593,-33.1092460189","-70.7993887251,-33.1097690951","-70.7993623181,-33.1097694764","-70.7993516524,-33.1092464002",180.97850712300863,0.002459908563143864
69,"-70.79942229894999,-33.108952200375","-70.7994408353,-33.1092135478","-70.7994144284,-33.1092139292","-70.7994037627,-33.1086908529","-70.7994301694,-33.1086904716",180.97852383957752,0.0024599102399323045
70,"-70.79935887972499,-33.108953116275","-70.7993667504,-33.1086913875","-70.7993774159,-33.1092144637","-70.799351009,-33.1092148451","-70.7993403436,-33.1086917688",180.97848595391656,0.002459914870069473
71,"-70.79941154137501,-33.10842461625","-70.7994300775,-33.1086859637","-70.7994036708,-33.1086863451","-70.7993930053,-33.1081632688","-70.7994194119,-33.1081628874",180.9785069505628,0.0024599111330269327
72,"-70.799348122475,-33.1084255321","-70.7993559932,-33.1081638033","-70.7993666584,-33.1086868796","-70.7993402517,-33.1086872609","-70.7993295866,-33.1081641846",180.97846402804083,0.0024599109157111628
73,"-70.799571206625,-33.110032583750005","-70.7995897438,-33.1102939311","-70.7995633366,-33.1102943125","-70.7995526695,-33.1097712364","-70.7995790766,-33.109770855",180.97863594641032,0.0024599126894382017
74,"-70.799507786625,-33.110033499749996","-70.7995156568,-33.109771771","-70.7995263236,-33.1102948471","-70.7994999164,-33.1102952285","-70.7994892497,-33.1097721524",180.97859348510613,0.002459912664460656
75,"-70.7995604477,-33.109504999775","-70.7995789847,-33.1097663471","-70.7995525776,-33.1097667286","-70.7995419108,-33.1092436524","-70.7995683177,-33.109243271",180.97861905860177,0.0024599135839819333
76,"-70.79949702805,-33.1095059158","-70.7995048983,-33.109244187","-70.7995155648,-33.1097672632","-70.7994891578,-33.1097676446","-70.7994784913,-33.1092445684",180.97857627334497,0.002459913463165816
77,"-70.799549137475,-33.1089503685","-70.7995676742,-33.1092117159","-70.7995412673,-33.1092120973","-70.7995306008,-33.1086890211","-70.7995570076,-33.1086886397",180.978592851854,0.002459915043480407
78,"-70.79948571825,-33.1089512844","-70.7994935885,-33.1086895556","-70.7995042548,-33.1092126318","-70.7994778479,-33.1092130132","-70.7994671818,-33.108689937",180.97855497173524,0.00245991036141103
79,"-70.79953837915,-33.108422784374994","-70.7995569157,-33.1086841318","-70.7995305089,-33.1086845132","-70.7995198427,-33.1081614369","-70.7995462493,-33.1081610556",180.97857550157735,0.002459915744230234
80,"-70.79947496025,-33.108423700325005","-70.7994828306,-33.1081619715","-70.7994934966,-33.1086850478","-70.7994670898,-33.1086854291","-70.799456424,-33.1081623529",180.97853303971232,0.0024599157185940888
81,"-70.799668622775,-33.110752811850006","-70.7996871605,-33.1110141591","-70.7996607531,-33.1110145406","-70.7996500851,-33.1104914646","-70.7996764924,-33.1104910831",180.97871099276165,0.0024599113467753107
82,"-70.79960520224999,-33.110753727925","-70.7996130721,-33.1104919992","-70.7996237398,-33.1110150752","-70.7995973323,-33.1110154567","-70.7995866648,-33.1104923806",180.9786636261847,0.0024599158815774612
83,"-70.799687287025,-33.109503167725","-70.7997058244,-33.1097645151","-70.7996794173,-33.1097648965","-70.7996687497,-33.1092418204","-70.7996951567,-33.1092414389",180.9786877448204,0.0024599182910104217
84,"-70.79962386735,-33.109504083750004","-70.7996317372,-33.109242355","-70.7996424045,-33.1097654311","-70.7996159974,-33.1097658125","-70.7996053303,-33.1092427364",180.97864057189287,0.0024599135144169563
85,"-70.799675976,-33.108948536425004","-70.7996945131,-33.1092098838","-70.7996681062,-33.1092102652","-70.799657439,-33.1086871891","-70.7996838457,-33.1086868076",180.97866186954465,0.002459910533529488
86,"-70.799612556775,-33.108949452475","-70.7996204267,-33.1086877237","-70.7996310937,-33.1092107998","-70.7996046868,-33.1092111813","-70.7995940199,-33.1086881051",180.97862398299972,0.002459915164978733
87,"-70.7996652169,-33.108420952399996","-70.7996837538,-33.1086822998","-70.799657347,-33.1086826812","-70.7996466801,-33.108159605","-70.7996730867,-33.1081592236",180.978639937856,0.002459915892007691
88,"-70.799601798025,-33.1084218684","-70.799609668,-33.1081601396","-70.7996203347,-33.1086832158","-70.799593928,-33.1086835972","-70.7995832614,-33.108160521",180.97860205739755,0.002459911209935688
89,"-70.799795463925,-33.110750979625","-70.799814002,-33.1110123269","-70.7997875946,-33.1110127083","-70.7997769259,-33.1104896324","-70.7998033332,-33.1104892509",180.9787749674896,0.002459911302188266
90,"-70.79973204334999,-33.11075189575","-70.7997399128,-33.110490167","-70.7997505813,-33.111013243","-70.7997241738,-33.1110136245","-70.7997135055,-33.1104905485",180.9787372182987,0.002459916029390184
91,"-70.799814126325,-33.109501335524996","-70.799832664,-33.1097626828","-70.799806257,-33.1097630643","-70.7997955887,-33.1092399882","-70.7998219956,-33.1092396068",180.97875205085194,0.002459909030160315
92,"-70.79975070665,-33.10950225165","-70.7997585761,-33.1092405229","-70.7997692442,-33.109763599","-70.7997428371,-33.1097639804","-70.7997321692,-33.1092409043",180.97871384000283,0.0024599135650355203
93,"-70.7998028145,-33.108946704275","-70.799821352,-33.1092080516","-70.7997949451,-33.1092084331","-70.7997842771,-33.1086853569","-70.7998106838,-33.1086849755",180.9787351384857,0.0024599105848098425
94,"-70.799739395275,-33.108947620375005","-70.7997472648,-33.1086858916","-70.7997579326,-33.1092089677","-70.7997315257,-33.1092093492","-70.799720858,-33.108686273",180.9786972521473,0.002459915216271564
95,"-70.799792054625,-33.108419120275","-70.7998105919,-33.1086804676","-70.7997841852,-33.1086808491","-70.7997735174,-33.1081577729","-70.799799924,-33.1081573915",180.9787181135221,0.0024599113827117013
96,"-70.79972863575,-33.108420036325","-70.7997365053,-33.1081583075","-70.7997471729,-33.1086813837","-70.7997207661,-33.1086817651","-70.7997100987,-33.108158689",180.97868022719666,0.0024599160135136606
97,"-70.799922305,-33.110749147250004","-70.7999408435,-33.1110104945","-70.799914436,-33.111010876","-70.7999037666,-33.1104878","-70.7999301739,-33.1104874185",180.97884379108353,0.002459916105662408
98,"-70.799858884425,-33.11075006345","-70.7998667535,-33.1104883347","-70.7998774227,-33.1110114107","-70.7998510153,-33.1110117922","-70.7998403462,-33.1104887162",180.97880591142177,0.0024599114237062857
99,"-70.7999409656,-33.1094995032","-70.7999595037,-33.1097608505","-70.7999330966,-33.109761232","-70.7999224276,-33.1092381559","-70.7999488345,-33.1092377744",180.97882087595084,0.002459913833689863
100,"-70.79987754595001,-33.109500419375","-70.799885415,-33.1092386906","-70.7998960839,-33.1097617667","-70.7998696768,-33.1097621481","-70.7998590081,-33.1092390721",180.97878743199738,0.002459913712193752
101,"-70.799929653025,-33.108944871999995","-70.7999481909,-33.1092062193","-70.799921784,-33.1092066008","-70.7999111152,-33.1086835247","-70.799937522,-33.1086831432",180.97880415137942,0.0024599153877324685
102,"-70.79986623375,-33.10894578815","-70.7998741029,-33.1086840594","-70.7998847714,-33.1092071355","-70.7998583645,-33.1092075169","-70.7998476962,-33.1086844408",180.97875665199712,0.00245991051524697
103,"-70.799918892375,-33.108417288","-70.79993743,-33.1086786353","-70.7999110233,-33.1086790168","-70.7999003548,-33.1081559407","-70.7999267614,-33.1081555592",180.97878255101213,0.002459911529860862
104,"-70.7998554735,-33.10841820415","-70.7998633427,-33.1081564753","-70.799874011,-33.1086795515","-70.7998476042,-33.108679933","-70.7998369361,-33.1081568568",180.9787444775439,0.002459916160653154
105,"-70.800049146075,-33.11074731475","-70.8000676849,-33.1110086619","-70.8000412775,-33.1110090435","-70.8000306073,-33.1104859676","-70.8000570146,-33.110485586",180.978913133603,0.0024599116924148247
106,"-70.7999857255,-33.110748231","-70.7999935942,-33.1104865023","-70.8000042642,-33.1110095782","-70.7999778567,-33.1110099597","-70.7999671869,-33.1104868838",180.9788747824786,0.0024599161313093795
107,"-70.80006780490001,-33.10949767075","-70.8000863434,-33.109759018","-70.8000599363,-33.1097593995","-70.8000492665,-33.1092363235","-70.8000756734,-33.109235942",180.97889433129734,0.0024599138849867243
108,"-70.80000438522501,-33.10949858695","-70.8000122539,-33.1092368582","-70.8000229235,-33.1097599342","-70.7999965165,-33.1097603157","-70.799985847,-33.1092372397",180.9788564506179,0.00245990920230382
109,"-70.800056491475,-33.108943039574996","-70.8000750297,-33.1092043868","-70.8000486228,-33.1092047684","-70.8000379533,-33.1086816923","-70.8000643601,-33.1086813108",180.97886858908302,0.0024599155349053015
110,"-70.79999307225,-33.1089439558","-70.800000941,-33.108682227","-70.8000116103,-33.1092053031","-70.7999852034,-33.1092056846","-70.7999745343,-33.1086826085",180.97883038339134,0.0024599107575971643
111,"-70.800045730075,-33.108415455599996","-70.8000642681,-33.1086768029","-70.8000378614,-33.1086771844","-70.8000271921,-33.1081541083","-70.8000535987,-33.1081537268",180.97885582042338,0.0024599115811541586
112,"-70.79998231125,-33.108416371800004","-70.7999901801,-33.108154643","-70.8000008491,-33.1086777191","-70.7999744423,-33.1086781006","-70.7999637735,-33.1081550245",180.97880877747093,0.0024599162119451497
113,"-70.8001759871,-33.110745482125","-70.8001945263,-33.1110068293","-70.8001681189,-33.1110072108","-70.800157448,-33.110484135","-70.8001838552,-33.1104837534",180.97898168886383,0.002459906992151018
114,"-70.800112566575,-33.11074639845","-70.8001204349,-33.1104846697","-70.8001311056,-33.1110077456","-70.8001046982,-33.1110081272","-70.8000940276,-33.1104850513",180.97894393905494,0.002459911718076772
115,"-70.80020540687501,-33.110023421975","-70.8002239459,-33.1102847692","-70.8001975387,-33.1102851507","-70.8001868679,-33.1097620748","-70.800213275,-33.1097616932",180.97897579279143,0.002459913234165616
116,"-70.80014198685001,-33.1100243383","-70.8001498551,-33.1097626096","-70.8001605257,-33.1102856855","-70.8001341185,-33.110286067","-70.8001234481,-33.1097629911",180.97893777334266,0.0024599084562425067
117,"-70.80019464415,-33.10949583815","-70.800213183,-33.1097571854","-70.8001867759,-33.1097575669","-70.8001761054,-33.1092344909","-70.8002025123,-33.1092341094",180.97895844409499,0.0024599139362809688
118,"-70.8001312245,-33.10949675445001","-70.8001390928,-33.1092350257","-70.8001497632,-33.1097581017","-70.8001233561,-33.1097584832","-70.8001126859,-33.1092354072",180.978925137566,0.002459913909965331
119,"-70.800183329975,-33.108941207049995","-70.8002018686,-33.1092025543","-70.8001754617,-33.1092029358","-70.8001647914,-33.1086798598","-70.8001911982,-33.1086794783",180.9789417209184,0.002459915491635269
120,"-70.800119910725,-33.108942123325","-70.8001277791,-33.1086803945","-70.8001384492,-33.1092034706","-70.8001120422,-33.1092038521","-70.8001013724,-33.1086807761",180.97889939587995,0.002459915561853158
121,"-70.800172567825,-33.108413623125","-70.8001911062,-33.1086749704","-70.8001646995,-33.1086753519","-70.8001540295,-33.1081522759","-70.8001804361,-33.1081518943",180.97892025848057,0.0024599117283204044
122,"-70.80010914895,-33.1084145394","-70.8001170174,-33.1081528106","-70.8001276872,-33.1086758867","-70.8001012804,-33.1086762682","-70.8000906108,-33.1081531921",180.97888204646898,0.0024599162632317293
123,"-70.80030282815,-33.110743649374996","-70.8003213678,-33.1110049965","-70.8002949603,-33.1110053781","-70.8002842886,-33.1104823022","-70.8003106959,-33.1104819207",180.97905494926812,0.002459916355439045
124,"-70.80023940765001,-33.11074456577499","-70.8002472756,-33.1104828371","-70.8002579471,-33.1110059129","-70.8002315396,-33.1110062945","-70.8002208683,-33.1104832186",180.97901248561902,0.002459916329133002
125,"-70.800332246875,-33.11002158925","-70.8003507863,-33.1102829364","-70.8003243791,-33.110283318","-70.8003137075,-33.1097602421","-70.8003401146,-33.1097598605",180.97904938538534,0.0024599133813558095
126,"-70.800268826875,-33.1100225056","-70.8002766948,-33.1097607769","-70.8002873661,-33.1102838528","-70.8002609589,-33.1102842343","-70.8002502877,-33.1097611584",180.97900645994065,0.0024599131639172996
127,"-70.8003214834,-33.10949400545","-70.8003400226,-33.1097553526","-70.8003136156,-33.1097557342","-70.8003029442,-33.1092326583","-70.8003293512,-33.1092322767",180.9790323622458,0.0024599141793883424
128,"-70.80025806375001,-33.109494921825004","-70.8002659317,-33.1092331931","-70.8002766028,-33.109756269","-70.8002501957,-33.1097566506","-70.8002395248,-33.1092335746",180.97898957451565,0.0024599140571446875
129,"-70.8003101684,-33.108939374375","-70.8003287074,-33.1092007216","-70.8003023005,-33.1092011031","-70.8002916295,-33.1086780272","-70.8003180362,-33.1086776456",180.97901073984374,0.002459910982387823
130,"-70.80024674917499,-33.1089402907","-70.8002546172,-33.1086785619","-70.800265288,-33.1092016379","-70.8002388811,-33.1092020195","-70.8002282104,-33.1086789435",180.97897298898715,0.0024599157090657514
131,"-70.8002994055,-33.1084117905","-70.8003179443,-33.1086731377","-70.8002915375,-33.1086735193","-70.8002808668,-33.1081504433","-70.8003072734,-33.1081500617",180.97898927243827,0.0024599165319387868
132,"-70.800235986625,-33.108412706825","-70.8002438547,-33.108150978","-70.8002545252,-33.1086740541","-70.8002281185,-33.1086744356","-70.8002174481,-33.1081513596",180.97895106534375,0.002459911753980069
133,"-70.8004296692,-33.110741816499996","-70.8004482092,-33.1110031636","-70.8004218017,-33.1110035452","-70.8004111293,-33.1104804694","-70.8004375366,-33.1104800878",180.97911938573233,0.0024599165026347614
134,"-70.800366248675,-33.110742732925","-70.8003741162,-33.1104810042","-70.8003847885,-33.1110040801","-70.800358381,-33.1110044616","-70.800347709,-33.1104813858",180.97908117871913,0.0024599117254151615
135,"-70.80045908687501,-33.11001975635","-70.8004776267,-33.1102811035","-70.8004512195,-33.1102814851","-70.8004405471,-33.1097584092","-70.8004669542,-33.1097580276",180.97912265468767,0.002459913432652644
136,"-70.80039566687499,-33.1100206728","-70.8004035344,-33.1097589441","-70.8004142065,-33.1102820199","-70.8003877993,-33.1102824015","-70.8003771273,-33.1097593257",180.97908037667833,0.00245991340700082
137,"-70.800448322625,-33.109492172624996","-70.8004668622,-33.1097535197","-70.8004404552,-33.1097539014","-70.8004297831,-33.1092308255","-70.80045619,-33.1092304439",180.9791013801325,0.0024599096701873793
138,"-70.80038490302499,-33.10949308905","-70.8003927706,-33.1092313603","-70.8004034424,-33.1097544362","-70.8003770354,-33.1097548178","-70.8003663637,-33.1092317419",180.97905859259188,0.0024599095486269153
139,"-70.80043700684999,-33.10893754155","-70.8004555462,-33.1091988887","-70.8004291393,-33.1091992703","-70.8004184676,-33.1086761944","-70.8004448743,-33.1086758128",180.9790751769749,0.0024599111295717387
140,"-70.800373587625,-33.108938457975","-70.8003814553,-33.1086767292","-70.8003921268,-33.1091998052","-70.8003657199,-33.1092001867","-70.8003550485,-33.1086771108",180.97903696464664,0.0024599156644710884
141,"-70.800426243175,-33.1084099577","-70.8004447823,-33.1086713049","-70.8004183756,-33.1086716865","-70.8004077041,-33.1081486105","-70.8004341107,-33.1081482289",180.97905796782035,0.0024599119268159707
142,"-70.80036282435,-33.1084108741","-70.800370692,-33.1081491453","-70.8003813633,-33.1086722213","-70.8003549566,-33.1086726029","-70.8003442855,-33.1081495269",180.9790200848546,0.002459907244705257
143,"-70.80055651020001,-33.110739983475","-70.8005750506,-33.1110013305","-70.8005486431,-33.1110017122","-70.8005379699,-33.1104786364","-70.8005643772,-33.1104782548",180.97919297721157,0.0024599166498596404
144,"-70.80049308969998,-33.1107409","-70.8005009569,-33.1104791713","-70.8005116299,-33.1110022471","-70.8004852224,-33.1110026287","-70.8004745496,-33.1104795529",180.9791501899097,0.0024599165282955375
145,"-70.800585926875,-33.11001792335","-70.8006044671,-33.1102792704","-70.8005780598,-33.1102796521","-70.8005673868,-33.1097565763","-70.8005937938,-33.1097561946",180.97918741559417,0.0024599136757574623
146,"-70.800522506875,-33.110018839875","-70.800530374,-33.1097571111","-70.8005410469,-33.110280187","-70.8005146397,-33.1102805686","-70.8005039669,-33.1097574928",180.9791537820732,0.002459913554214704
147,"-70.800575161875,-33.109490339625","-70.8005937018,-33.1097516867","-70.8005672948,-33.1097520684","-70.800556622,-33.1092289925","-70.8005830289,-33.1092286109",180.9791654935556,0.0024599097208378206
148,"-70.80051174225,-33.109491256149994","-70.8005196095,-33.1092295274","-70.800530282,-33.1097526033","-70.800503875,-33.1097529849","-70.8004932025,-33.109229909",180.97912728014666,0.002459914256334077
149,"-70.80056384527501,-33.10893570865","-70.800582385,-33.1091970558","-70.8005559781,-33.1091974374","-70.8005453056,-33.1086743615","-70.8005717124,-33.1086739799",180.9791438642491,0.0024599158373072873
150,"-70.80050042605,-33.1089366251","-70.8005082933,-33.1086748963","-70.8005189656,-33.1091979723","-70.8004925587,-33.1091983539","-70.8004818866,-33.1086752779",180.97910579574807,0.0024599111552156654
151,"-70.80055308085,-33.108408124825","-70.8005716204,-33.108669472","-70.8005452136,-33.1086698536","-70.8005345414,-33.1081467777","-70.800560948,-33.108146396",180.97912697998476,0.0024599167304528223
152,"-70.800489662025,-33.1084090413","-70.8004975293,-33.1081473125","-70.8005082014,-33.1086703885","-70.8004817946,-33.1086707701","-70.8004711228,-33.1081476941",180.97908877207058,0.0024599119524234565
153,"-70.80068335125,-33.110738150325","-70.800701892,-33.1109994974","-70.8006754845,-33.110999879","-70.8006648106,-33.1104768033","-70.8006912179,-33.1104764216",180.9792570903148,0.0024599167011719143
154,"-70.80061993072499,-33.110739066925","-70.8006277975,-33.1104773382","-70.8006384713,-33.111000414","-70.8006120638,-33.1110007956","-70.8006013903,-33.1104777199",180.97921920642113,0.002459912019170212
155,"-70.80071276685,-33.110016090200006","-70.8007313074,-33.1102774373","-70.8007049002,-33.1102778189","-70.8006942264,-33.1097547431","-70.8007206334,-33.1097543615",180.9792556469367,0.0024599088788929213
156,"-70.80064934685001,-33.1100170068","-70.8006572136,-33.1097552781","-70.8006678872,-33.1102783539","-70.80064148,-33.1102787355","-70.8006308066,-33.1097556597",180.97921318187082,0.0024599088538986447
157,"-70.800702001075,-33.109488506549994","-70.8007205414,-33.1097498536","-70.8006941344,-33.1097502353","-70.8006834608,-33.1092271595","-70.8007098677,-33.1092267778",180.9792390866636,0.002459909868061747
158,"-70.800638581475,-33.1094894231","-70.8006464483,-33.1092276944","-70.8006571216,-33.1097507702","-70.8006307146,-33.1097511518","-70.8006200414,-33.109228076",180.97919615994948,0.00245990965123618
159,"-70.8006906837,-33.108933875575","-70.8007092238,-33.1091952227","-70.8006828169,-33.1091956043","-70.8006721437,-33.1086725285","-70.8006985504,-33.1086721468",180.97921288377577,0.0024599113280962164
160,"-70.800627264475,-33.108934792125","-70.8006351314,-33.1086730634","-70.8006458044,-33.1091961392","-70.8006193975,-33.1091965209","-70.8006087246,-33.108673445",180.97917499455525,0.0024599159588766387
161,"-70.800679918525,-33.1084062918","-70.8006984584,-33.1086676389","-70.8006720517,-33.1086680206","-70.8006613787,-33.1081449447","-70.8006877853,-33.108144563",180.97919599931828,0.0024599122212390885
162,"-70.8006164997,-33.10840720835","-70.8006243666,-33.1081454796","-70.8006350394,-33.1086685555","-70.8006086327,-33.1086689371","-70.8005979601,-33.1081458612",180.9791576538823,0.002459907347297778
163,"-70.80081019225,-33.1107363171","-70.8008287334,-33.1109976641","-70.8008023259,-33.1109980458","-70.8007916512,-33.1104749701","-70.8008180585,-33.1104745884",180.97933068123348,0.0024599168484023795
164,"-70.80074677175,-33.1107372337","-70.8007546382,-33.110475505","-70.8007653127,-33.1109985807","-70.8007389052,-33.1109989624","-70.8007282309,-33.1104758867",180.97928821706012,0.0024599168220839347
165,"-70.800839606775,-33.110014256925005","-70.8008581477,-33.110275604","-70.8008317405,-33.1102759856","-70.8008210659,-33.1097529099","-70.800847473,-33.1097525282",180.9793246579311,0.002459913682500216
166,"-70.80077618685,-33.110015173575","-70.8007840532,-33.1097534449","-70.8007947276,-33.1102765206","-70.8007683204,-33.1102769023","-70.8007576462,-33.1097538265",180.9792867747123,0.0024599090011210275
167,"-70.800828840275,-33.109486673325","-70.800847381,-33.1097480204","-70.800820974,-33.109748402","-70.8008102996,-33.1092253263","-70.8008367065,-33.1092249446",180.9793122181125,0.0024599098234566624
168,"-70.80076542067499,-33.10948758995001","-70.8007732871,-33.1092258612","-70.8007839612,-33.109748937","-70.8007575542,-33.1097493187","-70.8007468802,-33.1092262429",180.97926989091332,0.002459909894372095
169,"-70.8008175221,-33.108932042375","-70.8008360626,-33.1091933895","-70.8008096557,-33.1091937711","-70.8007989817,-33.1086706953","-70.8008253884,-33.1086703136",180.97928615279298,0.002459911379406084
170,"-70.8007541029,-33.108932958975004","-70.8007619694,-33.1086712302","-70.8007726432,-33.1091943061","-70.8007462363,-33.1091946877","-70.8007355627,-33.1086716119",180.9792436885253,0.0024599113537443354
171,"-70.800806756175,-33.10840445865","-70.8008252964,-33.1086658058","-70.8007988897,-33.1086661874","-70.800788216,-33.1081431115","-70.8008146226,-33.1081427299",180.9792596501201,0.0024599120807135243
172,"-70.800743337325,-33.10840537525","-70.8007512039,-33.1081436465","-70.8007618774,-33.1086667224","-70.8007354707,-33.108667104","-70.8007247973,-33.1081440281",180.97922634113542,0.002459912055065911
173,"-70.800937033225,-33.11073448365","-70.8009555747,-33.1109958306","-70.8009291673,-33.1109962123","-70.8009184918,-33.1104731367","-70.8009448991,-33.110472755",180.97939956112444,0.0024599122434122364
174,"-70.800873612725,-33.1107354004","-70.8008814788,-33.1104736717","-70.800892154,-33.1109967474","-70.8008657466,-33.1109971291","-70.8008550715,-33.1104740534",180.9793569096263,0.002459912217744516
175,"-70.800966446775,-33.110012423549996","-70.8009849881,-33.1102737705","-70.8009585809,-33.1102741523","-70.8009479055,-33.1097510766","-70.8009743126,-33.1097506948",180.9793987128355,0.002459914021610029
176,"-70.800903026775,-33.110013340275","-70.8009108928,-33.1097516116","-70.8009215679,-33.1102746873","-70.8008951607,-33.110275069","-70.8008844857,-33.1097519932",180.9793554613244,0.0024599137088195337
177,"-70.80095567949999,-33.10948483995","-70.8009742206,-33.109746187","-70.8009478135,-33.1097465687","-70.8009371385,-33.1092234929","-70.8009635454,-33.1092231112",180.97937188692433,0.002459914627059248
178,"-70.8008922599,-33.10948575665","-70.800900126,-33.1092240279","-70.8009108008,-33.1097471037","-70.8008843937,-33.1097474854","-70.8008737191,-33.1092244096",180.97932942168757,0.002459914602069461
179,"-70.800944360525,-33.10893020905","-70.8009629014,-33.1091915561","-70.8009364945,-33.1091919378","-70.8009258197,-33.108668862","-70.8009522265,-33.1086684803",180.979355164609,0.0024599161830699086
180,"-70.800880941325,-33.108931125750004","-70.8008888075,-33.108669397","-70.800899482,-33.1091924728","-70.8008730751,-33.1091928545","-70.8008624007,-33.1086697787",180.97931269995638,0.002459916157412129
181,"-70.80093359380001,-33.108402625349996","-70.8009521345,-33.1086639724","-70.8009257277,-33.1086643541","-70.8009150532,-33.1081412783","-70.8009414598,-33.1081408966",180.97933814332765,0.0024599169796375333
182,"-70.800870175,-33.108403542025","-70.8008780412,-33.1081418133","-70.8008887155,-33.1086648891","-70.8008623087,-33.1086652708","-70.8008516346,-33.1081421949",180.9792953535458,0.0024599168580645577
183,"-70.8010638742,-33.11073265015","-70.8010824161,-33.1109939971","-70.8010560086,-33.1109943788","-70.8010453324,-33.1104713032","-70.8010717397,-33.1104709215",180.97946824815352,0.002459916951699668
184,"-70.801000453725,-33.110733566925","-70.8010083194,-33.1104718382","-70.8010189954,-33.1109949139","-70.800992588,-33.1109952956","-70.8009819121,-33.11047222",180.9794305007082,0.0024599123650071537
185,"-70.8010932867,-33.110010590025","-70.8011118284,-33.110271937","-70.8010854212,-33.1102723187","-70.8010747451,-33.1097492431","-70.8011011521,-33.1097488613",180.97946726934228,0.0024599093206131017
186,"-70.801029866725,-33.11001150680001","-70.8010377324,-33.1097497781","-70.8010484082,-33.1102728538","-70.801022001,-33.1102732355","-70.8010113253,-33.1097501598",180.97941989797957,0.002459913855393913
187,"-70.801082518675,-33.109483006475","-70.8011010601,-33.1097443535","-70.8010746531,-33.1097447352","-70.8010639773,-33.1092216595","-70.8010903842,-33.1092212777",180.97944090494124,0.002459910117949416
188,"-70.8010190991,-33.1094839232","-70.8010269648,-33.1092221945","-70.8010376404,-33.1097452702","-70.8010112333,-33.1097456519","-70.8010005579,-33.1092225762",180.97940287668888,0.0024599146533806565
189,"-70.80107119889999,-33.108928375625","-70.8010897401,-33.1091897226","-70.8010633333,-33.1091901044","-70.8010526577,-33.1086670286","-70.8010790645,-33.1086666469",180.9794241841836,0.0024599116739217435
190,"-70.80100777972501,-33.10892929235","-70.8010156455,-33.1086675636","-70.8010263208,-33.1091906394","-70.8009999139,-33.1091910211","-70.8009892387,-33.1086679453",180.97938596915594,0.002459916208727688
191,"-70.80106043145001,-33.108400791950004","-70.8010789725,-33.108662139","-70.8010525657,-33.1086625207","-70.8010418905,-33.1081394449","-70.8010682971,-33.1081390632",180.97940225695288,0.0024599170309452596
192,"-70.80099701264999,-33.10840170865","-70.8010048785,-33.1081399799","-70.8010155535,-33.1086630557","-70.8009891467,-33.1086634374","-70.8009784719,-33.1081403616",180.9793597907687,0.0024599170052879886
193,"-70.80119071517501,-33.110730816499995","-70.8012092574,-33.1109921634","-70.80118285,-33.1109925452","-70.801172173,-33.1104694696","-70.8011985803,-33.1104690878",180.9795374040287,0.0024599125379364912
194,"-70.80112729467501,-33.110731733325004","-70.80113516,-33.1104700047","-70.8011458367,-33.1109930802","-70.8011194293,-33.110993462","-70.8011087527,-33.1104703864",180.9794947997858,0.0024599124163455985
195,"-70.801220126625,-33.110008756375","-70.8012386687,-33.1102701033","-70.8012122615,-33.1102704851","-70.8012015846,-33.1097474094","-70.8012279917,-33.1097470277",180.9795359557834,0.0024599140283143046
196,"-70.80115670665,-33.110009673225","-70.8011645719,-33.1097479445","-70.8011752485,-33.1102710202","-70.8011488413,-33.1102714019","-70.8011381649,-33.1097483263",180.97948891508491,0.002459909346274664
197,"-70.80120935785,-33.10948117285","-70.8012278997,-33.1097425198","-70.8012014926,-33.1097429016","-70.8011908161,-33.1092198259","-70.801217223,-33.1092194441",180.9795099163086,0.0024599149215839403
198,"-70.801145938275,-33.109482089675","-70.8011538036,-33.109220361","-70.8011644799,-33.1097434366","-70.8011380729,-33.1097438184","-70.8011273967,-33.1092207427",180.97947189425878,0.0024599101442723805
199,"-70.801198037275,-33.108926542025","-70.8012165789,-33.109187889","-70.801190172,-33.1091882708","-70.8011794957,-33.108665195","-70.8012059025,-33.1086648133",180.97949287204,0.0024599163809803813
200,"-70.801134618075,-33.108927458825","-70.8011424835,-33.1086657301","-70.8011531595,-33.1091888058","-70.8011267526,-33.1091891876","-70.8011160767,-33.1086661118",180.97945040595513,0.0024599163559815094
201,"-70.80118726905,-33.108398958425","-70.8012058105,-33.1086603054","-70.8011794037,-33.1086606872","-70.8011687277,-33.1081376114","-70.8011951343,-33.1081372297",180.97947585042866,0.0024599171782046657
202,"-70.80112385025001,-33.1083998752","-70.8011317157,-33.1081381464","-70.8011423915,-33.1086612222","-70.8011159847,-33.108661604","-70.8011053091,-33.1081385282",180.9794335226017,0.002459917248486823
203,"-70.801328326075,-33.111256566049995","-70.8013468689,-33.1115179129","-70.8013204613,-33.1115182947","-70.8013097833,-33.1109952192","-70.8013361908,-33.1109948374",180.97962329537384,0.0024599164466770455
204,"-70.80126490525001,-33.111257483025","-70.8012727701,-33.1109957544","-70.8012834479,-33.1115188299","-70.8012570403,-33.1115192117","-70.8012463627,-33.1109961361",180.97958508657683,0.0024599116687572626
205,"-70.801317556125,-33.110728982699996","-70.8013360987,-33.1109903296","-70.8013096913,-33.1109907114","-70.8012990136,-33.1104676358","-70.8013254209,-33.110467254",180.97960151540119,0.0024599125892666865
206,"-70.80125413567501,-33.1107298996","-70.8012620006,-33.1104681709","-70.8012726781,-33.1109912465","-70.8012462707,-33.1109916283","-70.8012355933,-33.1104685527",180.97956820512402,0.0024599125636015893
207,"-70.80134696655,-33.11000692259999","-70.801365509,-33.1102682695","-70.8013391018,-33.1102686513","-70.8013284242,-33.1097455757","-70.8013548312,-33.1097451939",180.9796049740058,0.002459909519214133
208,"-70.80128354657501,-33.11000783950001","-70.8012914115,-33.1097461108","-70.8013020888,-33.1102691864","-70.8012756816,-33.1102695682","-70.8012650044,-33.1097464926",180.97955792693062,0.002459914149926295
209,"-70.801336197025,-33.109479339100005","-70.8013547392,-33.109740686","-70.8013283322,-33.1097410678","-70.8013176549,-33.1092179922","-70.8013440618,-33.1092176104",180.9795787983746,0.0024599103165335316
210,"-70.80127277745001,-33.109480256000005","-70.8012806424,-33.1092185273","-70.8012913195,-33.1097416029","-70.8012649124,-33.1097419847","-70.8012542355,-33.1092189091",180.9795409064371,0.002459914947908143
211,"-70.801324875625,-33.108924708349996","-70.8013434176,-33.1091860553","-70.8013170107,-33.1091864371","-70.8013063337,-33.1086633614","-70.8013327405,-33.1086629796",180.97955730930514,0.002459916528245
212,"-70.801261456475,-33.1089256252","-70.8012693215,-33.1086638965","-70.8012799983,-33.1091869722","-70.8012535914,-33.1091873539","-70.8012429147,-33.1086642782",180.9795235375109,0.0024599163113685953
213,"-70.80131410665001,-33.10839712475","-70.8013326484,-33.1086584717","-70.8013062417,-33.1086588535","-70.801295565,-33.1081357778","-70.8013219715,-33.108135396",180.97954029577065,0.0024599080132408978
214,"-70.801250687875,-33.108398041600005","-70.8012585529,-33.1081363128","-70.8012692295,-33.1086593886","-70.8012428227,-33.1086597704","-70.8012321464,-33.1081366946",180.97950221761096,0.002459912643345121
215,"-70.8014551678,-33.111254732125","-70.801473711,-33.1115160789","-70.8014473034,-33.1115164608","-70.8014366247,-33.1109933853","-70.8014630321,-33.1109930035",180.97969231318248,0.0024599119376612997
216,"-70.80139174695,-33.111255649125","-70.8013996114,-33.1109939205","-70.80141029,-33.1115169959","-70.8013838824,-33.1115173778","-70.801373204,-33.1109943023",180.97965900241948,0.0024599119119997166
217,"-70.8014443971,-33.110727148749994","-70.8014629401,-33.1109884956","-70.8014365326,-33.1109888774","-70.8014258542,-33.1104658019","-70.8014522615,-33.1104654201",180.97967038763576,0.0024599172969117537
218,"-70.80138097662498,-33.110728065749996","-70.8013888412,-33.1104663371","-70.8013995194,-33.1109894126","-70.801373112,-33.1109897944","-70.8013624339,-33.1104667189",180.97963250247017,0.0024599126149331824
219,"-70.801473806475,-33.110005088675","-70.8014923493,-33.1102664355","-70.8014659421,-33.1102668174","-70.8014552637,-33.1097437418","-70.8014816708,-33.10974336",180.97967398559553,0.0024599143228829843
220,"-70.80141038650001,-33.11000600565","-70.801418251,-33.109744277","-70.8014289291,-33.1102673525","-70.8014025219,-33.1102677343","-70.801391844,-33.1097446588",180.97962680641965,0.0024599095448730726
221,"-70.801463036125,-33.109477505200005","-70.8014815787,-33.1097388521","-70.8014551717,-33.1097392339","-70.8014444936,-33.1092161583","-70.8014709005,-33.1092157765",180.97965206700056,0.002459910368525728
222,"-70.801399616575,-33.1094784222","-70.8014074811,-33.1092166935","-70.801418159,-33.1097397691","-70.8013917519,-33.1097401509","-70.8013810743,-33.1092170753",180.97960959946383,0.002459910342831364
223,"-70.801451714,-33.108922874499996","-70.8014702564,-33.1091842214","-70.8014438495,-33.1091846032","-70.8014331717,-33.1086615276","-70.8014595784,-33.1086611458",180.9796353470216,0.00245991192313912
224,"-70.80138829479999,-33.108923791449996","-70.8013961594,-33.1086620627","-70.801406837,-33.1091851384","-70.8013804301,-33.1091855202","-70.8013697527,-33.1086624445",180.97959269373897,0.0024599118981361015
225,"-70.801440944275,-33.10839529095","-70.8014594864,-33.1086566379","-70.8014330797,-33.1086570197","-70.8014224022,-33.108133944","-70.8014488088,-33.1081335622",180.97960898406734,0.0024599127210215913
226,"-70.801377525475,-33.10839620785","-70.8013853902,-33.1081344791","-70.8013960674,-33.1086575548","-70.8013696607,-33.1086579366","-70.8013589836,-33.1081348609",180.9795665177806,0.0024599126953587774
227,"-70.80158200950001,-33.11125289805","-70.8016005531,-33.1115142448","-70.8015741455,-33.1115146267","-70.801563466,-33.1109915513","-70.8015898734,-33.1109911694",180.9797659043474,0.0024599120849738794
228,"-70.801518588625,-33.1112538151","-70.8015264528,-33.1109920865","-70.801537132,-33.1115151619","-70.8015107244,-33.1115155437","-70.8015000453,-33.1109924683",180.97971839496688,0.0024599165236810017
229,"-70.80157123805,-33.110725314725","-70.8015897814,-33.1109866615","-70.801563374,-33.1109870434","-70.8015526948,-33.1104639679","-70.801579102,-33.1104635861",180.97974398694797,0.002459908132227619
230,"-70.80150781754999,-33.11072623175","-70.8015156817,-33.1104645031","-70.8015263607,-33.1109875786","-70.8014999533,-33.1109879604","-70.8014892745,-33.1104648849",180.979701194494,0.0024599080099305267
231,"-70.80160064632501,-33.110003254649996","-70.8016191895,-33.1102646015","-70.8015927823,-33.1102649833","-70.8015821032,-33.1097419078","-70.8016085103,-33.109741526",180.97973795984933,0.002459914277589603
232,"-70.8015372264,-33.110004171675","-70.8015450905,-33.109742443","-70.8015557694,-33.1102655185","-70.8015293622,-33.1102659004","-70.8015186835,-33.1097428248",180.97970021125073,0.002459909691511778
233,"-70.8015898753,-33.109475671225","-70.8016084183,-33.1097370181","-70.8015820112,-33.1097373999","-70.8015713324,-33.1092143244","-70.8015977393,-33.1092139425",180.97972107962264,0.002459915172202058
234,"-70.801526455725,-33.10947658825","-70.8015343199,-33.1092148595","-70.8015449985,-33.1097379351","-70.8015185915,-33.109738317","-70.801507913,-33.1092152414",180.9796833310358,0.0024599105867863574
235,"-70.80157855235001,-33.108921040525004","-70.8015970951,-33.1091823874","-70.8015706882,-33.1091827693","-70.8015600097,-33.1086596936","-70.8015864164,-33.1086593118",180.9796995985582,0.0024599120711058815
236,"-70.80151513315,-33.108921957525","-70.8015229974,-33.1086602288","-70.8015336757,-33.1091833044","-70.8015072688,-33.1091836863","-70.8014965907,-33.1086606106",180.97965713061842,0.002459912045432945
237,"-70.80156778187501,-33.108393457025","-70.8015863244,-33.1086548039","-70.8015599177,-33.1086551858","-70.8015492394,-33.1081321101","-70.801575646,-33.1081317283",180.9796825775641,0.002459912868317566
238,"-70.801504363075,-33.108394374","-70.8015122274,-33.1081326453","-70.8015229054,-33.1086557209","-70.8014964987,-33.1086561027","-70.8014858208,-33.1081330271",180.97963997315617,0.002459912746685804
239,"-70.80170885115,-33.111251063850005","-70.8017273951,-33.1115124106","-70.8017009875,-33.1115127925","-70.8016903073,-33.1109897171","-70.8017167147,-33.1109893352",180.97983001591257,0.0024599121363094566
240,"-70.80164543034999,-33.111251980949994","-70.8016532941,-33.1109902523","-70.8016639741,-33.1115133277","-70.8016375665,-33.1115137096","-70.8016268867,-33.1109906342",180.97978754768118,0.002459912109976573
241,"-70.801698078975,-33.11072348055001","-70.8017166227,-33.1109848273","-70.8016902153,-33.1109852092","-70.8016795353,-33.1104621338","-70.8017059426,-33.1104617519",180.9798129992133,0.0024599129352117456
242,"-70.801634658475,-33.110724397675","-70.8016425223,-33.110462669","-70.801653202,-33.1109857445","-70.8016267946,-33.1109861263","-70.801616115,-33.1104630509",180.97977020579003,0.002459912813573503
243,"-70.80172748625,-33.110001420475","-70.8017460298,-33.1102627673","-70.8017196226,-33.1102631491","-70.8017089428,-33.1097400737","-70.8017353498,-33.1097396918",180.97980697865856,0.002459909768518991
244,"-70.80166406629999,-33.1100023376","-70.80167193,-33.1097406089","-70.8016826097,-33.1102636844","-70.8016562025,-33.1102640663","-70.801645523,-33.1097409908",180.97977380358293,0.0024599098388083107
245,"-70.801716714425,-33.109473837100005","-70.8017352578,-33.1097351839","-70.8017088507,-33.1097355658","-70.8016981712,-33.1092124903","-70.801724578,-33.1092121084",180.97979009650294,0.002459910663762768
246,"-70.801653294875,-33.109474754175","-70.8016611587,-33.1092130255","-70.801671838,-33.109736101","-70.801645431,-33.1097364829","-70.8016347518,-33.1092134073",180.97974730526695,0.0024599105421481923
247,"-70.80170539067501,-33.10891920645","-70.8017239338,-33.1091805533","-70.8016975269,-33.1091809352","-70.8016868476,-33.1086578596","-70.8017132544,-33.1086574777",180.97976861100872,0.002459916874834105
248,"-70.80164197152499,-33.108920123500006","-70.8016498354,-33.1086583948","-70.8016605144,-33.1091814704","-70.8016341076,-33.1091818522","-70.8016234287,-33.1086587766",180.9797256864238,0.0024599073443927395
249,"-70.801694619425,-33.108391622975006","-70.8017131623,-33.1086529699","-70.8016867556,-33.1086533517","-70.8016760766,-33.1081302761","-70.8017024832,-33.1081298942",180.97974669119984,0.0024599129196499776
250,"-70.80163120062501,-33.108392540025","-70.8016390646,-33.1081308113","-70.8016497433,-33.1086538869","-70.8016233366,-33.1086542688","-70.801612658,-33.1081311931",180.9797042246887,0.0024599128939831764
251,"-70.80183569284999,-33.1112492295","-70.8018542372,-33.1115105762","-70.8018278296,-33.1115109581","-70.8018171486,-33.1109878828","-70.801843556,-33.1109875009",180.97990347126233,0.0024599121876628686
252,"-70.80177227202499,-33.111250146675","-70.8017801354,-33.1109884181","-70.8017908161,-33.1115114934","-70.8017644086,-33.1115118753","-70.801753728,-33.1109887999",180.97985610346893,0.0024599074097401267
253,"-70.80182491984999,-33.11072164625","-70.801843464,-33.110982993","-70.8018170565,-33.1109833749","-70.8018063758,-33.1104602995","-70.8018327831,-33.1104599176",180.97988168514354,0.0024599176428665263
254,"-70.8017614994,-33.11072256345","-70.8017693628,-33.1104608348","-70.8017800433,-33.1109839102","-70.8017536359,-33.1109842921","-70.8017429556,-33.1104612167",180.97983922247636,0.0024599083045441575
255,"-70.80185432607499,-33.109999586149996","-70.80187287,-33.1102609329","-70.8018464628,-33.1102613148","-70.8018357822,-33.1097382394","-70.8018621893,-33.1097378575",180.97987599033755,0.002459914572205773
256,"-70.80179090615,-33.11000050335","-70.8017987695,-33.1097387747","-70.8018094499,-33.1102618501","-70.8017830427,-33.110262232","-70.8017723625,-33.1097391566",180.97983810380344,0.0024599098908113064
257,"-70.801843553525,-33.109472002800004","-70.8018620972,-33.1097333496","-70.8018356902,-33.1097337315","-70.8018250099,-33.109210656","-70.8018514168,-33.1092102741",180.9798542099698,0.0024599107151321692
258,"-70.801780133975,-33.10947292","-70.8017879974,-33.1092111913","-70.8017986775,-33.1097342668","-70.8017722705,-33.1097346487","-70.8017615905,-33.1092115732",180.97982089750195,0.002459910688798226
259,"-70.801832229,-33.108917372200004","-70.8018507725,-33.109178719","-70.8018243656,-33.1091791009","-70.8018136856,-33.1086560254","-70.8018400923,-33.1086556435",180.9798374918539,0.0024599122697394806
260,"-70.801768809825,-33.10891828935","-70.8017766733,-33.1086565606","-70.8017873531,-33.1091796362","-70.8017609463,-33.1091800181","-70.8017502666,-33.1086569425",180.9797994184724,0.002459907587001287
261,"-70.801821457,-33.108389788775","-70.8018400003,-33.1086511356","-70.8018135935,-33.1086515175","-70.8018029138,-33.1081284419","-70.8018293204,-33.1081280601",180.97981556704875,0.0024599176274211886
262,"-70.801758038225,-33.1083907059","-70.8017659018,-33.1081289772","-70.8017765813,-33.1086520528","-70.8017501746,-33.1086524346","-70.8017394952,-33.108129359",180.97977735554025,0.0024599128493578634
263,"-70.8019625345,-33.111247395025","-70.8019810792,-33.1115087417","-70.8019546716,-33.1115091237","-70.8019439899,-33.1109860483","-70.8019703973,-33.1109856664",180.979967720479,0.00245991233500478
264,"-70.80189911367499,-33.111248312300006","-70.8019069767,-33.1109865837","-70.8019176582,-33.111509659","-70.8018912506,-33.1115100409","-70.8018805692,-33.1109869656",180.97992968822268,0.002459916869647278
265,"-70.80195176075,-33.110719811825","-70.8019703052,-33.1109811585","-70.8019438978,-33.1109815405","-70.8019332164,-33.1104584651","-70.8019596236,-33.1104580832",180.97994612769457,0.0024599084775503237
266,"-70.80188834032501,-33.11072072905","-70.8018962034,-33.1104590004","-70.8019068846,-33.1109820758","-70.8018804772,-33.1109824577","-70.8018697961,-33.1104593823",180.97990790972568,0.002459913012884283
267,"-70.801981165975,-33.10999775175","-70.8019997103,-33.1102590985","-70.8019733031,-33.1102594804","-70.8019626217,-33.109736405","-70.8019890288,-33.1097360231",180.97994925851074,0.0024599146235513647
268,"-70.80191774605001,-33.10999866895","-70.801925609,-33.1097369403","-70.8019362902,-33.1102600157","-70.801909883,-33.1102603976","-70.801899202,-33.1097373222",180.97991137098086,0.002459909942156802
269,"-70.80197039262501,-33.10947016845","-70.8019889367,-33.1097315152","-70.8019625297,-33.1097318971","-70.8019518486,-33.1092088217","-70.8019782555,-33.1092084398",180.9799276661353,0.002459910765813549
270,"-70.801906973075,-33.109471085675","-70.8019148361,-33.109209357","-70.801925517,-33.1097324324","-70.8018991099,-33.1097328144","-70.8018884293,-33.1092097389",180.97988533515917,0.002459910835436065
271,"-70.8019590673,-33.1089155379","-70.8019776112,-33.1091768847","-70.8019512043,-33.1091772666","-70.8019405235,-33.1086541911","-70.8019669302,-33.1086538092",180.97991076149063,0.002459912321080106
272,"-70.801895648125,-33.10891645505","-70.8019035113,-33.1086547263","-70.8019141918,-33.1091778019","-70.8018877849,-33.1091781838","-70.8018771045,-33.1086551082",180.97986352535156,0.00245991695116845
273,"-70.80194829455,-33.108387954449995","-70.8019668382,-33.1086493013","-70.8019404315,-33.1086496832","-70.801929751,-33.1081266076","-70.8019561575,-33.1081262257",180.97988898076517,0.002459908461831942
274,"-70.80188487575,-33.10838887165","-70.8018927389,-33.1081271429","-70.8019034192,-33.1086502185","-70.8018770125,-33.1086506004","-70.8018663324,-33.1081275248",180.97984651218826,0.0024599084361471473
275,"-70.80208937615,-33.111245560425","-70.8021079212,-33.1115069071","-70.8020815136,-33.111507289","-70.8020708312,-33.1109842138","-70.8020972386,-33.1109838318",180.98003201794194,0.0024599123863585193
276,"-70.8020259553,-33.11124647775","-70.8020338179,-33.1109847491","-70.8020445002,-33.1115078244","-70.8020180926,-33.1115082064","-70.8020074105,-33.1109851311",180.97999884219195,0.0024599124566728487
277,"-70.80207860165001,-33.11071797725","-70.8020971465,-33.1109793239","-70.8020707391,-33.1109797059","-70.8020600569,-33.1104566306","-70.8020864641,-33.1104562486",180.9800197205226,0.0024599086248942195
278,"-70.802015181225,-33.110718894575","-70.8020230439,-33.1104571659","-70.8020337259,-33.1109802413","-70.8020073185,-33.1109806232","-70.8019966366,-33.1104575479",180.97998150207218,0.0024599131595634226
279,"-70.80210800580001,-33.1099959172","-70.8021265505,-33.1102572639","-70.8021001433,-33.1102576459","-70.8020894612,-33.1097345705","-70.8021158682,-33.1097341885",180.98001841439526,0.00245991021182491
280,"-70.8020445859,-33.1099968345","-70.8020524485,-33.1097351058","-70.8020631304,-33.1102581812","-70.8020367232,-33.1102585632","-70.8020260415,-33.1097354878",180.9799759453591,0.002459910185487672
281,"-70.80209723172499,-33.109468333950005","-70.8021157762,-33.1097296807","-70.8020893692,-33.1097300626","-70.8020786873,-33.1092069872","-70.8021050942,-33.1092066053",180.98000093475656,0.0024599108171540042
282,"-70.8020338122,-33.109469251225","-70.8020416749,-33.1092075225","-70.8020523565,-33.109730598","-70.8020259494,-33.1097309799","-70.802015268,-33.1092079045",180.97995402169238,0.002459915543193615
283,"-70.802085905575,-33.108913703375","-70.8021044498,-33.1091750501","-70.802078043,-33.1091754321","-70.8020673614,-33.1086523566","-70.8020937681,-33.1086519747",180.97997977999935,0.00245990781134426
284,"-70.80202248645,-33.108914620625","-70.8020303492,-33.1086528919","-70.8020410305,-33.1091759674","-70.8020146236,-33.1091763493","-70.8020039425,-33.1086532739",180.97993273102242,0.00245991244274589
285,"-70.802075132075,-33.10838612","-70.8020936761,-33.1086474668","-70.8020672694,-33.1086478487","-70.8020565881,-33.1081247732","-70.8020829947,-33.1081243913",180.97995785547903,0.002459913169630932
286,"-70.8020117133,-33.108387037275","-70.8020195761,-33.1081253085","-70.8020302571,-33.1086483841","-70.8020038504,-33.108648766","-70.8019931696,-33.1081256905",180.9799109501061,0.0024599085834945203
287,"-70.802216217775,-33.1112437257","-70.8022347632,-33.1115050723","-70.8022083557,-33.1115054543","-70.8021976724,-33.1109823791","-70.8022240798,-33.1109819971",180.98011019139432,0.0024599078774248497
288,"-70.80215279695,-33.111244643075","-70.8021606592,-33.1109829145","-70.8021713422,-33.1115059897","-70.8021449346,-33.1115063717","-70.8021342518,-33.1109832964",180.98006281580933,0.002459912412036554
289,"-70.80220544250001,-33.110716142575","-70.8022239877,-33.1109774892","-70.8021975803,-33.1109778712","-70.8021868974,-33.1104547959","-70.8022133046,-33.110454414",180.98008369488372,0.00245990858024984
290,"-70.802142022075,-33.11071705995","-70.8021498844,-33.1104553313","-70.8021605671,-33.1109784066","-70.8021341597,-33.1109787886","-70.8021234771,-33.1104557133",180.98004593770395,0.002459913306908657
291,"-70.80223484565,-33.109994082525","-70.8022533907,-33.1102554292","-70.8022269835,-33.1102558112","-70.8022163007,-33.1097327358","-70.8022427077,-33.1097323539",180.98008238931655,0.002459910166524336
292,"-70.80217142572499,-33.109994999875","-70.802179288,-33.1097332712","-70.8021899706,-33.1102563466","-70.8021635634,-33.1102567285","-70.8021528809,-33.1097336532",180.98004449440737,0.002459914797224025
293,"-70.802224070775,-33.1094664993","-70.8022426156,-33.109727846","-70.8022162086,-33.109728228","-70.802205526,-33.1092051526","-70.8022319329,-33.1092047706",180.98006550992682,0.0024599110604893787
294,"-70.802160651275,-33.1094674166","-70.8021685136,-33.1092056879","-70.8021791959,-33.1097287633","-70.8021527889,-33.1097291453","-70.8021421067,-33.1092060699",180.98002303991018,0.002459911034152643
295,"-70.802212743875,-33.108911868775","-70.8022312885,-33.1091732155","-70.8022048816,-33.1091735975","-70.8021941993,-33.108650522","-70.8022206061,-33.1086501401",180.98004388729282,0.0024599171748718703
296,"-70.80214932475,-33.108912786075","-70.8021571871,-33.1086510574","-70.8021678692,-33.1091741328","-70.8021414623,-33.1091745148","-70.8021307804,-33.1086514393",180.98000599847973,0.0024599124934248243
297,"-70.80220196959999,-33.10838428545","-70.802220514,-33.1086456322","-70.8021941073,-33.1086460142","-70.8021834253,-33.1081229387","-70.8022098318,-33.1081225567",180.98002701315087,0.0024599087564925962
298,"-70.80213855082499,-33.10838520275","-70.8021464133,-33.108123474","-70.802157095,-33.1086465495","-70.8021306883,-33.1086469315","-70.8021200067,-33.108123856",180.97997996202315,0.002459913387280435
299,"-70.802343059425,-33.111241890849996","-70.8023616052,-33.1115032374","-70.8023351977,-33.1115036195","-70.8023245137,-33.1109805443","-70.8023509211,-33.1109801622",180.98017476579378,0.0024599081208060815
300,"-70.802279638575,-33.11124280829999","-70.8022875004,-33.1109810797","-70.8022981842,-33.1115041549","-70.8022717767,-33.1115045369","-70.802261093,-33.1109814617",180.98014098880077,0.002459907903104389
301,"-70.8023322834,-33.11071430775","-70.802350829,-33.1109756544","-70.8023244216,-33.1109760364","-70.8023137379,-33.1104529611","-70.8023401451,-33.1104525791",180.9801571001517,0.002459908728269238
302,"-70.80226886297501,-33.110715225199996","-70.8022767249,-33.1104534966","-70.8022874084,-33.1109765718","-70.802261001,-33.1109769538","-70.8022503176,-33.1104538786",180.98011939248624,0.0024599133582585957
303,"-70.802350909875,-33.1094646645","-70.8023694551,-33.1097260112","-70.8023430481,-33.1097263932","-70.8023323647,-33.1092033178","-70.8023587716,-33.1092029358",180.98013877855715,0.002459911111845038
304,"-70.80228749035001,-33.1094655819","-70.8022953523,-33.1092038532","-70.8023060354,-33.1097269286","-70.8022796283,-33.1097273106","-70.8022689454,-33.1092042352",180.98009172703848,0.0024599157425508424
305,"-70.802339582125,-33.108910034","-70.8023581271,-33.1091713807","-70.8023317203,-33.1091717627","-70.8023210372,-33.1086486873","-70.8023474439,-33.1086483053",180.9801174876107,0.0024599080107006645
306,"-70.802276163,-33.108910951400006","-70.802284025,-33.1086492227","-70.8022947078,-33.1091722981","-70.8022683009,-33.1091726801","-70.8022576183,-33.1086496047",180.98007043546875,0.0024599126414296124
307,"-70.802328807125,-33.10838245075","-70.8023473519,-33.1086437975","-70.8023209452,-33.1086441795","-70.8023102624,-33.108121104","-70.802336669,-33.108120722",180.98009570146448,0.0024599134643052255
308,"-70.80226538835,-33.108383368125","-70.8022732504,-33.1081216394","-70.8022839329,-33.1086447149","-70.8022575262,-33.1086450968","-70.8022468439,-33.1081220214",180.98004851829728,0.0024599086868438147
309,"-70.802469901,-33.111240055875","-70.8024884472,-33.1115014024","-70.8024620396,-33.1115017845","-70.8024513549,-33.1109787093","-70.8024777623,-33.1109783273",180.98024331433652,0.002459912732435357
310,"-70.8024064802,-33.111240973375","-70.8024143417,-33.1109792448","-70.8024250262,-33.1115023199","-70.8023986186,-33.111502702","-70.8023879343,-33.1109796268",180.98020084308962,0.0024599127067666177
311,"-70.80245912424999,-33.110712472799996","-70.8024776702,-33.1109738194","-70.8024512628,-33.1109742014","-70.8024405784,-33.1104511262","-70.8024669856,-33.1104507442",180.9802213991402,0.002459908779624674
312,"-70.802395703825,-33.1107133903","-70.8024035654,-33.1104516617","-70.8024142496,-33.1109747369","-70.8023878422,-33.1109751189","-70.8023771581,-33.1104520437",180.98018350417397,0.0024599134096331943
313,"-70.802477748925,-33.1094628296","-70.8024962945,-33.1097241762","-70.8024698875,-33.1097245583","-70.8024592034,-33.109201483","-70.8024856103,-33.1092011009",180.9802035401237,0.0024599113552376435
314,"-70.80241432942499,-33.10946374705","-70.802422191,-33.1092020184","-70.8024328748,-33.1097250937","-70.8024064678,-33.1097254757","-70.8023957841,-33.1092024004",180.98016060827243,0.002459911138192792
315,"-70.80246642040001,-33.108908199175005","-70.8024849658,-33.1091695458","-70.8024585589,-33.1091699279","-70.8024478751,-33.1086468525","-70.8024742818,-33.1086464705",180.9801864995694,0.002459912814479156
316,"-70.802403001275,-33.1089091166","-70.8024108629,-33.1086473879","-70.8024215464,-33.1091704633","-70.8023951396,-33.1091708453","-70.8023844562,-33.1086477699",180.98013912896712,0.0024599080363779196
317,"-70.8025967426,-33.111238220775","-70.8026152892,-33.1114995673","-70.8025888816,-33.1114999494","-70.8025781961,-33.1109768742","-70.8026046035,-33.1109764922",180.98031658153752,0.0024599127838029226
318,"-70.8025333218,-33.111239138325","-70.8025411829,-33.1109774097","-70.8025518682,-33.1115004849","-70.8025254606,-33.1115008669","-70.8025147755,-33.1109777918",180.98027410983164,0.00245991275813294
319,"-70.802585965075,-33.11071063775","-70.8026045114,-33.1109719843","-70.802578104,-33.1109723664","-70.8025674188,-33.1104492912","-70.8025938261,-33.1104489091",180.98029054849673,0.002459913678700542
320,"-70.80252254465,-33.1107115553","-70.8025304058,-33.1104498267","-70.8025410908,-33.1109729019","-70.8025146834,-33.1109732839","-70.8025039986,-33.1104502087",180.98025219629608,0.0024599088046584503
321,"-70.802604587975,-33.109460994575","-70.8026231339,-33.1097223412","-70.8025967269,-33.1097227232","-70.8025860421,-33.109199648","-70.802612449,-33.1091992659",180.98026751604,0.0024599113099207197
322,"-70.80254116845,-33.1094619121","-70.8025490296,-33.1092001834","-70.8025597142,-33.1097232587","-70.8025333072,-33.1097236408","-70.8025226228,-33.1092005655",180.98022976354693,0.0024599067251687883
323,"-70.80259325865,-33.108906364175","-70.8026118044,-33.1091677108","-70.8025853975,-33.1091680929","-70.802574713,-33.1086450175","-70.8026011197,-33.1086446355",180.98025061291557,0.002459912865839356
324,"-70.80252983954999,-33.108907281675","-70.8025377008,-33.108645553","-70.8025483851,-33.1091686283","-70.8025219782,-33.1091690104","-70.8025112941,-33.108645935",180.98020814170587,0.0024599128394975547
325,"-70.802723584175,-33.1112363855","-70.8027421311,-33.111497732","-70.8027157236,-33.1114981141","-70.8027050373,-33.110975039","-70.8027314447,-33.1109746569",180.9803855989429,0.002459908274923526
326,"-70.80266016339999,-33.11123730315","-70.8026680241,-33.1109755746","-70.8026787102,-33.1114986497","-70.8026523026,-33.1114990317","-70.8026416167,-33.1109759566",180.98034723897553,0.002459912713478691
327,"-70.8027128059,-33.110708802525","-70.8027313526,-33.1109701491","-70.8027049452,-33.1109705311","-70.8026942593,-33.110447456","-70.8027206665,-33.1104470739",180.98035910350697,0.002459908977728867
328,"-70.80264938547501,-33.110709720150005","-70.8026572463,-33.1104479915","-70.802667932,-33.1109710667","-70.8026415246,-33.1109714488","-70.802630839,-33.1104483736",180.98032134519931,0.0024599137043852144
329,"-70.802731427,-33.109459159425","-70.8027499733,-33.109720506","-70.8027235663,-33.1097208881","-70.8027128808,-33.1091978128","-70.8027392876,-33.1091974308",180.98033620952154,0.0024599067055363875
330,"-70.802668007475,-33.109460077","-70.8026758683,-33.1091983483","-70.8026865536,-33.1097214236","-70.8026601466,-33.1097218057","-70.8026494614,-33.1091987304",180.9802984512891,0.0024599114322823227
331,"-70.8027200969,-33.108904529049994","-70.802738643,-33.1091658757","-70.8027122361,-33.1091662577","-70.8027015509,-33.1086431824","-70.8027279576,-33.1086428004",180.98031458916822,0.0024599128205244174
332,"-70.80265667775,-33.10890544665","-70.8026645386,-33.108643718","-70.8026752237,-33.1091667933","-70.8026488168,-33.1091671753","-70.8026381319,-33.1086441",180.98028127337653,0.002459912795503223
333,"-70.80285042575001,-33.11123455015","-70.8028689731,-33.1114958966","-70.8028425655,-33.1114962787","-70.8028318785,-33.1109732037","-70.8028582859,-33.1109728216",180.98045447213894,0.002459912982573852
334,"-70.802787004975,-33.11123546785","-70.8027948653,-33.1109737393","-70.8028055521,-33.1114968143","-70.8027791446,-33.1114971964","-70.8027684579,-33.1109741214",180.9804165806097,0.002459908300603233
335,"-70.802839646725,-33.1107069672","-70.8028581938,-33.1109683137","-70.8028317864,-33.1109686958","-70.8028210997,-33.1104456207","-70.802847507,-33.1104452386",180.980428114684,0.002459913781443425
336,"-70.80277622630001,-33.1107078849","-70.8027840867,-33.1104461563","-70.8027947732,-33.1109692314","-70.8027683658,-33.1109696135","-70.8027576795,-33.1104465384",180.98039022438473,0.002459909099417628
337,"-70.802858266025,-33.10945732415","-70.8028768127,-33.1097186707","-70.8028504057,-33.1097190528","-70.8028397194,-33.1091959776","-70.8028661263,-33.1091955955",180.9804052223338,0.0024599115100025124
338,"-70.80279484649999,-33.10945824175","-70.8028027069,-33.1091965131","-70.802813393,-33.1097195883","-70.802786986,-33.1097199704","-70.8027763001,-33.1091968952",180.98036733078507,0.002459906826577486
339,"-70.80284693509999,-33.108902693800005","-70.8028654816,-33.1091640404","-70.8028390747,-33.1091644225","-70.8028283887,-33.1086413472","-70.8028547954,-33.1086409651",180.98038832000884,0.002459913063918801
340,"-70.80278351599999,-33.108903611449996","-70.8027913765,-33.1086418828","-70.8028020623,-33.109164958","-70.8027756554,-33.1091653401","-70.8027649698,-33.1086422649",180.98034603558335,0.0024599130388962102
341,"-70.80297726732499,-33.11123271465","-70.802995815,-33.1114940611","-70.8029694075,-33.1114944432","-70.8029587197,-33.1109713682","-70.8029851271,-33.1109709861",180.98052316487122,0.002459908377669817
342,"-70.80291384655,-33.111233632425","-70.8029217065,-33.1109719038","-70.8029323941,-33.1114949789","-70.8029059865,-33.111495361","-70.8028952991,-33.110972286",180.9804854039369,0.00245991310430474
343,"-70.80296648755,-33.110705131725","-70.802985035,-33.1109664782","-70.8029586276,-33.1109668603","-70.8029479402,-33.1104437853","-70.8029743474,-33.1104434031",180.980497132445,0.00245990927253117
344,"-70.80290306712502,-33.1107060495","-70.8029109272,-33.1104443209","-70.8029216144,-33.110967396","-70.802895207,-33.1109677781","-70.8028845199,-33.110444703",180.9804589105351,0.0024599138071308927
345,"-70.802985105025,-33.109455488674996","-70.8030036521,-33.1097168352","-70.8029772451,-33.1097172173","-70.802966558,-33.1091941422","-70.8029929649,-33.10919376",180.98047881563878,0.0024599116574191386
346,"-70.802921685525,-33.109456406425004","-70.8029295456,-33.1091946778","-70.8029402324,-33.1097177529","-70.8029138254,-33.1097181351","-70.8029031387,-33.1091950599",180.98043634316218,0.0024599116310632
347,"-70.80297377335,-33.10890085845","-70.8029923202,-33.109162205","-70.8029659133,-33.1091625871","-70.8029552266,-33.1086395119","-70.8029816333,-33.1086391298",180.98045261982003,0.002459913115964137
348,"-70.80291035420001,-33.10890177615","-70.8029182143,-33.1086400475","-70.8029289009,-33.1091631227","-70.802902494,-33.1091635048","-70.8028918076,-33.1086404296",180.980419303119,0.002459913090271621
349,"-70.8031041089,-33.111230879","-70.803122657,-33.1114922254","-70.8030962494,-33.1114926076","-70.8030855609,-33.1109695326","-70.8031119683,-33.1109691504",180.9805923132689,0.0024599132774129904
350,"-70.8030406881,-33.11123179685","-70.8030485477,-33.1109700683","-70.803059236,-33.1114931433","-70.8030328284,-33.1114935254","-70.8030221403,-33.1109704504",180.98054937822315,0.002459913058981694
351,"-70.80309332835,-33.110703296125","-70.8031118762,-33.1109646426","-70.8030854688,-33.1109650247","-70.8030747806,-33.1104419497","-70.8031011878,-33.1104415675",180.98057040068926,0.0024599093239047794
352,"-70.80302990795,-33.110704213975","-70.8030377676,-33.1104424854","-70.8030484556,-33.1109655604","-70.8030220482,-33.1109659426","-70.8030113604,-33.1104428675",180.98052792792652,0.0024599092982130087
353,"-70.80311194405002,-33.109453653150005","-70.8031304915,-33.1097149996","-70.8031040845,-33.1097153818","-70.8030933967,-33.1091923067","-70.8031198035,-33.1091919245",180.98054783438164,0.0024599071470958783
354,"-70.80304852455001,-33.109454570925","-70.8030563842,-33.1091928423","-70.8030670718,-33.1097159174","-70.8030406648,-33.1097162996","-70.8030299774,-33.1091932244",180.9805050362623,0.002459907026695389
355,"-70.80310061155001,-33.108899022900005","-70.8031191588,-33.1091603694","-70.8030927519,-33.1091607516","-70.8030820644,-33.1086376764","-70.8031084711,-33.1086372942",180.98052635059224,0.0024599133594103255
356,"-70.80303719245,-33.10889994065","-70.8030450522,-33.108638212","-70.8030557395,-33.1091612872","-70.8030293326,-33.1091616693","-70.8030186455,-33.1086385941",180.98048341666527,0.002459913140977278
357,"-70.803241732025,-33.111756626049996","-70.8032602807,-33.1120179724","-70.803233873,-33.1120183546","-70.8032231834,-33.1114952797","-70.803249591,-33.1114948975",180.98068278077318,0.002459912529587916
358,"-70.80317831085,-33.11175754395","-70.80318617,-33.1114958154","-70.8031968593,-33.1120188903","-70.8031704516,-33.1120192725","-70.8031597625,-33.1114961976",180.98063573248135,0.0024599078476046808
359,"-70.80323095045,-33.11122904325","-70.8032494989,-33.1114903896","-70.8032230913,-33.1114907718","-70.8032124021,-33.1109676969","-70.8032388095,-33.1109673147",180.98065661202065,0.002459913328798732
360,"-70.80316752967501,-33.11122996115","-70.8031753889,-33.1109682326","-70.8031860779,-33.1114913075","-70.8031596704,-33.1114916897","-70.8031489815,-33.1109686148",180.98061871930886,0.0024599086461609054
361,"-70.80322016912501,-33.1107014604","-70.8032387173,-33.1109628068","-70.80321231,-33.110963189","-70.803201621,-33.110440114","-70.8032280282,-33.1104397318",180.98063941793438,0.00245990481502033
362,"-70.80315674875,-33.110702378300005","-70.803164608,-33.1104406497","-70.8031752968,-33.1109637247","-70.8031488894,-33.1109641069","-70.8031382008,-33.1104410319",180.98060151984072,0.002459909445637896
363,"-70.80324956394999,-33.1099794004","-70.803268112,-33.1102407468","-70.8032417048,-33.110241129","-70.803231016,-33.109718054","-70.803257423,-33.1097176718",180.98063372213755,0.002459911057585822
364,"-70.803186144075,-33.109980318275","-70.8031940033,-33.1097185897","-70.8032046919,-33.1102416647","-70.8031782848,-33.1102420469","-70.8031675963,-33.1097189718",180.98059550644876,0.0024599062801647998
365,"-70.803238783025,-33.10945181745","-70.8032573309,-33.1097131639","-70.8032309238,-33.1097135461","-70.8032202353,-33.109190471","-70.8032466421,-33.1091900888",180.98061652133916,0.002459911855515125
366,"-70.80317536355001,-33.109452735350004","-70.8031832228,-33.1091910067","-70.8031939112,-33.1097140818","-70.8031675042,-33.109714464","-70.803156816,-33.1091913889",180.98057862976867,0.0024599071734465474
367,"-70.803227449725,-33.108897187249994","-70.8032459973,-33.1091585337","-70.8032195905,-33.1091589159","-70.8032089022,-33.1086358408","-70.8032353089,-33.1086354586",180.9805952333999,0.0024599087537207904
368,"-70.803164030625,-33.108898105099996","-70.80317189,-33.1086363764","-70.803182578,-33.1091594516","-70.8031561712,-33.1091598338","-70.8031454833,-33.1086367586",180.98055257359854,0.002459908728692656
369,"-70.8033685743,-33.111754790125005","-70.8033871233,-33.1120161364","-70.8033607156,-33.1120165187","-70.8033500254,-33.1114934438","-70.8033764329,-33.1114930616",180.9807426410968,0.0024599080207576545
370,"-70.80330515317499,-33.111755708074995","-70.803313012,-33.1114939795","-70.803323702,-33.1120170544","-70.8032972943,-33.1120174366","-70.8032866044,-33.1114943618",180.98070474191775,0.002459912651344448
371,"-70.80335779194999,-33.11122720735","-70.8033763408,-33.1114885537","-70.8033499332,-33.1114889359","-70.8033392432,-33.110965861","-70.8033656506,-33.1109654788",180.98072987813563,0.00245991338018867
372,"-70.80329437120001,-33.111228125349996","-70.80330223,-33.1109663968","-70.8033129198,-33.1114894717","-70.8032865123,-33.1114898539","-70.8032758227,-33.110966779",180.98068741221354,0.002459904041899245
373,"-70.80334700990001,-33.110699624575005","-70.8033655585,-33.1109609709","-70.8033391511,-33.1109613532","-70.8033284614,-33.1104382782","-70.8033548686,-33.110437896",180.980708429163,0.0024599096187781296
374,"-70.8032835895,-33.1107005425","-70.8032914484,-33.1104388139","-70.8033021379,-33.1109618889","-70.8032757305,-33.1109622711","-70.8032650412,-33.1104391961",180.98066563149786,0.002459909497030746
375,"-70.80337640365,-33.10997756455","-70.8033949521,-33.1102389109","-70.8033685449,-33.1102392932","-70.8033578553,-33.1097162182","-70.8033842623,-33.1097158359",180.980707453252,0.002459911301106538
376,"-70.8033129838,-33.1099784825","-70.8033208427,-33.1097167539","-70.803331532,-33.1102398289","-70.8033051249,-33.1102402111","-70.8032944356,-33.1097171361",180.98066451785579,0.0024599110833058687
377,"-70.803365622,-33.10944998165","-70.8033841702,-33.1097113281","-70.8033577632,-33.1097117103","-70.8033470739,-33.1091886352","-70.8033734807,-33.109188253",180.98068521600777,0.0024599072511835374
378,"-70.80330220249999,-33.10945089955","-70.8033100614,-33.1091891709","-70.8033207505,-33.109712246","-70.8032943435,-33.1097126282","-70.8032836546,-33.1091895531",180.98064274292747,0.0024599072254917745
379,"-70.80335428789999,-33.108895351475","-70.8033728359,-33.1091566979","-70.803346429,-33.1091570802","-70.80333574,-33.108634005","-70.8033621467,-33.1086336228",180.98066405951585,0.0024599135582377392
380,"-70.803290868825,-33.108896269400006","-70.8032987278,-33.1086345407","-70.8033094166,-33.1091576159","-70.8032830098,-33.1091579981","-70.8032723211,-33.1086349229",180.9806258423023,0.0024599087800723307
381,"-70.8034954166,-33.11175295405","-70.803513966,-33.1120143003","-70.8034875583,-33.1120146826","-70.8034768673,-33.1114916078","-70.8035032748,-33.1114912255",180.9808162326209,0.002459908166897579
382,"-70.803431995475,-33.111753872125","-70.8034398539,-33.1114921436","-70.8034505447,-33.1120152184","-70.803424137,-33.1120156007","-70.8034134463,-33.1114925258",180.98077800886523,0.0024599127027301803
383,"-70.80348463349999,-33.11122537135","-70.8035031827,-33.1114867177","-70.8034767751,-33.1114870999","-70.8034660844,-33.110964025","-70.8034924918,-33.1109636428",180.9807939898043,0.002459913431588228
384,"-70.803421212725,-33.111226289375","-70.8034290712,-33.1109645608","-70.8034397617,-33.1114876357","-70.8034133542,-33.1114880179","-70.8034026638,-33.1109649431",180.98075642269686,0.0024599088456688997
385,"-70.80347385065,-33.1106977886","-70.8034923996,-33.1109591349","-70.8034659922,-33.1109595172","-70.8034553018,-33.1104364423","-70.803481709,-33.11043606",180.9807728659538,0.0024599097662433515
386,"-70.8034104303,-33.11069870657499","-70.8034182888,-33.110436978","-70.8034289791,-33.1109600529","-70.8034025717,-33.1109604352","-70.8033918816,-33.1104373602",180.9807392234465,0.0024599096444807653
387,"-70.8035032434,-33.109975728575","-70.8035217922,-33.1102370749","-70.803495385,-33.1102374572","-70.8034846947,-33.1097143822","-70.8035111017,-33.109714",180.98077142831,0.0024599112557737862
388,"-70.803439823525,-33.1099766466","-70.803447682,-33.109714918","-70.8034583721,-33.110237993","-70.803431965,-33.1102383752","-70.803421275,-33.1097153002",180.98073321058598,0.0024599064776548883
389,"-70.80349246097501,-33.1094481457","-70.8035110096,-33.1097094921","-70.8034846025,-33.1097098743","-70.8034739125,-33.1091867993","-70.8035003193,-33.1091864171",180.98075409130894,0.002459911958286569
390,"-70.8034290415,-33.1094490637","-70.8034369,-33.1091873351","-70.8034475899,-33.1097104101","-70.8034211829,-33.1097107923","-70.8034104932,-33.1091877173",180.98071619830085,0.002459907276214997
391,"-70.803481126075,-33.1088935156","-70.8034996744,-33.109154862","-70.8034732676,-33.1091552442","-70.8034625778,-33.1086321692","-70.8034889845,-33.108631787",180.98073280241175,0.002459908857148835
392,"-70.80341770700001,-33.108894433550006","-70.8034255656,-33.1086327049","-70.8034362552,-33.10915578","-70.8034098483,-33.1091561622","-70.8033991589,-33.1086330871",180.98069471700393,0.0024599134865391416
393,"-70.80362225885,-33.11175111785","-70.8036408086,-33.1120124641","-70.8036144009,-33.1120128464","-70.8036037092,-33.1114897716","-70.8036301167,-33.1114893893",180.98088034333463,0.002459908218958511
394,"-70.803558837725,-33.11175203595","-70.8035666958,-33.1114903074","-70.8035773873,-33.1120133822","-70.8035509796,-33.1120137645","-70.8035402882,-33.1114906897",180.98084244452687,0.0024599128495411474
395,"-70.803611475,-33.111223535225","-70.8036300246,-33.1114848815","-70.803603617,-33.1114852638","-70.8035929255,-33.1109621889","-70.8036193329,-33.1109618067",180.98086758173014,0.0024599135790448036
396,"-70.803548054225,-33.111224453300004","-70.8035559123,-33.1109627247","-70.8035666036,-33.1114857996","-70.8035401961,-33.1114861819","-70.8035295049,-33.110963107",180.98082982764151,0.0024599089931311665
397,"-70.80360069145,-33.110695952499995","-70.8036192408,-33.1109572988","-70.8035928334,-33.1109576811","-70.8035821422,-33.1104346062","-70.8036085494,-33.1104342239",180.98084613362602,0.0024599098176309366
398,"-70.80353727105,-33.11069687055","-70.8035451292,-33.110435142","-70.8035558202,-33.1109582169","-70.8035294128,-33.1109585991","-70.803518722,-33.1104355242",180.980803196358,0.0024599095998057603
399,"-70.8036300831,-33.109973892475","-70.8036486323,-33.1102352388","-70.8036222251,-33.1102356211","-70.803611534,-33.1097125461","-70.803637941,-33.1097121639",180.9808446965697,0.002459911307821692
400,"-70.803566663225,-33.10997481055","-70.8035745213,-33.1097130819","-70.8035852122,-33.1102361569","-70.8035588051,-33.1102365392","-70.8035481143,-33.1097134642",180.98080694124207,0.0024599067225048576
401,"-70.803619299925,-33.109446309650004","-70.8036378489,-33.109707656","-70.8036114419,-33.1097080383","-70.803600751,-33.1091849633","-70.8036271579,-33.109184581",180.98082782107875,0.0024599122011778113
402,"-70.80355588045,-33.1094472277","-70.8035637386,-33.1091854991","-70.8035744292,-33.1097085741","-70.8035480222,-33.1097089563","-70.8035373318,-33.1091858813",180.9807803103251,0.0024599073276041217
403,"-70.80360796425,-33.108891679574995","-70.803626513,-33.109153026","-70.8036001061,-33.1091534082","-70.8035894156,-33.1086303332","-70.8036158223,-33.1086299509",180.9808016279431,0.0024599136603428886
404,"-70.80354454517501,-33.108892597600004","-70.8035524034,-33.108630869","-70.8035630937,-33.109153944","-70.8035366869,-33.1091543262","-70.8035259967,-33.1086312512",180.98076359822142,0.002459908882842868
405,"-70.803749101125,-33.111749281575","-70.8037676513,-33.1120106278","-70.8037412436,-33.1120110101","-70.803730551,-33.1114879354","-70.8037569586,-33.111487553",180.98095850992345,0.0024599130233894095
406,"-70.803685679975,-33.11175019975","-70.8036935376,-33.1114884712","-70.8037042299,-33.112011546","-70.8036778223,-33.1120119283","-70.8036671301,-33.1114888535",180.98091571863006,0.002459903589065185
407,"-70.80373831647499,-33.11122169895","-70.8037568664,-33.1114830452","-70.8037304589,-33.1114834275","-70.8037197666,-33.1109603527","-70.803746174,-33.1109599704",180.98093660035215,0.0024599090695545675
408,"-70.803674895775,-33.11122261705","-70.8036827535,-33.1109608885","-70.8036934455,-33.1114839633","-70.803667038,-33.1114843456","-70.8036563461,-33.1109612708",180.98089412604406,0.0024599090445171405
409,"-70.80372753215,-33.11069411625","-70.8037460819,-33.1109554625","-70.8037196745,-33.1109558448","-70.8037089825,-33.11043277","-70.8037353897,-33.1104323877",180.98091958906718,0.0024599098690363712
410,"-70.803664111775,-33.1106950344","-70.8036719696,-33.1104333058","-70.8036826613,-33.1109563807","-70.8036562539,-33.110956763","-70.8036455623,-33.1104336881",180.98087234539577,0.0024599144996678224
411,"-70.80375692277501,-33.1099720562","-70.8037754723,-33.1102334025","-70.8037490652,-33.1102337848","-70.8037383733,-33.1097107099","-70.8037647803,-33.1097103276",180.98091371440043,0.002459906798938152
412,"-70.80369350297501,-33.1099729744","-70.8037013607,-33.1097112458","-70.8037120523,-33.1102343207","-70.8036856452,-33.110234703","-70.8036749537,-33.1097116281",180.98087124119888,0.002459906773237493
413,"-70.803746138875,-33.109444473450004","-70.8037646882,-33.1097058198","-70.8037382812,-33.1097062021","-70.8037275896,-33.1091831271","-70.8037539965,-33.1091827448",180.98089193347656,0.0024599122538960217
414,"-70.803682719375,-33.109445391575","-70.8036905772,-33.109183663","-70.8037012685,-33.1097067379","-70.8036748615,-33.1097071202","-70.8036641703,-33.1091840452",180.98084932271985,0.0024599121321307186
415,"-70.803734802375,-33.10888984345","-70.8037533515,-33.1091511898","-70.8037269446,-33.1091515721","-70.8037162534,-33.1086284971","-70.80374266,-33.1086281148",180.98087064781154,0.002459909152029462
416,"-70.803671383325,-33.108890761525004","-70.8036792412,-33.1086290329","-70.8036899322,-33.1091521079","-70.8036635254,-33.1091524902","-70.8036528345,-33.1086294151",180.98082784820724,0.0024599090303005595
417,"-70.80387594335,-33.111747445125005","-70.8038944939,-33.1120087913","-70.8038680862,-33.1120091737","-70.8038573929,-33.1114860989","-70.8038838004,-33.1114857166",180.981027202856,0.002459908418520278
418,"-70.80381252225,-33.111748363375","-70.8038203795,-33.1114866348","-70.8038310726,-33.1120097096","-70.8038046649,-33.1120100919","-70.803793972,-33.1114870172",180.9809847280946,0.0024599083928029605
419,"-70.80386515795,-33.111219862525004","-70.8038837083,-33.1114812087","-70.8038573007,-33.1114815911","-70.8038466077,-33.1109585163","-70.8038730151,-33.110958134",180.98100561127478,0.0024599138740094605
420,"-70.80380173725,-33.11122078075","-70.8038095946,-33.1109590522","-70.8038202874,-33.111482127","-70.8037938798,-33.1114825093","-70.8037831872,-33.1109594345",180.98096281069888,0.002459913752207684
421,"-70.80385437289999,-33.110692279874996","-70.803872923,-33.1109536261","-70.8038465156,-33.1109540085","-70.8038358229,-33.1104309336","-70.8038622301,-33.1104305513",180.98098383809634,0.0024599100165309164
422,"-70.80379095250001,-33.110693198075","-70.8037988099,-33.1104314695","-70.8038095024,-33.1109545443","-70.803783095,-33.1109549267","-70.8037724027,-33.1104318518",180.98094136287028,0.0024599099908295154
423,"-70.803883762475,-33.109970219874995","-70.8039023124,-33.1102315661","-70.8038759053,-33.1102319485","-70.8038652126,-33.1097088736","-70.8038916196,-33.1097084913",180.9809873085866,0.0024599069457684245
424,"-70.80382034265,-33.1099711381","-70.8038282,-33.1097094095","-70.8038388924,-33.1102324844","-70.8038124852,-33.1102328667","-70.803801793,-33.1097097918",180.98093992617635,0.0024599114803232434
425,"-70.80387297780001,-33.1094426371","-70.8038915275,-33.1097039834","-70.8038651205,-33.1097043657","-70.8038544282,-33.1091812908","-70.803880835,-33.1091809085",180.98096081593056,0.002459907648221844
426,"-70.8038095583,-33.1094435553","-70.8038174157,-33.1091818267","-70.8038281078,-33.1097049016","-70.8038017008,-33.1097052839","-70.8037910089,-33.109182209",180.980918339964,0.0024599076225216877
427,"-70.803861640525,-33.108888007125","-70.80388019,-33.1091493534","-70.8038537832,-33.1091497358","-70.8038430911,-33.1086266608","-70.8038694978,-33.1086262785",180.9809442417155,0.002459909298892104
428,"-70.803798221425,-33.108888925275","-70.8038060789,-33.1086271967","-70.8038167707,-33.1091502716","-70.8037903639,-33.1091506539","-70.8037796722,-33.1086275789",180.98090130527538,0.002459909081033913
429,"-70.8040027856,-33.111745608549995","-70.8040213365,-33.1120069547","-70.8039949288,-33.1120073371","-70.8039842348,-33.1114842624","-70.8040106423,-33.11148388",180.98109163772884,0.0024599085660158403
430,"-70.803939364475,-33.11174652685","-70.8039472214,-33.1114847983","-70.8039579152,-33.112007873","-70.8039315075,-33.1120082554","-70.8039208138,-33.1114851807",180.98105373766762,0.002459913195931127
431,"-70.803991999425,-33.111218026","-70.8040105501,-33.1114793722","-70.8039841426,-33.1114797545","-70.8039734488,-33.1109566798","-70.8039998562,-33.1109562975",180.98107416593467,0.00245990917303492
432,"-70.80392857872499,-33.111218944274995","-70.8039364357,-33.1109572157","-70.8039471292,-33.1114802905","-70.8039207217,-33.1114806728","-70.8039100283,-33.1109575981",180.98103182838358,0.002459909243430183
433,"-70.8039812136,-33.1106904434","-70.8039997641,-33.1109517896","-70.8039733567,-33.110952172","-70.8039626632,-33.1104290972","-70.8039890704,-33.1104287148",180.9810574304808,0.0024599101640147523
434,"-70.803917793225,-33.11069136165","-70.8039256503,-33.1104296331","-70.8039363435,-33.1109527079","-70.8039099361,-33.1109530902","-70.803899243,-33.1104300154",180.9810099109479,0.002459914602479053
435,"-70.80401060215,-33.1099683834","-70.8040291525,-33.1102297296","-70.8040027453,-33.110230112","-70.8039920519,-33.1097070372","-70.8040184589,-33.1097066548",180.9810563193256,0.0024599117502747806
436,"-70.803947182325,-33.10996930165","-70.8039550393,-33.1097075731","-70.8039657324,-33.1102306479","-70.8039393253,-33.1102310302","-70.8039286323,-33.1097079554",180.9810088072399,0.002459906876686784
437,"-70.803999816725,-33.109440800674996","-70.8040183668,-33.1097021469","-70.8039919598,-33.1097025293","-70.8039812667,-33.1091794544","-70.8040076736,-33.1091790721",180.98102982704762,0.002459912451465252
438,"-70.803936397225,-33.1094417189","-70.8039442543,-33.1091799903","-70.8039549471,-33.1097030652","-70.8039285401,-33.1097034475","-70.8039178474,-33.1091803726",180.98098702657148,0.0024599123303335278
439,"-70.80398847865001,-33.1088861707","-70.8040070285,-33.109147517","-70.8039806217,-33.1091478993","-70.8039699289,-33.1086248244","-70.8039963355,-33.1086244421",180.98101279816998,0.002459904597765261
440,"-70.803925059575,-33.108887088925","-70.8039329167,-33.1086253603","-70.8039436092,-33.1091484352","-70.8039172024,-33.1091488176","-70.80390651,-33.1086257426",180.9809658793399,0.002459909325246608
441,"-70.80412962780001,-33.11174377185","-70.8041481791,-33.112005118","-70.8041217714,-33.1120055004","-70.8041110766,-33.1114824257","-70.8041374841,-33.1114820433",180.98116490574637,0.002459908616767387
442,"-70.8040662067,-33.11174469025","-70.8040740632,-33.1114829617","-70.8040847578,-33.1120060364","-70.8040583501,-33.1120064188","-70.8040476557,-33.1114833441",180.9811224290383,0.002459908591727884
443,"-70.8041188409,-33.11121618935","-70.804137392,-33.1114775355","-70.8041109844,-33.1114779179","-70.8041002899,-33.1109548432","-70.8041266973,-33.1109544608",180.98114331380455,0.002459914072906569
444,"-70.80405542017499,-33.11121710765","-70.8040632768,-33.1109553791","-70.804073971,-33.1114784538","-70.8040475635,-33.1114788362","-70.8040368694,-33.1109557615",180.98109626501383,0.002459909390271262
445,"-70.8041080543,-33.11068860675","-70.8041266051,-33.1109499529","-70.8041001978,-33.1109503353","-70.8040895035,-33.1104272606","-70.8041159108,-33.1104268782",180.98112172917962,0.002459910215452271
446,"-70.80404463395,-33.1106895251","-70.8040524906,-33.1104277965","-70.8040631846,-33.1109508713","-70.8040367772,-33.1109512537","-70.8040260834,-33.1104281789",180.98107906596425,0.002459910189732607
447,"-70.80413744180001,-33.1099665468","-70.8041559925,-33.110227893","-70.8041295853,-33.1102282754","-70.8041188912,-33.1097052006","-70.8041452982,-33.1097048182",180.98112043189994,0.0024599118010064347
448,"-70.80407402200001,-33.1099674651","-70.8040818786,-33.1097057365","-70.8040925725,-33.1102288113","-70.8040661653,-33.1102291937","-70.8040554716,-33.1097061189",180.98107795687602,0.0024599117759782864
449,"-70.80412665565001,-33.1094389641","-70.8041452061,-33.1097003103","-70.8041187991,-33.1097006927","-70.8041081053,-33.1091776179","-70.8041345121,-33.1091772355",180.98109884593163,0.002459907943881781
450,"-70.80406323615,-33.1094398824","-70.8040710928,-33.1091781538","-70.8040817864,-33.1097012286","-70.8040553794,-33.109701611","-70.804044686,-33.1091785362",180.98105637145665,0.0024599079181651757
451,"-70.80411531675,-33.10888433415","-70.804133867,-33.1091456804","-70.8041074601,-33.1091460628","-70.8040967666,-33.1086229879","-70.8041231733,-33.1086226055",180.9810773672214,0.00245991415484897
452,"-70.804051897675,-33.10888525245","-70.8040597544,-33.1086235238","-70.8040704477,-33.1091465987","-70.8040440409,-33.1091469811","-70.8040333477,-33.1086239062",180.98103947281385,0.002459909472740391
453,"-70.80425647002501,-33.111741935025","-70.8042750217,-33.1120032811","-70.804248614,-33.1120036636","-70.8042379184,-33.1114805889","-70.804264326,-33.1114802065",180.98123391510364,0.002459913419922478
454,"-70.8041930489,-33.111742853500004","-70.804200905,-33.111481125","-70.8042116004,-33.1120041996","-70.8041851927,-33.112004582","-70.8041744975,-33.1114815074",180.98119588321748,0.002459908642474
455,"-70.804245682375,-33.11121435255","-70.8042642338,-33.1114756987","-70.8042378263,-33.1114760811","-70.804227131,-33.1109530064","-70.8042535384,-33.110952624",180.98121200603435,0.00245990946805266
456,"-70.80418226165,-33.11121527095","-70.8041901178,-33.1109535424","-70.8042008129,-33.1114766171","-70.8041744054,-33.1114769995","-70.8041637105,-33.1109539248",180.9811741116968,0.002459904786027986
457,"-70.804234895,-33.110686770025","-70.8042534462,-33.1109481161","-70.8042270388,-33.1109484986","-70.8042163439,-33.1104254239","-70.8042427511,-33.1104250415",180.98118616600976,0.0024599103636225176
458,"-70.80417147465,-33.1106876884","-70.8041793309,-33.1104259598","-70.8041900257,-33.1109490346","-70.8041636183,-33.110949417","-70.8041529237,-33.1104263422",180.98115233380986,0.0024599102411437977
459,"-70.804264281475,-33.109964710025","-70.8042828325,-33.1102260562","-70.8042564254,-33.1102264386","-70.8042457305,-33.1097033639","-70.8042721375,-33.1097029814",180.9811894498271,0.002459907292862451
460,"-70.804200861675,-33.109965628400005","-70.8042087179,-33.1097038998","-70.8042194125,-33.1102269746","-70.8041930054,-33.110227357","-70.8041823109,-33.1097042822",180.98114664960272,0.002459907171025582
461,"-70.804253494525,-33.1094371274","-70.8042720453,-33.1096984736","-70.8042456384,-33.109698856","-70.8042349438,-33.1091757812","-70.8042613506,-33.1091753988",180.98116754124132,0.0024599033382519146
462,"-70.80419007507501,-33.109438045775","-70.8041979314,-33.1091763172","-70.8042086257,-33.109699392","-70.8041822187,-33.1096997744","-70.8041715245,-33.1091766995",180.98112473333896,0.0024599125285605884
463,"-70.804242154825,-33.108882497500005","-70.8042607054,-33.1091438437","-70.8042342986,-33.1091442261","-70.8042236043,-33.1086211513","-70.804250011,-33.1086207689",180.98114624896996,0.002459909549187341
464,"-70.80417873580001,-33.10888341585","-70.8041865921,-33.1086216872","-70.8041972862,-33.1091447621","-70.8041708794,-33.1091451445","-70.8041601855,-33.1086220696",180.98110816754814,0.0024599048670495994
465,"-70.8043833122,-33.111740098075","-70.8044018642,-33.1120014441","-70.8043754565,-33.1120018266","-70.8043647603,-33.111478752","-70.8043911678,-33.1114783696",180.98129363920026,0.002459908816376805
466,"-70.804319891125,-33.111741016574996","-70.8043277469,-33.1114792881","-70.8043384429,-33.1120023626","-70.8043120353,-33.1120027451","-70.8043013394,-33.1114796705",180.98125574390997,0.0024599041344184345
467,"-70.8043725238,-33.111212515625","-70.8043910756,-33.1114738617","-70.8043646681,-33.1114742442","-70.8043539721,-33.1109511695","-70.8043803794,-33.1109507871",180.9812810241153,0.002459904958603101
468,"-70.804309103075,-33.111213434099994","-70.8043169589,-33.1109517056","-70.8043276547,-33.1114747802","-70.8043012472,-33.1114751626","-70.8042905515,-33.110952088",180.98124298532656,0.002459909493754734
469,"-70.8043617357,-33.110684933125","-70.8043802873,-33.1109462792","-70.8043538799,-33.1109466617","-70.8043431842,-33.110423587","-70.8043695914,-33.1104232046",180.98125943376513,0.0024599104150324707
470,"-70.804298315325,-33.110685851575","-70.8043061712,-33.110424123","-70.8043168667,-33.1109471977","-70.8042904594,-33.1109475801","-70.804279764,-33.1104245055",180.98122153852967,0.0024599057330203806
471,"-70.80439112112501,-33.109962873149996","-70.8044096725,-33.1102242193","-70.8043832654,-33.1102246017","-70.8043725698,-33.109701527","-70.8043989768,-33.1097011446",180.9812534266597,0.002459907248145746
472,"-70.8043277013,-33.1099637916","-70.8043355571,-33.109702063","-70.8043462525,-33.1102251378","-70.8043198454,-33.1102255202","-70.8043091502,-33.1097024454",180.9812153423859,0.002459902566068253
473,"-70.8043803334,-33.109435290549996","-70.8043988846,-33.1096966367","-70.8043724776,-33.1096970191","-70.8043617823,-33.1091739444","-70.8043881891,-33.109173562",180.98123641543356,0.0024599080460280002
474,"-70.804316913975,-33.109436209","-70.8043247699,-33.1091744804","-70.804335465,-33.1096975552","-70.804309058,-33.1096979376","-70.804298363,-33.1091748628",180.98119832580755,0.0024599126767323215
475,"-70.804368992925,-33.1088806607","-70.8043875439,-33.1091420069","-70.8043611371,-33.1091423893","-70.804350442,-33.1086193145","-70.8043768487,-33.1086189321",180.9812195187581,0.0024599096012526524
476,"-70.804305573925,-33.1088815791","-70.8043134299,-33.1086198505","-70.8043241247,-33.1091429253","-70.8042977179,-33.1091433077","-70.8042870232,-33.1086202329",180.981177041788,0.0024599095755610933
477,"-70.80451015439999,-33.111738261","-70.8045287068,-33.111999607","-70.8045022991,-33.1119999895","-70.8044916021,-33.111476915","-70.8045180096,-33.1114765325",180.98136723078602,0.0024599089639182926
478,"-70.8044467333,-33.111739179575","-70.8044545887,-33.1114774511","-70.8044652855,-33.1120005256","-70.8044388778,-33.1120009081","-70.8044281812,-33.1114778335",180.98132442987307,0.0024599088420876134
479,"-70.804499365225,-33.111210678575006","-70.8045179174,-33.1114720246","-70.8044915099,-33.1114724071","-70.8044808131,-33.1109493325","-70.8045072205,-33.1109489501",180.98134989817103,0.0024599096670041036
480,"-70.804435944525,-33.111211597149996","-70.8044438,-33.1109498686","-70.8044544965,-33.1114729432","-70.804428089,-33.1114733257","-70.8044173926,-33.1109502511",180.98130755831562,0.0024599097374024353
481,"-70.80448857635,-33.110683096125","-70.8045071283,-33.1109444422","-70.8044807209,-33.1109448247","-70.8044700245,-33.11042175","-70.8044964317,-33.1104213676",180.98132354528323,0.0024599104657971856
482,"-70.804425156,-33.110684014625","-70.8044330115,-33.1104222861","-70.8044437078,-33.1109453607","-70.8044173004,-33.1109457432","-70.8044066043,-33.1104226685",180.98129022589984,0.0024599104400873963
483,"-70.804517960725,-33.109961036125","-70.8045365125,-33.1102223822","-70.8045101054,-33.1102227647","-70.804499409,-33.10969969","-70.804525816,-33.1096993076",180.98132701854453,0.0024599073950207044
484,"-70.80445454092501,-33.10996195465","-70.8044623964,-33.1097002261","-70.8044730925,-33.1102233008","-70.8044466854,-33.1102236832","-70.8044359894,-33.1097006085",180.98128421694565,0.0024599072738547938
485,"-70.804507172275,-33.10943345357501","-70.8045257238,-33.1096947997","-70.8044993169,-33.1096951822","-70.8044886208,-33.1091721074","-70.8045150276,-33.109171725",180.9813052477473,0.0024599035371853407
486,"-70.804443752825,-33.109434372075","-70.8044516084,-33.1091726435","-70.8044623042,-33.1096957182","-70.8044358972,-33.1096961007","-70.8044252015,-33.1091730259",180.98126276373586,0.002459912824919919
487,"-70.804495831025,-33.108878823775","-70.8045143824,-33.1091401699","-70.8044879755,-33.1091405524","-70.8044772798,-33.1086174776","-70.8045036864,-33.1086170952",180.98128395636763,0.002459909748756263
488,"-70.804432411975,-33.10887974225","-70.8044402676,-33.1086180136","-70.8044509631,-33.1091410884","-70.8044245563,-33.1091414709","-70.8044138609,-33.1086183961",180.9812416170234,0.002459909818532886
489,"-70.804636996575,-33.111736423800004","-70.8046555493,-33.1119977698","-70.8046291417,-33.1119981523","-70.8046184439,-33.1114750778","-70.8046448514,-33.1114746953",180.98143592383713,0.0024599043584428485
490,"-70.8045735755,-33.1117373424","-70.8045814305,-33.1114756139","-70.8045921281,-33.1119986884","-70.8045657204,-33.1119990709","-70.804555023,-33.1114759964",180.98139802108614,0.002459908988315361
491,"-70.80462620665,-33.1112088414","-70.8046447592,-33.1114701874","-70.8046183517,-33.1114705699","-70.8046076542,-33.1109474954","-70.8046340615,-33.1109471129",180.98141891629044,0.002459905158230005
492,"-70.804562785925,-33.11120976","-70.804570641,-33.1109480315","-70.8045813383,-33.111471106","-70.8045549308,-33.1114714885","-70.8045442336,-33.110948414",180.98138101242887,0.002459909788827229
493,"-70.804615417,-33.11068125895","-70.8046339693,-33.110942605","-70.804607562,-33.1109429875","-70.8045968647,-33.1104199129","-70.804623272,-33.1104195304",180.98139713837904,0.0024599106133670967
494,"-70.804551996675,-33.110682177550004","-70.8045598518,-33.110420449","-70.8045705488,-33.1109435236","-70.8045441415,-33.1109439061","-70.8045334446,-33.1104208315",180.9813592428432,0.0024599059313094446
495,"-70.804644800375,-33.109959199","-70.8046633525,-33.1102205451","-70.8046369454,-33.1102209276","-70.8046262483,-33.1096978529","-70.8046526553,-33.1096974704",180.9813912686656,0.002459907543221645
496,"-70.804581380575,-33.109960117600004","-70.8045892357,-33.109698389","-70.8045999325,-33.1102214637","-70.8045735254,-33.1102218462","-70.8045628287,-33.1096987715",180.9813487908619,0.002459907517509799
497,"-70.80463401115,-33.109431616500004","-70.8046525631,-33.1096929626","-70.8046261561,-33.1096933451","-70.8046154593,-33.1091702704","-70.8046418661,-33.1091698879",180.98137425946587,0.002459908341760704
498,"-70.804570591725,-33.109432535050004","-70.8045784469,-33.1091708065","-70.8045891435,-33.1096938812","-70.8045627365,-33.1096942636","-70.80455204,-33.1091711889",180.9813358939488,0.0024599127788967525
499,"-70.804622669075,-33.1088769867","-70.8046412208,-33.1091383328","-70.804614814,-33.1091387153","-70.8046041174,-33.1086156406","-70.8046305241,-33.1086152581",180.9813575502983,0.002459909895658319
500,"-70.80455925007499,-33.10887790525","-70.8045671053,-33.1086161766","-70.8045778016,-33.1091392514","-70.8045513948,-33.1091396339","-70.8045406986,-33.1086165591",180.98131488696237,0.002459909870610612
501,"-70.80476383875,-33.111734586425","-70.8047823919,-33.1119959324","-70.8047559842,-33.1119963149","-70.8047452857,-33.1114732405","-70.8047716932,-33.1114728579",180.98150493493273,0.0024599091629205028
502,"-70.80470041765001,-33.111735505125004","-70.8047082723,-33.1114737766","-70.8047189706,-33.1119968511","-70.8046925629,-33.1119972336","-70.8046818648,-33.1114741592",180.9814624562157,0.0024599091372041002
503,"-70.80475304807499,-33.1112070041","-70.804771601,-33.1114683501","-70.8047451935,-33.1114687326","-70.8047344952,-33.1109456581","-70.8047609026,-33.1109452756",180.98148760138747,0.002459909865976144
504,"-70.80468962735,-33.1112079228","-70.804697482,-33.1109461943","-70.8047081801,-33.1114692688","-70.8046817726,-33.1114696513","-70.8046710747,-33.1109465768",180.98144970543694,0.002459905183288196
505,"-70.80474225765,-33.1106794217","-70.8047608104,-33.1109407677","-70.804734403,-33.1109411502","-70.804723705,-33.1104180757","-70.8047501122,-33.1104176932",180.98147059334426,0.0024599106647591115
506,"-70.804678837325,-33.11068034035","-70.8046866921,-33.1104186118","-70.8046973898,-33.1109416864","-70.8046709825,-33.1109420689","-70.8046602849,-33.1104189943",180.98142335344062,0.002459905983403044
507,"-70.804771639975,-33.10995736175","-70.8047901925,-33.1102187078","-70.8047637854,-33.1102190903","-70.8047530875,-33.1096960157","-70.8047794945,-33.1096956332",180.98146472486522,0.0024599075939918664
508,"-70.804708220175,-33.109958280375","-70.8047160749,-33.1096965518","-70.8047267725,-33.1102196264","-70.8047003654,-33.110220009","-70.8046896679,-33.1096969343",180.98142238348015,0.0024599076650771642
509,"-70.804760849975,-33.10942977924999","-70.8047794023,-33.1096911253","-70.8047529953,-33.1096915078","-70.8047422977,-33.1091684332","-70.8047687046,-33.1091680507",180.98144313493714,0.002459913048265984
510,"-70.80469743055,-33.1094306979","-70.8047052853,-33.1091689693","-70.8047159827,-33.109692044","-70.8046895757,-33.1096924265","-70.8046788785,-33.1091693518",180.98140504998838,0.0024599083674720413
511,"-70.804749507125,-33.1088751495","-70.8047680592,-33.1091364956","-70.8047416524,-33.1091368781","-70.8047309551,-33.1086138034","-70.8047573618,-33.1086134209",180.98142166373816,0.00245990994774847
512,"-70.8046860881,-33.1088760681","-70.8046939429,-33.1086143395","-70.80470464,-33.1091374142","-70.8046782332,-33.1091377967","-70.8046675363,-33.108614722",180.9813837666632,0.0024599052655968783
513,"-70.80489068085001,-33.111732748975","-70.8049092344,-33.1119940949","-70.8048828267,-33.1119944775","-70.8048721274,-33.111471403","-70.8048985349,-33.1114710205",180.98157820070534,0.002459909214361378
514,"-70.80482725979999,-33.111733667725","-70.8048351141,-33.1114719392","-70.8048458131,-33.1119950137","-70.8048194055,-33.1119953962","-70.8048087065,-33.1114723218",180.98153572380886,0.002459909188664266
515,"-70.804879889425,-33.111205166675006","-70.8048984427,-33.1114665126","-70.8048720352,-33.1114668952","-70.8048613362,-33.1109438207","-70.8048877436,-33.1109434382",180.98155203791782,0.0024599100128829985
516,"-70.80481646875,-33.1112060854","-70.8048243231,-33.1109443569","-70.8048350219,-33.1114674314","-70.8048086143,-33.1114678139","-70.8047979157,-33.1109447394",180.9815138107873,0.002459914547967951
517,"-70.8048690983,-33.1106775843","-70.8048876514,-33.1109389303","-70.804861244,-33.1109393128","-70.8048505453,-33.1104162383","-70.8048769525,-33.1104158558",180.98153470549767,0.002459910716189879
518,"-70.804805678,-33.110678503025","-70.8048135324,-33.1104167745","-70.8048242309,-33.110939849","-70.8047978235,-33.1109402316","-70.8047871252,-33.110417157",180.98149236443504,0.0024599107872781637
519,"-70.804898479575,-33.10995552435","-70.8049170325,-33.1102168704","-70.8048906254,-33.1102172529","-70.8048799267,-33.1096941783","-70.8049063337,-33.1096937958",180.98153799320795,0.002459907646082852
520,"-70.804835059775,-33.10995644305","-70.8048429141,-33.1096947145","-70.8048536125,-33.1102177891","-70.8048272054,-33.1102181716","-70.8048165071,-33.109695097",180.98149551450229,0.002459907620368209
521,"-70.80488768880001,-33.1094279419","-70.8049062415,-33.1096892879","-70.8048798345,-33.1096896705","-70.8048691362,-33.1091665959","-70.804895543,-33.1091662133",180.98151229081344,0.0024599086369041564
522,"-70.8048242694,-33.109428860575","-70.8048321238,-33.109167132","-70.8048428219,-33.1096902066","-70.8048164149,-33.1096905892","-70.804805717,-33.1091675145",180.9814694885173,0.0024599085143792747
523,"-70.80487634515,-33.108873312200004","-70.8048948976,-33.1091346583","-70.8048684908,-33.1091350408","-70.8048577928,-33.1086119661","-70.8048841994,-33.1086115836",180.98149035833836,0.0024599053427319583
524,"-70.80481292615,-33.10887423090001","-70.8048207806,-33.1086125023","-70.8048314784,-33.109135577","-70.8048050716,-33.1091359595","-70.804794374,-33.1086128848",180.98144788089914,0.0024599053170252273
525,"-70.8050283155,-33.1122584936","-70.8050468696,-33.1125198395","-70.8050204618,-33.1125202221","-70.8050097615,-33.1119971477","-70.8050361691,-33.1119967651",180.9816642255119,0.002459903906146147
526,"-70.80496489405,-33.112259412425004","-70.8049727479,-33.111997684","-70.804983448,-33.1125207583","-70.8049570401,-33.1125211409","-70.8049463402,-33.1119980665",180.98162160298642,0.002459913095440516
527,"-70.805017523,-33.1117309114","-70.8050360769,-33.1119922573","-70.8050096692,-33.1119926399","-70.8049989692,-33.1114695655","-70.8050253767,-33.1114691829",180.98164263743178,0.0024599093612734527
528,"-70.80495410192499,-33.1117318302","-70.8049619558,-33.1114701017","-70.8049726556,-33.1119931761","-70.804946248,-33.1119935587","-70.8049355483,-33.1114704843",180.98160474062092,0.002459904679961425
529,"-70.805006730825,-33.1112033291","-70.8050252845,-33.111464675","-70.804998877,-33.1114650576","-70.8049881772,-33.1109419832","-70.8050145846,-33.1109416006",180.9816256305841,0.00245991016112404
530,"-70.804943310125,-33.111204247900005","-70.8049511641,-33.1109425194","-70.8049618636,-33.1114655938","-70.8049354561,-33.1114659764","-70.8049247567,-33.110942902",180.98158315157713,0.0024599101354053515
531,"-70.80499593889999,-33.110675746775","-70.8050144924,-33.1109370927","-70.804988085,-33.1109374753","-70.8049773855,-33.1104144008","-70.8050037927,-33.1104140183",180.98160829861536,0.0024599108644353376
532,"-70.80493251860001,-33.11067666555","-70.8049403726,-33.110414937","-70.8049510719,-33.1109380115","-70.8049246645,-33.1109383941","-70.8049139654,-33.1104153196",180.98156595770354,0.0024599109341989925
533,"-70.80502531915,-33.109953686825","-70.8050438724,-33.1102150328","-70.8050174653,-33.1102154154","-70.805006766,-33.1096923408","-70.8050331729,-33.1096919583",180.98159785610466,0.002459903137281763
534,"-70.80496189935,-33.109954605625","-70.8049697533,-33.1096928771","-70.8049804525,-33.1102159516","-70.8049540453,-33.1102163342","-70.8049433463,-33.1096932596",180.98156452604883,0.0024599124242830413
535,"-70.80501452765,-33.1094261044","-70.8050330807,-33.1096874504","-70.8050066737,-33.109687833","-70.8049959747,-33.1091647584","-70.8050223815,-33.1091643758",180.98157640383704,0.002459908687004982
536,"-70.804951108225,-33.10942702315","-70.8049589623,-33.1091652946","-70.8049696611,-33.1096883692","-70.8049432541,-33.1096887517","-70.8049325554,-33.1091656771",180.98153803712353,0.002459913126738764
537,"-70.805003183175,-33.108871474749996","-70.805021736,-33.1091328208","-70.8049953292,-33.1091332033","-70.8049846304,-33.1086101287","-70.8050110371,-33.1086097462",180.9815592330934,0.002459910050594663
538,"-70.804939764175,-33.108872393474996","-70.8049476183,-33.1086106649","-70.8049583168,-33.1091337395","-70.80493191,-33.1091341221","-70.8049212116,-33.1086110474",180.9815168915381,0.00245991012102324
539,"-70.805155158375,-33.11225665585","-70.8051737129,-33.1125180017","-70.805147305,-33.1125183843","-70.805136604,-33.11199531","-70.8051630116,-33.1119949274",180.98173309886369,0.00245990861315468
540,"-70.805091736925,-33.112257574750004","-70.8050995904,-33.1119958463","-70.8051102912,-33.1125189206","-70.8050838834,-33.1125193032","-70.8050731827,-33.1119962289",180.9816906182336,0.002459908587459897
541,"-70.805144365125,-33.111729073650004","-70.8051629194,-33.1119904195","-70.8051365117,-33.1119908021","-70.8051258109,-33.1114677278","-70.8051522185,-33.1114673452",180.98171151114926,0.0024599140696601116
542,"-70.80508094410001,-33.1117299925","-70.8050887976,-33.111468264","-70.8050994982,-33.1119913384","-70.8050730905,-33.111991721","-70.8050623901,-33.1114686466",180.9816734248601,0.0024599093869954493
543,"-70.805133572175,-33.1112014914","-70.8051521262,-33.1114628373","-70.8051257187,-33.1114632199","-70.8051150182,-33.1109401455","-70.8051414256,-33.1109397629",180.98168974117877,0.0024599102125642137
544,"-70.805070151525,-33.11120241030001","-70.8050780051,-33.1109406818","-70.8050887054,-33.1114637562","-70.8050622979,-33.1114641388","-70.8050515977,-33.1109410644",180.9816564179232,0.002459910186842727
545,"-70.80515215872501,-33.10995184915","-70.8051707124,-33.1102131951","-70.8051443053,-33.1102135777","-70.8051336051,-33.1096905032","-70.8051600121,-33.1096901206",180.98167602313697,0.0024599079412315162
546,"-70.80508873895,-33.10995276805","-70.8050965925,-33.1096910395","-70.8051072924,-33.110214114","-70.8050808853,-33.1102144966","-70.8050701856,-33.1096914221",180.98162896908786,0.0024599032591347543
547,"-70.80514136645,-33.1094242668","-70.8051599199,-33.1096856128","-70.8051335129,-33.1096859954","-70.8051228131,-33.1091629208","-70.8051492199,-33.1091625382",180.9816496726198,0.0024599087397622413
548,"-70.80507794705,-33.109425185625","-70.8050858007,-33.1091634571","-70.8050965003,-33.1096865316","-70.8050700933,-33.1096869142","-70.8050593939,-33.1091638396",180.98160705624753,0.0024599086172400002
549,"-70.8051300212,-33.1088696372","-70.8051485744,-33.1091309832","-70.8051221676,-33.1091313658","-70.8051114681,-33.1086082912","-70.8051378747,-33.1086079086",180.98162839057449,0.002459905637222817
550,"-70.80506660220001,-33.108870556","-70.8050744559,-33.1086088274","-70.8050851552,-33.109131902","-70.8050587484,-33.1091322846","-70.8050480493,-33.10860921",180.98158591221681,0.0024599056121613365
551,"-70.80528200125,-33.112254817925006","-70.8053005561,-33.1125161637","-70.8052741483,-33.1125165464","-70.8052634465,-33.1119934721","-70.8052898541,-33.1119930895",180.9818021145212,0.0024599041038896093
552,"-70.80521857982501,-33.112255736899996","-70.8052264329,-33.1119940084","-70.8052371345,-33.1125170827","-70.8052107267,-33.1125174654","-70.8052000252,-33.1119943911",180.98176434705647,0.0024599088318970784
553,"-70.80527120725,-33.111727235775","-70.8052897619,-33.1119885816","-70.8052633542,-33.1119889643","-70.8052526527,-33.1114658899","-70.8052790602,-33.1114655073",180.98178033989754,0.0024599095603299818
554,"-70.8052077862,-33.11172815475","-70.8052156393,-33.1114664263","-70.8052263407,-33.1119895006","-70.805199933,-33.1119898832","-70.8051892318,-33.1114668089",180.98174687924626,0.0024599094391065533
555,"-70.805260413575,-33.111199653575","-70.805278968,-33.1114609994","-70.8052525605,-33.1114613821","-70.8052418592,-33.1109383077","-70.8052682666,-33.1109379251",180.98176333386647,0.0024599103601827205
556,"-70.80519699287501,-33.11120057250001","-70.8052048461,-33.110938844","-70.8052155471,-33.1114619184","-70.8051891396,-33.111462301","-70.8051784387,-33.1109392266",180.98172053043356,0.002459910238285699
557,"-70.805278998275,-33.1099500114","-70.8052975523,-33.1102113573","-70.8052711452,-33.1102117399","-70.8052604443,-33.1096886655","-70.8052868513,-33.1096882829",180.9817403231545,0.0024599079926705836
558,"-70.8052155785,-33.109950930325","-70.8052234317,-33.1096892018","-70.8052341324,-33.1102122762","-70.8052077252,-33.1102126589","-70.8051970247,-33.1096895844",180.98170255634273,0.002459912718797753
559,"-70.80526820525,-33.10942242905","-70.8052867591,-33.109683775","-70.8052603521,-33.1096841576","-70.8052496515,-33.1091610831","-70.8052760583,-33.1091607005",180.98172312928205,0.002459908789876892
560,"-70.80520478585001,-33.10942334795","-70.8052126391,-33.1091616194","-70.8052233395,-33.1096846939","-70.8051969325,-33.1096850765","-70.8051862323,-33.109162002",180.98168064879255,0.002459908765480568
561,"-70.805256859225,-33.10886779947501","-70.8052754128,-33.1091291454","-70.805249006,-33.1091295281","-70.8052383057,-33.1086064535","-70.8052647124,-33.1086060709",180.98169740282196,0.002459910441915917
562,"-70.805193440225,-33.108868718349996","-70.8052012936,-33.1086069898","-70.8052119936,-33.1091300643","-70.8051855868,-33.1091304469","-70.8051748869,-33.1086073724",180.98165478490046,0.002459910320029417
563,"-70.805408844075,-33.112252979925","-70.8054273993,-33.1125143257","-70.8054009915,-33.1125147084","-70.8053902889,-33.1119916341","-70.8054166966,-33.1119912515",180.98187079939086,0.002459908812911255
564,"-70.805345422675,-33.112253898925005","-70.8053532754,-33.1119921705","-70.8053639777,-33.1125152447","-70.8053375699,-33.1125156274","-70.8053268677,-33.1119925531",180.98182832028164,0.0024599087858625957
565,"-70.80539804935,-33.1117253978","-70.8054166044,-33.1119867436","-70.8053901967,-33.1119871263","-70.8053794944,-33.111464052","-70.8054059019,-33.1114636693",180.98185393160267,0.0024599097079468788
566,"-70.805334628325,-33.1117263168","-70.8053424811,-33.1114645883","-70.8053531831,-33.1119876626","-70.8053267755,-33.1119880453","-70.8053160736,-33.111464971",180.9818068780171,0.0024599050259608134
567,"-70.80538725490001,-33.111197815625","-70.8054058097,-33.1114591615","-70.8053794022,-33.1114595441","-70.8053687002,-33.1109364698","-70.8053951075,-33.1109360871",180.98183202675173,0.002459905755312669
568,"-70.8053238342,-33.111198734625006","-70.805331687,-33.1109370061","-70.8053423888,-33.1114600805","-70.8053159813,-33.1114604631","-70.8053052797,-33.1109373888",180.9817895470381,0.0024599057302432917
569,"-70.80540583785,-33.1099481735","-70.8054243923,-33.1102095194","-70.8053979851,-33.110209902","-70.8053872835,-33.1096868276","-70.8054136905,-33.109686445",180.98180901041098,0.002459912700462903
570,"-70.805342418075,-33.109949092475006","-70.8053502709,-33.1096873639","-70.8053609723,-33.1102104384","-70.8053345652,-33.110210821","-70.8053238639,-33.1096877466",180.98177124803672,0.002459908114559406
571,"-70.80539504410001,-33.109420591174995","-70.8054135983,-33.1096819371","-70.8053871913,-33.1096823197","-70.80537649,-33.1091592453","-70.8054028968,-33.1091588626",180.98178756595794,0.0024599089388098773
572,"-70.80533162467499,-33.10942151015","-70.8053394776,-33.1091597816","-70.8053501787,-33.1096828561","-70.8053237717,-33.1096832387","-70.8053130707,-33.1091601642",180.98174933657253,0.002459913472663004
573,"-70.805383697225,-33.10886596165","-70.8054022512,-33.1091273076","-70.8053758444,-33.1091276902","-70.8053651433,-33.1086046157","-70.80539155,-33.1086042331",180.9817705357887,0.0024599103965253057
574,"-70.805320278225,-33.108866880575","-70.8053281312,-33.108605152","-70.805338832,-33.1091282265","-70.8053124252,-33.1091286092","-70.8053017245,-33.1086055346",180.98172819352288,0.002459910467635114
575,"-70.80553568695001,-33.112251141749994","-70.8055542426,-33.1125124875","-70.8055278347,-33.1125128702","-70.8055171314,-33.111989796","-70.8055435391,-33.1119894133",180.98193981082417,0.002459913616099557
576,"-70.805472265525,-33.112252060850004","-70.8054801178,-33.1119903324","-70.805490821,-33.1125134066","-70.8054644131,-33.1125137893","-70.8054537102,-33.1119907151",180.98190191169627,0.0024599089347787893
577,"-70.805524891425,-33.11172355965","-70.8055434468,-33.1119849054","-70.8055170392,-33.1119852881","-70.8055063361,-33.1114622139","-70.8055327436,-33.1114618312",180.9819228119655,0.0024599051038009163
578,"-70.8054614704,-33.11172447875","-70.8054693228,-33.1114627503","-70.8054800256,-33.1119858245","-70.8054536179,-33.1119862072","-70.8054429153,-33.111463133",180.98187575084745,0.00245990973366623
579,"-70.805514096225,-33.111195977575","-70.8055326514,-33.1114573234","-70.8055062439,-33.111457706","-70.8054955411,-33.1109346318","-70.8055219485,-33.1109342491",180.98190090035274,0.0024599104630728063
580,"-70.80545067555,-33.1111968966","-70.805458528,-33.1109351681","-70.8054692305,-33.1114582424","-70.805442823,-33.1114586251","-70.8054321207,-33.1109355508",180.98185398325182,0.002459905876543918
581,"-70.805532677375,-33.10994633545","-70.8055512322,-33.1102076813","-70.805524825,-33.110208064","-70.8055141227,-33.1096849896","-70.8055405296,-33.1096846069",180.9818781670249,0.0024599082872078706
582,"-70.805469257625,-33.1099472545","-70.8054771101,-33.109685526","-70.8054878122,-33.1102086004","-70.8054614051,-33.110208983","-70.8054507031,-33.1096859086",180.98183522344965,0.0024599080691751875
583,"-70.80552188285,-33.10941875317501","-70.8055404374,-33.1096800991","-70.8055140304,-33.1096804817","-70.8055033284,-33.1091574073","-70.8055297352,-33.1091570246",180.9818516796265,0.0024599089896000536
584,"-70.80545846347499,-33.109419672200005","-70.805466316,-33.1091579436","-70.8054770178,-33.1096810181","-70.8054506109,-33.1096814008","-70.8054399092,-33.1091583263",180.98181391750035,0.0024599044036543475
585,"-70.80551053525,-33.1088641237","-70.8055290896,-33.1091254696","-70.8055026828,-33.1091258523","-70.805491981,-33.1086027778","-70.8055183876,-33.1086023951",180.9818396926603,0.0024599059845246945
586,"-70.80544711625001,-33.1088650427","-70.8054549688,-33.1086033141","-70.8054656704,-33.1091263886","-70.8054392636,-33.1091267713","-70.8054285622,-33.1086036968",180.98179721076013,0.0024599059588095848
587,"-70.8056625298,-33.112249303475","-70.8056810858,-33.1125106492","-70.805654678,-33.1125110319","-70.8056439739,-33.1119879578","-70.8056703815,-33.111987575",180.9820134086794,0.00245990445126328
588,"-70.8055991084,-33.11225022265","-70.8056069603,-33.1119884942","-70.8056176642,-33.1125115684","-70.8055912564,-33.1125119511","-70.8055805527,-33.1119888769",180.98197060274146,0.0024599043293397965
589,"-70.80565173350001,-33.111721721449996","-70.8056702893,-33.1119830672","-70.8056438816,-33.1119834499","-70.8056331778,-33.1114603757","-70.8056595853,-33.111459993",180.98199149727776,0.00245990981085583
590,"-70.80558831249999,-33.11172264055","-70.8055961645,-33.1114609121","-70.8056068681,-33.1119839863","-70.8055804604,-33.111984369","-70.805569757,-33.1114612948",180.98194901677772,0.002459909785789925
591,"-70.80564093755,-33.11119413935","-70.8056594931,-33.1114554851","-70.8056330856,-33.1114558678","-70.8056223821,-33.1109327936","-70.8056487894,-33.1109324109",180.9819699179784,0.002459905954378458
592,"-70.80557751692501,-33.111195058475","-70.805585369,-33.11093333","-70.8055960723,-33.1114564042","-70.8055696648,-33.111456787","-70.8055589616,-33.1109337127",180.98193215004113,0.0024599106811610105
593,"-70.80565951690001,-33.1099444973","-70.8056780721,-33.1102058431","-70.8056516649,-33.1102062258","-70.8056409618,-33.1096831515","-70.8056673688,-33.1096827688",180.98194704106817,0.002459912995696425
594,"-70.80559609715,-33.109945416375","-70.8056039492,-33.1096836879","-70.8056146521,-33.1102067622","-70.805588245,-33.1102071449","-70.8055775423,-33.1096840705",180.98190424109487,0.0024599035617393172
595,"-70.80564872165,-33.10941691505","-70.8056672766,-33.1096782609","-70.8056408696,-33.1096786436","-70.8056301668,-33.1091555692","-70.8056565736,-33.1091551865",180.98192527264067,0.0024599091378713347
596,"-70.80558530225,-33.10941783415","-70.8055931544,-33.1091561056","-70.805603857,-33.10967918","-70.80557745,-33.1096795627","-70.8055667476,-33.1091564883",180.98188279211104,0.0024599091114843176
597,"-70.8056373732,-33.1088622856","-70.8056559279,-33.1091236315","-70.8056295211,-33.1091240142","-70.8056188186,-33.1086009397","-70.8056452252,-33.108600557",180.98190380668578,0.0024599060359713786
598,"-70.8055739542,-33.10886320465","-70.8055818064,-33.1086014761","-70.8055925087,-33.1091245505","-70.8055661019,-33.1091249332","-70.8055553998,-33.1086018588",180.9818615117554,0.0024599060102548707
599,"-70.805789372625,-33.11224746505","-70.805807929,-33.1125088107","-70.8057815212,-33.1125091935","-70.8057708163,-33.1119861194","-70.805797224,-33.1119857366",180.98208241838245,0.0024599092551798726
600,"-70.805725951225,-33.112248384275","-70.8057338028,-33.1119866558","-70.8057445074,-33.11250973","-70.8057180996,-33.1125101127","-70.8057073951,-33.1119870386",180.98203961201904,0.0024599091332482594
601,"-70.80577857557499,-33.11171988305","-70.8057971317,-33.1119812288","-70.8057707241,-33.1119816115","-70.8057600195,-33.1114585373","-70.805786427,-33.1114581546",180.9820601903321,0.0024599052067234995
602,"-70.805715154575,-33.11172080225","-70.8057230062,-33.1114590738","-70.8057337105,-33.111982148","-70.8057073029,-33.1119825307","-70.8056965987,-33.1114594565",180.9820177093825,0.0024599051803246477
603,"-70.80576777887501,-33.111192301","-70.8057863348,-33.1114536467","-70.8057599273,-33.1114540295","-70.805749223,-33.1109309553","-70.8057756304,-33.1109305725",180.9820390665579,0.002459910854533214
604,"-70.8057043582,-33.111193220175","-70.8057122099,-33.1109314917","-70.8057229139,-33.1114545659","-70.8056965064,-33.1114549487","-70.8056858026,-33.1109318744",180.9819916864017,0.0024599060763075423
605,"-70.80578635642499,-33.109942659","-70.805804912,-33.1102040048","-70.8057785048,-33.1102043875","-70.805767801,-33.1096813132","-70.8057942079,-33.1096809305",180.98201573545154,0.002459908390105744
606,"-70.805722936675,-33.10994357815","-70.8057307884,-33.1096818496","-70.805741492,-33.110204924","-70.8057150849,-33.1102053067","-70.8057043814,-33.1096822323",180.98197306596182,0.002459908364413072
607,"-70.80577556035,-33.1094150768","-70.8057941157,-33.1096764226","-70.8057677087,-33.1096768053","-70.8057570051,-33.109153731","-70.8057834119,-33.1091533483",180.98199872880082,0.002459909187993132
608,"-70.805712141,-33.10941599595","-70.8057199928,-33.1091542674","-70.8057306961,-33.1096773418","-70.8057042892,-33.1096777245","-70.8056935859,-33.1091546501",180.98195606047176,0.0024599091629626734
609,"-70.80591621545,-33.11224562655","-70.8059347722,-33.1125069722","-70.8059083644,-33.112507355","-70.8058976588,-33.1119842809","-70.8059240664,-33.1119838981",180.98215111043854,0.002459904650383338
610,"-70.80585279405,-33.1122465458","-70.8058606452,-33.1119848174","-70.8058713506,-33.1125078915","-70.8058449428,-33.1125082742","-70.8058342376,-33.1119852001",180.9821081673956,0.002459904432933091
611,"-70.80590541765,-33.11171804455","-70.8059239742,-33.1119793902","-70.8058975665,-33.111979773","-70.8058868612,-33.1114566989","-70.8059132687,-33.1114563161",180.98212952584194,0.0024599101068211067
612,"-70.80584199665,-33.111718963825","-70.8058498479,-33.1114572354","-70.805860553,-33.1119803095","-70.8058341453,-33.1119806923","-70.8058234404,-33.1114576181",180.98208671907975,0.0024599099848955017
613,"-70.805894620175,-33.111190462525","-70.8059131765,-33.1114518082","-70.805886769,-33.111452191","-70.8058760639,-33.1109291168","-70.8059024713,-33.1109287341",180.9821121964944,0.0024599108098021464
614,"-70.8058311995,-33.1111913818","-70.8058390508,-33.1109296533","-70.8058497556,-33.1114527275","-70.8058233481,-33.1114531103","-70.8058126435,-33.1109300361",180.98206527813272,0.002459906223291248
615,"-70.805913195925,-33.109940820575005","-70.8059317518,-33.1102021663","-70.8059053447,-33.1102025491","-70.8058946401,-33.1096794748","-70.8059210471,-33.1096790921",180.98208017237255,0.002459908539108015
616,"-70.80584977617501,-33.1099417398","-70.8058576275,-33.1096800113","-70.8058683319,-33.1102030856","-70.8058419248,-33.1102034683","-70.8058312205,-33.109680394",180.98204652187832,0.002459908416530621
617,"-70.8059023991,-33.1094132384","-70.8059209548,-33.1096745842","-70.8058945478,-33.1096749669","-70.8058838435,-33.1091518926","-70.8059102503,-33.1091515099",180.9820628418897,0.0024599092407795974
618,"-70.805838979725,-33.109414157625004","-70.8058468311,-33.1091524291","-70.8058575352,-33.1096755034","-70.8058311283,-33.1096758862","-70.8058204243,-33.1091528118",180.98202507969324,0.0024599046548671594
619,"-70.806043058225,-33.11224378785","-70.8060616153,-33.1125051335","-70.8060352075,-33.1125055163","-70.8060245012,-33.1119824422","-70.8060509089,-33.1119820594",180.98221064048278,0.0024599093581077957
620,"-70.805979636825,-33.1122447072","-70.8059874876,-33.1119829788","-70.8059981938,-33.1125060528","-70.8059717859,-33.1125064356","-70.80596108,-33.1119833616",180.98217750153609,0.0024599093323381506
621,"-70.8060322597,-33.111716205949996","-70.8060508166,-33.1119775516","-70.8060244089,-33.1119779344","-70.8060137029,-33.1114548603","-70.8060401104,-33.1114544775",180.98219363669097,0.002459910158294302
622,"-70.80596883870001,-33.11171712525","-70.8059766896,-33.1114553968","-70.8059873954,-33.1119784709","-70.8059609877,-33.1119788537","-70.8059502821,-33.1114557796",180.982151154966,0.002459910131899441
623,"-70.80602146145,-33.11118862395","-70.8060400181,-33.1114499696","-70.8060136106,-33.1114503524","-70.8060029049,-33.1109272783","-70.8060293122,-33.1109268955",180.9821720591714,0.0024599063011425644
624,"-70.8059580408,-33.11118954325","-70.8059658917,-33.1109278148","-70.8059765973,-33.1114508889","-70.8059501898,-33.1114512717","-70.8059394844,-33.1109281976",180.9821387324317,0.0024599062754167783
625,"-70.806010663475,-33.1106610419","-70.8060292199,-33.1109223876","-70.8060028126,-33.1109227704","-70.8059921071,-33.1103996962","-70.8060185143,-33.1103993134",180.9821548661124,0.002459907100580482
626,"-70.80594724320001,-33.1106619612","-70.8059550942,-33.1104002327","-70.8059657995,-33.1109233069","-70.8059393921,-33.1109236897","-70.805928687,-33.1104006155",180.98211695950363,0.002459911730497166
627,"-70.806040035425,-33.109938982","-70.8060585917,-33.1102003277","-70.8060321846,-33.1102007105","-70.8060214792,-33.1096776363","-70.8060478862,-33.1096772535",180.98215376503197,0.0024599086861014584
628,"-70.80597661569999,-33.1099399013","-70.8059844666,-33.1096781728","-70.8059951718,-33.110201247","-70.8059687647,-33.1102016298","-70.8059580597,-33.1096785556",180.98211586430756,0.002459904003993556
629,"-70.80602923787501,-33.109411399875","-70.8060477939,-33.1096727456","-70.806021387,-33.1096731284","-70.8060106819,-33.1091500541","-70.8060370887,-33.1091496714",180.98213186156022,0.002459904731387011
630,"-70.8059658185,-33.10941231915","-70.8059736695,-33.1091505906","-70.8059843744,-33.1096736649","-70.8059579674,-33.1096740477","-70.8059472627,-33.1091509734",180.98209409116126,0.002459909458219885
631,"-70.806169901025,-33.11224194905","-70.8061884585,-33.1125032946","-70.8061620507,-33.1125036775","-70.8061513436,-33.1119806035","-70.8061777513,-33.1119802206",180.98228455661487,0.002459909602010326
632,"-70.806106479625,-33.112242868475","-70.8061143301,-33.11198114","-70.8061250369,-33.1125042141","-70.8060986291,-33.1125045969","-70.8060879224,-33.1119815229",180.98224174966262,0.002459909480068516
633,"-70.80615910175,-33.11171436715","-70.806177659,-33.1119757128","-70.8061512514,-33.1119760956","-70.8061405446,-33.1114530215","-70.806166952,-33.1114526387",180.9822669101807,0.002459900897215444
634,"-70.806095680725,-33.11171528655","-70.8061035312,-33.1114535581","-70.8061142378,-33.1119766322","-70.8060878302,-33.111977015","-70.8060771237,-33.1114539409",180.98222900308355,0.0024599055271070968
635,"-70.80614830275,-33.11118678525","-70.8061668598,-33.1114481309","-70.8061404523,-33.1114485137","-70.8061297458,-33.1109254396","-70.8061561531,-33.1109250568",180.98224532541855,0.002459906352617439
636,"-70.806084882075,-33.1111877046","-70.8060927326,-33.1109259761","-70.8061034389,-33.1114490503","-70.8060770315,-33.1114494331","-70.8060663253,-33.1109263589",180.98220723693606,0.002459901671262488
637,"-70.806137504,-33.11065920325","-70.8061560608,-33.1109205489","-70.8061296535,-33.1109209317","-70.8061189473,-33.1103978576","-70.8061453544,-33.1103974748",180.98222374679418,0.002459902495707743
638,"-70.806074083775,-33.1106601226","-70.8060819344,-33.1103983941","-70.8060926404,-33.1109214683","-70.8060662331,-33.1109218511","-70.8060555272,-33.1103987769",180.9821856523713,0.0024599071256508993
639,"-70.8061668749,-33.1099371433","-70.8061854316,-33.110198489","-70.8061590244,-33.1101988718","-70.8061483183,-33.1096757976","-70.8061747253,-33.1096754148",180.98222245290273,0.002459913393254301
640,"-70.80610345515,-33.1099380627","-70.8061113057,-33.1096763342","-70.8061220116,-33.1101994084","-70.8060956045,-33.1101997912","-70.8060848988,-33.109676717",180.98217997721719,0.0024599040554563007
641,"-70.80615607657501,-33.109409561250004","-70.806174633,-33.109670907","-70.8061482261,-33.1096712898","-70.8061375202,-33.1091482155","-70.806163927,-33.1091478327",180.98220526723563,0.0024599048790357493
642,"-70.8060926572,-33.109410480574994","-70.8061005078,-33.1091487521","-70.8061112135,-33.1096718263","-70.8060848065,-33.1096722091","-70.806074101,-33.1091491348",180.98216722272537,0.0024599094141563916
643,"-70.806296743825,-33.112240110125","-70.8063153017,-33.1125014557","-70.8062888939,-33.1125018385","-70.806278186,-33.1119787646","-70.8063045937,-33.1119783817",180.98235768577229,0.00245990955728217
644,"-70.806233322425,-33.1122410296","-70.8062411725,-33.1119793012","-70.8062518801,-33.1125023752","-70.8062254723,-33.112502758","-70.8062147648,-33.111979684",180.98231487828417,0.0024599094353118167
645,"-70.80628594377501,-33.111712528249996","-70.8063045014,-33.1119738738","-70.8062780938,-33.1119742567","-70.8062673862,-33.1114511827","-70.8062937937,-33.1114507998",180.98233624636316,0.0024599057967612126
646,"-70.806222522775,-33.111713447725","-70.8062303729,-33.1114517193","-70.8062410802,-33.1119747933","-70.8062146726,-33.1119751762","-70.8062039654,-33.1114521021",180.98229343836368,0.002459905674798109
647,"-70.806275144,-33.111184946375","-70.8062937014,-33.111446292","-70.8062672939,-33.1114466748","-70.8062565867,-33.1109236008","-70.806282994,-33.1109232179",180.98230976206665,0.002459906499647082
648,"-70.80621172335,-33.111185865825","-70.8062195735,-33.1109241374","-70.8062302806,-33.1114472114","-70.8062038731,-33.1114475943","-70.8061931662,-33.1109245202",180.9822764356803,0.0024599064745786338
649,"-70.806264344525,-33.1106573644","-70.8062829017,-33.11091871","-70.8062564944,-33.1109190929","-70.8062457874,-33.1103960188","-70.8062721946,-33.1103956359",180.9822928963938,0.0024599073952921956
650,"-70.80620092424999,-33.11065828385","-70.8062087745,-33.1103965554","-70.8062194813,-33.1109196295","-70.8061930739,-33.1109200123","-70.8061823673,-33.1103969382",180.9822545266524,0.0024599118340848606
651,"-70.806293714375,-33.109935304525","-70.8063122714,-33.1101966502","-70.8062858643,-33.110197033","-70.8062751574,-33.1096739589","-70.8063015644,-33.109673576",180.98229147215667,0.002459908885907805
652,"-70.80623029465,-33.109936223925004","-70.8062381448,-33.1096744954","-70.8062488515,-33.1101975696","-70.8062224444,-33.1101979524","-70.8062117379,-33.1096748783",180.98225357065243,0.0024599042031424206
653,"-70.8062829153,-33.109407722475","-70.8063014721,-33.1096690682","-70.8062750651,-33.109669451","-70.8062643586,-33.1091463768","-70.8062907654,-33.1091459939",180.98226512338866,0.0024599096837661307
654,"-70.80621949595,-33.10940864187501","-70.8062273462,-33.1091469133","-70.8062380526,-33.1096699876","-70.8062116456,-33.1096703704","-70.8062009394,-33.1091472962",180.98223179649835,0.002459909657370726
655,"-70.806423586575,-33.112238271075","-70.8064421448,-33.1124996166","-70.806415737,-33.1124999995","-70.8064050284,-33.1119769255","-70.8064314361,-33.1119765427",180.98242179742718,0.0024599096094240222
656,"-70.806360165175,-33.1122391906","-70.8063680149,-33.1119774622","-70.8063787232,-33.1125005361","-70.8063523154,-33.112500919","-70.8063416072,-33.1119778451",180.9823796386772,0.002459909679226779
657,"-70.80641278575,-33.11171068925","-70.8064313438,-33.1119720348","-70.8064049361,-33.1119724177","-70.8063942278,-33.1114493437","-70.8064206353,-33.1114489608",180.98240493167663,0.0024599105051548867
658,"-70.806349364775,-33.11171160875","-70.8063572145,-33.1114498803","-70.8063679226,-33.1119729543","-70.806341515,-33.1119733372","-70.806330807,-33.1114502632",180.98236703088276,0.0024599058231479475
659,"-70.80640198524999,-33.111183107375","-70.806420543,-33.111444453","-70.8063941356,-33.1114448358","-70.8063834275,-33.1109217618","-70.8064098349,-33.1109213789",180.98238303063812,0.0024599065518125596
660,"-70.8063385646,-33.111184026875","-70.8063464144,-33.1109222984","-70.8063571222,-33.1114453725","-70.8063307147,-33.1114457553","-70.8063200071,-33.1109226813",180.98234054709792,0.002459906526046985
661,"-70.806391185025,-33.110655525474996","-70.8064097426,-33.1109168711","-70.8063833353,-33.1109172539","-70.8063726275,-33.1103941799","-70.8063990347,-33.110393797",180.98236602733851,0.0024599073505402816
662,"-70.80632776475,-33.110656444949996","-70.8063356146,-33.1103947165","-70.8063463221,-33.1109177906","-70.8063199148,-33.1109181734","-70.8063092075,-33.1103950993",180.98231864508364,0.0024599025729219602
663,"-70.806420553825,-33.109933465575","-70.8064391112,-33.1101948112","-70.8064127041,-33.1101951941","-70.8064019965,-33.1096721199","-70.8064284035,-33.1096717371",180.9823555842854,0.002459908936718941
664,"-70.8063571341,-33.10993438507499","-70.8063649839,-33.1096726566","-70.8063756913,-33.1101957307","-70.8063492842,-33.1101961136","-70.806338577,-33.1096730394",180.98231768237952,0.0024599042546119923
665,"-70.80640975399999,-33.10940588355","-70.8064283112,-33.1096672292","-70.8064019042,-33.1096676121","-70.8063911969,-33.1091445379","-70.8064176037,-33.109144155",180.9823387176712,0.0024599098307866146
666,"-70.806346334625,-33.10940680305","-70.8063541845,-33.1091450745","-70.8063648916,-33.1096681487","-70.8063384847,-33.1096685316","-70.8063277777,-33.1091454574",180.9823008163455,0.0024599051480117635
667,"-70.806550429325,-33.1122364319","-70.8065689879,-33.1124977774","-70.8065425801,-33.1124981603","-70.8065318708,-33.1119750864","-70.8065582785,-33.1119747035",180.98248623214957,0.0024599097564502207
668,"-70.806487007975,-33.1122373515","-70.8064948573,-33.1119756231","-70.8065055664,-33.112498697","-70.8064791586,-33.1124990799","-70.8064684496,-33.111976006",180.98245290473554,0.002459909730708137
669,"-70.80653962779999,-33.1117088501","-70.8065581862,-33.1119701956","-70.8065317785,-33.1119705785","-70.8065210695,-33.1114475046","-70.806547477,-33.1114471217",180.98246923060745,0.00245991055596127
670,"-70.806476206775,-33.1117097697","-70.8064840561,-33.1114480413","-70.806494765,-33.1119711152","-70.8064683573,-33.1119714981","-70.8064576487,-33.1114484242",180.98243132824263,0.0024599058739373895
671,"-70.8065288265,-33.11118126825","-70.8065473847,-33.1114426138","-70.8065209772,-33.1114429967","-70.8065102684,-33.1109199227","-70.8065366757,-33.1109195398",180.9824566216704,0.0024599066994765223
672,"-70.8064654059,-33.11118218785","-70.8064732553,-33.1109204594","-70.8064839639,-33.1114435334","-70.8064575564,-33.1114439163","-70.806446848,-33.1109208423",180.98241414005574,0.0024599066743972
673,"-70.806518025475,-33.1106536864","-70.8065365834,-33.110915032","-70.8065101761,-33.1109154149","-70.8064994676,-33.1103923408","-70.8065258748,-33.1103919579",180.98243027695958,0.0024599074982361736
674,"-70.80645460525,-33.11065460595","-70.8064624547,-33.1103928775","-70.806473163,-33.1109159515","-70.8064467557,-33.1109163344","-70.8064360476,-33.1103932604",180.98239256216374,0.0024599028168342
675,"-70.806547393275,-33.1099316265","-70.8065659511,-33.1101929721","-70.8065395439,-33.110193355","-70.8065288356,-33.1096702809","-70.8065552425,-33.109669898",180.98242917755263,0.0024599090837237624
676,"-70.80648397352499,-33.109932546075","-70.806491823,-33.1096708176","-70.8065025311,-33.1101938917","-70.806476124,-33.1101942746","-70.806465416,-33.1096712004",180.98238636926368,0.002459908962462793
677,"-70.806536592675,-33.109404044525","-70.8065551502,-33.1096653902","-70.8065287433,-33.109665773","-70.8065180352,-33.1091426989","-70.806544442,-33.109142316",180.98240727513397,0.002459905129671887
678,"-70.806473173325,-33.109404964075","-70.8064810228,-33.1091432356","-70.8064917307,-33.1096663097","-70.8064653238,-33.1096666926","-70.806454616,-33.1091436184",180.9823739473612,0.002459905104589106
679,"-70.80667727209999,-33.112234592575","-70.8066958311,-33.112495938","-70.8066694233,-33.112496321","-70.8066587132,-33.1119732471","-70.8066851208,-33.1119728642",180.98256440458172,0.002459905248595314
680,"-70.8066138507,-33.112235512225","-70.8066216996,-33.1119737838","-70.8066324095,-33.1124968577","-70.8066060017,-33.1124972406","-70.806595292,-33.1119741668",180.98252192132998,0.0024599052221835264
681,"-70.80666646977501,-33.1117070108","-70.8066850285,-33.1119683563","-70.8066586209,-33.1119687392","-70.8066479111,-33.1114456653","-70.8066743186,-33.1114452824",180.9825379231253,0.0024599059518678286
682,"-70.806603048775,-33.1117079305","-70.8066108978,-33.1114462021","-70.8066216073,-33.111969276","-70.8065951997,-33.1119696589","-70.8065844903,-33.111446585",180.98249543930183,0.0024599059261166717
683,"-70.80665566775,-33.111179429025","-70.8066742263,-33.1114407745","-70.8066478188,-33.1114411575","-70.8066371093,-33.1109180835","-70.8066635166,-33.1109177006",180.98252105960958,0.002459906847216276
684,"-70.806592247125,-33.11118034865","-70.8066000962,-33.1109186202","-70.8066108055,-33.1114416942","-70.806584398,-33.1114420771","-70.8065736888,-33.1109190031",180.98248282480984,0.0024599113815279064
685,"-70.806644865975,-33.110651847175","-70.8066634243,-33.1109131927","-70.806637017,-33.1109135757","-70.8066263077,-33.1103905016","-70.8066527149,-33.1103901187",180.98250386905877,0.0024599076459613824
686,"-70.806581445725,-33.1106527668","-70.8065892948,-33.1103910383","-70.8066000039,-33.1109141124","-70.8065735965,-33.1109144953","-70.8065628877,-33.1103914212",180.9824610598625,0.0024599075246106482
687,"-70.806674232725,-33.1099297873","-70.8066927909,-33.1101911329","-70.8066663838,-33.1101915158","-70.8066556746,-33.1096684417","-70.8066820816,-33.1096680588",180.9825024466077,0.002459909135899636
688,"-70.806610813025,-33.1099307069","-70.8066186621,-33.1096689784","-70.806629371,-33.1101920525","-70.8066029639,-33.1101924354","-70.8065922551,-33.1096693613",180.98245996211438,0.002459909110159828
689,"-70.80666343134999,-33.109402205399995","-70.8066819893,-33.109663551","-70.8066555823,-33.1096639339","-70.8066448735,-33.1091408598","-70.8066712803,-33.1091404769",180.98247628709208,0.002459909933743649
690,"-70.80660001199999,-33.109403125","-70.8066078611,-33.1091413965","-70.8066185698,-33.1096644706","-70.8065921628,-33.1096648535","-70.8065814543,-33.1091417794",180.98244295890288,0.002459909907997517
691,"-70.80680411482501,-33.1122327531","-70.8068226742,-33.1124940985","-70.8067962664,-33.1124944815","-70.8067855555,-33.1119714077","-70.8068119632,-33.1119710247",180.98263341612594,0.0024599100525780323
692,"-70.80674069345,-33.112233672875","-70.806748542,-33.1119719445","-70.8067592526,-33.1124950183","-70.8067328448,-33.1124954013","-70.8067221344,-33.1119723274",180.98258603200176,0.002459905273671622
693,"-70.80679331175,-33.111705171425","-70.8068118709,-33.1119665169","-70.8067854632,-33.1119668998","-70.8067747527,-33.111443826","-70.8068011602,-33.111443443",180.98260693506114,0.00245991075584712
694,"-70.806729890775,-33.11170609115","-70.8067377394,-33.1114443627","-70.8067484497,-33.1119674366","-70.8067220421,-33.1119678196","-70.8067113319,-33.1114447457",180.98256916812633,0.0024599061694223195
695,"-70.80678250895,-33.11117758965","-70.8068010679,-33.1114389351","-70.8067746604,-33.1114393181","-70.8067639501,-33.1109162442","-70.8067903574,-33.1109158612",180.98259465065644,0.0024599069949330244
696,"-70.80671908835,-33.111178509374994","-70.806726937,-33.1109167809","-70.8067376471,-33.1114398549","-70.8067112396,-33.1114402378","-70.8067005297,-33.1109171639",180.98255184216964,0.0024599068722834776
697,"-70.806771706425,-33.11065000785","-70.8067902651,-33.1109113534","-70.8067638578,-33.1109117363","-70.8067531478,-33.1103886623","-70.806779555,-33.1103882794",180.9825678438696,0.002459907602525757
698,"-70.8067082862,-33.110650927550004","-70.8067161349,-33.1103891991","-70.8067268447,-33.1109122731","-70.8067004374,-33.110912656","-70.8066897278,-33.110389582",180.98252994085595,0.0024599029191343194
699,"-70.80680107215001,-33.109927947974995","-70.8068196307,-33.1101892935","-70.8067932236,-33.1101896765","-70.8067825137,-33.1096666024","-70.8068089206,-33.1096662195",180.98257146413704,0.002459904627904302
700,"-70.80673765245001,-33.109928867674995","-70.8067455011,-33.1096671392","-70.8067562108,-33.1101902132","-70.8067298037,-33.1101905962","-70.8067190942,-33.1096675221",180.9825289809987,0.0024599046015000466
701,"-70.806790270025,-33.109400366075","-70.8068088283,-33.1096617116","-70.8067824214,-33.1096620946","-70.8067717118,-33.1091390205","-70.8067981186,-33.1091386376",180.98254530682465,0.0024599054257540528
702,"-70.806726850675,-33.109401285725006","-70.8067346994,-33.1091395572","-70.8067454088,-33.1096626313","-70.8067190019,-33.1096630142","-70.8067082926,-33.1091399402",180.9825119782558,0.002459905398689795
703,"-70.80693095755001,-33.11223091355","-70.8069495173,-33.1124922589","-70.8069231095,-33.1124926419","-70.8069123979,-33.1119695682","-70.8069388055,-33.1119691852",180.9827022946031,0.002459905446494291
704,"-70.80686753617499,-33.11223183335","-70.8068753844,-33.111970105","-70.8068860957,-33.1124931788","-70.8068596879,-33.1124935617","-70.8068489767,-33.1119704879",180.98265457916457,0.0024599098851828425
705,"-70.806920153725,-33.1117033319","-70.8069387132,-33.1119646773","-70.8069123056,-33.1119650603","-70.8069015943,-33.1114419865","-70.8069280018,-33.1114416035",180.9826759512674,0.0024599062473211458
706,"-70.806856732725,-33.11170425165","-70.806864581,-33.1114425232","-70.806875292,-33.1119655971","-70.8068488844,-33.1119659801","-70.8068381735,-33.1114429062",180.98263327916766,0.002459906221575431
707,"-70.80690935015,-33.11117575015","-70.8069279094,-33.1114370956","-70.806901502,-33.1114374786","-70.8068907909,-33.1109144047","-70.8069171983,-33.1109140217",180.98265876365366,0.0024599070464511605
708,"-70.80684592955001,-33.11117666995","-70.8068537778,-33.1109149415","-70.8068644887,-33.1114380154","-70.8068380812,-33.1114383984","-70.8068273705,-33.1109153245",180.98262543401728,0.00245990702067683
709,"-70.8068985469,-33.11064816837499","-70.806917106,-33.1109095139","-70.8068906986,-33.1109098968","-70.8068799879,-33.1103868229","-70.8069063951,-33.1103864399",180.9826368554809,0.0024599124052520557
710,"-70.80683512665,-33.110649088125","-70.806842975,-33.1103873597","-70.8068536855,-33.1109104336","-70.8068272782,-33.1109108166","-70.8068165679,-33.1103877426",180.9825943780789,0.0024599030668513468
711,"-70.806927911525,-33.1099261085","-70.8069464704,-33.110187454","-70.8069200633,-33.110187837","-70.8069093527,-33.109664763","-70.8069357597,-33.10966438",180.98263132119038,0.0024599094313498913
712,"-70.80686449185,-33.109927028274996","-70.8068723401,-33.1096652998","-70.8068830506,-33.1101883738","-70.8068566435,-33.1101887568","-70.8068459332,-33.1096656827",180.9826022484135,0.0024599046536468573
713,"-70.8069171087,-33.109398526675","-70.8069356674,-33.1096598722","-70.8069092604,-33.1096602552","-70.8068985501,-33.1091371811","-70.8069249569,-33.1091367982",180.9826139933808,0.002459910132953165
714,"-70.80685368932501,-33.109399446375","-70.8068615377,-33.1091377179","-70.8068722478,-33.1096607919","-70.8068458409,-33.1096611749","-70.8068351309,-33.1091381008",180.98257609040536,0.002459905451496099
715,"-70.807057800275,-33.112229073849996","-70.8070763604,-33.1124904192","-70.8070499526,-33.1124908022","-70.8070392402,-33.1119677285","-70.8070656479,-33.1119673455",180.98277098069838,0.00245991015557012
716,"-70.8069943789,-33.112229993700005","-70.8070022267,-33.1119682653","-70.8070129388,-33.1124913391","-70.806986531,-33.1124917221","-70.8069758191,-33.1119686483",180.98272373311391,0.0024599054729049956
717,"-70.80704699565,-33.1117014922","-70.8070655555,-33.1119628376","-70.8070391479,-33.1119632206","-70.8070284359,-33.1114401468","-70.8070548433,-33.1114397638",180.98274464440382,0.0024599016425426246
718,"-70.806983574675,-33.1117024121","-70.8069914225,-33.1114406837","-70.8070021344,-33.1119637575","-70.8069757267,-33.1119641405","-70.8069650151,-33.1114410667",180.98270673265552,0.002459906272378856
719,"-70.80703619135,-33.111173910525","-70.807054751,-33.1114352559","-70.8070283435,-33.111435639","-70.8070176318,-33.1109125651","-70.8070440391,-33.1109121821",180.98272319864932,0.002459907194847505
720,"-70.80697277077499,-33.11117483035","-70.8069806187,-33.1109131019","-70.8069913302,-33.1114361758","-70.8069649228,-33.1114365588","-70.8069542114,-33.1109134849",180.9826849716087,0.0024599024158874615
721,"-70.80702538735,-33.110646328825","-70.8070439468,-33.1109076742","-70.8070175395,-33.1109080573","-70.807006828,-33.1103849834","-70.8070332351,-33.1103846004",180.98271077970284,0.0024599033365989686
722,"-70.80696196710001,-33.110647248650004","-70.8069698151,-33.1103855202","-70.8069805264,-33.1109085941","-70.806954119,-33.1109089771","-70.8069434079,-33.1103859032",180.98266796318097,0.0024599125278940946
723,"-70.807054750925,-33.109924268949996","-70.8070733102,-33.1101856144","-70.8070469031,-33.1101859974","-70.8070361917,-33.1096629235","-70.8070625987,-33.1096625405",180.9827047765798,0.0024599094821775983
724,"-70.806991331225,-33.10992518875","-70.8069991792,-33.1096634603","-70.8070098903,-33.1101865342","-70.8069834832,-33.1101869172","-70.8069727722,-33.1096638433",180.98266229088637,0.0024599094570938967
725,"-70.8070439473,-33.1093966871","-70.8070625064,-33.1096580326","-70.8070360994,-33.1096584156","-70.8070253883,-33.1091353416","-70.8070517951,-33.1091349586",180.98268758769163,0.00245991028067879
726,"-70.80698052800001,-33.1093976069","-70.806988376,-33.1091358784","-70.8069990869,-33.1096589524","-70.8069726799,-33.1096593354","-70.8069619692,-33.1091362614",180.98264510261922,0.002459910255609281
727,"-70.80718464295,-33.112227234","-70.8072032034,-33.1124885793","-70.8071767956,-33.1124889624","-70.8071660826,-33.1119658887","-70.8071924902,-33.1119655056",180.98283097845842,0.002459905742031804
728,"-70.8071212216,-33.11222815395","-70.807129069,-33.1119664256","-70.8071397819,-33.1124894993","-70.8071133741,-33.1124898823","-70.8071026614,-33.1119668086",180.98279718736796,0.002459905525066116
729,"-70.8071738376,-33.111699652425","-70.8071923979,-33.1119609978","-70.8071659902,-33.1119613808","-70.8071552774,-33.1114383071","-70.8071816849,-33.111437924",180.98281822968204,0.002459911102178851
730,"-70.807110416625,-33.111700572325006","-70.8071182641,-33.1114388439","-70.8071289767,-33.1119619177","-70.8071025691,-33.1119623007","-70.8070918566,-33.111439227",180.98278032465018,0.0024599064208358614
731,"-70.80716303255,-33.1111720708","-70.8071815926,-33.1114334162","-70.8071551851,-33.1114337992","-70.8071444726,-33.1109107254","-70.8071708799,-33.1109103424",180.98279633046477,0.0024599071494140427
732,"-70.80709961195001,-33.111172990675","-70.8071074595,-33.1109112622","-70.8071181718,-33.1114343361","-70.8070917643,-33.1114347191","-70.8070810522,-33.1109116453",180.98275398065033,0.002459907219933972
733,"-70.807152227775,-33.110644489075","-70.8071707876,-33.1109058345","-70.8071443803,-33.1109062175","-70.807133668,-33.1103831437","-70.8071600752,-33.1103827606",180.9827794664628,0.0024599080444334506
734,"-70.80708880755,-33.11064540895","-70.8070966551,-33.1103836805","-70.8071073672,-33.1109067544","-70.8070809599,-33.1109071374","-70.807070248,-33.1103840635",180.98274123842165,0.0024599032660784855
735,"-70.80718159035,-33.10992242925","-70.80720015,-33.1101837747","-70.8071737429,-33.1101841577","-70.8071630308,-33.1096610838","-70.8071894377,-33.1096607008",180.98277347162082,0.0024599048779562187
736,"-70.80711817065,-33.1099233491","-70.8071260182,-33.1096616206","-70.8071367301,-33.1101846946","-70.807110323,-33.1101850776","-70.8070996113,-33.1096620036",180.9827307980151,0.0024599048515477695
737,"-70.80717078595,-33.109394847424994","-70.8071893454,-33.1096561929","-70.8071629384,-33.1096565759","-70.8071522266,-33.109133502","-70.8071786334,-33.1091331189",180.98275202571966,0.0024599104291008764
738,"-70.80710736662499,-33.1093957673","-70.8071152142,-33.1091340388","-70.8071259259,-33.1096571128","-70.8070995189,-33.1096574958","-70.8070888075,-33.1091344218",180.9827137970761,0.0024599056500190977
739,"-70.80731148564999,-33.112225394075","-70.8073300465,-33.1124867394","-70.8073036387,-33.1124871224","-70.8072929249,-33.1119640488","-70.8073193325,-33.1119636657",180.98290410882214,0.0024599056979224443
740,"-70.8072480643,-33.11222631405","-70.8072559113,-33.1119645857","-70.807266625,-33.1124876594","-70.8072402172,-33.1124880424","-70.8072295037,-33.1119649687",180.98287045348235,0.0024599055759080774
741,"-70.80730067955,-33.111697812500005","-70.8073192402,-33.1119591578","-70.8072928325,-33.1119595409","-70.807282119,-33.1114364672","-70.8073085265,-33.1114360841",180.9828826654954,0.00245991124995058
742,"-70.807237258575,-33.111698732475","-70.8072451057,-33.1114370041","-70.807255819,-33.1119600778","-70.8072294114,-33.1119604609","-70.8072186982,-33.1114373871",180.9828444352006,0.0024599064723372878
743,"-70.807289873725,-33.111170230875004","-70.8073084341,-33.1114315762","-70.8072820267,-33.1114319593","-70.8072713134,-33.1109088855","-70.8072977207,-33.1109085025",180.98286534656754,0.0024599026415640466
744,"-70.807226453125,-33.11117115085","-70.8072343003,-33.1109094224","-70.8072450133,-33.1114324962","-70.8072186059,-33.1114328793","-70.807207893,-33.1109098055",180.98282299981094,0.002459902711412695
745,"-70.80727906819999,-33.110642649225","-70.8072976284,-33.1109039946","-70.8072712211,-33.1109043777","-70.8072605081,-33.1103813038","-70.8072869152,-33.1103809208",180.9828481597964,0.0024599034395943317
746,"-70.807215647975,-33.110643569175","-70.8072234952,-33.1103818407","-70.807234208,-33.1109049146","-70.8072078007,-33.1109052976","-70.807197088,-33.1103822238",180.9828102479022,0.002459908070844034
747,"-70.8073084297,-33.109920589375","-70.8073269897,-33.1101819348","-70.8073005826,-33.1101823178","-70.8072898698,-33.109659244","-70.8073162767,-33.1096588609",180.9828379081094,0.0024599050257233307
748,"-70.80724501005,-33.109921509325005","-70.8072528572,-33.1096597809","-70.8072635699,-33.1101828547","-70.8072371628,-33.1101832378","-70.8072264503,-33.1096601639",180.982804578455,0.002459904999311929
749,"-70.80729762455,-33.109393007625","-70.8073161844,-33.1096543531","-70.8072897774,-33.1096547361","-70.8072790648,-33.1091316622","-70.8073054716,-33.1091312791",180.9828252946341,0.0024599104799345505
750,"-70.80723420525,-33.10939392755","-70.8072420525,-33.1091321991","-70.8072527649,-33.109655273","-70.8072263579,-33.109655656","-70.8072156457,-33.1091325821",180.98278267187146,0.002459910357917661
751,"-70.807389684325,-33.112945893349995","-70.8074082456,-33.1132072386","-70.8073818377,-33.1132076217","-70.8073711231,-33.1126845481","-70.8073975309,-33.112684165",180.98296506138763,0.0024598995939571025
752,"-70.80732626245,-33.112946813375","-70.8073341092,-33.112685085","-70.8073448236,-33.1132081587","-70.8073184156,-33.1132085417","-70.8073077014,-33.1126854681",180.98292682359687,0.002459904128115394
753,"-70.80743832832499,-33.112223553949995","-70.8074568895,-33.1124848992","-70.8074304818,-33.1124852823","-70.8074197672,-33.1119622087","-70.8074461748,-33.1119618256",180.98297312590225,0.0024599011901428004
754,"-70.80737490695,-33.112224474025","-70.8073827536,-33.1119627457","-70.807393468,-33.1124858193","-70.8073670602,-33.1124862024","-70.807356346,-33.1119631287",180.98293488852124,0.002459905723683742
755,"-70.80742752145,-33.111695972425004","-70.8074460825,-33.1119573177","-70.8074196748,-33.1119577008","-70.8074089605,-33.1114346271","-70.807435368,-33.1114342441",180.98295579460034,0.002459911205182877
756,"-70.8073641005,-33.11169689250001","-70.8073719472,-33.1114351641","-70.8073826613,-33.1119582378","-70.8073562537,-33.1119586209","-70.8073455398,-33.1114355472",180.9829134533521,0.002459901963821371
757,"-70.8074167149,-33.111168390875","-70.8074352757,-33.1114297362","-70.8074088682,-33.1114301193","-70.8073981542,-33.1109070455","-70.8074245615,-33.1109066625",180.98293403410236,0.002459907348689205
758,"-70.8073532943,-33.111169310899996","-70.8073611411,-33.1109075825","-70.8073718549,-33.1114306562","-70.8073454474,-33.1114310393","-70.8073347338,-33.1109079656",180.98289187216085,0.0024599074192049354
759,"-70.80740590855,-33.11064080925","-70.8074244691,-33.1109021546","-70.8073980618,-33.1109025377","-70.8073873481,-33.1103794639","-70.8074137552,-33.1103790808",180.9829125969714,0.0024599035880273775
760,"-70.80734248835,-33.110641729250005","-70.8073503352,-33.1103800008","-70.8073610487,-33.1109030746","-70.8073346414,-33.1109034577","-70.8073239281,-33.1103803839",180.98287011126473,0.0024599035616072063
761,"-70.8074352691,-33.109918749425","-70.8074538295,-33.1101800948","-70.8074274224,-33.1101804779","-70.8074167088,-33.109657404","-70.8074431157,-33.109657021",180.9829111777671,0.0024599050772236624
762,"-70.8073718494,-33.109919669425","-70.8073796962,-33.109657941","-70.8073904096,-33.1101810148","-70.8073640025,-33.1101813979","-70.8073532893,-33.109658324",180.98286869083432,0.0024599050521344162
763,"-70.807424463175,-33.1093911677","-70.8074430234,-33.1096525131","-70.8074166164,-33.1096528962","-70.8074059031,-33.1091298223","-70.8074323098,-33.1091294392",180.98289431377754,0.002459905971290457
764,"-70.807361043875,-33.1093920877","-70.8073688907,-33.1091303592","-70.8073796039,-33.1096534331","-70.8073531969,-33.1096538162","-70.807342484,-33.1091307423",180.98285182687587,0.002459905946208563
765,"-70.80751652800001,-33.11294405315","-70.8075350897,-33.1132053984","-70.8075086817,-33.1132057815","-70.8074979664,-33.1126827079","-70.8075243742,-33.1126823248",180.98303374524343,0.0024599043009971783
766,"-70.807453106175,-33.112944973249995","-70.8074609526,-33.1126832449","-70.8074716677,-33.1132063185","-70.8074452597,-33.1132067016","-70.8074345447,-33.112683628",180.9829958336857,0.0024599089314565883
767,"-70.807565171,-33.11222171375","-70.8075837326,-33.112483059","-70.8075573248,-33.1124834421","-70.8075466095,-33.1119603685","-70.8075730171,-33.1119599854",180.98304181087863,0.002459905897219776
768,"-70.80750174965,-33.112222633875","-70.8075095959,-33.1119609055","-70.8075203111,-33.1124839791","-70.8074939033,-33.1124843623","-70.8074831883,-33.1119612886",180.98300861751426,0.0024599059684183963
769,"-70.80755436335001,-33.111694132275","-70.8075729247,-33.1119554775","-70.8075465171,-33.1119558607","-70.8075358021,-33.111432787","-70.8075622095,-33.1114324039",180.98302037374026,0.0024599021373862837
770,"-70.807490942425,-33.111695052375","-70.8074987888,-33.111433324","-70.8075095036,-33.1119563976","-70.807483096,-33.1119567808","-70.8074723813,-33.1114337071",180.98298246326328,0.0024599067679131927
771,"-70.80754355600001,-33.1111665507","-70.8075621172,-33.111427896","-70.8075357097,-33.1114282791","-70.8075249949,-33.1109052054","-70.8075514022,-33.1109048223",180.98300762644095,0.0024599074964602764
772,"-70.807480135475,-33.1111674708","-70.8074879819,-33.1109057424","-70.8074986964,-33.1114288161","-70.807472289,-33.1114291992","-70.8074615746,-33.1109061255",180.982960565883,0.0024599028144295224
773,"-70.80753274895001,-33.110638969149996","-70.8075513099,-33.1109003145","-70.8075249026,-33.1109006976","-70.8075141881,-33.1103776238","-70.8075405952,-33.1103772407",180.98298586538817,0.002459903639533444
774,"-70.80746932875,-33.11063988925","-70.8074771752,-33.1103781608","-70.8074878895,-33.1109012346","-70.8074614822,-33.1109016177","-70.8074507681,-33.1103785439",180.98294337757932,0.0024599036137721722
775,"-70.807562108425,-33.109916909350005","-70.8075806692,-33.1101782547","-70.8075542621,-33.1101786378","-70.8075435477,-33.109655564","-70.8075699547,-33.1096551809",180.982980188802,0.00245990988070443
776,"-70.80749868872499,-33.109917829349996","-70.8075065352,-33.1096561009","-70.8075172493,-33.1101791747","-70.8074908422,-33.1101795578","-70.8074801282,-33.109656484",180.9829377020372,0.002459909856283674
777,"-70.80755130177499,-33.109389327624996","-70.8075698623,-33.109650673","-70.8075434554,-33.1096510561","-70.8075327413,-33.1091279822","-70.8075591481,-33.1091275992",180.9829582896218,0.0024599059272211836
778,"-70.807487882475,-33.1093902477","-70.807495729,-33.1091285192","-70.8075064428,-33.1096515931","-70.8074800359,-33.1096519762","-70.8074693222,-33.1091289023",180.98291594023942,0.0024599059970754475
779,"-70.80764337170001,-33.1129422128","-70.8076619338,-33.113203558","-70.8076355258,-33.1132039411","-70.8076248097,-33.1126808676","-70.8076512175,-33.1126804845",180.98310719937533,0.0024599043531696183
780,"-70.8075799499,-33.112943132975","-70.8075877959,-33.1126814046","-70.8075985118,-33.1132044782","-70.8075721038,-33.1132048613","-70.8075613881,-33.1126817878",180.98306484918515,0.0024599044237046887
781,"-70.807692013625,-33.1122198734","-70.8077105756,-33.1124812186","-70.8076841678,-33.1124816018","-70.8076734517,-33.1119585282","-70.8076998594,-33.111958145",180.9831109586507,0.0024599107975639585
782,"-70.8076285923,-33.112220793599995","-70.8076364382,-33.1119590652","-70.8076471541,-33.1124821388","-70.8076207463,-33.112482522","-70.8076100306,-33.1119594484",180.98307305258894,0.002459906115564651
783,"-70.80768120525,-33.11169229195001","-70.807699767,-33.1119536372","-70.8076733594,-33.1119540203","-70.8076626436,-33.1114309467","-70.807689051,-33.1114305636",180.98309350573362,0.0024599020925932013
784,"-70.80761778432499,-33.111693212125","-70.8076256303,-33.1114314837","-70.8076363459,-33.1119545574","-70.8076099383,-33.1119549405","-70.8075992228,-33.1114318669",180.98305572984827,0.002459906818756862
785,"-70.80767039714999,-33.111164710475","-70.8076889587,-33.1114260557","-70.8076625512,-33.1114264389","-70.8076518357,-33.1109033652","-70.807678243,-33.1109029821",180.9830720626459,0.002459907644264549
786,"-70.80760697657499,-33.1111656306","-70.8076148226,-33.1109039022","-70.8076255379,-33.1114269759","-70.8075991305,-33.111427359","-70.8075884153,-33.1109042853",180.98303383172342,0.0024599028659325695
787,"-70.80765958937499,-33.1106371289","-70.8076781507,-33.1108984742","-70.8076517434,-33.1108988573","-70.8076410281,-33.1103757836","-70.8076674353,-33.1103754005",180.98305473919126,0.0024599083473821476
788,"-70.807596169175,-33.110638049025","-70.8076040153,-33.1103763206","-70.8076147303,-33.1108993943","-70.807588323,-33.1108997775","-70.8075776081,-33.1103767037",180.98301239001617,0.002459908417259014
789,"-70.80768894775,-33.109915069075","-70.8077075089,-33.1101764144","-70.8076811018,-33.1101767975","-70.8076703867,-33.1096537238","-70.8076967936,-33.1096533406",180.98304920763292,0.0024599053727997807
790,"-70.8076255281,-33.109915989225","-70.8076333741,-33.1096542608","-70.8076440891,-33.1101773345","-70.807617682,-33.1101777177","-70.8076069672,-33.1096546439",180.98301587555986,0.0024599053470376435
791,"-70.807678140375,-33.10938748745","-70.8076967013,-33.1096488328","-70.8076702944,-33.1096492159","-70.8076595795,-33.1091261421","-70.8076859863,-33.109125759",180.98303188342555,0.0024599060749954443
792,"-70.807614721075,-33.10938840755","-70.8076225672,-33.1091266791","-70.8076332818,-33.1096497529","-70.8076068749,-33.109650136","-70.8075961604,-33.1091270622",180.98298939627458,0.0024599060485805146
793,"-70.807770215425,-33.112940372349996","-70.8077887779,-33.1132017175","-70.8077623699,-33.1132021007","-70.807751653,-33.1126790272","-70.8077780609,-33.112678644",180.9831763466326,0.002459909253500447
794,"-70.80770679355,-33.1129412926","-70.8077146392,-33.1126795643","-70.8077253558,-33.1132026378","-70.8076989478,-33.1132030209","-70.8076882314,-33.1126799474",180.9831288226507,0.0024599043789291257
795,"-70.807818856275,-33.11221803295","-70.8078374186,-33.1124793781","-70.8078110109,-33.1124797613","-70.807800294,-33.1119566878","-70.8078267016,-33.1119563046",180.9831844194676,0.0024599015372775987
796,"-70.80775543495,-33.112218953175","-70.8077632805,-33.1119572248","-70.8077739971,-33.1124802984","-70.8077475893,-33.1124806815","-70.8077368729,-33.111957608",180.98313702713455,0.002459906070782473
797,"-70.807808047175,-33.111690451499996","-70.8078266093,-33.1119517967","-70.8078002017,-33.1119521799","-70.8077894851,-33.1114291063","-70.8078158926,-33.1114287231",180.98316265284183,0.0024599069923331046
798,"-70.807744626175,-33.11169137175","-70.8077524718,-33.1114296434","-70.8077631881,-33.111952717","-70.8077367805,-33.1119531001","-70.8077260643,-33.1114300265",180.9831197030697,0.0024599067746476923
799,"-70.8077972383,-33.111162870075","-70.8078158002,-33.1114242153","-70.8077893927,-33.1114245985","-70.8077786765,-33.1109015248","-70.8078050838,-33.1109011417",180.98313617454923,0.0024599076957869696
800,"-70.807733817725,-33.111163790275","-70.8077416634,-33.1109020619","-70.8077523794,-33.1114251355","-70.807725972,-33.1114255187","-70.8077152561,-33.110902445",180.9830982686999,0.002459903013746749
801,"-70.8078157871,-33.109913228725","-70.8078343486,-33.110174574","-70.8078079415,-33.1101749572","-70.8077972257,-33.1096518834","-70.8078236326,-33.1096515003",180.98311332044364,0.0024599054243113006
802,"-70.80775236745,-33.109914148925","-70.8077602131,-33.1096524205","-70.8077709288,-33.1101754942","-70.8077445217,-33.1101758774","-70.8077338062,-33.1096528036",180.98307998912185,0.002459905397893064
803,"-70.807804978925,-33.1093856471","-70.8078235402,-33.1096469924","-70.8077971333,-33.1096473756","-70.8077864177,-33.1091243018","-70.8078128245,-33.1091239186",180.98309645826149,0.0024599063190867063
804,"-70.80774155965001,-33.1093865673","-70.8077494054,-33.1091248388","-70.8077601208,-33.1096479126","-70.8077337138,-33.1096482958","-70.8077229986,-33.109125222",180.9830585458277,0.002459910949045607
805,"-70.807897059075,-33.11293853175","-70.8079156219,-33.1131998769","-70.8078892139,-33.1132002601","-70.8078784963,-33.1126771866","-70.8079049042,-33.1126768034",180.9832404566654,0.0024599093043634664
806,"-70.80783363724998,-33.11293945205","-70.8078414825,-33.1126777237","-70.8078521999,-33.1132007972","-70.8078257919,-33.1132011804","-70.8078150747,-33.1126781069",180.98320254986476,0.002459904622371389
807,"-70.807945698925,-33.11221619235","-70.8079642616,-33.1124775375","-70.8079378539,-33.1124779207","-70.8079271363,-33.1119548472","-70.8079535439,-33.111954464",180.98324853176985,0.0024599015888007135
808,"-70.8078822776,-33.11221711265","-70.8078901228,-33.1119553843","-70.8079008401,-33.1124784578","-70.8078744324,-33.112478841","-70.8078637151,-33.1119557675",180.9832106176347,0.002459906219279801
809,"-70.807934889,-33.11168861095","-70.8079534515,-33.1119499561","-70.8079270439,-33.1119503393","-70.8079163266,-33.1114272658","-70.807942734,-33.1114268826",180.9832315341863,0.0024599023882332393
810,"-70.807871468075,-33.11168953125","-70.8078793133,-33.1114278029","-70.8078900304,-33.1119508764","-70.8078636228,-33.1119512596","-70.8078529058,-33.1114281861",180.98319362009016,0.002459907018740798
811,"-70.8079240794,-33.111161029499996","-70.8079426417,-33.1114223747","-70.8079162342,-33.1114227579","-70.8079055172,-33.1108996843","-70.8079319245,-33.1108993011",180.9832097669633,0.002459907843601186
812,"-70.807860658825,-33.1111619498","-70.8078685041,-33.1109002214","-70.8078792209,-33.111423295","-70.8078528135,-33.1114236782","-70.8078420968,-33.1109006046",180.98317186006983,0.002459903161544385
813,"-70.8079426264,-33.10991138825","-70.8079611883,-33.1101727335","-70.8079347812,-33.1101731167","-70.8079240646,-33.109650043","-70.8079504715,-33.1096496598",180.98318691325005,0.002459905572113461
814,"-70.807879206775,-33.109912308474996","-70.8078870521,-33.10965058","-70.8078977685,-33.1101736538","-70.8078713614,-33.1101740369","-70.8078606451,-33.1096509632",180.98314867547168,0.002459910105777335
815,"-70.8079318175,-33.10938380665","-70.8079503792,-33.1096451519","-70.8079239722,-33.1096455351","-70.8079132559,-33.1091224614","-70.8079396627,-33.1091220782",180.98316533417096,0.002459911025653526
816,"-70.807868398225,-33.1093847269","-70.8078762436,-33.1091229984","-70.8078869597,-33.1096460722","-70.8078605528,-33.1096464554","-70.8078498368,-33.1091233816",180.98312723917508,0.002459906344842732
817,"-70.808023902725,-33.112936691025","-70.8080424659,-33.1131980361","-70.808016058,-33.1131984194","-70.8080053396,-33.1126753459","-70.8080317474,-33.1126749627",180.98331405533082,0.0024599001397993597
818,"-70.8079604809,-33.1129376114","-70.8079683258,-33.1126758831","-70.8079790439,-33.1131989565","-70.8079526359,-33.1131993397","-70.807941918,-33.1126762663",180.98326684770737,0.002459904675227577
819,"-70.80807254152501,-33.112214351575","-70.8080911046,-33.1124756967","-70.8080646969,-33.1124760799","-70.8080539785,-33.1119530065","-70.8080803861,-33.1119526232",180.98332212272783,0.0024599017359791305
820,"-70.808009120225,-33.11221527195","-70.808016965,-33.1119535436","-70.8080276831,-33.1124766171","-70.8080012754,-33.1124770003","-70.8079905574,-33.1119539268",180.9832793088145,0.0024599016132280235
821,"-70.80806173087501,-33.11168677025","-70.8080802938,-33.1119481154","-70.8080538861,-33.1119484986","-70.8080431681,-33.1114254251","-70.8080695755,-33.1114250419",180.98330021897897,0.0024599070960128464
822,"-70.807998309925,-33.111687690625004","-70.8080061548,-33.1114259622","-70.8080168726,-33.1119490358","-70.807990465,-33.111949419","-70.8079797473,-33.1114263455",180.9832578696978,0.002459907166582401
823,"-70.8080509205,-33.111159188875","-70.8080694832,-33.111420534","-70.8080430757,-33.1114209173","-70.8080323579,-33.1108978437","-70.8080587652,-33.1108974605",180.98328335936333,0.0024599079914417645
824,"-70.807987499975,-33.1111601092","-70.8079953449,-33.1108983808","-70.8080060624,-33.1114214544","-70.807979655,-33.1114218376","-70.8079689376,-33.110898764",180.98323597217484,0.002459903213065458
825,"-70.808069465725,-33.1099095476","-70.808088028,-33.1101708928","-70.8080616209,-33.110171276","-70.8080509035,-33.1096482024","-70.8080773105,-33.1096478192",180.98325578998822,0.0024599102793553002
826,"-70.8080060461,-33.10991046795","-70.808013891,-33.1096487395","-70.8080246082,-33.1101718132","-70.8079982011,-33.1101721964","-70.8079874841,-33.1096491227",180.9832176945077,0.002459905597872794
827,"-70.80805865605001,-33.109381966049995","-70.8080772181,-33.1096433113","-70.8080508112,-33.1096436945","-70.8080400941,-33.1091206208","-70.8080665008,-33.1091202376",180.98323861029183,0.002459901765051514
828,"-70.80799523675,-33.10938288635","-70.8080030817,-33.1091211579","-70.8080137986,-33.1096442316","-70.8079873917,-33.1096446148","-70.807976675,-33.1091215411",180.9831961213207,0.0024599017392927364
829,"-70.8081507464,-33.112934850175","-70.80816931,-33.1131961952","-70.808142902,-33.1131965785","-70.8081321829,-33.1126735051","-70.8081585907,-33.1126731219",180.9833829274451,0.0024599048481807255
830,"-70.808087324575,-33.11293577065","-70.8080951691,-33.1126740423","-70.808105888,-33.1131971157","-70.80807948,-33.113197499","-70.8080687612,-33.1126744256",180.98334515050763,0.0024599095742867177
831,"-70.808199384125,-33.112212510725","-70.8082179476,-33.1124738558","-70.8081915398,-33.1124742391","-70.8081808207,-33.1119511656","-70.8082072284,-33.1119507824",180.98338622787395,0.0024599110993288207
832,"-70.80813596280001,-33.112213431175","-70.8081438072,-33.1119517028","-70.8081545261,-33.1124747763","-70.8081281183,-33.1124751595","-70.8081173996,-33.1119520861",180.98334831952474,0.002459906417970281
833,"-70.80818857275,-33.111684929424996","-70.808207136,-33.1119462745","-70.8081807284,-33.1119466578","-70.8081700096,-33.1114235843","-70.808196417,-33.1114232011",180.98336923590352,0.0024599025869300696
834,"-70.808125151825,-33.11168584985","-70.8081329963,-33.1114241215","-70.8081437149,-33.111947195","-70.8081173073,-33.1119475782","-70.8081065888,-33.1114245047",180.9833309978216,0.002459907121797618
835,"-70.808177761575,-33.111157348075","-70.8081963246,-33.1114186932","-70.8081699172,-33.1114190765","-70.8081591986,-33.1108960029","-70.8081856059,-33.1108956197",180.98335205406354,0.0024599033866724304
836,"-70.80811434105,-33.111158268475","-70.8081221856,-33.1108965401","-70.8081329039,-33.1114196136","-70.8081064964,-33.1114199969","-70.8080957783,-33.1108969233",180.98330498309258,0.0024599080171914586
837,"-70.80819630505,-33.10990770685001","-70.8082148677,-33.110169052","-70.8081884606,-33.1101694353","-70.8081777425,-33.1096463617","-70.8082041494,-33.1096459784",180.9833249450028,0.0024599058677872857
838,"-70.808132885375,-33.10990862725","-70.8081407299,-33.1096468988","-70.8081514478,-33.1101699725","-70.8081250408,-33.1101703557","-70.808114323,-33.109647282",180.98328638687008,0.0024599009937001553
839,"-70.808185494575,-33.10938012535","-70.808204057,-33.1096414706","-70.8081776501,-33.1096418538","-70.8081669322,-33.1091187801","-70.808193339,-33.1091183969",180.98330729803712,0.002459906472969703
840,"-70.8081220753,-33.10938104575","-70.8081299199,-33.1091193173","-70.8081406375,-33.109642391","-70.8081142306,-33.1096427742","-70.8081035132,-33.1091197005",180.98326023412565,0.0024599017914719865
841,"-70.808277590025,-33.1129330092","-70.808296154,-33.1131943542","-70.808269746,-33.1131947375","-70.8082590261,-33.1126716642","-70.808285434,-33.1126712809",180.9834519362651,0.002459909652250813
842,"-70.80821416820001,-33.112933929724996","-70.8082220123,-33.1126722014","-70.808232732,-33.1131952748","-70.808206324,-33.113195658","-70.8081956045,-33.1126725847",180.98341370381684,0.002459904873947373
843,"-70.80832622675,-33.11221066975","-70.8083447906,-33.1124720148","-70.8083183828,-33.1124723981","-70.808307663,-33.1119493247","-70.8083340706,-33.1119489414",180.98345524498257,0.0024599065922502276
844,"-70.80826280545,-33.11221159025","-70.8082706495,-33.1119498619","-70.8082813691,-33.1124729353","-70.8082549613,-33.1124733186","-70.8082442419,-33.1119502452",180.98341275465017,0.002459906566483029
845,"-70.80831541457499,-33.11168308845","-70.8083339782,-33.1119444335","-70.8083075706,-33.1119448168","-70.808296851,-33.1114217434","-70.8083232585,-33.1114213601",180.98343824742545,0.002459907391725673
846,"-70.80825199365,-33.111684008975","-70.8082598377,-33.1114222806","-70.8082705571,-33.1119453541","-70.8082441495,-33.1119457373","-70.8082334303,-33.1114226639",180.98340001436782,0.0024599026133571484
847,"-70.808304602675,-33.111155507175006","-70.8083231661,-33.1114168523","-70.8082967586,-33.1114172355","-70.8082860394,-33.1108941621","-70.8083124466,-33.1108937788",180.98341635129393,0.0024599034381811726
848,"-70.80824118215,-33.111156427625005","-70.8082490263,-33.1108946993","-70.8082597454,-33.1114177727","-70.8082333379,-33.111418156","-70.808222619,-33.1108950825",180.98337843721754,0.002459908068064777
849,"-70.8083231443,-33.109905865974994","-70.8083417073,-33.1101672111","-70.8083153002,-33.1101675944","-70.8083045814,-33.1096445208","-70.8083309883,-33.1096441376",180.98338892052027,0.0024599058236632336
850,"-70.80825972465,-33.10990678645","-70.8082675688,-33.109645058","-70.8082782875,-33.1101681316","-70.8082518804,-33.1101685149","-70.8082411619,-33.1096454413",180.98335572374677,0.0024599058942248015
851,"-70.8083123331,-33.109378284525","-70.8083308959,-33.1096396297","-70.808304489,-33.109640013","-70.8082937704,-33.1091169393","-70.8083201771,-33.1091165561",180.98337631677867,0.0024599019650831866
852,"-70.80824891385001,-33.109379204975","-70.8082567581,-33.1091174765","-70.8082674765,-33.1096405502","-70.8082410695,-33.1096409334","-70.8082303513,-33.1091178598",180.9833338215554,0.002459911252094916
853,"-70.80840443365,-33.112931168100005","-70.808422998,-33.1131925131","-70.80839659,-33.1131928964","-70.8083858694,-33.1126698231","-70.8084122772,-33.1126694398",180.98352062787876,0.002459905047566532
854,"-70.80834101184999,-33.1129320887","-70.8083488556,-33.1126703604","-70.808359576,-33.1131934337","-70.808333168,-33.113193817","-70.8083224478,-33.1126707437",180.98347814024538,0.0024599050218026873
855,"-70.808453069325,-33.112208828625","-70.8084716335,-33.1124701736","-70.8084452258,-33.112470557","-70.8084345052,-33.1119474836","-70.8084609128,-33.1119471003",180.9835242615247,0.002459902083898852
856,"-70.80838964805001,-33.112209749200005","-70.8083974917,-33.1119480209","-70.8084082121,-33.1124710942","-70.8083818043,-33.1124714775","-70.8083710841,-33.1119484042",180.98348620848665,0.002459906618018825
857,"-70.8084422564,-33.111681247350006","-70.8084608204,-33.1119425924","-70.8084344128,-33.1119429757","-70.8084236925,-33.1114199023","-70.8084500999,-33.111419519",180.98350694006453,0.0024599027869863267
858,"-70.808378835475,-33.11168216795","-70.8083866792,-33.1114204396","-70.8083973993,-33.111943513","-70.8083709917,-33.1119438963","-70.8083602717,-33.1114208229",180.98346902667438,0.002459907417492361
859,"-70.80843144375,-33.1111536661","-70.8084500075,-33.1114150112","-70.8084236001,-33.1114153945","-70.8084128801,-33.110892321","-70.8084392873,-33.1108919377",180.98348518274508,0.0024598989304064726
860,"-70.808368023225,-33.11115458665","-70.808375867,-33.1108928583","-70.8083865868,-33.1114159317","-70.8083601794,-33.111416315","-70.8083494597,-33.1108932416",180.98344745531978,0.002459903560294425
861,"-70.8084499836,-33.109904025","-70.808468547,-33.1101653701","-70.8084421399,-33.1101657534","-70.8084314203,-33.1096426799","-70.8084578272,-33.1096422966",180.9834625145564,0.0024599059715044893
862,"-70.808386563925,-33.109904945500006","-70.8083944077,-33.1096432171","-70.8084051271,-33.1101662906","-70.8083787201,-33.1101666739","-70.8083680008,-33.1096436004",180.98342460489283,0.00245990128939078
863,"-70.808439171625,-33.10937644355","-70.8084577348,-33.1096377887","-70.8084313279,-33.109638172","-70.8084206085,-33.1091150984","-70.8084470153,-33.1091147151",180.98344532892008,0.002459906769321149
864,"-70.808375752375,-33.10937736405","-70.8083835962,-33.1091156356","-70.8083943154,-33.1096387092","-70.8083679084,-33.1096390925","-70.8083571895,-33.1091160189",180.98340283926427,0.002459906742867315
865,"-70.808531277275,-33.112929326875","-70.808549842,-33.1131906718","-70.808523434,-33.1131910552","-70.8085127126,-33.1126679819","-70.8085391205,-33.1126675986",180.98358963791728,0.002459909851675616
866,"-70.80846785545,-33.112930247499996","-70.8084756988,-33.1126685192","-70.80848642,-33.1131915925","-70.808460012,-33.1131919758","-70.808449291,-33.1126689025",180.98355140461317,0.002459905072675545
867,"-70.80857991190001,-33.11220698735","-70.8085984765,-33.1124683323","-70.8085720687,-33.1124687157","-70.8085613474,-33.1119456424","-70.808587755,-33.111945259",180.98359327152392,0.0024599068873496187
868,"-70.808516490625,-33.112207908","-70.8085243339,-33.1119461797","-70.808535055,-33.112469253","-70.8085086473,-33.1124696363","-70.8084979263,-33.111946563",180.9835548996933,0.0024599020120018855
869,"-70.80856909822501,-33.111679406175","-70.8085876626,-33.1119407512","-70.808561255,-33.1119411345","-70.8085505339,-33.1114180612","-70.8085769414,-33.1114176778",180.98357595102163,0.002459907591143947
870,"-70.80850567729999,-33.1116803268","-70.8085135206,-33.1114185984","-70.8085242415,-33.1119416718","-70.8084978339,-33.1119420552","-70.8084871132,-33.1114189818",180.9835381799465,0.002459903004774071
871,"-70.8085582848,-33.11115182495","-70.808576849,-33.11141317","-70.8085504415,-33.1114135533","-70.8085397207,-33.1108904799","-70.808566128,-33.1108900966",180.9835586318776,0.002459908293874263
872,"-70.8084948643,-33.11115274555","-70.8085027077,-33.1108910172","-70.8085134283,-33.1114140906","-70.8084870208,-33.1114144739","-70.8084763004,-33.1108914005",180.98351614134185,0.0024599082681121326
873,"-70.808547471675,-33.11062424365","-70.8085660356,-33.1108855887","-70.8085396283,-33.110885972","-70.8085289078,-33.1103628986","-70.808555315,-33.1103625153",180.98353247886567,0.00245990909327049
874,"-70.80848405155,-33.110625164225","-70.808491895,-33.1103634358","-70.8085026153,-33.1108865093","-70.808476208,-33.1108868926","-70.8084654879,-33.1103638192",180.98349470790163,0.00245990450750852
875,"-70.80857682285,-33.10990218385","-70.8085953866,-33.1101635289","-70.8085689795,-33.1101639123","-70.8085582592,-33.1096408388","-70.8085846661,-33.1096404554",180.9835270896443,0.002459906215726518
876,"-70.8085134032,-33.109903104425","-70.8085212466,-33.109641376","-70.8085319668,-33.1101644495","-70.8085055597,-33.1101648329","-70.8084948397,-33.1096417593",180.98349342976002,0.002459906092953728
877,"-70.80856601015,-33.10937460245","-70.8085845737,-33.1096359476","-70.8085581668,-33.1096363309","-70.8085474467,-33.1091132573","-70.8085738534,-33.109112874",180.98351402330744,0.002459902164461849
878,"-70.80850259085,-33.10937552305","-70.8085104343,-33.1091137946","-70.8085211542,-33.1096368682","-70.8084947473,-33.1096372515","-70.8084840276,-33.1091141779",180.98347153322777,0.0024599021380192973
879,"-70.808658120875,-33.1129274855","-70.8086766859,-33.1131888304","-70.808650278,-33.1131892138","-70.8086395559,-33.1126661406","-70.8086659637,-33.1126657572",180.9836540800907,0.0024599006864930357
880,"-70.80859469910001,-33.1129284062","-70.8086025421,-33.1126666779","-70.808613264,-33.1131897511","-70.808586856,-33.1131901345","-70.8085761343,-33.1126670613",180.98361616539555,0.002459905317569449
881,"-70.808706754475,-33.112205145975","-70.8087253194,-33.1124664909","-70.8086989117,-33.1124668743","-70.8086881896,-33.111943801","-70.8087145972,-33.1119434177",180.98366182703535,0.0024599021856691146
882,"-70.8086433332,-33.1122060667","-70.8086511761,-33.1119443384","-70.808661898,-33.1124674117","-70.8086354902,-33.112467795","-70.8086247685,-33.1119447217",180.9836235854799,0.0024599067204330834
883,"-70.80869594002499,-33.11167756485","-70.8087145048,-33.1119389098","-70.8086880972,-33.1119392932","-70.8086773753,-33.1114162199","-70.8087037828,-33.1114158365",180.98364954423607,0.0024599077383687658
884,"-70.808632519125,-33.111678485525","-70.8086403621,-33.1114167572","-70.8086510837,-33.1119398305","-70.8086246761,-33.1119402139","-70.8086139546,-33.1114171405",180.98360672827258,0.0024599076162601973
885,"-70.80868512584999,-33.111149983625","-70.8087036904,-33.1114113286","-70.8086772829,-33.111411712","-70.8086665614,-33.1108886386","-70.8086929687,-33.1108882553",180.98362306763983,0.0024599084411046903
886,"-70.80862170534999,-33.1111509043","-70.8086295484,-33.1108891759","-70.8086402697,-33.1114122493","-70.8086138622,-33.1114126327","-70.8086031411,-33.1108895593",180.98358071455795,0.0024599085129941283
887,"-70.808674312,-33.110622402375","-70.8086928763,-33.1108837474","-70.808666469,-33.1108841308","-70.8086557478,-33.1103610573","-70.8086821549,-33.110360674",180.98360131012035,0.0024599045841464657
888,"-70.80861089185,-33.110623323024996","-70.8086187349,-33.1103615946","-70.808629456,-33.1108846681","-70.8086030487,-33.1108850514","-70.8085923278,-33.110361978",180.9835679753922,0.0024599045590384993
889,"-70.808703662075,-33.109900342575","-70.8087222262,-33.1101616876","-70.8086958192,-33.110162071","-70.808685098,-33.1096389975","-70.8087115049,-33.1096386142",180.983604801476,0.0024599015145713252
890,"-70.808640242475,-33.10990126325","-70.8086480855,-33.1096395348","-70.8086588064,-33.1101626083","-70.8086323994,-33.1101629917","-70.8086216786,-33.1096399182",180.98356244828756,0.0024599015844839235
891,"-70.8086928486,-33.109372761225","-70.8087114125,-33.1096341063","-70.8086850056,-33.1096344897","-70.8086742848,-33.1091114161","-70.8087006915,-33.1091110328",180.98357846202603,0.002459902311665544
892,"-70.808629429375,-33.109373681875","-70.8086372725,-33.1091119534","-70.8086479931,-33.109635027","-70.8086215862,-33.1096354103","-70.8086108657,-33.1091123368",180.98354054615712,0.0024599069416397393
893,"-70.80878496444998,-33.11292564399999","-70.8088035299,-33.1131869889","-70.8087771219,-33.1131873723","-70.8087663991,-33.1126642991","-70.8087928069,-33.1126639157",180.98372276573255,0.0024599053955543723
894,"-70.808721542675,-33.1129265648","-70.8087293853,-33.1126648365","-70.8087401079,-33.1131879097","-70.8087137,-33.1131882931","-70.8087029775,-33.1126652199",180.98368485546231,0.0024599007122664707
895,"-70.808833596975,-33.1122033045","-70.8088521623,-33.1124646494","-70.8088257546,-33.1124650328","-70.8088150317,-33.1119419596","-70.8088414393,-33.1119415762",180.98373541809107,0.0024599023348772526
896,"-70.80877017575,-33.112204225250004","-70.8087780183,-33.1119424969","-70.8087887409,-33.1124655702","-70.8087623331,-33.1124659536","-70.8087516107,-33.1119428803",180.98368815796564,0.0024599069646679917
897,"-70.8088227818,-33.111675723350004","-70.8088413469,-33.1119370683","-70.8088149393,-33.1119374517","-70.8088042168,-33.1114143784","-70.8088306242,-33.111413995",180.9837090807427,0.0024599031336338313
898,"-70.8087593609,-33.111676644125","-70.8087672035,-33.1114149158","-70.8087779258,-33.1119379891","-70.8087515182,-33.1119383725","-70.8087407961,-33.1114152991",180.98366626441396,0.0024599030121838367
899,"-70.80881196692499,-33.1111481422","-70.8088305318,-33.1114094872","-70.8088041244,-33.1114098706","-70.8087934021,-33.1108867972","-70.8088198094,-33.1108864138",180.9836918979191,0.0024599039340269056
900,"-70.808748546375,-33.111149062925","-70.808756389,-33.1108873346","-70.8087671111,-33.1114104079","-70.8087407037,-33.1114107913","-70.8087299817,-33.1108877179",180.98365842654692,0.002459903811248819
901,"-70.80880115227501,-33.110620561","-70.8088197169,-33.110881906","-70.8087933097,-33.1108822894","-70.8087825877,-33.110359216","-70.8088089948,-33.1103588326",180.9836703279555,0.002459900077045208
902,"-70.80873773210001,-33.110621481699994","-70.8087455748,-33.1103597533","-70.8087562966,-33.1108828267","-70.8087298893,-33.1108832101","-70.8087191677,-33.1103601367",180.9836324111323,0.0024599047062611066
903,"-70.808830501325,-33.1098985012","-70.8088490658,-33.1101598462","-70.8088226588,-33.1101602296","-70.8088119369,-33.1096371562","-70.8088383438,-33.1096367728",180.98366923926318,0.00245990166245563
904,"-70.808767081725,-33.109899421925","-70.8087749244,-33.1096376935","-70.808785646,-33.110160767","-70.808759239,-33.1101611503","-70.8087485175,-33.1096380769",180.98362642341831,0.002459901539678488
905,"-70.8088196871,-33.109370919875005","-70.8088382514,-33.1096322649","-70.8088118445,-33.1096326483","-70.8088011229,-33.1091095748","-70.8088275296,-33.1091091915",180.9836519192699,0.002459902363865766
906,"-70.808756267875,-33.109371840550004","-70.8087641106,-33.1091101121","-70.808774832,-33.1096331856","-70.8087484251,-33.109633569","-70.8087377038,-33.1091104955",180.98361413966484,0.002459907089521719
907,"-70.80891180805,-33.112923802375","-70.8089303739,-33.1131851472","-70.8089039659,-33.1131855307","-70.8088932423,-33.1126624575","-70.8089196501,-33.1126620741",180.98379635676366,0.0024599055421533553
908,"-70.80884838624999,-33.112924723199995","-70.8088562285,-33.1126629949","-70.8088669519,-33.1131860681","-70.8088405439,-33.1131864515","-70.8088298207,-33.1126633783",180.98375354075176,0.0024599054206689824
909,"-70.80896043955,-33.11220146285","-70.8089790053,-33.1124628077","-70.8089525975,-33.1124631912","-70.8089418739,-33.111940118","-70.8089682815,-33.1119397345",180.98380456594748,0.0024599072353946026
910,"-70.80889701825,-33.112202383699994","-70.8089048604,-33.1119406554","-70.8089155838,-33.1124637286","-70.808889176,-33.112464112","-70.8088784528,-33.1119410388",180.9837616124516,0.002459907016879448
911,"-70.8089496236,-33.11167388175","-70.8089681891,-33.1119352267","-70.8089417815,-33.1119356101","-70.8089310582,-33.1114125368","-70.8089574656,-33.1114121534",180.98378234781467,0.002459903185845571
912,"-70.8088862027,-33.111674802550006","-70.8088940449,-33.1114130742","-70.808904768,-33.1119361475","-70.8088783604,-33.1119365309","-70.8088676375,-33.1114134576",180.98373985600836,0.002459903160070542
913,"-70.80893880792499,-33.111146300650006","-70.8089573732,-33.1114076456","-70.8089309658,-33.111408029","-70.8089202427,-33.1108849557","-70.80894665,-33.1108845723",180.98376535314787,0.002459903984912854
914,"-70.808875387425,-33.11114722145","-70.8088832297,-33.1108854931","-70.8088939525,-33.1114085664","-70.8088675451,-33.1114089498","-70.8088568224,-33.1108858765",180.9837228619501,0.002459903959138336
915,"-70.808927992525,-33.11061871945","-70.8089465576,-33.1108800644","-70.8089201503,-33.1108804478","-70.8089094275,-33.1103573745","-70.8089358347,-33.1103569911",180.98374377757744,0.002459909439917249
916,"-70.8088645724,-33.110619640224996","-70.8088724147,-33.1103579119","-70.8088831373,-33.1108809852","-70.80885673,-33.1108813686","-70.8088460076,-33.1103582952",180.98370554194292,0.002459904662123193
917,"-70.80895734052501,-33.1098966597","-70.8089759054,-33.1101580047","-70.8089494984,-33.1101583881","-70.8089387757,-33.1096353147","-70.8089651826,-33.1096349313",180.9837425072413,0.002459901713999363
918,"-70.808893920925,-33.109897580449996","-70.8089017632,-33.109635852","-70.8089124856,-33.1101589255","-70.8088860786,-33.1101593089","-70.8088753563,-33.1096362354",180.98369982877531,0.0024599016875657973
919,"-70.80894652555,-33.1093690784","-70.8089650902,-33.1096304234","-70.8089386833,-33.1096308068","-70.808927961,-33.1091077334","-70.8089543677,-33.10910735",180.98371635744763,0.0024599025117519957
920,"-70.808883106325,-33.10936999915","-70.8088909487,-33.1091082707","-70.8089016708,-33.1096313442","-70.8088752639,-33.1096317276","-70.8088645419,-33.1091086541",180.98367825364755,0.0024599071417234345
921,"-70.8090386516,-33.112921960625","-70.8090572178,-33.1131833055","-70.8090308098,-33.1131836889","-70.8090200855,-33.1126606158","-70.8090464933,-33.1126602323",180.98386046861887,0.002459905594371945
922,"-70.808975229825,-33.112922881525","-70.8089830717,-33.1126611532","-70.8089937958,-33.1131842264","-70.8089673879,-33.1131846098","-70.8089566639,-33.1126615367",180.9838225569672,0.002459900912404397
923,"-70.809087282075,-33.112199621075","-70.8091058482,-33.1124609659","-70.8090794404,-33.1124613494","-70.8090687161,-33.1119382762","-70.8090951236,-33.1119378928",180.983873121478,0.002459902534326988
924,"-70.80902386082501,-33.112200541975","-70.8090317026,-33.1119388137","-70.8090424267,-33.1124618868","-70.809016019,-33.1124622703","-70.809005295,-33.1119391971",180.98383062986068,0.002459902507915057
925,"-70.80907646535,-33.111672040025","-70.8090950312,-33.1119333849","-70.8090686236,-33.1119337684","-70.8090578996,-33.1114106951","-70.809084307,-33.1114103117",180.98384678379873,0.0024599033337682806
926,"-70.8090130445,-33.111672960925","-70.8090208863,-33.1114112326","-70.8090316102,-33.1119343058","-70.8090052026,-33.1119346893","-70.8089944789,-33.111411616",180.98381344765392,0.002459903307328773
927,"-70.809065648925,-33.111144458949994","-70.8090842146,-33.1114058039","-70.8090578071,-33.1114061873","-70.8090470834,-33.110883114","-70.8090734906,-33.1108827306",180.98382946569453,0.002459904036443814
928,"-70.809002228425,-33.111145379825004","-70.8090100703,-33.1108836515","-70.8090207939,-33.1114067247","-70.8089943865,-33.1114071082","-70.808983663,-33.1108840349",180.98379645402517,0.0024599041070642253
929,"-70.80905483275001,-33.1106168778","-70.8090733982,-33.1108782227","-70.8090469909,-33.1108786062","-70.8090362674,-33.1103555329","-70.8090626745,-33.1103551494",180.98381293325554,0.00245990502785984
930,"-70.80899141265,-33.110617798650004","-70.8089992546,-33.1103560703","-70.8090099779,-33.1108791436","-70.8089835706,-33.110879527","-70.8089728475,-33.1103564537",180.98376997944143,0.002459904809352941
931,"-70.809176312925,-33.11344769965","-70.8091948797,-33.1137090444","-70.8091684716,-33.1137094279","-70.8091577462,-33.1131863549","-70.8091841542,-33.1131859714",180.98395123909685,0.0024599049413150235
932,"-70.80911289075,-33.113448620625","-70.8091207322,-33.1131868924","-70.8091314574,-33.1137099654","-70.8091050492,-33.1137103489","-70.8090943242,-33.1131872758",180.98391299592782,0.0024599094753245043
933,"-70.809165495175,-33.11292011875","-70.8091840617,-33.1131814636","-70.8091576538,-33.113181847","-70.8091469287,-33.1126587739","-70.8091733365,-33.1126583905",180.98392902132454,0.0024599008927126903
934,"-70.8091020734,-33.1129210397","-70.8091099149,-33.1126593114","-70.8091206398,-33.1131823845","-70.8090942318,-33.113182768","-70.8090835071,-33.1126596949",180.9838915660559,0.002459905716520788
935,"-70.80921412457499,-33.1121977792","-70.809232691,-33.112459124","-70.8092062833,-33.1124595075","-70.8091955582,-33.1119364344","-70.8092219658,-33.1119360509",180.9839375571322,0.0024599026822830017
936,"-70.809150703325,-33.11219870015","-70.8091585447,-33.1119369718","-70.8091692696,-33.112460045","-70.8091428619,-33.1124604285","-70.8091321371,-33.1119373553",180.9839040333153,0.0024599026565032683
937,"-70.80920330712499,-33.111670198175","-70.8092218734,-33.111931543","-70.8091954658,-33.1119319265","-70.8091847409,-33.1114088533","-70.8092111484,-33.1114084699",180.9839248142592,0.0024599080416079157
938,"-70.80913988625,-33.11167111915","-70.8091477277,-33.1114093908","-70.8091584523,-33.111932464","-70.8091320447,-33.1119328475","-70.8091213203,-33.1114097743",180.98387788496905,0.0024599034559147155
939,"-70.80919248995,-33.111142617125","-70.809211056,-33.111403962","-70.8091846485,-33.1114043455","-70.809173924,-33.1108812722","-70.8092003313,-33.1108808888",180.9838984753884,0.0024599088406717824
940,"-70.809129069425,-33.111143538025","-70.8091369109,-33.1108818097","-70.8091476353,-33.1114048829","-70.8091212278,-33.1114052664","-70.8091105037,-33.1108821931",180.9838605661675,0.0024599041579222367
941,"-70.80918167302501,-33.110615036024996","-70.8092002388,-33.1108763809","-70.8091738316,-33.1108767644","-70.8091631073,-33.1103536911","-70.8091895144,-33.1103533077",180.98388149005402,0.0024599003273947733
942,"-70.809118252925,-33.110615956925","-70.8091260945,-33.1103542286","-70.8091368185,-33.1108773018","-70.8091104113,-33.1108776853","-70.8090996874,-33.110354612",180.98383899627328,0.0024599003009563246
943,"-70.80930315722499,-33.11344585765","-70.8093217244,-33.1137072024","-70.8092953163,-33.1137075859","-70.8092845901,-33.1131845129","-70.8093109981,-33.1131841294",180.98402450355587,0.002459904992879793
944,"-70.80923973505,-33.11344677865","-70.8092475761,-33.1131850504","-70.809258302,-33.1137081234","-70.8092318939,-33.1137085069","-70.8092211682,-33.1131854339",180.9839774374449,0.0024599003115641747
945,"-70.8092923387,-33.11291827675","-70.8093109057,-33.1131796215","-70.8092844977,-33.113180005","-70.8092737718,-33.112656932","-70.8093001796,-33.1126565485",180.98400751289563,0.002459905793858164
946,"-70.80922891695,-33.11291919775","-70.8092367581,-33.1126574695","-70.8092474837,-33.1131805425","-70.8092210757,-33.113180926","-70.8092103503,-33.112657853",180.9839558646593,0.0024599057680831345
947,"-70.809340967075,-33.1121959372","-70.8093595339,-33.112457282","-70.8093331262,-33.1124576655","-70.8093224003,-33.1119345924","-70.8093488079,-33.1119342089",180.98401082317162,0.002459902732515058
948,"-70.80927754585,-33.1121968582","-70.8092853869,-33.1119351299","-70.8092961125,-33.112458203","-70.8092697047,-33.1124585865","-70.8092589793,-33.1119355134",180.98396374968422,0.0024599073636221917
949,"-70.80933014887499,-33.1116683562","-70.8093487155,-33.111929701","-70.8093223079,-33.1119300845","-70.8093115823,-33.1114070114","-70.8093379898,-33.1114066279",180.98398925021652,0.0024599081888689706
950,"-70.809266727975,-33.1116692772","-70.8092745691,-33.1114075489","-70.8092852944,-33.111930622","-70.8092588868,-33.1119310055","-70.8092481616,-33.1114079324",180.9839467571677,0.0024599081637499826
951,"-70.80931933092499,-33.11114077515","-70.8093378973,-33.11140212","-70.8093114899,-33.1114025035","-70.8093007646,-33.1108794303","-70.8093271719,-33.1108790468",180.98396749514148,0.00245990433231794
952,"-70.80925591042501,-33.11114169615","-70.8092637516,-33.1108799678","-70.8092744766,-33.111403041","-70.8092480692,-33.1114034245","-70.8092373443,-33.1108803513",180.9839250014987,0.002459904306524133
953,"-70.809308513275,-33.1106131941","-70.8093270794,-33.110874539","-70.8093006722,-33.1108749225","-70.8092899472,-33.1103518492","-70.8093163543,-33.1103514657",180.98394573965786,0.0024599004753278683
954,"-70.809245093125,-33.110614115075","-70.8092529343,-33.1103523867","-70.8092636591,-33.11087546","-70.8092372519,-33.1108758434","-70.8092265272,-33.1103527702",180.9839122649845,0.0024599003531795664
955,"-70.8094300015,-33.11344401545","-70.8094485691,-33.1137053602","-70.8094221609,-33.1137057437","-70.809411434,-33.1131826707","-70.809437842,-33.1131822872",180.9840931893958,0.0024599097006106404
956,"-70.809366579375,-33.113444936549996","-70.8093744201,-33.1131832083","-70.8093851467,-33.1137062813","-70.8093587386,-33.1137066648","-70.8093480121,-33.1131835918",180.98404612170617,0.0024599050186649768
957,"-70.80946780955,-33.11219409500001","-70.8094863768,-33.1124554398","-70.809459969,-33.1124558233","-70.8094492424,-33.1119327502","-70.80947565,-33.1119323667",180.98407950942163,0.0024599074403096476
958,"-70.80940438834999,-33.112195016099996","-70.809412229,-33.1119332878","-70.8094229554,-33.1124563609","-70.8093965476,-33.1124567444","-70.8093858214,-33.1119336713",180.984037016517,0.0024599074151941992
959,"-70.8094569906,-33.111666514099994","-70.8094755576,-33.1119278589","-70.80944915,-33.1119282424","-70.8094384237,-33.1114051693","-70.8094648311,-33.1114047858",180.98405794231942,0.0024599035841506916
960,"-70.809393569725,-33.111667435150004","-70.8094014104,-33.1114057068","-70.8094121365,-33.11192878","-70.809385729,-33.1119291635","-70.809375003,-33.1114060903",180.98401984331667,0.0024598989027825604
961,"-70.80944617189999,-33.111138933099994","-70.8094647387,-33.1114002779","-70.8094383312,-33.1114006614","-70.8094276052,-33.1108775883","-70.8094540125,-33.1108772048",180.98403636878442,0.0024599090401553666
962,"-70.809382751425,-33.111139854150004","-70.8093905922,-33.1108781258","-70.809401318,-33.111401199","-70.8093749106,-33.1114015825","-70.8093641849,-33.1108785093",180.983998268108,0.00245990435809805
963,"-70.8095568458,-33.11344217315","-70.8095754137,-33.1137035178","-70.8095490056,-33.1137039014","-70.809538278,-33.1131808285","-70.8095646859,-33.1131804449",180.98415795576972,0.0024599006326171203
964,"-70.809493423675,-33.11344309432501","-70.809501264,-33.1131813661","-70.8095119914,-33.113704439","-70.8094855833,-33.1137048226","-70.809474856,-33.1131817496",180.98411971193514,0.0024599051672852612
965,"-70.80959465205,-33.112192252725","-70.8096132196,-33.1124535975","-70.8095868119,-33.112453981","-70.8095760846,-33.111930908","-70.8096024921,-33.1119305244",180.98414395223162,0.0024598982764546477
966,"-70.809531230825,-33.112193173875","-70.8095390711,-33.1119314456","-70.8095497982,-33.1124545186","-70.8095233905,-33.1124549022","-70.8095126635,-33.1119318291",180.98410603276955,0.002459902906923713
967,"-70.809583832325,-33.111664671825","-70.8096023997,-33.1119260166","-70.8095759921,-33.1119264001","-70.809565265,-33.1114033271","-70.8095916725,-33.1114029435",180.98412695337208,0.0024599083890578847
968,"-70.809520411475,-33.111665592975","-70.8095282518,-33.1114038647","-70.8095389786,-33.1119269377","-70.8095125711,-33.1119273213","-70.8095018444,-33.1114042482",180.98408446727763,0.0024598990507432384
969,"-70.809573012875,-33.1111370909","-70.80959158,-33.1113984357","-70.8095651726,-33.1113988192","-70.8095544458,-33.1108757461","-70.8095808531,-33.1108753626",180.98410506185894,0.0024599044354385266
970,"-70.80950959237501,-33.111138012","-70.8095174328,-33.1108762837","-70.8095281593,-33.1113993568","-70.8095017519,-33.1113997403","-70.8094910255,-33.1108766672",180.9840625692043,0.002459904410324157
971,"-70.809683690025,-33.11344033075","-70.8097022583,-33.1137016754","-70.8096758502,-33.113702059","-70.8096651218,-33.1131789861","-70.8096915298,-33.1131786025",180.9842266410316,0.0024599053417043533
972,"-70.809620267925,-33.11344125195","-70.8096281079,-33.1131795237","-70.809638836,-33.1137025966","-70.8096124279,-33.1137029802","-70.8096016999,-33.1131799073",180.9841841480805,0.0024599053145998853
973,"-70.80972149452501,-33.1121904103","-70.8097400625,-33.112451755","-70.8097136548,-33.1124521386","-70.8097029266,-33.1119290656","-70.8097293342,-33.111928682",180.9842221195508,0.0024599030806774663
974,"-70.8096580733,-33.1121913315","-70.8096659132,-33.1119296032","-70.8096766411,-33.1124526762","-70.8096502333,-33.1124530598","-70.8096395056,-33.1119299868",180.9841750436552,0.0024599077111241035
975,"-70.80971067405,-33.11166282945","-70.8097292418,-33.1119241742","-70.8097028342,-33.1119245578","-70.8096921064,-33.1114014847","-70.8097185138,-33.1114011011",180.98419578329947,0.002459903880748585
976,"-70.809647253175,-33.111663750675","-70.8096550931,-33.1114020224","-70.8096658207,-33.1119250954","-70.8096394132,-33.111925479","-70.8096286857,-33.1114024059",180.984157733418,0.0024598991023127726
977,"-70.8096998538,-33.11113524855","-70.8097184213,-33.1113965933","-70.8096920139,-33.1113969769","-70.8096812864,-33.1108739038","-70.8097076936,-33.1108735202",180.98417421772507,0.0024599000241418024
978,"-70.80963643335,-33.11113616975","-70.8096442733,-33.1108744414","-70.8096550007,-33.1113975145","-70.8096285933,-33.1113978981","-70.8096178661,-33.110874825",180.984140880188,0.002459899997708158
979,"-70.80981053432501,-33.11343848815","-70.809829103,-33.1136998328","-70.8098026949,-33.1137002164","-70.8097919657,-33.1131771435","-70.8098183737,-33.1131767599",180.98429990670328,0.002459905391962564
980,"-70.8097471122,-33.113439409449995","-70.8097549517,-33.1131776812","-70.8097656807,-33.1137007541","-70.8097392726,-33.1137011377","-70.8097285438,-33.1131780648",180.98426199251097,0.0024599007099837056
981,"-70.80984833697501,-33.112188567775","-70.8098669053,-33.1124499124","-70.8098404976,-33.1124502961","-70.8098297687,-33.1119272231","-70.8098561763,-33.1119268395",180.98428655460722,0.002459903228667167
982,"-70.80978491577501,-33.112189489049996","-70.8097927553,-33.1119277608","-70.8098034839,-33.1124508337","-70.8097770762,-33.1124512173","-70.8097663477,-33.1119281444",180.9842439232583,0.0024599031057970576
983,"-70.80983751572501,-33.111660986975","-70.8098560838,-33.1119223316","-70.8098296763,-33.1119227153","-70.8098189477,-33.1113996423","-70.8098453551,-33.1113992587",180.9842649893269,0.002459899372481398
984,"-70.809774094875,-33.1116619082","-70.8097819345,-33.1114001799","-70.8097926628,-33.1119232529","-70.8097662552,-33.1119236365","-70.809755527,-33.1114005635",180.98422216361172,0.0024599085628116443
985,"-70.80982669475,-33.111133406099995","-70.8098452627,-33.1113947508","-70.8098188552,-33.1113951344","-70.8098081269,-33.1108720614","-70.8098345342,-33.1108716778",180.9842476665507,0.0024599093869908713
986,"-70.80976327430001,-33.11113432735","-70.8097711139,-33.110872599","-70.809781842,-33.1113956721","-70.8097554346,-33.1113960557","-70.8097447067,-33.1108729826",180.9842049912003,0.0024599000492726165
987,"-70.80993737855,-33.113436645449994","-70.8099559476,-33.11369799","-70.8099295395,-33.1136983737","-70.8099188096,-33.1131753009","-70.8099452175,-33.1131749172",180.9843692480451,0.002459900980191018
988,"-70.80987395645,-33.113437566825","-70.8098817956,-33.1131758386","-70.8098925253,-33.1136989114","-70.8098661172,-33.1136992951","-70.8098553877,-33.1131762222",180.98432642863872,0.002459900858647046
989,"-70.809975179425,-33.1121867251","-70.8099937481,-33.1124480697","-70.8099673404,-33.1124484534","-70.8099566108,-33.1119253805","-70.8099830184,-33.1119249968",180.98435098971535,0.0024599033773293785
990,"-70.8099117582,-33.112187646449996","-70.8099195973,-33.1119259182","-70.8099303267,-33.1124489911","-70.809903919,-33.1124493747","-70.8098931898,-33.1119263018",180.98431261626757,0.0024598985017833547
991,"-70.80996435739999,-33.111659144325","-70.8099829259,-33.111920489","-70.8099565183,-33.1119208726","-70.809945789,-33.1113977997","-70.8099721964,-33.111397416",180.98433367541517,0.0024599040803152264
992,"-70.8099009366,-33.111660065675","-70.8099087758,-33.1113983374","-70.8099195049,-33.1119214103","-70.8098930973,-33.111921794","-70.8098823684,-33.111398721",180.98429118089228,0.00245990405386298
993,"-70.81006422280001,-33.11343480265","-70.8100827922,-33.1136961472","-70.8100563841,-33.1136965309","-70.8100456535,-33.1131734581","-70.8100720614,-33.1131730744",180.9844333577985,0.0024599010331014023
994,"-70.810000800675,-33.11343572405001","-70.8100086395,-33.1131739958","-70.8100193699,-33.1136970686","-70.8099929618,-33.1136974523","-70.8099822315,-33.1131743795",180.98439543797014,0.0024599056621861575
995,"-70.81005339972499,-33.112907221975","-70.8100719689,-33.1131685666","-70.810045561,-33.1131689502","-70.8100348306,-33.1126458774","-70.8100612384,-33.1126454937",180.98441604341272,0.002459901736330824
996,"-70.809989978025,-33.112908143375","-70.8099978169,-33.1126464151","-70.810008547,-33.113169488","-70.8099821391,-33.1131698716","-70.8099714091,-33.1126467988",180.98437354807692,0.0024599017098829896
997,"-70.81010202185,-33.1121848823","-70.8101205909,-33.1124462269","-70.8100941832,-33.1124466106","-70.8100834529,-33.1119235377","-70.8101098604,-33.111923154",180.98441968260582,0.0024598987726666553
998,"-70.810038600625,-33.112185803725005","-70.8100464394,-33.1119240755","-70.8100571695,-33.1124471483","-70.8100307618,-33.112447532","-70.8100200318,-33.1119244591",180.9843816248786,0.0024599033067084536
999,"-70.8100911991,-33.111657301575","-70.810109768,-33.1119186462","-70.8100833604,-33.1119190299","-70.8100726303,-33.1113959569","-70.8100990377,-33.1113955733",180.98440694316974,0.0024599041318904367
1000,"-70.810027778275,-33.111658222975","-70.8100356171,-33.1113964947","-70.8100463469,-33.1119195676","-70.8100199394,-33.1119199513","-70.8100092097,-33.1113968783",180.98435987203231,0.0024598994498510806
1001,"-70.810191067025,-33.1134329597","-70.8102096368,-33.1136943042","-70.8101832287,-33.1136946879","-70.8101724973,-33.1131716152","-70.8101989053,-33.1131712315",180.98450222981975,0.0024599057395642138
1002,"-70.8101276449,-33.113433881149994","-70.8101354833,-33.1131721529","-70.8101462145,-33.1136952257","-70.8101198064,-33.1136956094","-70.8101090754,-33.1131725366",180.98446412770608,0.0024599010575743823
1003,"-70.8101802432,-33.11290537905","-70.8101988128,-33.1131667236","-70.8101724048,-33.1131671073","-70.8101616737,-33.1126440345","-70.8101880815,-33.1126436508",180.98448505359934,0.0024599065405283096
1004,"-70.81011682147499,-33.11290630055","-70.81012466,-33.1126445723","-70.8101353908,-33.1131676451","-70.8101089829,-33.1131680288","-70.8100982522,-33.112644956",180.98443798403045,0.0024599018578825254
1005,"-70.810228864275,-33.1121830394","-70.8102474337,-33.112444384","-70.810221026,-33.1124447677","-70.8102102949,-33.1119216948","-70.8102367025,-33.1119213111",180.98448836829886,0.0024599034805082966
1006,"-70.810165443075,-33.112183960850004","-70.8101732815,-33.1119222326","-70.8101840123,-33.1124453054","-70.8101576046,-33.1124456891","-70.8101468739,-33.1119226163",180.98444606133097,0.002459903454707729
1007,"-70.81021804075,-33.1116554587","-70.81023661,-33.1119168033","-70.8102102024,-33.111917187","-70.8101994716,-33.1113941141","-70.810225879,-33.1113937304",180.98447137983624,0.002459904279902541
1008,"-70.81015461995,-33.1116563801","-70.8101624584,-33.1113946518","-70.810173189,-33.1119177247","-70.8101467814,-33.1119181084","-70.810136051,-33.1113950355",180.98442888333614,0.0024599042541107365
1009,"-70.810317911225,-33.113431116600005","-70.8103364814,-33.1136924611","-70.8103100733,-33.1136928448","-70.8102993411,-33.1131697721","-70.8103257491,-33.1131693884",180.98457549665056,0.0024599057911528967
1010,"-70.810254489125,-33.113432038175","-70.8102623272,-33.1131703099","-70.8102730591,-33.1136933827","-70.810246651,-33.1136937664","-70.8102359192,-33.1131706937",180.9845331382262,0.0024599058617988554
1011,"-70.81030708667501,-33.112903536025","-70.8103256566,-33.1131648805","-70.8102992487,-33.1131652643","-70.8102885168,-33.1126421915","-70.8103149246,-33.1126418078",180.98455407096978,0.0024599020317154345
1012,"-70.8102436649,-33.112904457549995","-70.810251503,-33.1126427293","-70.8102622347,-33.1131658021","-70.8102358267,-33.1131661858","-70.8102250952,-33.112643113",180.98451582409325,0.002459906566985839
1013,"-70.810355706675,-33.11218119635","-70.8103742765,-33.1124425409","-70.8103478688,-33.1124429246","-70.8103371369,-33.1119198518","-70.8103635445,-33.1119194681",180.98456182287478,0.002459903532106776
1014,"-70.81029228547499,-33.112182117850004","-70.8103001235,-33.1119203896","-70.8103108551,-33.1124434624","-70.8102844474,-33.1124438461","-70.8102737159,-33.1119207733",180.98451932763126,0.0024599035062979587
1015,"-70.810344882425,-33.11165361565","-70.810363452,-33.1119149602","-70.8103370445,-33.1119153439","-70.8103263129,-33.1113922711","-70.8103527203,-33.1113918874",180.98454025918466,0.0024598996752385033
1016,"-70.810281461575,-33.111654537199996","-70.8102892997,-33.1113928089","-70.810300031,-33.1119158818","-70.8102736234,-33.1119162655","-70.8102628922,-33.1113931926",180.98449756898862,0.0024599089619726146
1017,"-70.81044475544999,-33.1134292734","-70.810463326,-33.1136906179","-70.8104369179,-33.1136910016","-70.810426185,-33.1131679289","-70.8104525929,-33.1131675452",180.98464418803482,0.0024599011872314964
1018,"-70.81038133335,-33.113430195","-70.810389171,-33.1131684668","-70.8103999037,-33.1136915395","-70.8103734956,-33.1136919232","-70.8103627631,-33.1131688505",180.98460169199055,0.002459901160770708
1019,"-70.8104339301,-33.112901692849995","-70.8104525004,-33.1131630373","-70.8104260925,-33.1131634211","-70.8104153599,-33.1126403484","-70.8104417676,-33.1126399646",180.9846230865458,0.002459897524202339
1020,"-70.810370508375,-33.112902614475004","-70.8103783461,-33.1126408862","-70.8103890785,-33.113163959","-70.8103626706,-33.1131643427","-70.8103519383,-33.11264127",180.98458483989242,0.002459902057519283
1021,"-70.8104825491,-33.112179353125","-70.8105011193,-33.1124406976","-70.8104747116,-33.1124410814","-70.810463979,-33.1119180086","-70.8104903865,-33.1119176249",180.9846308396226,0.0024598990238798133
1022,"-70.81041912789999,-33.11218027475","-70.8104269655,-33.1119185465","-70.8104376979,-33.1124416193","-70.8104112902,-33.112442003","-70.810400558,-33.1119189302",180.9845880195022,0.0024598989016365305
1023,"-70.810471724075,-33.1116517725","-70.810490294,-33.111913117","-70.8104638865,-33.1119135008","-70.8104531542,-33.111390428","-70.8104795616,-33.1113900442",180.9846048330927,0.00245989991971449
1024,"-70.810408303225,-33.111652694075","-70.8104161409,-33.1113909658","-70.810426873,-33.1119140386","-70.8104004655,-33.1119144224","-70.8103897335,-33.1113913495",180.9845711674044,0.0024598997974800284
1025,"-70.8105715996,-33.113427430075","-70.8105901705,-33.1136887745","-70.8105637624,-33.1136891583","-70.8105530288,-33.1131660856","-70.8105794367,-33.1131657019",180.98470862286015,0.0024599013352710006
1026,"-70.8105081775,-33.11342835175","-70.8105160148,-33.1131666235","-70.8105267482,-33.1136896962","-70.8105003401,-33.11369008","-70.8104896069,-33.1131670073",180.98466626419764,0.0024599014052529046
1027,"-70.810560773525,-33.11289984955","-70.8105793442,-33.113161194","-70.8105529363,-33.1131615778","-70.8105422029,-33.1126385051","-70.8105686107,-33.1126381213",180.98469177231067,0.0024599022320181997
1028,"-70.81049735182499,-33.112900771225","-70.8105051892,-33.112639043","-70.8105159223,-33.1131621157","-70.8104895144,-33.1131624995","-70.8104787814,-33.1126394267",180.98464895198634,0.0024599021097729255
1029,"-70.81060939150001,-33.11217750985","-70.8106279621,-33.1124388543","-70.8106015543,-33.1124392381","-70.810590821,-33.1119161654","-70.8106172286,-33.1119157816",180.98469527050634,0.0024599084830798984
1030,"-70.81054597030001,-33.1121784315","-70.8105538075,-33.1119167032","-70.8105645407,-33.112439776","-70.810538133,-33.1124401598","-70.8105274,-33.111917087",180.98466174750024,0.002459899146123249
1031,"-70.81069844379999,-33.1134255866","-70.8107170151,-33.113686931","-70.810690607,-33.1136873148","-70.8106798726,-33.1131642422","-70.8107062805,-33.1131638584",180.9847822130877,0.002459901482666894
1032,"-70.8106350217,-33.11342650835","-70.8106428586,-33.1131647801","-70.8106535928,-33.1136878528","-70.8106271847,-33.1136882366","-70.8106164507,-33.1131651639",180.98473952886712,0.0024599014575184017
1033,"-70.81068761695,-33.112898006100004","-70.810706188,-33.1131593505","-70.8106797801,-33.1131597343","-70.810669046,-33.1126366617","-70.8106954537,-33.1126362779",180.9847606514204,0.0024598976274063534
1034,"-70.810624195225,-33.11289892785","-70.8106320322,-33.1126371996","-70.8106427661,-33.1131602723","-70.8106163582,-33.1131606561","-70.8106056244,-33.1126375834",180.9847225415923,0.0024599022584812728
1035,"-70.81073623387499,-33.11217566635","-70.8107548048,-33.1124370108","-70.8107283971,-33.1124373946","-70.810717663,-33.1119143219","-70.8107440706,-33.1119139381",180.98476396284752,0.002459903879119275
1036,"-70.810672812675,-33.11217658815","-70.8106806496,-33.1119148599","-70.8106913834,-33.1124379326","-70.8106649757,-33.1124383164","-70.810654242,-33.1119152437",180.9847214658157,0.0024599038533157733
1037,"-70.81082528795001,-33.113423743","-70.8108438596,-33.1136850874","-70.8108174515,-33.1136854712","-70.8108067164,-33.1131623986","-70.8108331243,-33.1131620148",180.98484632402185,0.002459901534931132
1038,"-70.81076186587501,-33.1134246648","-70.8107697024,-33.1131629366","-70.8107804373,-33.1136860092","-70.8107540293,-33.113686393","-70.8107432945,-33.1131633204",180.98480840826522,0.002459896852304343
1039,"-70.810814460375,-33.112896162575","-70.8108330318,-33.113157507","-70.8108066239,-33.1131578908","-70.810795889,-33.1126348182","-70.8108222968,-33.1126344343",180.9848294742827,0.0024599024310367154
1040,"-70.81075103865,-33.112897084375","-70.8107588752,-33.1126353561","-70.8107696099,-33.1131584288","-70.810743202,-33.1131588126","-70.8107324675,-33.11263574",180.98479155862967,0.002459897749678459
1041,"-70.81086307622499,-33.112173822825","-70.8108816476,-33.1124351672","-70.8108552398,-33.1124355511","-70.810844505,-33.1119124784","-70.8108709125,-33.1119120946",180.9848375552743,0.0024599040265042586
1042,"-70.81079965504999,-33.112174744624994","-70.8108074915,-33.1119130164","-70.8108182262,-33.112436089","-70.8107918185,-33.1124364729","-70.810781084,-33.1119134002",180.9847996382397,0.00245989934579782
1043,"-70.81096296077502,-33.113949479625006","-70.810981533,-33.1142108239","-70.8109551248,-33.1142112078","-70.8109443886,-33.1136881353","-70.8109707967,-33.1136877515",180.98493708884953,0.0024599008817024785
1044,"-70.8108995383,-33.1139504015","-70.8109073744,-33.1136886733","-70.8109181104,-33.1142117458","-70.8108917021,-33.1142121297","-70.8108809663,-33.1136890572",180.98489930207435,0.0024599056085039483
1045,"-70.810952132075,-33.113421899275","-70.8109707041,-33.1136832436","-70.810944296,-33.1136836275","-70.8109335601,-33.1131605549","-70.8109599681,-33.1131601711",180.98491533444252,0.002459906338540406
1046,"-70.81088871005,-33.113422821175","-70.8108965462,-33.113161093","-70.8109072819,-33.1136841655","-70.8108808738,-33.1136845494","-70.8108701383,-33.1131614768",180.98487741652394,0.0024599016565446177
1047,"-70.81094130375,-33.112894318875","-70.8109598756,-33.1131556632","-70.8109334676,-33.1131560471","-70.810922732,-33.1126329745","-70.8109491398,-33.1126325907",180.98489834740786,0.0024599071401596208
1048,"-70.81087788205,-33.11289524075","-70.8108857183,-33.1126335125","-70.8108964537,-33.1131565851","-70.8108700457,-33.113156969","-70.8108593105,-33.1126338964",180.98485598629765,0.002459907209499619
1049,"-70.8109899186,-33.112171979125","-70.8110084903,-33.1124333235","-70.8109820826,-33.1124337074","-70.810971347,-33.1119106347","-70.8109977545,-33.1119102509",180.98490624698718,0.002459899421887621
1050,"-70.8109264974,-33.112172900975004","-70.8109343335,-33.1119111727","-70.8109450689,-33.1124342454","-70.8109186612,-33.1124346292","-70.810907926,-33.1119115566",180.98486374856682,0.0024598993967446057
1051,"-70.81108980565,-33.11394763575","-70.8111083783,-33.11420898","-70.81108197,-33.1142093639","-70.8110712331,-33.1136862915","-70.8110976412,-33.1136859076",180.98500609890465,0.00245990568659121
1052,"-70.811026383175,-33.1139485577","-70.8110342189,-33.1136868295","-70.8110449556,-33.114209902","-70.8110185474,-33.1142102859","-70.8110078108,-33.1136872134",180.9849679925917,0.0024599010039878027
1053,"-70.81107897625,-33.1134200554","-70.8110975487,-33.1136813997","-70.8110711406,-33.1136817836","-70.8110604039,-33.1131587111","-70.8110868118,-33.1131583272",180.9849935062748,0.002459901830439137
1054,"-70.811015554175,-33.113420977375","-70.81102339,-33.1131592492","-70.8110341264,-33.1136823217","-70.8110077183,-33.1136827056","-70.810996982,-33.113159633",180.98494610151153,0.0024599063643479606
1055,"-70.81106814712498,-33.112892475075","-70.8110867193,-33.1131538194","-70.8110603114,-33.1131542033","-70.811049575,-33.1126311307","-70.8110759828,-33.1126307469",180.98496703800114,0.0024599025349237823
1056,"-70.81100472542501,-33.112893396975","-70.8110125613,-33.1126316688","-70.8110232974,-33.1131547413","-70.8109968895,-33.1131551252","-70.8109861535,-33.1126320526",180.98492454106588,0.002459902509116788
1057,"-70.811116760925,-33.112170135275","-70.811135333,-33.1124314796","-70.8111089253,-33.1124318635","-70.8110981889,-33.1119087909","-70.8111245965,-33.1119084071",180.98497512127815,0.00245990412975615
1058,"-70.81105333972499,-33.112171057225","-70.8110611755,-33.111909329","-70.8110719116,-33.1124324016","-70.8110455039,-33.1124327855","-70.8110347679,-33.1119097128",180.9849324344321,0.0024599041046032763
1059,"-70.811216650525,-33.11394579175","-70.8112352235,-33.114207136","-70.8112088153,-33.1142075199","-70.8111980776,-33.1136844475","-70.8112244857,-33.1136840636",180.98507478985434,0.002459901081418845
1060,"-70.8111532281,-33.113946713749996","-70.8111610634,-33.1136849856","-70.8111718009,-33.114208058","-70.8111453927,-33.1142084419","-70.8111346554,-33.1136853695",180.9850368727824,0.002459896399434225
1061,"-70.8112058204,-33.113418211449996","-70.8112243932,-33.1136795557","-70.8111979851,-33.1136799396","-70.8111872477,-33.1131568672","-70.8112136556,-33.1131564833",180.98505780397298,0.002459901882706301
1062,"-70.8111423983,-33.11341913345","-70.8111502337,-33.1131574053","-70.8111609709,-33.1136804777","-70.8111345628,-33.1136808616","-70.8111238258,-33.1131577892",180.98501530607365,0.0024599018569097125
1063,"-70.8111949905,-33.1128906311","-70.8112135631,-33.1131519754","-70.8111871551,-33.1131523593","-70.811176418,-33.1126292868","-70.8112028258,-33.1126289029",180.98503604941305,0.0024599073385390287
1064,"-70.811131568825,-33.1128915531","-70.8111394043,-33.1126298249","-70.8111501412,-33.1131528974","-70.8111237333,-33.1131532813","-70.8111129965,-33.1126302088",180.984998131898,0.002459902657202559
1065,"-70.8113434954,-33.113943947575","-70.8113620688,-33.1142052918","-70.8113356605,-33.1142056757","-70.8113249221,-33.1136826034","-70.8113513302,-33.1136822194",180.98514379933627,0.0024599058850110966
1066,"-70.811280072975,-33.11394486965","-70.8112879079,-33.1136831415","-70.8112986462,-33.1142062139","-70.8112722379,-33.1142065978","-70.8112614999,-33.1136835254",180.98510555624514,0.0024599011072047343
1067,"-70.811332664475,-33.11341636735","-70.8113512376,-33.1136777116","-70.8113248296,-33.1136780955","-70.8113140914,-33.1131550231","-70.8113404993,-33.1131546392",180.98512649482598,0.002459897277521263
1068,"-70.811269242425,-33.1134172894","-70.8112770775,-33.1131555612","-70.8112878154,-33.1136786337","-70.8112614073,-33.1136790176","-70.8112506695,-33.1131559451",180.98508380191413,0.00245990656405135
1069,"-70.81132183387501,-33.112888787025","-70.8113404068,-33.1131501313","-70.8113139989,-33.1131505152","-70.811303261,-33.1126274428","-70.8113296688,-33.1126270588",180.98510506569997,0.002459902830453455
1070,"-70.81125841217501,-33.1128897091","-70.8112662473,-33.1126279809","-70.8112769849,-33.1131510534","-70.811250577,-33.1131514373","-70.8112398395,-33.1126283648",180.98506224226276,0.002459902708815286
1071,"-70.811470340275,-33.113942103275","-70.811488914,-33.1142034475","-70.8114625058,-33.1142038314","-70.8114517666,-33.1136807591","-70.8114781747,-33.1136803751",180.9852124897302,0.002459901281156547
1072,"-70.81140691785001,-33.11394302545","-70.8114147524,-33.1136812973","-70.8114254914,-33.1142043696","-70.8113990832,-33.1142047536","-70.8113883444,-33.1136816813",180.98517489699424,0.002459896695682847
1073,"-70.8114595086,-33.113414523100005","-70.8114780821,-33.1136758673","-70.8114516741,-33.1136762513","-70.8114409351,-33.1131531789","-70.8114673431,-33.1131527949",180.9851956418257,0.0024599021789749155
1074,"-70.81139608654999,-33.113415445224994","-70.8114039212,-33.1131537171","-70.8114146599,-33.1136767894","-70.8113882518,-33.1136771734","-70.8113775133,-33.113154101",180.9851530059331,0.0024599020559835537
1075,"-70.8114486772,-33.112886942825","-70.8114672505,-33.1131482871","-70.8114408426,-33.113148671","-70.811430104,-33.1126255986","-70.8114565117,-33.1126252146",180.98517375806935,0.0024598982265244037
1076,"-70.81138525555,-33.112887864975","-70.8113930903,-33.1126261368","-70.8114038287,-33.1131492092","-70.8113774207,-33.1131495932","-70.8113666825,-33.1126265207",180.985131252148,0.002459907513114661
1077,"-70.811597185125,-33.11394025885","-70.8116157592,-33.114201603","-70.811589351,-33.114201987","-70.8115786111,-33.1136789147","-70.8116050192,-33.1136785307",180.98527692491422,0.002459901429298852
1078,"-70.811533762675,-33.113941181125","-70.8115415969,-33.113679453","-70.8115523366,-33.1142025253","-70.8115259284,-33.1142029093","-70.8115151888,-33.1136798369",180.9852432558313,0.0024599013069717644
1079,"-70.81158635269999,-33.113412678725","-70.8116049266,-33.1136740229","-70.8115785185,-33.1136744069","-70.8115677789,-33.1131513345","-70.8115941868,-33.1131509506",180.9852596157278,0.0024599021334353027
1080,"-70.81152293065,-33.113413600925","-70.8115307649,-33.1131518728","-70.8115415044,-33.1136749451","-70.8115150963,-33.1136753291","-70.811504357,-33.1131522567",180.9852262718075,0.0024599021076056942
1081,"-70.81172402995,-33.11393841435","-70.8117426045,-33.1141997585","-70.8117161962,-33.1142001425","-70.8117054555,-33.1136770702","-70.8117318636,-33.1136766862",180.9853547645793,0.0024599061370600534
1082,"-70.81166060755001,-33.113939336650006","-70.8116684414,-33.1136776085","-70.8116791819,-33.1142006808","-70.8116527736,-33.1142010648","-70.8116420333,-33.1136779925",180.98531226494094,0.0024599061112408
1083,"-70.8117131968,-33.11341083425","-70.8117317711,-33.1136721784","-70.811705363,-33.1136725624","-70.8116946226,-33.1131494901","-70.8117210305,-33.1131491061",180.98533320599395,0.0024599022815504955
1084,"-70.811649774725,-33.113411756475","-70.8116576086,-33.1131500283","-70.8116683488,-33.1136731006","-70.8116419408,-33.1136734847","-70.8116312007,-33.1131504123",180.98529542448443,0.002459897696100748
1085,"-70.8118508748,-33.1139365697","-70.8118694497,-33.1141979138","-70.8118430414,-33.1141982978","-70.8118323,-33.1136752256","-70.8118587081,-33.1136748416",180.9854190620495,0.002459906188699958
1086,"-70.811787452375,-33.113937492025","-70.8117952858,-33.1136757639","-70.8118060271,-33.1141988361","-70.8117796188,-33.1141992202","-70.8117688778,-33.1136761479",180.9853812800988,0.0024599016032396184
1087,"-70.81184004085,-33.113408989599996","-70.8118586155,-33.1136703337","-70.8118322074,-33.1136707178","-70.8118214663,-33.1131476455","-70.8118478742,-33.1131472614",180.98539777982427,0.002459902526229401
1088,"-70.8117766188,-33.11340991195","-70.8117844523,-33.1131481838","-70.8117951933,-33.1136712561","-70.8117687852,-33.1136716401","-70.8117580444,-33.1131485678",180.9853639718038,0.002459902308044575
1089,"-70.81197771960001,-33.113934724875","-70.8119962949,-33.1141960689","-70.8119698866,-33.114196453","-70.8119591444,-33.1136733808","-70.8119855525,-33.1136729968",180.98549265311834,0.0024599063368645883
1090,"-70.8119142972,-33.113935647299996","-70.8119221303,-33.1136739192","-70.8119328723,-33.1141969914","-70.811906464,-33.1141973754","-70.8118957222,-33.1136743032",180.9854498269608,0.0024599062145288664
1091,"-70.811966884925,-33.11340714485","-70.8119854599,-33.1136684889","-70.8119590519,-33.113668873","-70.81194831,-33.1131458008","-70.8119747179,-33.1131454167",180.98546665870958,0.002459897921717597
1092,"-70.81190346287501,-33.113408067224995","-70.811911296,-33.1131463391","-70.8119220377,-33.1136694113","-70.8118956297,-33.1136697954","-70.8118848881,-33.1131467231",180.98543298789252,0.0024598978000383905
1093,"-70.8121045644,-33.113932879974996","-70.81212314,-33.114194224","-70.8120967318,-33.1141946081","-70.8120859889,-33.113671536","-70.8121123969,-33.1136711518",180.98555723201767,0.002459897269939277
1094,"-70.812041142,-33.11393380245","-70.8120489747,-33.1136720743","-70.8120597174,-33.1141951465","-70.8120333092,-33.1141955306","-70.8120225667,-33.1136724584",180.98551440664517,0.0024598971475766136
1095,"-70.81223140922499,-33.113931034925","-70.8122499852,-33.1141923789","-70.812223577,-33.1141927631","-70.8122128333,-33.1136696909","-70.8122392414,-33.1136693068",180.98562591644708,0.0024599019770885425
1096,"-70.81216798682499,-33.113931957475","-70.8121758192,-33.1136702293","-70.8121865626,-33.1141933015","-70.8121601544,-33.1141936856","-70.8121494111,-33.1136706135",180.9855834151988,0.002459901951262138
1097,"-70.812358254,-33.11392918975","-70.8123768304,-33.1141905337","-70.8123504221,-33.1141909179","-70.8123396777,-33.1136678458","-70.8123660858,-33.1136674616",180.98569492660965,0.0024599067814203407
1098,"-70.812294831625,-33.113930112350005","-70.8123026636,-33.1136683842","-70.8123134078,-33.1141914563","-70.8122869996,-33.1141918405","-70.8122762555,-33.1136687684",180.98565700585584,0.002459902099460542
1099,"-70.812485098775,-33.11392734445","-70.8125036755,-33.1141886884","-70.8124772673,-33.1141890726","-70.8124665221,-33.1136660005","-70.8124929302,-33.1136656163",180.98576361704167,0.0024599021769461165
1100,"-70.812421676375,-33.1139282671","-70.812429508,-33.113666539","-70.8124402529,-33.114189611","-70.8124138447,-33.1141899952","-70.8124030999,-33.1136669232",180.98572130306235,0.0024599021511171257
1101,"-70.8126119435,-33.113925499","-70.8126305206,-33.1141868429","-70.8126041124,-33.1141872271","-70.8125933665,-33.1136641551","-70.8126197745,-33.1136637709",180.98583249618312,0.002459897573109839
1102,"-70.81254852117499,-33.1139264217","-70.8125563524,-33.1136646936","-70.8125670981,-33.1141877656","-70.8125406899,-33.1141881498","-70.8125299443,-33.1136650778",180.98579456861046,0.0024599022027779064
1103,"-70.79830280534999,-33.110050897725","-70.7983213388,-33.1103122454","-70.7982949315,-33.1103126265","-70.798284272,-33.1097895501","-70.7983106791,-33.1097891689",180.97794265434806,0.0024599163540657736
1104,"-70.798239385275,-33.1100518131","-70.7982472592,-33.1097900843","-70.7982579185,-33.1103131608","-70.7982315113,-33.1103135419","-70.7982208521,-33.1097904654",180.9779044538712,0.0024599115763177986
1105,"-70.798292053975,-33.109523313349996","-70.7983105872,-33.109784661","-70.7982841801,-33.1097850422","-70.7982735208,-33.1092619657","-70.7982999278,-33.1092615845",180.9779257624252,0.002459917249286472
1106,"-70.79822863425,-33.1095242287","-70.7982365082,-33.1092624999","-70.7982471673,-33.1097855764","-70.7982207602,-33.1097859575","-70.7982101013,-33.109262881",180.97788742412376,0.0024599123756798603
1107,"-70.798175965175,-33.11005272840001","-70.7981944982,-33.1103140761","-70.798168091,-33.1103144572","-70.7981574322,-33.1097913807","-70.7981838393,-33.1097909996",180.9778736430503,0.0024599115513530214
1108,"-70.798112545025,-33.1100536437","-70.7981204193,-33.1097919149","-70.7981310779,-33.1103149914","-70.7981046707,-33.1103153725","-70.7980940122,-33.109792296",180.97784034187595,0.0024599115257333583
1109,"-70.79816521455001,-33.109525144","-70.7981837474,-33.1097864917","-70.7981573403,-33.1097868728","-70.7981466818,-33.1092637963","-70.7981730887,-33.1092634152",180.97785661286326,0.0024599123493989974
1110,"-70.798101794825,-33.109526059299995","-70.7981096692,-33.1092643305","-70.7981203275,-33.109787407","-70.7980939204,-33.1097877881","-70.7980832622,-33.1092647116",180.9778187318534,0.002459916980184437
1111,"-70.79804912495,-33.11005455897501","-70.7980676577,-33.1103159067","-70.7980412504,-33.1103162878","-70.7980305923,-33.1097932112","-70.7980569994,-33.1097928302",180.97781378145908,0.002459916060704415
1112,"-70.79798570484999,-33.110055474199996","-70.7979935795,-33.1097937454","-70.7980042374,-33.1103168219","-70.7979778301,-33.110317203","-70.7979671724,-33.1097941265",180.97777164828415,0.002459916130190741
1113,"-70.7980383751,-33.10952697455","-70.7980569076,-33.1097883223","-70.7980305005,-33.1097887034","-70.7980198427,-33.1092656268","-70.7980462496,-33.1092652457",180.9777923136043,0.002459912298162079
1114,"-70.797974955375,-33.10952788975","-70.7979828301,-33.1092661609","-70.7979934877,-33.1097892375","-70.7979670806,-33.1097896186","-70.7979564231,-33.109266542",180.9777544317818,0.002459916928281707
1115,"-70.79792228475,-33.110056389375","-70.7979408171,-33.1103177371","-70.7979144098,-33.1103181182","-70.7979037525,-33.1097950416","-70.7979301596,-33.1097946606",180.97774051289866,0.0024599160088088763
1116,"-70.79785886465001,-33.11005730455","-70.7978667397,-33.1097955757","-70.7978773968,-33.1103186523","-70.7978509895,-33.1103190334","-70.7978403326,-33.1097959568",180.9776981964891,0.0024599160789583016
1117,"-70.798280751725,-33.10896868165","-70.7982992847,-33.1092300294","-70.7982728778,-33.1092304105","-70.7982622188,-33.1087073339","-70.7982886256,-33.1087069528",180.97790380700957,0.002459913954695865
1118,"-70.7982173324,-33.108969596975","-70.7982252064,-33.1087078681","-70.7982358652,-33.1092309447","-70.7982094583,-33.1092313258","-70.7981987997,-33.1087082493",180.97786625598775,0.0024599093697636985
1119,"-70.80490147257501,-33.112260331224995","-70.8049200263,-33.1125216771","-70.8048936185,-33.1125220597","-70.8048829189,-33.1119989853","-70.8049093266,-33.1119986028",180.9815953954254,0.0024599084134942556
1120,"-70.80483805115,-33.11226125","-70.8048459053,-33.1119995215","-70.8048566047,-33.1125225959","-70.8048301969,-33.1125229785","-70.8048194977,-33.1119999041",180.98155763644513,0.002459903828987171
1121,"-70.803114889725,-33.11175846185","-70.803133438,-33.1120198082","-70.8031070303,-33.1120201904","-70.8030963415,-33.1114971155","-70.8031227491,-33.1114967333",180.98060951280485,0.002459912478192932
1122,"-70.8030514686,-33.111759379675","-70.8030593281,-33.1114976511","-70.8030700167,-33.1120207261","-70.803043609,-33.1120211082","-70.8030329206,-33.1114980333",180.9805712968883,0.0024599077001764514
1123,"-70.7995417817,-33.11075464395","-70.7995603191,-33.1110159913","-70.7995339116,-33.1110163727","-70.7995232444,-33.1104932966","-70.7995496517,-33.1104929152",180.9786416502551,0.00245991576007076
1124,"-70.79947836112501,-33.11075555995","-70.7994862313,-33.1104938312","-70.7994968983,-33.1110169073","-70.7994704909,-33.1110172887","-70.799459824,-33.1104942126",180.97860377181553,0.0024599110781201587
1125,"-70.80941918225,-33.112916434599995","-70.8094377496,-33.1131777793","-70.8094113416,-33.1131781629","-70.809400615,-33.1126550899","-70.8094270228,-33.1126547063",180.98407208527146,0.002459906037552958
1126,"-70.809355760475,-33.112917355675","-70.8093636012,-33.1126556274","-70.8093743276,-33.1131787004","-70.8093479197,-33.113179084","-70.8093371934,-33.1126560109",180.98403384850215,0.0024599012598482944
1127,"-70.80954602575,-33.112914592325","-70.8095645935,-33.113175937","-70.8095381855,-33.1131763206","-70.8095274581,-33.1126532476","-70.8095538659,-33.1126528641",180.9841452141433,0.002459905992730057
1128,"-70.809482604025,-33.1129155135","-70.8094904444,-33.1126537852","-70.8095011715,-33.1131768582","-70.8094747636,-33.1131772418","-70.8094640366,-33.1126541688",180.98409828324876,0.0024599014078111733
1129,"-70.8077864297,-33.11063528855","-70.8078049914,-33.1108966338","-70.8077785841,-33.110897017","-70.8077678681,-33.1103739433","-70.8077942752,-33.1103735601",180.98312389475817,0.002459903934469032
1130,"-70.80772300952499,-33.11063620875","-70.8077308553,-33.1103744803","-70.807741571,-33.110897554","-70.8077151637,-33.1108979372","-70.8077044481,-33.1103748635",180.98307682619895,0.0024599085650567638
1131,"-70.80791327005,-33.11063344805","-70.8079318321,-33.1108947933","-70.8079054248,-33.1108951765","-70.8078947081,-33.1103721028","-70.8079211152,-33.1103717196",180.98318800647843,0.002459903986654824
1132,"-70.80784984990001,-33.110634368325","-70.8078576952,-33.1103726399","-70.8078684118,-33.1108957136","-70.8078420045,-33.1108960967","-70.8078312881,-33.1103730231",180.98315453743476,0.0024599038639469078
1133,"-70.80804011045,-33.1106316074","-70.8080586729,-33.1108929526","-70.8080322656,-33.1108933358","-70.8080215481,-33.1103702622","-70.8080479552,-33.110369879",180.98326146373427,0.002459904037521424
1134,"-70.80797669025,-33.11063252775","-70.8079845352,-33.1103707993","-70.8079952525,-33.110893873","-70.8079688452,-33.1108942562","-70.8079581281,-33.1103711825",180.98321878665638,0.0024599040130765396
1135,"-70.80588382295,-33.110662880475004","-70.805902379,-33.1109242262","-70.8058759717,-33.110924609","-70.805865267,-33.1104015347","-70.8058916741,-33.110401152",180.98208585576265,0.002459902295930512
1136,"-70.80582040270001,-33.110663799724996","-70.8058282541,-33.1104020712","-70.8058389586,-33.1109251455","-70.8058125512,-33.1109255282","-70.8058018469,-33.110402454",180.9820433679276,0.002459911583510565
1137,"-70.805756982425,-33.1106647189","-70.8057755381,-33.1109260647","-70.8057491308,-33.1109264474","-70.8057384268,-33.1104033731","-70.805764834,-33.1104029904",180.98201683648028,0.0024599068046096007
1138,"-70.80569356212499,-33.1106656381","-70.8057014139,-33.1104039096","-70.8057121176,-33.1109269839","-70.8056857103,-33.1109273666","-70.8056750067,-33.1104042923",180.9819743568135,0.0024599067788802836
1139,"-70.80563014185,-33.1106665572","-70.8056486972,-33.110927903","-70.8056222898,-33.1109282857","-70.8056115866,-33.1104052114","-70.8056379938,-33.1104048287",180.98194814383373,0.0024599114101329024
1140,"-70.80556672157499,-33.110667476299994","-70.8055745737,-33.1104057478","-70.8055852767,-33.1109288221","-70.8055588694,-33.1109292048","-70.8055481665,-33.1104061305",180.98191024503097,0.0024599067274340795
1141,"-70.805503301275,-33.1106683954","-70.8055218562,-33.1109297412","-70.8054954489,-33.1109301239","-70.8054847464,-33.1104070496","-70.8055111536,-33.1104066669",180.98187945826515,0.0024599067017007253
1142,"-70.805439881,-33.110669314424996","-70.8054477335,-33.1104075859","-70.8054584358,-33.1109306603","-70.8054320284,-33.1109310429","-70.8054213263,-33.1104079686",180.9818412273577,0.0024599112361258137
1143,"-70.8031227242,-33.109981236125","-70.8031412719,-33.1102425826","-70.8031148647,-33.1102429647","-70.8031041766,-33.1097198897","-70.8031305836,-33.1097195075",180.9805692860865,0.0024599109094994367
1144,"-70.8030593043,-33.109982153925","-70.8030671639,-33.1097204253","-70.8030778518,-33.1102435004","-70.8030514446,-33.1102438825","-70.8030407569,-33.1097208075",180.9805268131738,0.0024599108838099125
1145,"-70.802995884425,-33.1099830717","-70.8030144317,-33.1102444182","-70.8029880246,-33.1102448003","-70.8029773372,-33.1097217252","-70.8030037442,-33.1097213431",180.98050027314798,0.0024599061063982886
1146,"-70.80293246455,-33.109983989425004","-70.8029403245,-33.1097222608","-70.8029510117,-33.1102453359","-70.8029246045,-33.1102457181","-70.8029139175,-33.1097226429",180.98046251394362,0.002459910832447152
1147,"-70.80286904465,-33.10998490715","-70.8028875916,-33.1102462537","-70.8028611844,-33.1102466358","-70.8028504978,-33.1097235606","-70.8028769048,-33.1097231785",180.98043139296783,0.0024599107113792767
1148,"-70.80280562475001,-33.10998582485","-70.8028134851,-33.1097240962","-70.8028241715,-33.1102471714","-70.8027977643,-33.1102475535","-70.8027870781,-33.1097244783",180.98038892145246,0.0024599106863542426
1149,"-70.802742204875,-33.109986742475","-70.8027607514,-33.110248089","-70.8027343443,-33.1102484711","-70.8027236584,-33.1097253959","-70.8027500654,-33.1097250139",180.98036256882375,0.0024599059076350913
1150,"-70.80267878500001,-33.1099876601","-70.8026866457,-33.1097259315","-70.8026973314,-33.1102490067","-70.8026709242,-33.1102493887","-70.8026602387,-33.1097263135",180.98032434644392,0.0024599104422754377
1151,"-70.800078566825,-33.110025254600004","-70.8000971055,-33.1102866018","-70.8000706983,-33.1102869833","-70.8000600282,-33.1097639074","-70.8000864353,-33.1097635259",180.97891154322102,0.002459913086978423
1152,"-70.80001514682499,-33.110026170850006","-70.8000230155,-33.1097644421","-70.8000336853,-33.1102875181","-70.8000072781,-33.1102878996","-70.7999966084,-33.1097648236",180.97886889404248,0.0024599130613321913
1153,"-70.8090494686,-33.113449541600005","-70.809068035,-33.1137108864","-70.8090416269,-33.1137112699","-70.8090309023,-33.1131881968","-70.8090573102,-33.1131878133",180.9838823660596,0.0024599002342254117
1154,"-70.80898604645,-33.1134504625","-70.8089938883,-33.1131887342","-70.8090046127,-33.1137118073","-70.8089782045,-33.1137121908","-70.8089674803,-33.1131891177",180.98383986859136,0.0024599095201322026
1155,"-70.810836115825,-33.113951323375","-70.8108546877,-33.1142126677","-70.8108282795,-33.1142130516","-70.810817544,-33.113689979","-70.8108439521,-33.1136895952",180.98487279090105,0.0024599008300878423
1156,"-70.8107726934,-33.11395224522499","-70.8107805299,-33.113690517","-70.8107912651,-33.1142135896","-70.8107648568,-33.1142139734","-70.8107541218,-33.1136909009",180.9848257126617,0.0024599054597517957
