<?xml version="1.0" encoding="UTF-8"?>
<kml xmlns="http://www.opengis.net/kml/2.2" xmlns:gx="http://www.google.com/kml/ext/2.2" xmlns:globalmapper="http://www.bluemarblegeo.com/globalmapper">
<Document>
  <!-- Begin Style Definitions -->
  <Style id="area1">
    <LineStyle>
      <color>FF004F3B</color>
      <width>1</width>
    </LineStyle>
    <PolyStyle>
      <color>BF000000</color>
      <fill>0</fill>
      <outline>1</outline>
    </PolyStyle>
    <IconStyle><Icon></Icon></IconStyle>
  </Style>
  <Style id="area2">
    <LineStyle>
      <color>FF808080</color>
      <width>1</width>
    </LineStyle>
    <PolyStyle>
      <color>BF000000</color>
      <fill>0</fill>
      <outline>1</outline>
    </PolyStyle>
    <IconStyle><Icon></Icon></IconStyle>
  </Style>
  <Style id="area3">
    <LineStyle>
      <color>FF000000</color>
      <width>1</width>
    </LineStyle>
    <PolyStyle>
      <color>BF000000</color>
      <fill>0</fill>
      <outline>1</outline>
    </PolyStyle>
    <IconStyle><Icon></Icon></IconStyle>
  </Style>
  <Style id="area4">
    <LineStyle>
      <color>FF0000FF</color>
      <width>1</width>
    </LineStyle>
    <PolyStyle>
      <color>BF000000</color>
      <fill>0</fill>
      <outline>1</outline>
    </PolyStyle>
    <IconStyle><Icon></Icon></IconStyle>
  </Style>
  <Style id="area5">
    <LineStyle>
      <color>FF818100</color>
      <width>1</width>
    </LineStyle>
    <PolyStyle>
      <color>BF000000</color>
      <fill>0</fill>
      <outline>1</outline>
    </PolyStyle>
    <IconStyle><Icon></Icon></IconStyle>
  </Style>
  <Folder>
    <name>Area Features</name>
    <description>Area Features</description>
    <Placemark>
      <description><![CDATA[LIMITES_TRACKER<BR><BR><B>ELEVATION</B> = 0]]></description>
      <styleUrl>#area1</styleUrl>
      <Polygon>
        <altitudeMode>relativeToGround</altitudeMode>
        <extrude>1</extrude>
        <outerBoundaryIs>
          <LinearRing>
            <coordinates>
              -70.7984481794,-33.1103104145,0
              -70.7984217721,-33.1103107957,0
              -70.7984111118,-33.1097877193,0
              -70.7984375189,-33.1097873381,0
              -70.7984481794,-33.1103104145,0
            </coordinates>
          </LinearRing>
        </outerBoundaryIs>
      </Polygon>
    </Placemark>
    <Placemark>
      <description><![CDATA[LIMITES_TRACKER<BR><BR><B>ELEVATION</B> = 0]]></description>
      <styleUrl>#area1</styleUrl>
      <Polygon>
        <altitudeMode>relativeToGround</altitudeMode>
        <extrude>1</extrude>
        <outerBoundaryIs>
          <LinearRing>
            <coordinates>
              -70.7983740990,-33.1097882535,0
              -70.7983847591,-33.1103113300,0
              -70.7983583518,-33.1103117111,0
              -70.7983476919,-33.1097886347,0
              -70.7983740990,-33.1097882535,0
            </coordinates>
          </LinearRing>
        </outerBoundaryIs>
      </Polygon>
    </Placemark>
    <Placemark>
      <description><![CDATA[LIMITES_TRACKER<BR><BR><B>ELEVATION</B> = 0]]></description>
      <styleUrl>#area2</styleUrl>
      <Polygon>
        <altitudeMode>relativeToGround</altitudeMode>
        <extrude>1</extrude>
        <outerBoundaryIs>
          <LinearRing>
            <coordinates>
              -70.7984374270,-33.1097828302,0
              -70.7984110199,-33.1097832114,0
              -70.7984003599,-33.1092601349,0
              -70.7984267668,-33.1092597538,0
              -70.7984374270,-33.1097828302,0
            </coordinates>
          </LinearRing>
        </outerBoundaryIs>
      </Polygon>
    </Placemark>
    <Placemark>
      <description><![CDATA[LIMITES_TRACKER<BR><BR><B>ELEVATION</B> = 0]]></description>
      <styleUrl>#area2</styleUrl>
      <Polygon>
        <altitudeMode>relativeToGround</altitudeMode>
        <extrude>1</extrude>
        <outerBoundaryIs>
          <LinearRing>
            <coordinates>
              -70.7983633473,-33.1092606692,0
              -70.7983740071,-33.1097837457,0
              -70.7983476000,-33.1097841268,0
              -70.7983369403,-33.1092610503,0
              -70.7983633473,-33.1092606692,0
            </coordinates>
          </LinearRing>
        </outerBoundaryIs>
      </Polygon>
    </Placemark>
    <Placemark>
      <description><![CDATA[LIMITES_TRACKER<BR><BR><B>ELEVATION</B> = 0]]></description>
      <styleUrl>#area3</styleUrl>
      <Polygon>
        <altitudeMode>relativeToGround</altitudeMode>
        <extrude>1</extrude>
        <outerBoundaryIs>
          <LinearRing>
            <coordinates>
              -70.7984261237,-33.1092281986,0
              -70.7983997168,-33.1092285798,0
              -70.7983890571,-33.1087055032,0
              -70.7984154638,-33.1087051221,0
              -70.7984261237,-33.1092281986,0
            </coordinates>
          </LinearRing>
        </outerBoundaryIs>
      </Polygon>
    </Placemark>
    <Placemark>
      <description><![CDATA[LIMITES_TRACKER<BR><BR><B>ELEVATION</B> = 0]]></description>
      <styleUrl>#area3</styleUrl>
      <Polygon>
        <altitudeMode>relativeToGround</altitudeMode>
        <extrude>1</extrude>
        <outerBoundaryIs>
          <LinearRing>
            <coordinates>
              -70.7983520447,-33.1087060375,0
              -70.7983627042,-33.1092291140,0
              -70.7983362973,-33.1092294952,0
              -70.7983256379,-33.1087064186,0
              -70.7983520447,-33.1087060375,0
            </coordinates>
          </LinearRing>
        </outerBoundaryIs>
      </Polygon>
    </Placemark>
    <Placemark>
      <description><![CDATA[LIMITES_TRACKER<BR><BR><B>ELEVATION</B> = 0]]></description>
      <styleUrl>#area4</styleUrl>
      <Polygon>
        <altitudeMode>relativeToGround</altitudeMode>
        <extrude>1</extrude>
        <outerBoundaryIs>
          <LinearRing>
            <coordinates>
              -70.7984153720,-33.1087006142,0
              -70.7983889652,-33.1087009954,0
              -70.7983783057,-33.1081779188,0
              -70.7984047123,-33.1081775376,0
              -70.7984153720,-33.1087006142,0
            </coordinates>
          </LinearRing>
        </outerBoundaryIs>
      </Polygon>
    </Placemark>
    <Placemark>
      <description><![CDATA[LIMITES_TRACKER<BR><BR><B>ELEVATION</B> = 0]]></description>
      <styleUrl>#area4</styleUrl>
      <Polygon>
        <altitudeMode>relativeToGround</altitudeMode>
        <extrude>1</extrude>
        <outerBoundaryIs>
          <LinearRing>
            <coordinates>
              -70.7983412936,-33.1081784530,0
              -70.7983519528,-33.1087015296,0
              -70.7983255461,-33.1087019107,0
              -70.7983148870,-33.1081788341,0
              -70.7983412936,-33.1081784530,0
            </coordinates>
          </LinearRing>
        </outerBoundaryIs>
      </Polygon>
    </Placemark>
    <Placemark>
      <description><![CDATA[LIMITES_TRACKER<BR><BR><B>ELEVATION</B> = 0]]></description>
      <styleUrl>#area1</styleUrl>
      <Polygon>
        <altitudeMode>relativeToGround</altitudeMode>
        <extrude>1</extrude>
        <outerBoundaryIs>
          <LinearRing>
            <coordinates>
              -70.7985750199,-33.1103085836,0
              -70.7985486126,-33.1103089648,0
              -70.7985379516,-33.1097858884,0
              -70.7985643587,-33.1097855072,0
              -70.7985750199,-33.1103085836,0
            </coordinates>
          </LinearRing>
        </outerBoundaryIs>
      </Polygon>
    </Placemark>
    <Placemark>
      <description><![CDATA[LIMITES_TRACKER<BR><BR><B>ELEVATION</B> = 0]]></description>
      <styleUrl>#area1</styleUrl>
      <Polygon>
        <altitudeMode>relativeToGround</altitudeMode>
        <extrude>1</extrude>
        <outerBoundaryIs>
          <LinearRing>
            <coordinates>
              -70.7985009388,-33.1097864227,0
              -70.7985115996,-33.1103094991,0
              -70.7984851924,-33.1103098803,0
              -70.7984745317,-33.1097868038,0
              -70.7985009388,-33.1097864227,0
            </coordinates>
          </LinearRing>
        </outerBoundaryIs>
      </Polygon>
    </Placemark>
    <Placemark>
      <description><![CDATA[LIMITES_TRACKER<BR><BR><B>ELEVATION</B> = 0]]></description>
      <styleUrl>#area2</styleUrl>
      <Polygon>
        <altitudeMode>relativeToGround</altitudeMode>
        <extrude>1</extrude>
        <outerBoundaryIs>
          <LinearRing>
            <coordinates>
              -70.7985642668,-33.1097809993,0
              -70.7985378597,-33.1097813805,0
              -70.7985271989,-33.1092583041,0
              -70.7985536059,-33.1092579229,0
              -70.7985642668,-33.1097809993,0
            </coordinates>
          </LinearRing>
        </outerBoundaryIs>
      </Polygon>
    </Placemark>
    <Placemark>
      <description><![CDATA[LIMITES_TRACKER<BR><BR><B>ELEVATION</B> = 0]]></description>
      <styleUrl>#area2</styleUrl>
      <Polygon>
        <altitudeMode>relativeToGround</altitudeMode>
        <extrude>1</extrude>
        <outerBoundaryIs>
          <LinearRing>
            <coordinates>
              -70.7984901863,-33.1092588383,0
              -70.7985008469,-33.1097819148,0
              -70.7984744398,-33.1097822960,0
              -70.7984637794,-33.1092592195,0
              -70.7984901863,-33.1092588383,0
            </coordinates>
          </LinearRing>
        </outerBoundaryIs>
      </Polygon>
    </Placemark>
    <Placemark>
      <description><![CDATA[LIMITES_TRACKER<BR><BR><B>ELEVATION</B> = 0]]></description>
      <styleUrl>#area2</styleUrl>
      <Polygon>
        <altitudeMode>relativeToGround</altitudeMode>
        <extrude>1</extrude>
        <outerBoundaryIs>
          <LinearRing>
            <coordinates>
              -70.7985529627,-33.1092263677,0
              -70.7985265558,-33.1092267489,0
              -70.7985158953,-33.1087036724,0
              -70.7985423021,-33.1087032912,0
              -70.7985529627,-33.1092263677,0
            </coordinates>
          </LinearRing>
        </outerBoundaryIs>
      </Polygon>
    </Placemark>
    <Placemark>
      <description><![CDATA[LIMITES_TRACKER<BR><BR><B>ELEVATION</B> = 0]]></description>
      <styleUrl>#area2</styleUrl>
      <Polygon>
        <altitudeMode>relativeToGround</altitudeMode>
        <extrude>1</extrude>
        <outerBoundaryIs>
          <LinearRing>
            <coordinates>
              -70.7984788830,-33.1087042067,0
              -70.7984895432,-33.1092272832,0
              -70.7984631363,-33.1092276643,0
              -70.7984524762,-33.1087045878,0
              -70.7984788830,-33.1087042067,0
            </coordinates>
          </LinearRing>
        </outerBoundaryIs>
      </Polygon>
    </Placemark>
    <Placemark>
      <description><![CDATA[LIMITES_TRACKER<BR><BR><B>ELEVATION</B> = 0]]></description>
      <styleUrl>#area3</styleUrl>
      <Polygon>
        <altitudeMode>relativeToGround</altitudeMode>
        <extrude>1</extrude>
        <outerBoundaryIs>
          <LinearRing>
            <coordinates>
              -70.7985422102,-33.1086987833,0
              -70.7985158034,-33.1086991645,0
              -70.7985051432,-33.1081760880,0
              -70.7985315498,-33.1081757068,0
              -70.7985422102,-33.1086987833,0
            </coordinates>
          </LinearRing>
        </outerBoundaryIs>
      </Polygon>
    </Placemark>
    <Placemark>
      <description><![CDATA[LIMITES_TRACKER<BR><BR><B>ELEVATION</B> = 0]]></description>
      <styleUrl>#area3</styleUrl>
      <Polygon>
        <altitudeMode>relativeToGround</altitudeMode>
        <extrude>1</extrude>
        <outerBoundaryIs>
          <LinearRing>
            <coordinates>
              -70.7984681311,-33.1081766222,0
              -70.7984787911,-33.1086996988,0
              -70.7984523843,-33.1087000800,0
              -70.7984417245,-33.1081770034,0
              -70.7984681311,-33.1081766222,0
            </coordinates>
          </LinearRing>
        </outerBoundaryIs>
      </Polygon>
    </Placemark>
    <Placemark>
      <description><![CDATA[LIMITES_TRACKER<BR><BR><B>ELEVATION</B> = 0]]></description>
      <styleUrl>#area1</styleUrl>
      <Polygon>
        <altitudeMode>relativeToGround</altitudeMode>
        <extrude>1</extrude>
        <outerBoundaryIs>
          <LinearRing>
            <coordinates>
              -70.7987018604,-33.1103067525,0
              -70.7986754532,-33.1103071337,0
              -70.7986647914,-33.1097840573,0
              -70.7986911985,-33.1097836761,0
              -70.7987018604,-33.1103067525,0
            </coordinates>
          </LinearRing>
        </outerBoundaryIs>
      </Polygon>
    </Placemark>
    <Placemark>
      <description><![CDATA[LIMITES_TRACKER<BR><BR><B>ELEVATION</B> = 0]]></description>
      <styleUrl>#area1</styleUrl>
      <Polygon>
        <altitudeMode>relativeToGround</altitudeMode>
        <extrude>1</extrude>
        <outerBoundaryIs>
          <LinearRing>
            <coordinates>
              -70.7986277786,-33.1097845917,0
              -70.7986384402,-33.1103076680,0
              -70.7986120329,-33.1103080492,0
              -70.7986013715,-33.1097849729,0
              -70.7986277786,-33.1097845917,0
            </coordinates>
          </LinearRing>
        </outerBoundaryIs>
      </Polygon>
    </Placemark>
    <Placemark>
      <description><![CDATA[LIMITES_TRACKER<BR><BR><B>ELEVATION</B> = 0]]></description>
      <styleUrl>#area2</styleUrl>
      <Polygon>
        <altitudeMode>relativeToGround</altitudeMode>
        <extrude>1</extrude>
        <outerBoundaryIs>
          <LinearRing>
            <coordinates>
              -70.7986911066,-33.1097791682,0
              -70.7986646995,-33.1097795495,0
              -70.7986540379,-33.1092564731,0
              -70.7986804449,-33.1092560918,0
              -70.7986911066,-33.1097791682,0
            </coordinates>
          </LinearRing>
        </outerBoundaryIs>
      </Polygon>
    </Placemark>
    <Placemark>
      <description><![CDATA[LIMITES_TRACKER<BR><BR><B>ELEVATION</B> = 0]]></description>
      <styleUrl>#area2</styleUrl>
      <Polygon>
        <altitudeMode>relativeToGround</altitudeMode>
        <extrude>1</extrude>
        <outerBoundaryIs>
          <LinearRing>
            <coordinates>
              -70.7986170254,-33.1092570074,0
              -70.7986276867,-33.1097800838,0
              -70.7986012796,-33.1097804650,0
              -70.7985906184,-33.1092573886,0
              -70.7986170254,-33.1092570074,0
            </coordinates>
          </LinearRing>
        </outerBoundaryIs>
      </Polygon>
    </Placemark>
    <Placemark>
      <description><![CDATA[LIMITES_TRACKER<BR><BR><B>ELEVATION</B> = 0]]></description>
      <styleUrl>#area2</styleUrl>
      <Polygon>
        <altitudeMode>relativeToGround</altitudeMode>
        <extrude>1</extrude>
        <outerBoundaryIs>
          <LinearRing>
            <coordinates>
              -70.7986798017,-33.1092245367,0
              -70.7986533948,-33.1092249179,0
              -70.7986427335,-33.1087018414,0
              -70.7986691403,-33.1087014602,0
              -70.7986798017,-33.1092245367,0
            </coordinates>
          </LinearRing>
        </outerBoundaryIs>
      </Polygon>
    </Placemark>
    <Placemark>
      <description><![CDATA[LIMITES_TRACKER<BR><BR><B>ELEVATION</B> = 0]]></description>
      <styleUrl>#area2</styleUrl>
      <Polygon>
        <altitudeMode>relativeToGround</altitudeMode>
        <extrude>1</extrude>
        <outerBoundaryIs>
          <LinearRing>
            <coordinates>
              -70.7986057212,-33.1087023757,0
              -70.7986163822,-33.1092254522,0
              -70.7985899753,-33.1092258334,0
              -70.7985793144,-33.1087027569,0
              -70.7986057212,-33.1087023757,0
            </coordinates>
          </LinearRing>
        </outerBoundaryIs>
      </Polygon>
    </Placemark>
    <Placemark>
      <description><![CDATA[LIMITES_TRACKER<BR><BR><B>ELEVATION</B> = 0]]></description>
      <styleUrl>#area3</styleUrl>
      <Polygon>
        <altitudeMode>relativeToGround</altitudeMode>
        <extrude>1</extrude>
        <outerBoundaryIs>
          <LinearRing>
            <coordinates>
              -70.7986690484,-33.1086969523,0
              -70.7986426416,-33.1086973336,0
              -70.7986319807,-33.1081742571,0
              -70.7986583873,-33.1081738759,0
              -70.7986690484,-33.1086969523,0
            </coordinates>
          </LinearRing>
        </outerBoundaryIs>
      </Polygon>
    </Placemark>
    <Placemark>
      <description><![CDATA[LIMITES_TRACKER<BR><BR><B>ELEVATION</B> = 0]]></description>
      <styleUrl>#area3</styleUrl>
      <Polygon>
        <altitudeMode>relativeToGround</altitudeMode>
        <extrude>1</extrude>
        <outerBoundaryIs>
          <LinearRing>
            <coordinates>
              -70.7985949686,-33.1081747914,0
              -70.7986056293,-33.1086978679,0
              -70.7985792225,-33.1086982491,0
              -70.7985685619,-33.1081751725,0
              -70.7985949686,-33.1081747914,0
            </coordinates>
          </LinearRing>
        </outerBoundaryIs>
      </Polygon>
    </Placemark>
    <Placemark>
      <description><![CDATA[LIMITES_TRACKER<BR><BR><B>ELEVATION</B> = 0]]></description>
      <styleUrl>#area1</styleUrl>
      <Polygon>
        <altitudeMode>relativeToGround</altitudeMode>
        <extrude>1</extrude>
        <outerBoundaryIs>
          <LinearRing>
            <coordinates>
              -70.7988287010,-33.1103049212,0
              -70.7988022937,-33.1103053025,0
              -70.7987916311,-33.1097822262,0
              -70.7988180382,-33.1097818449,0
              -70.7988287010,-33.1103049212,0
            </coordinates>
          </LinearRing>
        </outerBoundaryIs>
      </Polygon>
    </Placemark>
    <Placemark>
      <description><![CDATA[LIMITES_TRACKER<BR><BR><B>ELEVATION</B> = 0]]></description>
      <styleUrl>#area1</styleUrl>
      <Polygon>
        <altitudeMode>relativeToGround</altitudeMode>
        <extrude>1</extrude>
        <outerBoundaryIs>
          <LinearRing>
            <coordinates>
              -70.7987546183,-33.1097827605,0
              -70.7987652807,-33.1103058369,0
              -70.7987388734,-33.1103062181,0
              -70.7987282112,-33.1097831418,0
              -70.7987546183,-33.1097827605,0
            </coordinates>
          </LinearRing>
        </outerBoundaryIs>
      </Polygon>
    </Placemark>
    <Placemark>
      <description><![CDATA[LIMITES_TRACKER<BR><BR><B>ELEVATION</B> = 0]]></description>
      <styleUrl>#area2</styleUrl>
      <Polygon>
        <altitudeMode>relativeToGround</altitudeMode>
        <extrude>1</extrude>
        <outerBoundaryIs>
          <LinearRing>
            <coordinates>
              -70.7988179463,-33.1097773370,0
              -70.7987915392,-33.1097777183,0
              -70.7987808770,-33.1092546419,0
              -70.7988072839,-33.1092542607,0
              -70.7988179463,-33.1097773370,0
            </coordinates>
          </LinearRing>
        </outerBoundaryIs>
      </Polygon>
    </Placemark>
    <Placemark>
      <description><![CDATA[LIMITES_TRACKER<BR><BR><B>ELEVATION</B> = 0]]></description>
      <styleUrl>#area2</styleUrl>
      <Polygon>
        <altitudeMode>relativeToGround</altitudeMode>
        <extrude>1</extrude>
        <outerBoundaryIs>
          <LinearRing>
            <coordinates>
              -70.7987438644,-33.1092551763,0
              -70.7987545265,-33.1097782526,0
              -70.7987281194,-33.1097786339,0
              -70.7987174574,-33.1092555575,0
              -70.7987438644,-33.1092551763,0
            </coordinates>
          </LinearRing>
        </outerBoundaryIs>
      </Polygon>
    </Placemark>
    <Placemark>
      <description><![CDATA[LIMITES_TRACKER<BR><BR><B>ELEVATION</B> = 0]]></description>
      <styleUrl>#area2</styleUrl>
      <Polygon>
        <altitudeMode>relativeToGround</altitudeMode>
        <extrude>1</extrude>
        <outerBoundaryIs>
          <LinearRing>
            <coordinates>
              -70.7988066407,-33.1092227055,0
              -70.7987802337,-33.1092230868,0
              -70.7987695717,-33.1087000103,0
              -70.7987959785,-33.1086996291,0
              -70.7988066407,-33.1092227055,0
            </coordinates>
          </LinearRing>
        </outerBoundaryIs>
      </Polygon>
    </Placemark>
    <Placemark>
      <description><![CDATA[LIMITES_TRACKER<BR><BR><B>ELEVATION</B> = 0]]></description>
      <styleUrl>#area2</styleUrl>
      <Polygon>
        <altitudeMode>relativeToGround</altitudeMode>
        <extrude>1</extrude>
        <outerBoundaryIs>
          <LinearRing>
            <coordinates>
              -70.7987325594,-33.1087005447,0
              -70.7987432212,-33.1092236211,0
              -70.7987168143,-33.1092240023,0
              -70.7987061526,-33.1087009259,0
              -70.7987325594,-33.1087005447,0
            </coordinates>
          </LinearRing>
        </outerBoundaryIs>
      </Polygon>
    </Placemark>
    <Placemark>
      <description><![CDATA[LIMITES_TRACKER<BR><BR><B>ELEVATION</B> = 0]]></description>
      <styleUrl>#area3</styleUrl>
      <Polygon>
        <altitudeMode>relativeToGround</altitudeMode>
        <extrude>1</extrude>
        <outerBoundaryIs>
          <LinearRing>
            <coordinates>
              -70.7987958866,-33.1086951212,0
              -70.7987694799,-33.1086955025,0
              -70.7987588181,-33.1081724260,0
              -70.7987852248,-33.1081720448,0
              -70.7987958866,-33.1086951212,0
            </coordinates>
          </LinearRing>
        </outerBoundaryIs>
      </Polygon>
    </Placemark>
    <Placemark>
      <description><![CDATA[LIMITES_TRACKER<BR><BR><B>ELEVATION</B> = 0]]></description>
      <styleUrl>#area3</styleUrl>
      <Polygon>
        <altitudeMode>relativeToGround</altitudeMode>
        <extrude>1</extrude>
        <outerBoundaryIs>
          <LinearRing>
            <coordinates>
              -70.7987218060,-33.1081729603,0
              -70.7987324675,-33.1086960368,0
              -70.7987060608,-33.1086964180,0
              -70.7986953994,-33.1081733415,0
              -70.7987218060,-33.1081729603,0
            </coordinates>
          </LinearRing>
        </outerBoundaryIs>
      </Polygon>
    </Placemark>
    <Placemark>
      <description><![CDATA[LIMITES_TRACKER<BR><BR><B>ELEVATION</B> = 0]]></description>
      <styleUrl>#area1</styleUrl>
      <Polygon>
        <altitudeMode>relativeToGround</altitudeMode>
        <extrude>1</extrude>
        <outerBoundaryIs>
          <LinearRing>
            <coordinates>
              -70.7989555415,-33.1103030899,0
              -70.7989291342,-33.1103034711,0
              -70.7989184709,-33.1097803949,0
              -70.7989448780,-33.1097800136,0
              -70.7989555415,-33.1103030899,0
            </coordinates>
          </LinearRing>
        </outerBoundaryIs>
      </Polygon>
    </Placemark>
    <Placemark>
      <description><![CDATA[LIMITES_TRACKER<BR><BR><B>ELEVATION</B> = 0]]></description>
      <styleUrl>#area1</styleUrl>
      <Polygon>
        <altitudeMode>relativeToGround</altitudeMode>
        <extrude>1</extrude>
        <outerBoundaryIs>
          <LinearRing>
            <coordinates>
              -70.7988814581,-33.1097809293,0
              -70.7988921212,-33.1103040056,0
              -70.7988657140,-33.1103043868,0
              -70.7988550510,-33.1097813105,0
              -70.7988814581,-33.1097809293,0
            </coordinates>
          </LinearRing>
        </outerBoundaryIs>
      </Polygon>
    </Placemark>
    <Placemark>
      <description><![CDATA[LIMITES_TRACKER<BR><BR><B>ELEVATION</B> = 0]]></description>
      <styleUrl>#area2</styleUrl>
      <Polygon>
        <altitudeMode>relativeToGround</altitudeMode>
        <extrude>1</extrude>
        <outerBoundaryIs>
          <LinearRing>
            <coordinates>
              -70.7989447861,-33.1097755057,0
              -70.7989183790,-33.1097758870,0
              -70.7989077160,-33.1092528107,0
              -70.7989341229,-33.1092524294,0
              -70.7989447861,-33.1097755057,0
            </coordinates>
          </LinearRing>
        </outerBoundaryIs>
      </Polygon>
    </Placemark>
    <Placemark>
      <description><![CDATA[LIMITES_TRACKER<BR><BR><B>ELEVATION</B> = 0]]></description>
      <styleUrl>#area2</styleUrl>
      <Polygon>
        <altitudeMode>relativeToGround</altitudeMode>
        <extrude>1</extrude>
        <outerBoundaryIs>
          <LinearRing>
            <coordinates>
              -70.7988707034,-33.1092533450,0
              -70.7988813662,-33.1097764214,0
              -70.7988549591,-33.1097768027,0
              -70.7988442965,-33.1092537263,0
              -70.7988707034,-33.1092533450,0
            </coordinates>
          </LinearRing>
        </outerBoundaryIs>
      </Polygon>
    </Placemark>
    <Placemark>
      <description><![CDATA[LIMITES_TRACKER<BR><BR><B>ELEVATION</B> = 0]]></description>
      <styleUrl>#area2</styleUrl>
      <Polygon>
        <altitudeMode>relativeToGround</altitudeMode>
        <extrude>1</extrude>
        <outerBoundaryIs>
          <LinearRing>
            <coordinates>
              -70.7989334796,-33.1092208742,0
              -70.7989070727,-33.1092212555,0
              -70.7988964100,-33.1086981791,0
              -70.7989228167,-33.1086977979,0
              -70.7989334796,-33.1092208742,0
            </coordinates>
          </LinearRing>
        </outerBoundaryIs>
      </Polygon>
    </Placemark>
    <Placemark>
      <description><![CDATA[LIMITES_TRACKER<BR><BR><B>ELEVATION</B> = 0]]></description>
      <styleUrl>#area2</styleUrl>
      <Polygon>
        <altitudeMode>relativeToGround</altitudeMode>
        <extrude>1</extrude>
        <outerBoundaryIs>
          <LinearRing>
            <coordinates>
              -70.7988593976,-33.1086987135,0
              -70.7988700602,-33.1092217899,0
              -70.7988436532,-33.1092221711,0
              -70.7988329909,-33.1086990947,0
              -70.7988593976,-33.1086987135,0
            </coordinates>
          </LinearRing>
        </outerBoundaryIs>
      </Polygon>
    </Placemark>
    <Placemark>
      <description><![CDATA[LIMITES_TRACKER<BR><BR><B>ELEVATION</B> = 0]]></description>
      <styleUrl>#area3</styleUrl>
      <Polygon>
        <altitudeMode>relativeToGround</altitudeMode>
        <extrude>1</extrude>
        <outerBoundaryIs>
          <LinearRing>
            <coordinates>
              -70.7989227248,-33.1086932900,0
              -70.7988963181,-33.1086936712,0
              -70.7988856556,-33.1081705948,0
              -70.7989120622,-33.1081702136,0
              -70.7989227248,-33.1086932900,0
            </coordinates>
          </LinearRing>
        </outerBoundaryIs>
      </Polygon>
    </Placemark>
    <Placemark>
      <description><![CDATA[LIMITES_TRACKER<BR><BR><B>ELEVATION</B> = 0]]></description>
      <styleUrl>#area3</styleUrl>
      <Polygon>
        <altitudeMode>relativeToGround</altitudeMode>
        <extrude>1</extrude>
        <outerBoundaryIs>
          <LinearRing>
            <coordinates>
              -70.7988486435,-33.1081711292,0
              -70.7988593057,-33.1086942056,0
              -70.7988328990,-33.1086945869,0
              -70.7988222369,-33.1081715104,0
              -70.7988486435,-33.1081711292,0
            </coordinates>
          </LinearRing>
        </outerBoundaryIs>
      </Polygon>
    </Placemark>
    <Placemark>
      <description><![CDATA[LIMITES_TRACKER<BR><BR><B>ELEVATION</B> = 0]]></description>
      <styleUrl>#area1</styleUrl>
      <Polygon>
        <altitudeMode>relativeToGround</altitudeMode>
        <extrude>1</extrude>
        <outerBoundaryIs>
          <LinearRing>
            <coordinates>
              -70.7990823820,-33.1103012584,0
              -70.7990559747,-33.1103016397,0
              -70.7990453106,-33.1097785634,0
              -70.7990717177,-33.1097781821,0
              -70.7990823820,-33.1103012584,0
            </coordinates>
          </LinearRing>
        </outerBoundaryIs>
      </Polygon>
    </Placemark>
    <Placemark>
      <description><![CDATA[LIMITES_TRACKER<BR><BR><B>ELEVATION</B> = 0]]></description>
      <styleUrl>#area1</styleUrl>
      <Polygon>
        <altitudeMode>relativeToGround</altitudeMode>
        <extrude>1</extrude>
        <outerBoundaryIs>
          <LinearRing>
            <coordinates>
              -70.7990082979,-33.1097790979,0
              -70.7990189617,-33.1103021741,0
              -70.7989925545,-33.1103025554,0
              -70.7989818908,-33.1097794792,0
              -70.7990082979,-33.1097790979,0
            </coordinates>
          </LinearRing>
        </outerBoundaryIs>
      </Polygon>
    </Placemark>
    <Placemark>
      <description><![CDATA[LIMITES_TRACKER<BR><BR><B>ELEVATION</B> = 0]]></description>
      <styleUrl>#area2</styleUrl>
      <Polygon>
        <altitudeMode>relativeToGround</altitudeMode>
        <extrude>1</extrude>
        <outerBoundaryIs>
          <LinearRing>
            <coordinates>
              -70.7990716258,-33.1097736743,0
              -70.7990452187,-33.1097740556,0
              -70.7990345549,-33.1092509793,0
              -70.7990609619,-33.1092505980,0
              -70.7990716258,-33.1097736743,0
            </coordinates>
          </LinearRing>
        </outerBoundaryIs>
      </Polygon>
    </Placemark>
    <Placemark>
      <description><![CDATA[LIMITES_TRACKER<BR><BR><B>ELEVATION</B> = 0]]></description>
      <styleUrl>#area2</styleUrl>
      <Polygon>
        <altitudeMode>relativeToGround</altitudeMode>
        <extrude>1</extrude>
        <outerBoundaryIs>
          <LinearRing>
            <coordinates>
              -70.7989975424,-33.1092515137,0
              -70.7990082060,-33.1097745900,0
              -70.7989817989,-33.1097749713,0
              -70.7989711355,-33.1092518950,0
              -70.7989975424,-33.1092515137,0
            </coordinates>
          </LinearRing>
        </outerBoundaryIs>
      </Polygon>
    </Placemark>
    <Placemark>
      <description><![CDATA[LIMITES_TRACKER<BR><BR><B>ELEVATION</B> = 0]]></description>
      <styleUrl>#area2</styleUrl>
      <Polygon>
        <altitudeMode>relativeToGround</altitudeMode>
        <extrude>1</extrude>
        <outerBoundaryIs>
          <LinearRing>
            <coordinates>
              -70.7990603186,-33.1092190428,0
              -70.7990339117,-33.1092194241,0
              -70.7990232482,-33.1086963478,0
              -70.7990496549,-33.1086959665,0
              -70.7990603186,-33.1092190428,0
            </coordinates>
          </LinearRing>
        </outerBoundaryIs>
      </Polygon>
    </Placemark>
    <Placemark>
      <description><![CDATA[LIMITES_TRACKER<BR><BR><B>ELEVATION</B> = 0]]></description>
      <styleUrl>#area2</styleUrl>
      <Polygon>
        <altitudeMode>relativeToGround</altitudeMode>
        <extrude>1</extrude>
        <outerBoundaryIs>
          <LinearRing>
            <coordinates>
              -70.7989862358,-33.1086968822,0
              -70.7989968991,-33.1092199585,0
              -70.7989704922,-33.1092203398,0
              -70.7989598291,-33.1086972635,0
              -70.7989862358,-33.1086968822,0
            </coordinates>
          </LinearRing>
        </outerBoundaryIs>
      </Polygon>
    </Placemark>
    <Placemark>
      <description><![CDATA[LIMITES_TRACKER<BR><BR><B>ELEVATION</B> = 0]]></description>
      <styleUrl>#area3</styleUrl>
      <Polygon>
        <altitudeMode>relativeToGround</altitudeMode>
        <extrude>1</extrude>
        <outerBoundaryIs>
          <LinearRing>
            <coordinates>
              -70.7990495630,-33.1086914586,0
              -70.7990231563,-33.1086918399,0
              -70.7990124930,-33.1081687635,0
              -70.7990388996,-33.1081683822,0
              -70.7990495630,-33.1086914586,0
            </coordinates>
          </LinearRing>
        </outerBoundaryIs>
      </Polygon>
    </Placemark>
    <Placemark>
      <description><![CDATA[LIMITES_TRACKER<BR><BR><B>ELEVATION</B> = 0]]></description>
      <styleUrl>#area3</styleUrl>
      <Polygon>
        <altitudeMode>relativeToGround</altitudeMode>
        <extrude>1</extrude>
        <outerBoundaryIs>
          <LinearRing>
            <coordinates>
              -70.7989754809,-33.1081692979,0
              -70.7989861439,-33.1086923743,0
              -70.7989597372,-33.1086927556,0
              -70.7989490743,-33.1081696792,0
              -70.7989754809,-33.1081692979,0
            </coordinates>
          </LinearRing>
        </outerBoundaryIs>
      </Polygon>
    </Placemark>
    <Placemark>
      <description><![CDATA[LIMITES_TRACKER<BR><BR><B>ELEVATION</B> = 0]]></description>
      <styleUrl>#area1</styleUrl>
      <Polygon>
        <altitudeMode>relativeToGround</altitudeMode>
        <extrude>1</extrude>
        <outerBoundaryIs>
          <LinearRing>
            <coordinates>
              -70.7992092225,-33.1102994268,0
              -70.7991828152,-33.1102998081,0
              -70.7991721504,-33.1097767319,0
              -70.7991985575,-33.1097763506,0
              -70.7992092225,-33.1102994268,0
            </coordinates>
          </LinearRing>
        </outerBoundaryIs>
      </Polygon>
    </Placemark>
    <Placemark>
      <description><![CDATA[LIMITES_TRACKER<BR><BR><B>ELEVATION</B> = 0]]></description>
      <styleUrl>#area1</styleUrl>
      <Polygon>
        <altitudeMode>relativeToGround</altitudeMode>
        <extrude>1</extrude>
        <outerBoundaryIs>
          <LinearRing>
            <coordinates>
              -70.7991351376,-33.1097772664,0
              -70.7991458022,-33.1103003426,0
              -70.7991193950,-33.1103007239,0
              -70.7991087305,-33.1097776477,0
              -70.7991351376,-33.1097772664,0
            </coordinates>
          </LinearRing>
        </outerBoundaryIs>
      </Polygon>
    </Placemark>
    <Placemark>
      <description><![CDATA[LIMITES_TRACKER<BR><BR><B>ELEVATION</B> = 0]]></description>
      <styleUrl>#area2</styleUrl>
      <Polygon>
        <altitudeMode>relativeToGround</altitudeMode>
        <extrude>1</extrude>
        <outerBoundaryIs>
          <LinearRing>
            <coordinates>
              -70.7991984656,-33.1097718427,0
              -70.7991720585,-33.1097722240,0
              -70.7991613939,-33.1092491477,0
              -70.7991878009,-33.1092487664,0
              -70.7991984656,-33.1097718427,0
            </coordinates>
          </LinearRing>
        </outerBoundaryIs>
      </Polygon>
    </Placemark>
    <Placemark>
      <description><![CDATA[LIMITES_TRACKER<BR><BR><B>ELEVATION</B> = 0]]></description>
      <styleUrl>#area2</styleUrl>
      <Polygon>
        <altitudeMode>relativeToGround</altitudeMode>
        <extrude>1</extrude>
        <outerBoundaryIs>
          <LinearRing>
            <coordinates>
              -70.7991243814,-33.1092496822,0
              -70.7991350457,-33.1097727585,0
              -70.7991086386,-33.1097731398,0
              -70.7990979744,-33.1092500635,0
              -70.7991243814,-33.1092496822,0
            </coordinates>
          </LinearRing>
        </outerBoundaryIs>
      </Polygon>
    </Placemark>
    <Placemark>
      <description><![CDATA[LIMITES_TRACKER<BR><BR><B>ELEVATION</B> = 0]]></description>
      <styleUrl>#area2</styleUrl>
      <Polygon>
        <altitudeMode>relativeToGround</altitudeMode>
        <extrude>1</extrude>
        <outerBoundaryIs>
          <LinearRing>
            <coordinates>
              -70.7991871575,-33.1092172113,0
              -70.7991607506,-33.1092175926,0
              -70.7991500863,-33.1086945163,0
              -70.7991764931,-33.1086941350,0
              -70.7991871575,-33.1092172113,0
            </coordinates>
          </LinearRing>
        </outerBoundaryIs>
      </Polygon>
    </Placemark>
    <Placemark>
      <description><![CDATA[LIMITES_TRACKER<BR><BR><B>ELEVATION</B> = 0]]></description>
      <styleUrl>#area2</styleUrl>
      <Polygon>
        <altitudeMode>relativeToGround</altitudeMode>
        <extrude>1</extrude>
        <outerBoundaryIs>
          <LinearRing>
            <coordinates>
              -70.7991130740,-33.1086950507,0
              -70.7991237380,-33.1092181271,0
              -70.7990973311,-33.1092185084,0
              -70.7990866672,-33.1086954320,0
              -70.7991130740,-33.1086950507,0
            </coordinates>
          </LinearRing>
        </outerBoundaryIs>
      </Polygon>
    </Placemark>
    <Placemark>
      <description><![CDATA[LIMITES_TRACKER<BR><BR><B>ELEVATION</B> = 0]]></description>
      <styleUrl>#area3</styleUrl>
      <Polygon>
        <altitudeMode>relativeToGround</altitudeMode>
        <extrude>1</extrude>
        <outerBoundaryIs>
          <LinearRing>
            <coordinates>
              -70.7991764012,-33.1086896271,0
              -70.7991499944,-33.1086900084,0
              -70.7991393305,-33.1081669321,0
              -70.7991657371,-33.1081665507,0
              -70.7991764012,-33.1086896271,0
            </coordinates>
          </LinearRing>
        </outerBoundaryIs>
      </Polygon>
    </Placemark>
    <Placemark>
      <description><![CDATA[LIMITES_TRACKER<BR><BR><B>ELEVATION</B> = 0]]></description>
      <styleUrl>#area3</styleUrl>
      <Polygon>
        <altitudeMode>relativeToGround</altitudeMode>
        <extrude>1</extrude>
        <outerBoundaryIs>
          <LinearRing>
            <coordinates>
              -70.7991023184,-33.1081674665,0
              -70.7991129821,-33.1086905429,0
              -70.7990865753,-33.1086909242,0
              -70.7990759117,-33.1081678478,0
              -70.7991023184,-33.1081674665,0
            </coordinates>
          </LinearRing>
        </outerBoundaryIs>
      </Polygon>
    </Placemark>
    <Placemark>
      <description><![CDATA[LIMITES_TRACKER<BR><BR><B>ELEVATION</B> = 0]]></description>
      <styleUrl>#area1</styleUrl>
      <Polygon>
        <altitudeMode>relativeToGround</altitudeMode>
        <extrude>1</extrude>
        <outerBoundaryIs>
          <LinearRing>
            <coordinates>
              -70.7993360629,-33.1102975950,0
              -70.7993096557,-33.1102979764,0
              -70.7992989901,-33.1097749002,0
              -70.7993253972,-33.1097745188,0
              -70.7993360629,-33.1102975950,0
            </coordinates>
          </LinearRing>
        </outerBoundaryIs>
      </Polygon>
    </Placemark>
    <Placemark>
      <description><![CDATA[LIMITES_TRACKER<BR><BR><B>ELEVATION</B> = 0]]></description>
      <styleUrl>#area1</styleUrl>
      <Polygon>
        <altitudeMode>relativeToGround</altitudeMode>
        <extrude>1</extrude>
        <outerBoundaryIs>
          <LinearRing>
            <coordinates>
              -70.7992619773,-33.1097754347,0
              -70.7992726427,-33.1102985109,0
              -70.7992462354,-33.1102988922,0
              -70.7992355702,-33.1097758161,0
              -70.7992619773,-33.1097754347,0
            </coordinates>
          </LinearRing>
        </outerBoundaryIs>
      </Polygon>
    </Placemark>
    <Placemark>
      <description><![CDATA[LIMITES_TRACKER<BR><BR><B>ELEVATION</B> = 0]]></description>
      <styleUrl>#area2</styleUrl>
      <Polygon>
        <altitudeMode>relativeToGround</altitudeMode>
        <extrude>1</extrude>
        <outerBoundaryIs>
          <LinearRing>
            <coordinates>
              -70.7993253053,-33.1097700110,0
              -70.7992988982,-33.1097703923,0
              -70.7992882329,-33.1092473161,0
              -70.7993146398,-33.1092469347,0
              -70.7993253053,-33.1097700110,0
            </coordinates>
          </LinearRing>
        </outerBoundaryIs>
      </Polygon>
    </Placemark>
    <Placemark>
      <description><![CDATA[LIMITES_TRACKER<BR><BR><B>ELEVATION</B> = 0]]></description>
      <styleUrl>#area2</styleUrl>
      <Polygon>
        <altitudeMode>relativeToGround</altitudeMode>
        <extrude>1</extrude>
        <outerBoundaryIs>
          <LinearRing>
            <coordinates>
              -70.7992512203,-33.1092478506,0
              -70.7992618854,-33.1097709268,0
              -70.7992354783,-33.1097713082,0
              -70.7992248134,-33.1092482319,0
              -70.7992512203,-33.1092478506,0
            </coordinates>
          </LinearRing>
        </outerBoundaryIs>
      </Polygon>
    </Placemark>
    <Placemark>
      <description><![CDATA[LIMITES_TRACKER<BR><BR><B>ELEVATION</B> = 0]]></description>
      <styleUrl>#area2</styleUrl>
      <Polygon>
        <altitudeMode>relativeToGround</altitudeMode>
        <extrude>1</extrude>
        <outerBoundaryIs>
          <LinearRing>
            <coordinates>
              -70.7993139964,-33.1092153796,0
              -70.7992875895,-33.1092157609,0
              -70.7992769245,-33.1086926847,0
              -70.7993033313,-33.1086923033,0
              -70.7993139964,-33.1092153796,0
            </coordinates>
          </LinearRing>
        </outerBoundaryIs>
      </Polygon>
    </Placemark>
    <Placemark>
      <description><![CDATA[LIMITES_TRACKER<BR><BR><B>ELEVATION</B> = 0]]></description>
      <styleUrl>#area2</styleUrl>
      <Polygon>
        <altitudeMode>relativeToGround</altitudeMode>
        <extrude>1</extrude>
        <outerBoundaryIs>
          <LinearRing>
            <coordinates>
              -70.7992399122,-33.1086932192,0
              -70.7992505770,-33.1092162954,0
              -70.7992241701,-33.1092166768,0
              -70.7992135054,-33.1086936005,0
              -70.7992399122,-33.1086932192,0
            </coordinates>
          </LinearRing>
        </outerBoundaryIs>
      </Polygon>
    </Placemark>
    <Placemark>
      <description><![CDATA[LIMITES_TRACKER<BR><BR><B>ELEVATION</B> = 0]]></description>
      <styleUrl>#area3</styleUrl>
      <Polygon>
        <altitudeMode>relativeToGround</altitudeMode>
        <extrude>1</extrude>
        <outerBoundaryIs>
          <LinearRing>
            <coordinates>
              -70.7993032394,-33.1086877955,0
              -70.7992768326,-33.1086881768,0
              -70.7992661679,-33.1081651005,0
              -70.7992925745,-33.1081647191,0
              -70.7993032394,-33.1086877955,0
            </coordinates>
          </LinearRing>
        </outerBoundaryIs>
      </Polygon>
    </Placemark>
    <Placemark>
      <description><![CDATA[LIMITES_TRACKER<BR><BR><B>ELEVATION</B> = 0]]></description>
      <styleUrl>#area3</styleUrl>
      <Polygon>
        <altitudeMode>relativeToGround</altitudeMode>
        <extrude>1</extrude>
        <outerBoundaryIs>
          <LinearRing>
            <coordinates>
              -70.7992291558,-33.1081656350,0
              -70.7992398203,-33.1086887113,0
              -70.7992134135,-33.1086890926,0
              -70.7992027492,-33.1081660163,0
              -70.7992291558,-33.1081656350,0
            </coordinates>
          </LinearRing>
        </outerBoundaryIs>
      </Polygon>
    </Placemark>
    <Placemark>
      <description><![CDATA[LIMITES_TRACKER<BR><BR><B>ELEVATION</B> = 0]]></description>
      <styleUrl>#area1</styleUrl>
      <Polygon>
        <altitudeMode>relativeToGround</altitudeMode>
        <extrude>1</extrude>
        <outerBoundaryIs>
          <LinearRing>
            <coordinates>
              -70.7994629034,-33.1102957631,0
              -70.7994364962,-33.1102961445,0
              -70.7994258298,-33.1097730684,0
              -70.7994522369,-33.1097726870,0
              -70.7994629034,-33.1102957631,0
            </coordinates>
          </LinearRing>
        </outerBoundaryIs>
      </Polygon>
    </Placemark>
    <Placemark>
      <description><![CDATA[LIMITES_TRACKER<BR><BR><B>ELEVATION</B> = 0]]></description>
      <styleUrl>#area1</styleUrl>
      <Polygon>
        <altitudeMode>relativeToGround</altitudeMode>
        <extrude>1</extrude>
        <outerBoundaryIs>
          <LinearRing>
            <coordinates>
              -70.7993888171,-33.1097736029,0
              -70.7993994832,-33.1102966791,0
              -70.7993730759,-33.1102970605,0
              -70.7993624100,-33.1097739843,0
              -70.7993888171,-33.1097736029,0
            </coordinates>
          </LinearRing>
        </outerBoundaryIs>
      </Polygon>
    </Placemark>
    <Placemark>
      <description><![CDATA[LIMITES_TRACKER<BR><BR><B>ELEVATION</B> = 0]]></description>
      <styleUrl>#area2</styleUrl>
      <Polygon>
        <altitudeMode>relativeToGround</altitudeMode>
        <extrude>1</extrude>
        <outerBoundaryIs>
          <LinearRing>
            <coordinates>
              -70.7994521450,-33.1097681791,0
              -70.7994257379,-33.1097685605,0
              -70.7994150719,-33.1092454843,0
              -70.7994414788,-33.1092451029,0
              -70.7994521450,-33.1097681791,0
            </coordinates>
          </LinearRing>
        </outerBoundaryIs>
      </Polygon>
    </Placemark>
    <Placemark>
      <description><![CDATA[LIMITES_TRACKER<BR><BR><B>ELEVATION</B> = 0]]></description>
      <styleUrl>#area2</styleUrl>
      <Polygon>
        <altitudeMode>relativeToGround</altitudeMode>
        <extrude>1</extrude>
        <outerBoundaryIs>
          <LinearRing>
            <coordinates>
              -70.7993780593,-33.1092460189,0
              -70.7993887251,-33.1097690951,0
              -70.7993623181,-33.1097694764,0
              -70.7993516524,-33.1092464002,0
              -70.7993780593,-33.1092460189,0
            </coordinates>
          </LinearRing>
        </outerBoundaryIs>
      </Polygon>
    </Placemark>
    <Placemark>
      <description><![CDATA[LIMITES_TRACKER<BR><BR><B>ELEVATION</B> = 0]]></description>
      <styleUrl>#area2</styleUrl>
      <Polygon>
        <altitudeMode>relativeToGround</altitudeMode>
        <extrude>1</extrude>
        <outerBoundaryIs>
          <LinearRing>
            <coordinates>
              -70.7994408353,-33.1092135478,0
              -70.7994144284,-33.1092139292,0
              -70.7994037627,-33.1086908529,0
              -70.7994301694,-33.1086904716,0
              -70.7994408353,-33.1092135478,0
            </coordinates>
          </LinearRing>
        </outerBoundaryIs>
      </Polygon>
    </Placemark>
    <Placemark>
      <description><![CDATA[LIMITES_TRACKER<BR><BR><B>ELEVATION</B> = 0]]></description>
      <styleUrl>#area2</styleUrl>
      <Polygon>
        <altitudeMode>relativeToGround</altitudeMode>
        <extrude>1</extrude>
        <outerBoundaryIs>
          <LinearRing>
            <coordinates>
              -70.7993667504,-33.1086913875,0
              -70.7993774159,-33.1092144637,0
              -70.7993510090,-33.1092148451,0
              -70.7993403436,-33.1086917688,0
              -70.7993667504,-33.1086913875,0
            </coordinates>
          </LinearRing>
        </outerBoundaryIs>
      </Polygon>
    </Placemark>
    <Placemark>
      <description><![CDATA[LIMITES_TRACKER<BR><BR><B>ELEVATION</B> = 0]]></description>
      <styleUrl>#area3</styleUrl>
      <Polygon>
        <altitudeMode>relativeToGround</altitudeMode>
        <extrude>1</extrude>
        <outerBoundaryIs>
          <LinearRing>
            <coordinates>
              -70.7994300775,-33.1086859637,0
              -70.7994036708,-33.1086863451,0
              -70.7993930053,-33.1081632688,0
              -70.7994194119,-33.1081628874,0
              -70.7994300775,-33.1086859637,0
            </coordinates>
          </LinearRing>
        </outerBoundaryIs>
      </Polygon>
    </Placemark>
    <Placemark>
      <description><![CDATA[LIMITES_TRACKER<BR><BR><B>ELEVATION</B> = 0]]></description>
      <styleUrl>#area3</styleUrl>
      <Polygon>
        <altitudeMode>relativeToGround</altitudeMode>
        <extrude>1</extrude>
        <outerBoundaryIs>
          <LinearRing>
            <coordinates>
              -70.7993559932,-33.1081638033,0
              -70.7993666584,-33.1086868796,0
              -70.7993402517,-33.1086872609,0
              -70.7993295866,-33.1081641846,0
              -70.7993559932,-33.1081638033,0
            </coordinates>
          </LinearRing>
        </outerBoundaryIs>
      </Polygon>
    </Placemark>
    <Placemark>
      <description><![CDATA[LIMITES_TRACKER<BR><BR><B>ELEVATION</B> = 0]]></description>
      <styleUrl>#area4</styleUrl>
      <Polygon>
        <altitudeMode>relativeToGround</altitudeMode>
        <extrude>1</extrude>
        <outerBoundaryIs>
          <LinearRing>
            <coordinates>
              -70.7995897438,-33.1102939311,0
              -70.7995633366,-33.1102943125,0
              -70.7995526695,-33.1097712364,0
              -70.7995790766,-33.1097708550,0
              -70.7995897438,-33.1102939311,0
            </coordinates>
          </LinearRing>
        </outerBoundaryIs>
      </Polygon>
    </Placemark>
    <Placemark>
      <description><![CDATA[LIMITES_TRACKER<BR><BR><B>ELEVATION</B> = 0]]></description>
      <styleUrl>#area4</styleUrl>
      <Polygon>
        <altitudeMode>relativeToGround</altitudeMode>
        <extrude>1</extrude>
        <outerBoundaryIs>
          <LinearRing>
            <coordinates>
              -70.7995156568,-33.1097717710,0
              -70.7995263236,-33.1102948471,0
              -70.7994999164,-33.1102952285,0
              -70.7994892497,-33.1097721524,0
              -70.7995156568,-33.1097717710,0
            </coordinates>
          </LinearRing>
        </outerBoundaryIs>
      </Polygon>
    </Placemark>
    <Placemark>
      <description><![CDATA[LIMITES_TRACKER<BR><BR><B>ELEVATION</B> = 0]]></description>
      <styleUrl>#area1</styleUrl>
      <Polygon>
        <altitudeMode>relativeToGround</altitudeMode>
        <extrude>1</extrude>
        <outerBoundaryIs>
          <LinearRing>
            <coordinates>
              -70.7995789847,-33.1097663471,0
              -70.7995525776,-33.1097667286,0
              -70.7995419108,-33.1092436524,0
              -70.7995683177,-33.1092432710,0
              -70.7995789847,-33.1097663471,0
            </coordinates>
          </LinearRing>
        </outerBoundaryIs>
      </Polygon>
    </Placemark>
    <Placemark>
      <description><![CDATA[LIMITES_TRACKER<BR><BR><B>ELEVATION</B> = 0]]></description>
      <styleUrl>#area1</styleUrl>
      <Polygon>
        <altitudeMode>relativeToGround</altitudeMode>
        <extrude>1</extrude>
        <outerBoundaryIs>
          <LinearRing>
            <coordinates>
              -70.7995048983,-33.1092441870,0
              -70.7995155648,-33.1097672632,0
              -70.7994891578,-33.1097676446,0
              -70.7994784913,-33.1092445684,0
              -70.7995048983,-33.1092441870,0
            </coordinates>
          </LinearRing>
        </outerBoundaryIs>
      </Polygon>
    </Placemark>
    <Placemark>
      <description><![CDATA[LIMITES_TRACKER<BR><BR><B>ELEVATION</B> = 0]]></description>
      <styleUrl>#area2</styleUrl>
      <Polygon>
        <altitudeMode>relativeToGround</altitudeMode>
        <extrude>1</extrude>
        <outerBoundaryIs>
          <LinearRing>
            <coordinates>
              -70.7995676742,-33.1092117159,0
              -70.7995412673,-33.1092120973,0
              -70.7995306008,-33.1086890211,0
              -70.7995570076,-33.1086886397,0
              -70.7995676742,-33.1092117159,0
            </coordinates>
          </LinearRing>
        </outerBoundaryIs>
      </Polygon>
    </Placemark>
    <Placemark>
      <description><![CDATA[LIMITES_TRACKER<BR><BR><B>ELEVATION</B> = 0]]></description>
      <styleUrl>#area2</styleUrl>
      <Polygon>
        <altitudeMode>relativeToGround</altitudeMode>
        <extrude>1</extrude>
        <outerBoundaryIs>
          <LinearRing>
            <coordinates>
              -70.7994935885,-33.1086895556,0
              -70.7995042548,-33.1092126318,0
              -70.7994778479,-33.1092130132,0
              -70.7994671818,-33.1086899370,0
              -70.7994935885,-33.1086895556,0
            </coordinates>
          </LinearRing>
        </outerBoundaryIs>
      </Polygon>
    </Placemark>
    <Placemark>
      <description><![CDATA[LIMITES_TRACKER<BR><BR><B>ELEVATION</B> = 0]]></description>
      <styleUrl>#area3</styleUrl>
      <Polygon>
        <altitudeMode>relativeToGround</altitudeMode>
        <extrude>1</extrude>
        <outerBoundaryIs>
          <LinearRing>
            <coordinates>
              -70.7995569157,-33.1086841318,0
              -70.7995305089,-33.1086845132,0
              -70.7995198427,-33.1081614369,0
              -70.7995462493,-33.1081610556,0
              -70.7995569157,-33.1086841318,0
            </coordinates>
          </LinearRing>
        </outerBoundaryIs>
      </Polygon>
    </Placemark>
    <Placemark>
      <description><![CDATA[LIMITES_TRACKER<BR><BR><B>ELEVATION</B> = 0]]></description>
      <styleUrl>#area3</styleUrl>
      <Polygon>
        <altitudeMode>relativeToGround</altitudeMode>
        <extrude>1</extrude>
        <outerBoundaryIs>
          <LinearRing>
            <coordinates>
              -70.7994828306,-33.1081619715,0
              -70.7994934966,-33.1086850478,0
              -70.7994670898,-33.1086854291,0
              -70.7994564240,-33.1081623529,0
              -70.7994828306,-33.1081619715,0
            </coordinates>
          </LinearRing>
        </outerBoundaryIs>
      </Polygon>
    </Placemark>
    <Placemark>
      <description><![CDATA[LIMITES_TRACKER<BR><BR><B>ELEVATION</B> = 0]]></description>
      <styleUrl>#area5</styleUrl>
      <Polygon>
        <altitudeMode>relativeToGround</altitudeMode>
        <extrude>1</extrude>
        <outerBoundaryIs>
          <LinearRing>
            <coordinates>
              -70.7996871605,-33.1110141591,0
              -70.7996607531,-33.1110145406,0
              -70.7996500851,-33.1104914646,0
              -70.7996764924,-33.1104910831,0
              -70.7996871605,-33.1110141591,0
            </coordinates>
          </LinearRing>
        </outerBoundaryIs>
      </Polygon>
    </Placemark>
    <Placemark>
      <description><![CDATA[LIMITES_TRACKER<BR><BR><B>ELEVATION</B> = 0]]></description>
      <styleUrl>#area5</styleUrl>
      <Polygon>
        <altitudeMode>relativeToGround</altitudeMode>
        <extrude>1</extrude>
        <outerBoundaryIs>
          <LinearRing>
            <coordinates>
              -70.7996130721,-33.1104919992,0
              -70.7996237398,-33.1110150752,0
              -70.7995973323,-33.1110154567,0
              -70.7995866648,-33.1104923806,0
              -70.7996130721,-33.1104919992,0
            </coordinates>
          </LinearRing>
        </outerBoundaryIs>
      </Polygon>
    </Placemark>
    <Placemark>
      <description><![CDATA[LIMITES_TRACKER<BR><BR><B>ELEVATION</B> = 0]]></description>
      <styleUrl>#area1</styleUrl>
      <Polygon>
        <altitudeMode>relativeToGround</altitudeMode>
        <extrude>1</extrude>
        <outerBoundaryIs>
          <LinearRing>
            <coordinates>
              -70.7997058244,-33.1097645151,0
              -70.7996794173,-33.1097648965,0
              -70.7996687497,-33.1092418204,0
              -70.7996951567,-33.1092414389,0
              -70.7997058244,-33.1097645151,0
            </coordinates>
          </LinearRing>
        </outerBoundaryIs>
      </Polygon>
    </Placemark>
    <Placemark>
      <description><![CDATA[LIMITES_TRACKER<BR><BR><B>ELEVATION</B> = 0]]></description>
      <styleUrl>#area1</styleUrl>
      <Polygon>
        <altitudeMode>relativeToGround</altitudeMode>
        <extrude>1</extrude>
        <outerBoundaryIs>
          <LinearRing>
            <coordinates>
              -70.7996317372,-33.1092423550,0
              -70.7996424045,-33.1097654311,0
              -70.7996159974,-33.1097658125,0
              -70.7996053303,-33.1092427364,0
              -70.7996317372,-33.1092423550,0
            </coordinates>
          </LinearRing>
        </outerBoundaryIs>
      </Polygon>
    </Placemark>
    <Placemark>
      <description><![CDATA[LIMITES_TRACKER<BR><BR><B>ELEVATION</B> = 0]]></description>
      <styleUrl>#area2</styleUrl>
      <Polygon>
        <altitudeMode>relativeToGround</altitudeMode>
        <extrude>1</extrude>
        <outerBoundaryIs>
          <LinearRing>
            <coordinates>
              -70.7996945131,-33.1092098838,0
              -70.7996681062,-33.1092102652,0
              -70.7996574390,-33.1086871891,0
              -70.7996838457,-33.1086868076,0
              -70.7996945131,-33.1092098838,0
            </coordinates>
          </LinearRing>
        </outerBoundaryIs>
      </Polygon>
    </Placemark>
    <Placemark>
      <description><![CDATA[LIMITES_TRACKER<BR><BR><B>ELEVATION</B> = 0]]></description>
      <styleUrl>#area2</styleUrl>
      <Polygon>
        <altitudeMode>relativeToGround</altitudeMode>
        <extrude>1</extrude>
        <outerBoundaryIs>
          <LinearRing>
            <coordinates>
              -70.7996204267,-33.1086877237,0
              -70.7996310937,-33.1092107998,0
              -70.7996046868,-33.1092111813,0
              -70.7995940199,-33.1086881051,0
              -70.7996204267,-33.1086877237,0
            </coordinates>
          </LinearRing>
        </outerBoundaryIs>
      </Polygon>
    </Placemark>
    <Placemark>
      <description><![CDATA[LIMITES_TRACKER<BR><BR><B>ELEVATION</B> = 0]]></description>
      <styleUrl>#area3</styleUrl>
      <Polygon>
        <altitudeMode>relativeToGround</altitudeMode>
        <extrude>1</extrude>
        <outerBoundaryIs>
          <LinearRing>
            <coordinates>
              -70.7996837538,-33.1086822998,0
              -70.7996573470,-33.1086826812,0
              -70.7996466801,-33.1081596050,0
              -70.7996730867,-33.1081592236,0
              -70.7996837538,-33.1086822998,0
            </coordinates>
          </LinearRing>
        </outerBoundaryIs>
      </Polygon>
    </Placemark>
    <Placemark>
      <description><![CDATA[LIMITES_TRACKER<BR><BR><B>ELEVATION</B> = 0]]></description>
      <styleUrl>#area3</styleUrl>
      <Polygon>
        <altitudeMode>relativeToGround</altitudeMode>
        <extrude>1</extrude>
        <outerBoundaryIs>
          <LinearRing>
            <coordinates>
              -70.7996096680,-33.1081601396,0
              -70.7996203347,-33.1086832158,0
              -70.7995939280,-33.1086835972,0
              -70.7995832614,-33.1081605210,0
              -70.7996096680,-33.1081601396,0
            </coordinates>
          </LinearRing>
        </outerBoundaryIs>
      </Polygon>
    </Placemark>
    <Placemark>
      <description><![CDATA[LIMITES_TRACKER<BR><BR><B>ELEVATION</B> = 0]]></description>
      <styleUrl>#area5</styleUrl>
      <Polygon>
        <altitudeMode>relativeToGround</altitudeMode>
        <extrude>1</extrude>
        <outerBoundaryIs>
          <LinearRing>
            <coordinates>
              -70.7998140020,-33.1110123269,0
              -70.7997875946,-33.1110127083,0
              -70.7997769259,-33.1104896324,0
              -70.7998033332,-33.1104892509,0
              -70.7998140020,-33.1110123269,0
            </coordinates>
          </LinearRing>
        </outerBoundaryIs>
      </Polygon>
    </Placemark>
    <Placemark>
      <description><![CDATA[LIMITES_TRACKER<BR><BR><B>ELEVATION</B> = 0]]></description>
      <styleUrl>#area5</styleUrl>
      <Polygon>
        <altitudeMode>relativeToGround</altitudeMode>
        <extrude>1</extrude>
        <outerBoundaryIs>
          <LinearRing>
            <coordinates>
              -70.7997399128,-33.1104901670,0
              -70.7997505813,-33.1110132430,0
              -70.7997241738,-33.1110136245,0
              -70.7997135055,-33.1104905485,0
              -70.7997399128,-33.1104901670,0
            </coordinates>
          </LinearRing>
        </outerBoundaryIs>
      </Polygon>
    </Placemark>
    <Placemark>
      <description><![CDATA[LIMITES_TRACKER<BR><BR><B>ELEVATION</B> = 0]]></description>
      <styleUrl>#area1</styleUrl>
      <Polygon>
        <altitudeMode>relativeToGround</altitudeMode>
        <extrude>1</extrude>
        <outerBoundaryIs>
          <LinearRing>
            <coordinates>
              -70.7998326640,-33.1097626828,0
              -70.7998062570,-33.1097630643,0
              -70.7997955887,-33.1092399882,0
              -70.7998219956,-33.1092396068,0
              -70.7998326640,-33.1097626828,0
            </coordinates>
          </LinearRing>
        </outerBoundaryIs>
      </Polygon>
    </Placemark>
    <Placemark>
      <description><![CDATA[LIMITES_TRACKER<BR><BR><B>ELEVATION</B> = 0]]></description>
      <styleUrl>#area1</styleUrl>
      <Polygon>
        <altitudeMode>relativeToGround</altitudeMode>
        <extrude>1</extrude>
        <outerBoundaryIs>
          <LinearRing>
            <coordinates>
              -70.7997585761,-33.1092405229,0
              -70.7997692442,-33.1097635990,0
              -70.7997428371,-33.1097639804,0
              -70.7997321692,-33.1092409043,0
              -70.7997585761,-33.1092405229,0
            </coordinates>
          </LinearRing>
        </outerBoundaryIs>
      </Polygon>
    </Placemark>
    <Placemark>
      <description><![CDATA[LIMITES_TRACKER<BR><BR><B>ELEVATION</B> = 0]]></description>
      <styleUrl>#area2</styleUrl>
      <Polygon>
        <altitudeMode>relativeToGround</altitudeMode>
        <extrude>1</extrude>
        <outerBoundaryIs>
          <LinearRing>
            <coordinates>
              -70.7998213520,-33.1092080516,0
              -70.7997949451,-33.1092084331,0
              -70.7997842771,-33.1086853569,0
              -70.7998106838,-33.1086849755,0
              -70.7998213520,-33.1092080516,0
            </coordinates>
          </LinearRing>
        </outerBoundaryIs>
      </Polygon>
    </Placemark>
    <Placemark>
      <description><![CDATA[LIMITES_TRACKER<BR><BR><B>ELEVATION</B> = 0]]></description>
      <styleUrl>#area2</styleUrl>
      <Polygon>
        <altitudeMode>relativeToGround</altitudeMode>
        <extrude>1</extrude>
        <outerBoundaryIs>
          <LinearRing>
            <coordinates>
              -70.7997472648,-33.1086858916,0
              -70.7997579326,-33.1092089677,0
              -70.7997315257,-33.1092093492,0
              -70.7997208580,-33.1086862730,0
              -70.7997472648,-33.1086858916,0
            </coordinates>
          </LinearRing>
        </outerBoundaryIs>
      </Polygon>
    </Placemark>
    <Placemark>
      <description><![CDATA[LIMITES_TRACKER<BR><BR><B>ELEVATION</B> = 0]]></description>
      <styleUrl>#area3</styleUrl>
      <Polygon>
        <altitudeMode>relativeToGround</altitudeMode>
        <extrude>1</extrude>
        <outerBoundaryIs>
          <LinearRing>
            <coordinates>
              -70.7998105919,-33.1086804676,0
              -70.7997841852,-33.1086808491,0
              -70.7997735174,-33.1081577729,0
              -70.7997999240,-33.1081573915,0
              -70.7998105919,-33.1086804676,0
            </coordinates>
          </LinearRing>
        </outerBoundaryIs>
      </Polygon>
    </Placemark>
    <Placemark>
      <description><![CDATA[LIMITES_TRACKER<BR><BR><B>ELEVATION</B> = 0]]></description>
      <styleUrl>#area3</styleUrl>
      <Polygon>
        <altitudeMode>relativeToGround</altitudeMode>
        <extrude>1</extrude>
        <outerBoundaryIs>
          <LinearRing>
            <coordinates>
              -70.7997365053,-33.1081583075,0
              -70.7997471729,-33.1086813837,0
              -70.7997207661,-33.1086817651,0
              -70.7997100987,-33.1081586890,0
              -70.7997365053,-33.1081583075,0
            </coordinates>
          </LinearRing>
        </outerBoundaryIs>
      </Polygon>
    </Placemark>
    <Placemark>
      <description><![CDATA[LIMITES_TRACKER<BR><BR><B>ELEVATION</B> = 0]]></description>
      <styleUrl>#area5</styleUrl>
      <Polygon>
        <altitudeMode>relativeToGround</altitudeMode>
        <extrude>1</extrude>
        <outerBoundaryIs>
          <LinearRing>
            <coordinates>
              -70.7999408435,-33.1110104945,0
              -70.7999144360,-33.1110108760,0
              -70.7999037666,-33.1104878000,0
              -70.7999301739,-33.1104874185,0
              -70.7999408435,-33.1110104945,0
            </coordinates>
          </LinearRing>
        </outerBoundaryIs>
      </Polygon>
    </Placemark>
    <Placemark>
      <description><![CDATA[LIMITES_TRACKER<BR><BR><B>ELEVATION</B> = 0]]></description>
      <styleUrl>#area5</styleUrl>
      <Polygon>
        <altitudeMode>relativeToGround</altitudeMode>
        <extrude>1</extrude>
        <outerBoundaryIs>
          <LinearRing>
            <coordinates>
              -70.7998667535,-33.1104883347,0
              -70.7998774227,-33.1110114107,0
              -70.7998510153,-33.1110117922,0
              -70.7998403462,-33.1104887162,0
              -70.7998667535,-33.1104883347,0
            </coordinates>
          </LinearRing>
        </outerBoundaryIs>
      </Polygon>
    </Placemark>
    <Placemark>
      <description><![CDATA[LIMITES_TRACKER<BR><BR><B>ELEVATION</B> = 0]]></description>
      <styleUrl>#area1</styleUrl>
      <Polygon>
        <altitudeMode>relativeToGround</altitudeMode>
        <extrude>1</extrude>
        <outerBoundaryIs>
          <LinearRing>
            <coordinates>
              -70.7999595037,-33.1097608505,0
              -70.7999330966,-33.1097612320,0
              -70.7999224276,-33.1092381559,0
              -70.7999488345,-33.1092377744,0
              -70.7999595037,-33.1097608505,0
            </coordinates>
          </LinearRing>
        </outerBoundaryIs>
      </Polygon>
    </Placemark>
    <Placemark>
      <description><![CDATA[LIMITES_TRACKER<BR><BR><B>ELEVATION</B> = 0]]></description>
      <styleUrl>#area1</styleUrl>
      <Polygon>
        <altitudeMode>relativeToGround</altitudeMode>
        <extrude>1</extrude>
        <outerBoundaryIs>
          <LinearRing>
            <coordinates>
              -70.7998854150,-33.1092386906,0
              -70.7998960839,-33.1097617667,0
              -70.7998696768,-33.1097621481,0
              -70.7998590081,-33.1092390721,0
              -70.7998854150,-33.1092386906,0
            </coordinates>
          </LinearRing>
        </outerBoundaryIs>
      </Polygon>
    </Placemark>
    <Placemark>
      <description><![CDATA[LIMITES_TRACKER<BR><BR><B>ELEVATION</B> = 0]]></description>
      <styleUrl>#area2</styleUrl>
      <Polygon>
        <altitudeMode>relativeToGround</altitudeMode>
        <extrude>1</extrude>
        <outerBoundaryIs>
          <LinearRing>
            <coordinates>
              -70.7999481909,-33.1092062193,0
              -70.7999217840,-33.1092066008,0
              -70.7999111152,-33.1086835247,0
              -70.7999375220,-33.1086831432,0
              -70.7999481909,-33.1092062193,0
            </coordinates>
          </LinearRing>
        </outerBoundaryIs>
      </Polygon>
    </Placemark>
    <Placemark>
      <description><![CDATA[LIMITES_TRACKER<BR><BR><B>ELEVATION</B> = 0]]></description>
      <styleUrl>#area2</styleUrl>
      <Polygon>
        <altitudeMode>relativeToGround</altitudeMode>
        <extrude>1</extrude>
        <outerBoundaryIs>
          <LinearRing>
            <coordinates>
              -70.7998741029,-33.1086840594,0
              -70.7998847714,-33.1092071355,0
              -70.7998583645,-33.1092075169,0
              -70.7998476962,-33.1086844408,0
              -70.7998741029,-33.1086840594,0
            </coordinates>
          </LinearRing>
        </outerBoundaryIs>
      </Polygon>
    </Placemark>
    <Placemark>
      <description><![CDATA[LIMITES_TRACKER<BR><BR><B>ELEVATION</B> = 0]]></description>
      <styleUrl>#area3</styleUrl>
      <Polygon>
        <altitudeMode>relativeToGround</altitudeMode>
        <extrude>1</extrude>
        <outerBoundaryIs>
          <LinearRing>
            <coordinates>
              -70.7999374300,-33.1086786353,0
              -70.7999110233,-33.1086790168,0
              -70.7999003548,-33.1081559407,0
              -70.7999267614,-33.1081555592,0
              -70.7999374300,-33.1086786353,0
            </coordinates>
          </LinearRing>
        </outerBoundaryIs>
      </Polygon>
    </Placemark>
    <Placemark>
      <description><![CDATA[LIMITES_TRACKER<BR><BR><B>ELEVATION</B> = 0]]></description>
      <styleUrl>#area3</styleUrl>
      <Polygon>
        <altitudeMode>relativeToGround</altitudeMode>
        <extrude>1</extrude>
        <outerBoundaryIs>
          <LinearRing>
            <coordinates>
              -70.7998633427,-33.1081564753,0
              -70.7998740110,-33.1086795515,0
              -70.7998476042,-33.1086799330,0
              -70.7998369361,-33.1081568568,0
              -70.7998633427,-33.1081564753,0
            </coordinates>
          </LinearRing>
        </outerBoundaryIs>
      </Polygon>
    </Placemark>
    <Placemark>
      <description><![CDATA[LIMITES_TRACKER<BR><BR><B>ELEVATION</B> = 0]]></description>
      <styleUrl>#area5</styleUrl>
      <Polygon>
        <altitudeMode>relativeToGround</altitudeMode>
        <extrude>1</extrude>
        <outerBoundaryIs>
          <LinearRing>
            <coordinates>
              -70.8000676849,-33.1110086619,0
              -70.8000412775,-33.1110090435,0
              -70.8000306073,-33.1104859676,0
              -70.8000570146,-33.1104855860,0
              -70.8000676849,-33.1110086619,0
            </coordinates>
          </LinearRing>
        </outerBoundaryIs>
      </Polygon>
    </Placemark>
    <Placemark>
      <description><![CDATA[LIMITES_TRACKER<BR><BR><B>ELEVATION</B> = 0]]></description>
      <styleUrl>#area5</styleUrl>
      <Polygon>
        <altitudeMode>relativeToGround</altitudeMode>
        <extrude>1</extrude>
        <outerBoundaryIs>
          <LinearRing>
            <coordinates>
              -70.7999935942,-33.1104865023,0
              -70.8000042642,-33.1110095782,0
              -70.7999778567,-33.1110099597,0
              -70.7999671869,-33.1104868838,0
              -70.7999935942,-33.1104865023,0
            </coordinates>
          </LinearRing>
        </outerBoundaryIs>
      </Polygon>
    </Placemark>
    <Placemark>
      <description><![CDATA[LIMITES_TRACKER<BR><BR><B>ELEVATION</B> = 0]]></description>
      <styleUrl>#area1</styleUrl>
      <Polygon>
        <altitudeMode>relativeToGround</altitudeMode>
        <extrude>1</extrude>
        <outerBoundaryIs>
          <LinearRing>
            <coordinates>
              -70.8000863434,-33.1097590180,0
              -70.8000599363,-33.1097593995,0
              -70.8000492665,-33.1092363235,0
              -70.8000756734,-33.1092359420,0
              -70.8000863434,-33.1097590180,0
            </coordinates>
          </LinearRing>
        </outerBoundaryIs>
      </Polygon>
    </Placemark>
    <Placemark>
      <description><![CDATA[LIMITES_TRACKER<BR><BR><B>ELEVATION</B> = 0]]></description>
      <styleUrl>#area1</styleUrl>
      <Polygon>
        <altitudeMode>relativeToGround</altitudeMode>
        <extrude>1</extrude>
        <outerBoundaryIs>
          <LinearRing>
            <coordinates>
              -70.8000122539,-33.1092368582,0
              -70.8000229235,-33.1097599342,0
              -70.7999965165,-33.1097603157,0
              -70.7999858470,-33.1092372397,0
              -70.8000122539,-33.1092368582,0
            </coordinates>
          </LinearRing>
        </outerBoundaryIs>
      </Polygon>
    </Placemark>
    <Placemark>
      <description><![CDATA[LIMITES_TRACKER<BR><BR><B>ELEVATION</B> = 0]]></description>
      <styleUrl>#area2</styleUrl>
      <Polygon>
        <altitudeMode>relativeToGround</altitudeMode>
        <extrude>1</extrude>
        <outerBoundaryIs>
          <LinearRing>
            <coordinates>
              -70.8000750297,-33.1092043868,0
              -70.8000486228,-33.1092047684,0
              -70.8000379533,-33.1086816923,0
              -70.8000643601,-33.1086813108,0
              -70.8000750297,-33.1092043868,0
            </coordinates>
          </LinearRing>
        </outerBoundaryIs>
      </Polygon>
    </Placemark>
    <Placemark>
      <description><![CDATA[LIMITES_TRACKER<BR><BR><B>ELEVATION</B> = 0]]></description>
      <styleUrl>#area2</styleUrl>
      <Polygon>
        <altitudeMode>relativeToGround</altitudeMode>
        <extrude>1</extrude>
        <outerBoundaryIs>
          <LinearRing>
            <coordinates>
              -70.8000009410,-33.1086822270,0
              -70.8000116103,-33.1092053031,0
              -70.7999852034,-33.1092056846,0
              -70.7999745343,-33.1086826085,0
              -70.8000009410,-33.1086822270,0
            </coordinates>
          </LinearRing>
        </outerBoundaryIs>
      </Polygon>
    </Placemark>
    <Placemark>
      <description><![CDATA[LIMITES_TRACKER<BR><BR><B>ELEVATION</B> = 0]]></description>
      <styleUrl>#area3</styleUrl>
      <Polygon>
        <altitudeMode>relativeToGround</altitudeMode>
        <extrude>1</extrude>
        <outerBoundaryIs>
          <LinearRing>
            <coordinates>
              -70.8000642681,-33.1086768029,0
              -70.8000378614,-33.1086771844,0
              -70.8000271921,-33.1081541083,0
              -70.8000535987,-33.1081537268,0
              -70.8000642681,-33.1086768029,0
            </coordinates>
          </LinearRing>
        </outerBoundaryIs>
      </Polygon>
    </Placemark>
    <Placemark>
      <description><![CDATA[LIMITES_TRACKER<BR><BR><B>ELEVATION</B> = 0]]></description>
      <styleUrl>#area3</styleUrl>
      <Polygon>
        <altitudeMode>relativeToGround</altitudeMode>
        <extrude>1</extrude>
        <outerBoundaryIs>
          <LinearRing>
            <coordinates>
              -70.7999901801,-33.1081546430,0
              -70.8000008491,-33.1086777191,0
              -70.7999744423,-33.1086781006,0
              -70.7999637735,-33.1081550245,0
              -70.7999901801,-33.1081546430,0
            </coordinates>
          </LinearRing>
        </outerBoundaryIs>
      </Polygon>
    </Placemark>
    <Placemark>
      <description><![CDATA[LIMITES_TRACKER<BR><BR><B>ELEVATION</B> = 0]]></description>
      <styleUrl>#area5</styleUrl>
      <Polygon>
        <altitudeMode>relativeToGround</altitudeMode>
        <extrude>1</extrude>
        <outerBoundaryIs>
          <LinearRing>
            <coordinates>
              -70.8001945263,-33.1110068293,0
              -70.8001681189,-33.1110072108,0
              -70.8001574480,-33.1104841350,0
              -70.8001838552,-33.1104837534,0
              -70.8001945263,-33.1110068293,0
            </coordinates>
          </LinearRing>
        </outerBoundaryIs>
      </Polygon>
    </Placemark>
    <Placemark>
      <description><![CDATA[LIMITES_TRACKER<BR><BR><B>ELEVATION</B> = 0]]></description>
      <styleUrl>#area5</styleUrl>
      <Polygon>
        <altitudeMode>relativeToGround</altitudeMode>
        <extrude>1</extrude>
        <outerBoundaryIs>
          <LinearRing>
            <coordinates>
              -70.8001204349,-33.1104846697,0
              -70.8001311056,-33.1110077456,0
              -70.8001046982,-33.1110081272,0
              -70.8000940276,-33.1104850513,0
              -70.8001204349,-33.1104846697,0
            </coordinates>
          </LinearRing>
        </outerBoundaryIs>
      </Polygon>
    </Placemark>
    <Placemark>
      <description><![CDATA[LIMITES_TRACKER<BR><BR><B>ELEVATION</B> = 0]]></description>
      <styleUrl>#area1</styleUrl>
      <Polygon>
        <altitudeMode>relativeToGround</altitudeMode>
        <extrude>1</extrude>
        <outerBoundaryIs>
          <LinearRing>
            <coordinates>
              -70.8002239459,-33.1102847692,0
              -70.8001975387,-33.1102851507,0
              -70.8001868679,-33.1097620748,0
              -70.8002132750,-33.1097616932,0
              -70.8002239459,-33.1102847692,0
            </coordinates>
          </LinearRing>
        </outerBoundaryIs>
      </Polygon>
    </Placemark>
    <Placemark>
      <description><![CDATA[LIMITES_TRACKER<BR><BR><B>ELEVATION</B> = 0]]></description>
      <styleUrl>#area1</styleUrl>
      <Polygon>
        <altitudeMode>relativeToGround</altitudeMode>
        <extrude>1</extrude>
        <outerBoundaryIs>
          <LinearRing>
            <coordinates>
              -70.8001498551,-33.1097626096,0
              -70.8001605257,-33.1102856855,0
              -70.8001341185,-33.1102860670,0
              -70.8001234481,-33.1097629911,0
              -70.8001498551,-33.1097626096,0
            </coordinates>
          </LinearRing>
        </outerBoundaryIs>
      </Polygon>
    </Placemark>
    <Placemark>
      <description><![CDATA[LIMITES_TRACKER<BR><BR><B>ELEVATION</B> = 0]]></description>
      <styleUrl>#area2</styleUrl>
      <Polygon>
        <altitudeMode>relativeToGround</altitudeMode>
        <extrude>1</extrude>
        <outerBoundaryIs>
          <LinearRing>
            <coordinates>
              -70.8002131830,-33.1097571854,0
              -70.8001867759,-33.1097575669,0
              -70.8001761054,-33.1092344909,0
              -70.8002025123,-33.1092341094,0
              -70.8002131830,-33.1097571854,0
            </coordinates>
          </LinearRing>
        </outerBoundaryIs>
      </Polygon>
    </Placemark>
    <Placemark>
      <description><![CDATA[LIMITES_TRACKER<BR><BR><B>ELEVATION</B> = 0]]></description>
      <styleUrl>#area2</styleUrl>
      <Polygon>
        <altitudeMode>relativeToGround</altitudeMode>
        <extrude>1</extrude>
        <outerBoundaryIs>
          <LinearRing>
            <coordinates>
              -70.8001390928,-33.1092350257,0
              -70.8001497632,-33.1097581017,0
              -70.8001233561,-33.1097584832,0
              -70.8001126859,-33.1092354072,0
              -70.8001390928,-33.1092350257,0
            </coordinates>
          </LinearRing>
        </outerBoundaryIs>
      </Polygon>
    </Placemark>
    <Placemark>
      <description><![CDATA[LIMITES_TRACKER<BR><BR><B>ELEVATION</B> = 0]]></description>
      <styleUrl>#area2</styleUrl>
      <Polygon>
        <altitudeMode>relativeToGround</altitudeMode>
        <extrude>1</extrude>
        <outerBoundaryIs>
          <LinearRing>
            <coordinates>
              -70.8002018686,-33.1092025543,0
              -70.8001754617,-33.1092029358,0
              -70.8001647914,-33.1086798598,0
              -70.8001911982,-33.1086794783,0
              -70.8002018686,-33.1092025543,0
            </coordinates>
          </LinearRing>
        </outerBoundaryIs>
      </Polygon>
    </Placemark>
    <Placemark>
      <description><![CDATA[LIMITES_TRACKER<BR><BR><B>ELEVATION</B> = 0]]></description>
      <styleUrl>#area2</styleUrl>
      <Polygon>
        <altitudeMode>relativeToGround</altitudeMode>
        <extrude>1</extrude>
        <outerBoundaryIs>
          <LinearRing>
            <coordinates>
              -70.8001277791,-33.1086803945,0
              -70.8001384492,-33.1092034706,0
              -70.8001120422,-33.1092038521,0
              -70.8001013724,-33.1086807761,0
              -70.8001277791,-33.1086803945,0
            </coordinates>
          </LinearRing>
        </outerBoundaryIs>
      </Polygon>
    </Placemark>
    <Placemark>
      <description><![CDATA[LIMITES_TRACKER<BR><BR><B>ELEVATION</B> = 0]]></description>
      <styleUrl>#area3</styleUrl>
      <Polygon>
        <altitudeMode>relativeToGround</altitudeMode>
        <extrude>1</extrude>
        <outerBoundaryIs>
          <LinearRing>
            <coordinates>
              -70.8001911062,-33.1086749704,0
              -70.8001646995,-33.1086753519,0
              -70.8001540295,-33.1081522759,0
              -70.8001804361,-33.1081518943,0
              -70.8001911062,-33.1086749704,0
            </coordinates>
          </LinearRing>
        </outerBoundaryIs>
      </Polygon>
    </Placemark>
    <Placemark>
      <description><![CDATA[LIMITES_TRACKER<BR><BR><B>ELEVATION</B> = 0]]></description>
      <styleUrl>#area3</styleUrl>
      <Polygon>
        <altitudeMode>relativeToGround</altitudeMode>
        <extrude>1</extrude>
        <outerBoundaryIs>
          <LinearRing>
            <coordinates>
              -70.8001170174,-33.1081528106,0
              -70.8001276872,-33.1086758867,0
              -70.8001012804,-33.1086762682,0
              -70.8000906108,-33.1081531921,0
              -70.8001170174,-33.1081528106,0
            </coordinates>
          </LinearRing>
        </outerBoundaryIs>
      </Polygon>
    </Placemark>
    <Placemark>
      <description><![CDATA[LIMITES_TRACKER<BR><BR><B>ELEVATION</B> = 0]]></description>
      <styleUrl>#area5</styleUrl>
      <Polygon>
        <altitudeMode>relativeToGround</altitudeMode>
        <extrude>1</extrude>
        <outerBoundaryIs>
          <LinearRing>
            <coordinates>
              -70.8003213678,-33.1110049965,0
              -70.8002949603,-33.1110053781,0
              -70.8002842886,-33.1104823022,0
              -70.8003106959,-33.1104819207,0
              -70.8003213678,-33.1110049965,0
            </coordinates>
          </LinearRing>
        </outerBoundaryIs>
      </Polygon>
    </Placemark>
    <Placemark>
      <description><![CDATA[LIMITES_TRACKER<BR><BR><B>ELEVATION</B> = 0]]></description>
      <styleUrl>#area5</styleUrl>
      <Polygon>
        <altitudeMode>relativeToGround</altitudeMode>
        <extrude>1</extrude>
        <outerBoundaryIs>
          <LinearRing>
            <coordinates>
              -70.8002472756,-33.1104828371,0
              -70.8002579471,-33.1110059129,0
              -70.8002315396,-33.1110062945,0
              -70.8002208683,-33.1104832186,0
              -70.8002472756,-33.1104828371,0
            </coordinates>
          </LinearRing>
        </outerBoundaryIs>
      </Polygon>
    </Placemark>
    <Placemark>
      <description><![CDATA[LIMITES_TRACKER<BR><BR><B>ELEVATION</B> = 0]]></description>
      <styleUrl>#area1</styleUrl>
      <Polygon>
        <altitudeMode>relativeToGround</altitudeMode>
        <extrude>1</extrude>
        <outerBoundaryIs>
          <LinearRing>
            <coordinates>
              -70.8003507863,-33.1102829364,0
              -70.8003243791,-33.1102833180,0
              -70.8003137075,-33.1097602421,0
              -70.8003401146,-33.1097598605,0
              -70.8003507863,-33.1102829364,0
            </coordinates>
          </LinearRing>
        </outerBoundaryIs>
      </Polygon>
    </Placemark>
    <Placemark>
      <description><![CDATA[LIMITES_TRACKER<BR><BR><B>ELEVATION</B> = 0]]></description>
      <styleUrl>#area1</styleUrl>
      <Polygon>
        <altitudeMode>relativeToGround</altitudeMode>
        <extrude>1</extrude>
        <outerBoundaryIs>
          <LinearRing>
            <coordinates>
              -70.8002766948,-33.1097607769,0
              -70.8002873661,-33.1102838528,0
              -70.8002609589,-33.1102842343,0
              -70.8002502877,-33.1097611584,0
              -70.8002766948,-33.1097607769,0
            </coordinates>
          </LinearRing>
        </outerBoundaryIs>
      </Polygon>
    </Placemark>
    <Placemark>
      <description><![CDATA[LIMITES_TRACKER<BR><BR><B>ELEVATION</B> = 0]]></description>
      <styleUrl>#area2</styleUrl>
      <Polygon>
        <altitudeMode>relativeToGround</altitudeMode>
        <extrude>1</extrude>
        <outerBoundaryIs>
          <LinearRing>
            <coordinates>
              -70.8003400226,-33.1097553526,0
              -70.8003136156,-33.1097557342,0
              -70.8003029442,-33.1092326583,0
              -70.8003293512,-33.1092322767,0
              -70.8003400226,-33.1097553526,0
            </coordinates>
          </LinearRing>
        </outerBoundaryIs>
      </Polygon>
    </Placemark>
    <Placemark>
      <description><![CDATA[LIMITES_TRACKER<BR><BR><B>ELEVATION</B> = 0]]></description>
      <styleUrl>#area2</styleUrl>
      <Polygon>
        <altitudeMode>relativeToGround</altitudeMode>
        <extrude>1</extrude>
        <outerBoundaryIs>
          <LinearRing>
            <coordinates>
              -70.8002659317,-33.1092331931,0
              -70.8002766028,-33.1097562690,0
              -70.8002501957,-33.1097566506,0
              -70.8002395248,-33.1092335746,0
              -70.8002659317,-33.1092331931,0
            </coordinates>
          </LinearRing>
        </outerBoundaryIs>
      </Polygon>
    </Placemark>
    <Placemark>
      <description><![CDATA[LIMITES_TRACKER<BR><BR><B>ELEVATION</B> = 0]]></description>
      <styleUrl>#area2</styleUrl>
      <Polygon>
        <altitudeMode>relativeToGround</altitudeMode>
        <extrude>1</extrude>
        <outerBoundaryIs>
          <LinearRing>
            <coordinates>
              -70.8003287074,-33.1092007216,0
              -70.8003023005,-33.1092011031,0
              -70.8002916295,-33.1086780272,0
              -70.8003180362,-33.1086776456,0
              -70.8003287074,-33.1092007216,0
            </coordinates>
          </LinearRing>
        </outerBoundaryIs>
      </Polygon>
    </Placemark>
    <Placemark>
      <description><![CDATA[LIMITES_TRACKER<BR><BR><B>ELEVATION</B> = 0]]></description>
      <styleUrl>#area2</styleUrl>
      <Polygon>
        <altitudeMode>relativeToGround</altitudeMode>
        <extrude>1</extrude>
        <outerBoundaryIs>
          <LinearRing>
            <coordinates>
              -70.8002546172,-33.1086785619,0
              -70.8002652880,-33.1092016379,0
              -70.8002388811,-33.1092020195,0
              -70.8002282104,-33.1086789435,0
              -70.8002546172,-33.1086785619,0
            </coordinates>
          </LinearRing>
        </outerBoundaryIs>
      </Polygon>
    </Placemark>
    <Placemark>
      <description><![CDATA[LIMITES_TRACKER<BR><BR><B>ELEVATION</B> = 0]]></description>
      <styleUrl>#area3</styleUrl>
      <Polygon>
        <altitudeMode>relativeToGround</altitudeMode>
        <extrude>1</extrude>
        <outerBoundaryIs>
          <LinearRing>
            <coordinates>
              -70.8003179443,-33.1086731377,0
              -70.8002915375,-33.1086735193,0
              -70.8002808668,-33.1081504433,0
              -70.8003072734,-33.1081500617,0
              -70.8003179443,-33.1086731377,0
            </coordinates>
          </LinearRing>
        </outerBoundaryIs>
      </Polygon>
    </Placemark>
    <Placemark>
      <description><![CDATA[LIMITES_TRACKER<BR><BR><B>ELEVATION</B> = 0]]></description>
      <styleUrl>#area3</styleUrl>
      <Polygon>
        <altitudeMode>relativeToGround</altitudeMode>
        <extrude>1</extrude>
        <outerBoundaryIs>
          <LinearRing>
            <coordinates>
              -70.8002438547,-33.1081509780,0
              -70.8002545252,-33.1086740541,0
              -70.8002281185,-33.1086744356,0
              -70.8002174481,-33.1081513596,0
              -70.8002438547,-33.1081509780,0
            </coordinates>
          </LinearRing>
        </outerBoundaryIs>
      </Polygon>
    </Placemark>
    <Placemark>
      <description><![CDATA[LIMITES_TRACKER<BR><BR><B>ELEVATION</B> = 0]]></description>
      <styleUrl>#area5</styleUrl>
      <Polygon>
        <altitudeMode>relativeToGround</altitudeMode>
        <extrude>1</extrude>
        <outerBoundaryIs>
          <LinearRing>
            <coordinates>
              -70.8004482092,-33.1110031636,0
              -70.8004218017,-33.1110035452,0
              -70.8004111293,-33.1104804694,0
              -70.8004375366,-33.1104800878,0
              -70.8004482092,-33.1110031636,0
            </coordinates>
          </LinearRing>
        </outerBoundaryIs>
      </Polygon>
    </Placemark>
    <Placemark>
      <description><![CDATA[LIMITES_TRACKER<BR><BR><B>ELEVATION</B> = 0]]></description>
      <styleUrl>#area5</styleUrl>
      <Polygon>
        <altitudeMode>relativeToGround</altitudeMode>
        <extrude>1</extrude>
        <outerBoundaryIs>
          <LinearRing>
            <coordinates>
              -70.8003741162,-33.1104810042,0
              -70.8003847885,-33.1110040801,0
              -70.8003583810,-33.1110044616,0
              -70.8003477090,-33.1104813858,0
              -70.8003741162,-33.1104810042,0
            </coordinates>
          </LinearRing>
        </outerBoundaryIs>
      </Polygon>
    </Placemark>
    <Placemark>
      <description><![CDATA[LIMITES_TRACKER<BR><BR><B>ELEVATION</B> = 0]]></description>
      <styleUrl>#area1</styleUrl>
      <Polygon>
        <altitudeMode>relativeToGround</altitudeMode>
        <extrude>1</extrude>
        <outerBoundaryIs>
          <LinearRing>
            <coordinates>
              -70.8004776267,-33.1102811035,0
              -70.8004512195,-33.1102814851,0
              -70.8004405471,-33.1097584092,0
              -70.8004669542,-33.1097580276,0
              -70.8004776267,-33.1102811035,0
            </coordinates>
          </LinearRing>
        </outerBoundaryIs>
      </Polygon>
    </Placemark>
    <Placemark>
      <description><![CDATA[LIMITES_TRACKER<BR><BR><B>ELEVATION</B> = 0]]></description>
      <styleUrl>#area1</styleUrl>
      <Polygon>
        <altitudeMode>relativeToGround</altitudeMode>
        <extrude>1</extrude>
        <outerBoundaryIs>
          <LinearRing>
            <coordinates>
              -70.8004035344,-33.1097589441,0
              -70.8004142065,-33.1102820199,0
              -70.8003877993,-33.1102824015,0
              -70.8003771273,-33.1097593257,0
              -70.8004035344,-33.1097589441,0
            </coordinates>
          </LinearRing>
        </outerBoundaryIs>
      </Polygon>
    </Placemark>
    <Placemark>
      <description><![CDATA[LIMITES_TRACKER<BR><BR><B>ELEVATION</B> = 0]]></description>
      <styleUrl>#area2</styleUrl>
      <Polygon>
        <altitudeMode>relativeToGround</altitudeMode>
        <extrude>1</extrude>
        <outerBoundaryIs>
          <LinearRing>
            <coordinates>
              -70.8004668622,-33.1097535197,0
              -70.8004404552,-33.1097539014,0
              -70.8004297831,-33.1092308255,0
              -70.8004561900,-33.1092304439,0
              -70.8004668622,-33.1097535197,0
            </coordinates>
          </LinearRing>
        </outerBoundaryIs>
      </Polygon>
    </Placemark>
    <Placemark>
      <description><![CDATA[LIMITES_TRACKER<BR><BR><B>ELEVATION</B> = 0]]></description>
      <styleUrl>#area2</styleUrl>
      <Polygon>
        <altitudeMode>relativeToGround</altitudeMode>
        <extrude>1</extrude>
        <outerBoundaryIs>
          <LinearRing>
            <coordinates>
              -70.8003927706,-33.1092313603,0
              -70.8004034424,-33.1097544362,0
              -70.8003770354,-33.1097548178,0
              -70.8003663637,-33.1092317419,0
              -70.8003927706,-33.1092313603,0
            </coordinates>
          </LinearRing>
        </outerBoundaryIs>
      </Polygon>
    </Placemark>
    <Placemark>
      <description><![CDATA[LIMITES_TRACKER<BR><BR><B>ELEVATION</B> = 0]]></description>
      <styleUrl>#area2</styleUrl>
      <Polygon>
        <altitudeMode>relativeToGround</altitudeMode>
        <extrude>1</extrude>
        <outerBoundaryIs>
          <LinearRing>
            <coordinates>
              -70.8004555462,-33.1091988887,0
              -70.8004291393,-33.1091992703,0
              -70.8004184676,-33.1086761944,0
              -70.8004448743,-33.1086758128,0
              -70.8004555462,-33.1091988887,0
            </coordinates>
          </LinearRing>
        </outerBoundaryIs>
      </Polygon>
    </Placemark>
    <Placemark>
      <description><![CDATA[LIMITES_TRACKER<BR><BR><B>ELEVATION</B> = 0]]></description>
      <styleUrl>#area2</styleUrl>
      <Polygon>
        <altitudeMode>relativeToGround</altitudeMode>
        <extrude>1</extrude>
        <outerBoundaryIs>
          <LinearRing>
            <coordinates>
              -70.8003814553,-33.1086767292,0
              -70.8003921268,-33.1091998052,0
              -70.8003657199,-33.1092001867,0
              -70.8003550485,-33.1086771108,0
              -70.8003814553,-33.1086767292,0
            </coordinates>
          </LinearRing>
        </outerBoundaryIs>
      </Polygon>
    </Placemark>
    <Placemark>
      <description><![CDATA[LIMITES_TRACKER<BR><BR><B>ELEVATION</B> = 0]]></description>
      <styleUrl>#area3</styleUrl>
      <Polygon>
        <altitudeMode>relativeToGround</altitudeMode>
        <extrude>1</extrude>
        <outerBoundaryIs>
          <LinearRing>
            <coordinates>
              -70.8004447823,-33.1086713049,0
              -70.8004183756,-33.1086716865,0
              -70.8004077041,-33.1081486105,0
              -70.8004341107,-33.1081482289,0
              -70.8004447823,-33.1086713049,0
            </coordinates>
          </LinearRing>
        </outerBoundaryIs>
      </Polygon>
    </Placemark>
    <Placemark>
      <description><![CDATA[LIMITES_TRACKER<BR><BR><B>ELEVATION</B> = 0]]></description>
      <styleUrl>#area3</styleUrl>
      <Polygon>
        <altitudeMode>relativeToGround</altitudeMode>
        <extrude>1</extrude>
        <outerBoundaryIs>
          <LinearRing>
            <coordinates>
              -70.8003706920,-33.1081491453,0
              -70.8003813633,-33.1086722213,0
              -70.8003549566,-33.1086726029,0
              -70.8003442855,-33.1081495269,0
              -70.8003706920,-33.1081491453,0
            </coordinates>
          </LinearRing>
        </outerBoundaryIs>
      </Polygon>
    </Placemark>
    <Placemark>
      <description><![CDATA[LIMITES_TRACKER<BR><BR><B>ELEVATION</B> = 0]]></description>
      <styleUrl>#area5</styleUrl>
      <Polygon>
        <altitudeMode>relativeToGround</altitudeMode>
        <extrude>1</extrude>
        <outerBoundaryIs>
          <LinearRing>
            <coordinates>
              -70.8005750506,-33.1110013305,0
              -70.8005486431,-33.1110017122,0
              -70.8005379699,-33.1104786364,0
              -70.8005643772,-33.1104782548,0
              -70.8005750506,-33.1110013305,0
            </coordinates>
          </LinearRing>
        </outerBoundaryIs>
      </Polygon>
    </Placemark>
    <Placemark>
      <description><![CDATA[LIMITES_TRACKER<BR><BR><B>ELEVATION</B> = 0]]></description>
      <styleUrl>#area5</styleUrl>
      <Polygon>
        <altitudeMode>relativeToGround</altitudeMode>
        <extrude>1</extrude>
        <outerBoundaryIs>
          <LinearRing>
            <coordinates>
              -70.8005009569,-33.1104791713,0
              -70.8005116299,-33.1110022471,0
              -70.8004852224,-33.1110026287,0
              -70.8004745496,-33.1104795529,0
              -70.8005009569,-33.1104791713,0
            </coordinates>
          </LinearRing>
        </outerBoundaryIs>
      </Polygon>
    </Placemark>
    <Placemark>
      <description><![CDATA[LIMITES_TRACKER<BR><BR><B>ELEVATION</B> = 0]]></description>
      <styleUrl>#area1</styleUrl>
      <Polygon>
        <altitudeMode>relativeToGround</altitudeMode>
        <extrude>1</extrude>
        <outerBoundaryIs>
          <LinearRing>
            <coordinates>
              -70.8006044671,-33.1102792704,0
              -70.8005780598,-33.1102796521,0
              -70.8005673868,-33.1097565763,0
              -70.8005937938,-33.1097561946,0
              -70.8006044671,-33.1102792704,0
            </coordinates>
          </LinearRing>
        </outerBoundaryIs>
      </Polygon>
    </Placemark>
    <Placemark>
      <description><![CDATA[LIMITES_TRACKER<BR><BR><B>ELEVATION</B> = 0]]></description>
      <styleUrl>#area1</styleUrl>
      <Polygon>
        <altitudeMode>relativeToGround</altitudeMode>
        <extrude>1</extrude>
        <outerBoundaryIs>
          <LinearRing>
            <coordinates>
              -70.8005303740,-33.1097571111,0
              -70.8005410469,-33.1102801870,0
              -70.8005146397,-33.1102805686,0
              -70.8005039669,-33.1097574928,0
              -70.8005303740,-33.1097571111,0
            </coordinates>
          </LinearRing>
        </outerBoundaryIs>
      </Polygon>
    </Placemark>
    <Placemark>
      <description><![CDATA[LIMITES_TRACKER<BR><BR><B>ELEVATION</B> = 0]]></description>
      <styleUrl>#area2</styleUrl>
      <Polygon>
        <altitudeMode>relativeToGround</altitudeMode>
        <extrude>1</extrude>
        <outerBoundaryIs>
          <LinearRing>
            <coordinates>
              -70.8005937018,-33.1097516867,0
              -70.8005672948,-33.1097520684,0
              -70.8005566220,-33.1092289925,0
              -70.8005830289,-33.1092286109,0
              -70.8005937018,-33.1097516867,0
            </coordinates>
          </LinearRing>
        </outerBoundaryIs>
      </Polygon>
    </Placemark>
    <Placemark>
      <description><![CDATA[LIMITES_TRACKER<BR><BR><B>ELEVATION</B> = 0]]></description>
      <styleUrl>#area2</styleUrl>
      <Polygon>
        <altitudeMode>relativeToGround</altitudeMode>
        <extrude>1</extrude>
        <outerBoundaryIs>
          <LinearRing>
            <coordinates>
              -70.8005196095,-33.1092295274,0
              -70.8005302820,-33.1097526033,0
              -70.8005038750,-33.1097529849,0
              -70.8004932025,-33.1092299090,0
              -70.8005196095,-33.1092295274,0
            </coordinates>
          </LinearRing>
        </outerBoundaryIs>
      </Polygon>
    </Placemark>
    <Placemark>
      <description><![CDATA[LIMITES_TRACKER<BR><BR><B>ELEVATION</B> = 0]]></description>
      <styleUrl>#area2</styleUrl>
      <Polygon>
        <altitudeMode>relativeToGround</altitudeMode>
        <extrude>1</extrude>
        <outerBoundaryIs>
          <LinearRing>
            <coordinates>
              -70.8005823850,-33.1091970558,0
              -70.8005559781,-33.1091974374,0
              -70.8005453056,-33.1086743615,0
              -70.8005717124,-33.1086739799,0
              -70.8005823850,-33.1091970558,0
            </coordinates>
          </LinearRing>
        </outerBoundaryIs>
      </Polygon>
    </Placemark>
    <Placemark>
      <description><![CDATA[LIMITES_TRACKER<BR><BR><B>ELEVATION</B> = 0]]></description>
      <styleUrl>#area2</styleUrl>
      <Polygon>
        <altitudeMode>relativeToGround</altitudeMode>
        <extrude>1</extrude>
        <outerBoundaryIs>
          <LinearRing>
            <coordinates>
              -70.8005082933,-33.1086748963,0
              -70.8005189656,-33.1091979723,0
              -70.8004925587,-33.1091983539,0
              -70.8004818866,-33.1086752779,0
              -70.8005082933,-33.1086748963,0
            </coordinates>
          </LinearRing>
        </outerBoundaryIs>
      </Polygon>
    </Placemark>
    <Placemark>
      <description><![CDATA[LIMITES_TRACKER<BR><BR><B>ELEVATION</B> = 0]]></description>
      <styleUrl>#area3</styleUrl>
      <Polygon>
        <altitudeMode>relativeToGround</altitudeMode>
        <extrude>1</extrude>
        <outerBoundaryIs>
          <LinearRing>
            <coordinates>
              -70.8005716204,-33.1086694720,0
              -70.8005452136,-33.1086698536,0
              -70.8005345414,-33.1081467777,0
              -70.8005609480,-33.1081463960,0
              -70.8005716204,-33.1086694720,0
            </coordinates>
          </LinearRing>
        </outerBoundaryIs>
      </Polygon>
    </Placemark>
    <Placemark>
      <description><![CDATA[LIMITES_TRACKER<BR><BR><B>ELEVATION</B> = 0]]></description>
      <styleUrl>#area3</styleUrl>
      <Polygon>
        <altitudeMode>relativeToGround</altitudeMode>
        <extrude>1</extrude>
        <outerBoundaryIs>
          <LinearRing>
            <coordinates>
              -70.8004975293,-33.1081473125,0
              -70.8005082014,-33.1086703885,0
              -70.8004817946,-33.1086707701,0
              -70.8004711228,-33.1081476941,0
              -70.8004975293,-33.1081473125,0
            </coordinates>
          </LinearRing>
        </outerBoundaryIs>
      </Polygon>
    </Placemark>
    <Placemark>
      <description><![CDATA[LIMITES_TRACKER<BR><BR><B>ELEVATION</B> = 0]]></description>
      <styleUrl>#area5</styleUrl>
      <Polygon>
        <altitudeMode>relativeToGround</altitudeMode>
        <extrude>1</extrude>
        <outerBoundaryIs>
          <LinearRing>
            <coordinates>
              -70.8007018920,-33.1109994974,0
              -70.8006754845,-33.1109998790,0
              -70.8006648106,-33.1104768033,0
              -70.8006912179,-33.1104764216,0
              -70.8007018920,-33.1109994974,0
            </coordinates>
          </LinearRing>
        </outerBoundaryIs>
      </Polygon>
    </Placemark>
    <Placemark>
      <description><![CDATA[LIMITES_TRACKER<BR><BR><B>ELEVATION</B> = 0]]></description>
      <styleUrl>#area5</styleUrl>
      <Polygon>
        <altitudeMode>relativeToGround</altitudeMode>
        <extrude>1</extrude>
        <outerBoundaryIs>
          <LinearRing>
            <coordinates>
              -70.8006277975,-33.1104773382,0
              -70.8006384713,-33.1110004140,0
              -70.8006120638,-33.1110007956,0
              -70.8006013903,-33.1104777199,0
              -70.8006277975,-33.1104773382,0
            </coordinates>
          </LinearRing>
        </outerBoundaryIs>
      </Polygon>
    </Placemark>
    <Placemark>
      <description><![CDATA[LIMITES_TRACKER<BR><BR><B>ELEVATION</B> = 0]]></description>
      <styleUrl>#area1</styleUrl>
      <Polygon>
        <altitudeMode>relativeToGround</altitudeMode>
        <extrude>1</extrude>
        <outerBoundaryIs>
          <LinearRing>
            <coordinates>
              -70.8007313074,-33.1102774373,0
              -70.8007049002,-33.1102778189,0
              -70.8006942264,-33.1097547431,0
              -70.8007206334,-33.1097543615,0
              -70.8007313074,-33.1102774373,0
            </coordinates>
          </LinearRing>
        </outerBoundaryIs>
      </Polygon>
    </Placemark>
    <Placemark>
      <description><![CDATA[LIMITES_TRACKER<BR><BR><B>ELEVATION</B> = 0]]></description>
      <styleUrl>#area1</styleUrl>
      <Polygon>
        <altitudeMode>relativeToGround</altitudeMode>
        <extrude>1</extrude>
        <outerBoundaryIs>
          <LinearRing>
            <coordinates>
              -70.8006572136,-33.1097552781,0
              -70.8006678872,-33.1102783539,0
              -70.8006414800,-33.1102787355,0
              -70.8006308066,-33.1097556597,0
              -70.8006572136,-33.1097552781,0
            </coordinates>
          </LinearRing>
        </outerBoundaryIs>
      </Polygon>
    </Placemark>
    <Placemark>
      <description><![CDATA[LIMITES_TRACKER<BR><BR><B>ELEVATION</B> = 0]]></description>
      <styleUrl>#area2</styleUrl>
      <Polygon>
        <altitudeMode>relativeToGround</altitudeMode>
        <extrude>1</extrude>
        <outerBoundaryIs>
          <LinearRing>
            <coordinates>
              -70.8007205414,-33.1097498536,0
              -70.8006941344,-33.1097502353,0
              -70.8006834608,-33.1092271595,0
              -70.8007098677,-33.1092267778,0
              -70.8007205414,-33.1097498536,0
            </coordinates>
          </LinearRing>
        </outerBoundaryIs>
      </Polygon>
    </Placemark>
    <Placemark>
      <description><![CDATA[LIMITES_TRACKER<BR><BR><B>ELEVATION</B> = 0]]></description>
      <styleUrl>#area2</styleUrl>
      <Polygon>
        <altitudeMode>relativeToGround</altitudeMode>
        <extrude>1</extrude>
        <outerBoundaryIs>
          <LinearRing>
            <coordinates>
              -70.8006464483,-33.1092276944,0
              -70.8006571216,-33.1097507702,0
              -70.8006307146,-33.1097511518,0
              -70.8006200414,-33.1092280760,0
              -70.8006464483,-33.1092276944,0
            </coordinates>
          </LinearRing>
        </outerBoundaryIs>
      </Polygon>
    </Placemark>
    <Placemark>
      <description><![CDATA[LIMITES_TRACKER<BR><BR><B>ELEVATION</B> = 0]]></description>
      <styleUrl>#area2</styleUrl>
      <Polygon>
        <altitudeMode>relativeToGround</altitudeMode>
        <extrude>1</extrude>
        <outerBoundaryIs>
          <LinearRing>
            <coordinates>
              -70.8007092238,-33.1091952227,0
              -70.8006828169,-33.1091956043,0
              -70.8006721437,-33.1086725285,0
              -70.8006985504,-33.1086721468,0
              -70.8007092238,-33.1091952227,0
            </coordinates>
          </LinearRing>
        </outerBoundaryIs>
      </Polygon>
    </Placemark>
    <Placemark>
      <description><![CDATA[LIMITES_TRACKER<BR><BR><B>ELEVATION</B> = 0]]></description>
      <styleUrl>#area2</styleUrl>
      <Polygon>
        <altitudeMode>relativeToGround</altitudeMode>
        <extrude>1</extrude>
        <outerBoundaryIs>
          <LinearRing>
            <coordinates>
              -70.8006351314,-33.1086730634,0
              -70.8006458044,-33.1091961392,0
              -70.8006193975,-33.1091965209,0
              -70.8006087246,-33.1086734450,0
              -70.8006351314,-33.1086730634,0
            </coordinates>
          </LinearRing>
        </outerBoundaryIs>
      </Polygon>
    </Placemark>
    <Placemark>
      <description><![CDATA[LIMITES_TRACKER<BR><BR><B>ELEVATION</B> = 0]]></description>
      <styleUrl>#area3</styleUrl>
      <Polygon>
        <altitudeMode>relativeToGround</altitudeMode>
        <extrude>1</extrude>
        <outerBoundaryIs>
          <LinearRing>
            <coordinates>
              -70.8006984584,-33.1086676389,0
              -70.8006720517,-33.1086680206,0
              -70.8006613787,-33.1081449447,0
              -70.8006877853,-33.1081445630,0
              -70.8006984584,-33.1086676389,0
            </coordinates>
          </LinearRing>
        </outerBoundaryIs>
      </Polygon>
    </Placemark>
    <Placemark>
      <description><![CDATA[LIMITES_TRACKER<BR><BR><B>ELEVATION</B> = 0]]></description>
      <styleUrl>#area3</styleUrl>
      <Polygon>
        <altitudeMode>relativeToGround</altitudeMode>
        <extrude>1</extrude>
        <outerBoundaryIs>
          <LinearRing>
            <coordinates>
              -70.8006243666,-33.1081454796,0
              -70.8006350394,-33.1086685555,0
              -70.8006086327,-33.1086689371,0
              -70.8005979601,-33.1081458612,0
              -70.8006243666,-33.1081454796,0
            </coordinates>
          </LinearRing>
        </outerBoundaryIs>
      </Polygon>
    </Placemark>
    <Placemark>
      <description><![CDATA[LIMITES_TRACKER<BR><BR><B>ELEVATION</B> = 0]]></description>
      <styleUrl>#area5</styleUrl>
      <Polygon>
        <altitudeMode>relativeToGround</altitudeMode>
        <extrude>1</extrude>
        <outerBoundaryIs>
          <LinearRing>
            <coordinates>
              -70.8008287334,-33.1109976641,0
              -70.8008023259,-33.1109980458,0
              -70.8007916512,-33.1104749701,0
              -70.8008180585,-33.1104745884,0
              -70.8008287334,-33.1109976641,0
            </coordinates>
          </LinearRing>
        </outerBoundaryIs>
      </Polygon>
    </Placemark>
    <Placemark>
      <description><![CDATA[LIMITES_TRACKER<BR><BR><B>ELEVATION</B> = 0]]></description>
      <styleUrl>#area5</styleUrl>
      <Polygon>
        <altitudeMode>relativeToGround</altitudeMode>
        <extrude>1</extrude>
        <outerBoundaryIs>
          <LinearRing>
            <coordinates>
              -70.8007546382,-33.1104755050,0
              -70.8007653127,-33.1109985807,0
              -70.8007389052,-33.1109989624,0
              -70.8007282309,-33.1104758867,0
              -70.8007546382,-33.1104755050,0
            </coordinates>
          </LinearRing>
        </outerBoundaryIs>
      </Polygon>
    </Placemark>
    <Placemark>
      <description><![CDATA[LIMITES_TRACKER<BR><BR><B>ELEVATION</B> = 0]]></description>
      <styleUrl>#area1</styleUrl>
      <Polygon>
        <altitudeMode>relativeToGround</altitudeMode>
        <extrude>1</extrude>
        <outerBoundaryIs>
          <LinearRing>
            <coordinates>
              -70.8008581477,-33.1102756040,0
              -70.8008317405,-33.1102759856,0
              -70.8008210659,-33.1097529099,0
              -70.8008474730,-33.1097525282,0
              -70.8008581477,-33.1102756040,0
            </coordinates>
          </LinearRing>
        </outerBoundaryIs>
      </Polygon>
    </Placemark>
    <Placemark>
      <description><![CDATA[LIMITES_TRACKER<BR><BR><B>ELEVATION</B> = 0]]></description>
      <styleUrl>#area1</styleUrl>
      <Polygon>
        <altitudeMode>relativeToGround</altitudeMode>
        <extrude>1</extrude>
        <outerBoundaryIs>
          <LinearRing>
            <coordinates>
              -70.8007840532,-33.1097534449,0
              -70.8007947276,-33.1102765206,0
              -70.8007683204,-33.1102769023,0
              -70.8007576462,-33.1097538265,0
              -70.8007840532,-33.1097534449,0
            </coordinates>
          </LinearRing>
        </outerBoundaryIs>
      </Polygon>
    </Placemark>
    <Placemark>
      <description><![CDATA[LIMITES_TRACKER<BR><BR><B>ELEVATION</B> = 0]]></description>
      <styleUrl>#area2</styleUrl>
      <Polygon>
        <altitudeMode>relativeToGround</altitudeMode>
        <extrude>1</extrude>
        <outerBoundaryIs>
          <LinearRing>
            <coordinates>
              -70.8008473810,-33.1097480204,0
              -70.8008209740,-33.1097484020,0
              -70.8008102996,-33.1092253263,0
              -70.8008367065,-33.1092249446,0
              -70.8008473810,-33.1097480204,0
            </coordinates>
          </LinearRing>
        </outerBoundaryIs>
      </Polygon>
    </Placemark>
    <Placemark>
      <description><![CDATA[LIMITES_TRACKER<BR><BR><B>ELEVATION</B> = 0]]></description>
      <styleUrl>#area2</styleUrl>
      <Polygon>
        <altitudeMode>relativeToGround</altitudeMode>
        <extrude>1</extrude>
        <outerBoundaryIs>
          <LinearRing>
            <coordinates>
              -70.8007732871,-33.1092258612,0
              -70.8007839612,-33.1097489370,0
              -70.8007575542,-33.1097493187,0
              -70.8007468802,-33.1092262429,0
              -70.8007732871,-33.1092258612,0
            </coordinates>
          </LinearRing>
        </outerBoundaryIs>
      </Polygon>
    </Placemark>
    <Placemark>
      <description><![CDATA[LIMITES_TRACKER<BR><BR><B>ELEVATION</B> = 0]]></description>
      <styleUrl>#area2</styleUrl>
      <Polygon>
        <altitudeMode>relativeToGround</altitudeMode>
        <extrude>1</extrude>
        <outerBoundaryIs>
          <LinearRing>
            <coordinates>
              -70.8008360626,-33.1091933895,0
              -70.8008096557,-33.1091937711,0
              -70.8007989817,-33.1086706953,0
              -70.8008253884,-33.1086703136,0
              -70.8008360626,-33.1091933895,0
            </coordinates>
          </LinearRing>
        </outerBoundaryIs>
      </Polygon>
    </Placemark>
    <Placemark>
      <description><![CDATA[LIMITES_TRACKER<BR><BR><B>ELEVATION</B> = 0]]></description>
      <styleUrl>#area2</styleUrl>
      <Polygon>
        <altitudeMode>relativeToGround</altitudeMode>
        <extrude>1</extrude>
        <outerBoundaryIs>
          <LinearRing>
            <coordinates>
              -70.8007619694,-33.1086712302,0
              -70.8007726432,-33.1091943061,0
              -70.8007462363,-33.1091946877,0
              -70.8007355627,-33.1086716119,0
              -70.8007619694,-33.1086712302,0
            </coordinates>
          </LinearRing>
        </outerBoundaryIs>
      </Polygon>
    </Placemark>
    <Placemark>
      <description><![CDATA[LIMITES_TRACKER<BR><BR><B>ELEVATION</B> = 0]]></description>
      <styleUrl>#area3</styleUrl>
      <Polygon>
        <altitudeMode>relativeToGround</altitudeMode>
        <extrude>1</extrude>
        <outerBoundaryIs>
          <LinearRing>
            <coordinates>
              -70.8008252964,-33.1086658058,0
              -70.8007988897,-33.1086661874,0
              -70.8007882160,-33.1081431115,0
              -70.8008146226,-33.1081427299,0
              -70.8008252964,-33.1086658058,0
            </coordinates>
          </LinearRing>
        </outerBoundaryIs>
      </Polygon>
    </Placemark>
    <Placemark>
      <description><![CDATA[LIMITES_TRACKER<BR><BR><B>ELEVATION</B> = 0]]></description>
      <styleUrl>#area3</styleUrl>
      <Polygon>
        <altitudeMode>relativeToGround</altitudeMode>
        <extrude>1</extrude>
        <outerBoundaryIs>
          <LinearRing>
            <coordinates>
              -70.8007512039,-33.1081436465,0
              -70.8007618774,-33.1086667224,0
              -70.8007354707,-33.1086671040,0
              -70.8007247973,-33.1081440281,0
              -70.8007512039,-33.1081436465,0
            </coordinates>
          </LinearRing>
        </outerBoundaryIs>
      </Polygon>
    </Placemark>
    <Placemark>
      <description><![CDATA[LIMITES_TRACKER<BR><BR><B>ELEVATION</B> = 0]]></description>
      <styleUrl>#area5</styleUrl>
      <Polygon>
        <altitudeMode>relativeToGround</altitudeMode>
        <extrude>1</extrude>
        <outerBoundaryIs>
          <LinearRing>
            <coordinates>
              -70.8009555747,-33.1109958306,0
              -70.8009291673,-33.1109962123,0
              -70.8009184918,-33.1104731367,0
              -70.8009448991,-33.1104727550,0
              -70.8009555747,-33.1109958306,0
            </coordinates>
          </LinearRing>
        </outerBoundaryIs>
      </Polygon>
    </Placemark>
    <Placemark>
      <description><![CDATA[LIMITES_TRACKER<BR><BR><B>ELEVATION</B> = 0]]></description>
      <styleUrl>#area5</styleUrl>
      <Polygon>
        <altitudeMode>relativeToGround</altitudeMode>
        <extrude>1</extrude>
        <outerBoundaryIs>
          <LinearRing>
            <coordinates>
              -70.8008814788,-33.1104736717,0
              -70.8008921540,-33.1109967474,0
              -70.8008657466,-33.1109971291,0
              -70.8008550715,-33.1104740534,0
              -70.8008814788,-33.1104736717,0
            </coordinates>
          </LinearRing>
        </outerBoundaryIs>
      </Polygon>
    </Placemark>
    <Placemark>
      <description><![CDATA[LIMITES_TRACKER<BR><BR><B>ELEVATION</B> = 0]]></description>
      <styleUrl>#area1</styleUrl>
      <Polygon>
        <altitudeMode>relativeToGround</altitudeMode>
        <extrude>1</extrude>
        <outerBoundaryIs>
          <LinearRing>
            <coordinates>
              -70.8009849881,-33.1102737705,0
              -70.8009585809,-33.1102741523,0
              -70.8009479055,-33.1097510766,0
              -70.8009743126,-33.1097506948,0
              -70.8009849881,-33.1102737705,0
            </coordinates>
          </LinearRing>
        </outerBoundaryIs>
      </Polygon>
    </Placemark>
    <Placemark>
      <description><![CDATA[LIMITES_TRACKER<BR><BR><B>ELEVATION</B> = 0]]></description>
      <styleUrl>#area1</styleUrl>
      <Polygon>
        <altitudeMode>relativeToGround</altitudeMode>
        <extrude>1</extrude>
        <outerBoundaryIs>
          <LinearRing>
            <coordinates>
              -70.8009108928,-33.1097516116,0
              -70.8009215679,-33.1102746873,0
              -70.8008951607,-33.1102750690,0
              -70.8008844857,-33.1097519932,0
              -70.8009108928,-33.1097516116,0
            </coordinates>
          </LinearRing>
        </outerBoundaryIs>
      </Polygon>
    </Placemark>
    <Placemark>
      <description><![CDATA[LIMITES_TRACKER<BR><BR><B>ELEVATION</B> = 0]]></description>
      <styleUrl>#area2</styleUrl>
      <Polygon>
        <altitudeMode>relativeToGround</altitudeMode>
        <extrude>1</extrude>
        <outerBoundaryIs>
          <LinearRing>
            <coordinates>
              -70.8009742206,-33.1097461870,0
              -70.8009478135,-33.1097465687,0
              -70.8009371385,-33.1092234929,0
              -70.8009635454,-33.1092231112,0
              -70.8009742206,-33.1097461870,0
            </coordinates>
          </LinearRing>
        </outerBoundaryIs>
      </Polygon>
    </Placemark>
    <Placemark>
      <description><![CDATA[LIMITES_TRACKER<BR><BR><B>ELEVATION</B> = 0]]></description>
      <styleUrl>#area2</styleUrl>
      <Polygon>
        <altitudeMode>relativeToGround</altitudeMode>
        <extrude>1</extrude>
        <outerBoundaryIs>
          <LinearRing>
            <coordinates>
              -70.8009001260,-33.1092240279,0
              -70.8009108008,-33.1097471037,0
              -70.8008843937,-33.1097474854,0
              -70.8008737191,-33.1092244096,0
              -70.8009001260,-33.1092240279,0
            </coordinates>
          </LinearRing>
        </outerBoundaryIs>
      </Polygon>
    </Placemark>
    <Placemark>
      <description><![CDATA[LIMITES_TRACKER<BR><BR><B>ELEVATION</B> = 0]]></description>
      <styleUrl>#area2</styleUrl>
      <Polygon>
        <altitudeMode>relativeToGround</altitudeMode>
        <extrude>1</extrude>
        <outerBoundaryIs>
          <LinearRing>
            <coordinates>
              -70.8009629014,-33.1091915561,0
              -70.8009364945,-33.1091919378,0
              -70.8009258197,-33.1086688620,0
              -70.8009522265,-33.1086684803,0
              -70.8009629014,-33.1091915561,0
            </coordinates>
          </LinearRing>
        </outerBoundaryIs>
      </Polygon>
    </Placemark>
    <Placemark>
      <description><![CDATA[LIMITES_TRACKER<BR><BR><B>ELEVATION</B> = 0]]></description>
      <styleUrl>#area2</styleUrl>
      <Polygon>
        <altitudeMode>relativeToGround</altitudeMode>
        <extrude>1</extrude>
        <outerBoundaryIs>
          <LinearRing>
            <coordinates>
              -70.8008888075,-33.1086693970,0
              -70.8008994820,-33.1091924728,0
              -70.8008730751,-33.1091928545,0
              -70.8008624007,-33.1086697787,0
              -70.8008888075,-33.1086693970,0
            </coordinates>
          </LinearRing>
        </outerBoundaryIs>
      </Polygon>
    </Placemark>
    <Placemark>
      <description><![CDATA[LIMITES_TRACKER<BR><BR><B>ELEVATION</B> = 0]]></description>
      <styleUrl>#area3</styleUrl>
      <Polygon>
        <altitudeMode>relativeToGround</altitudeMode>
        <extrude>1</extrude>
        <outerBoundaryIs>
          <LinearRing>
            <coordinates>
              -70.8009521345,-33.1086639724,0
              -70.8009257277,-33.1086643541,0
              -70.8009150532,-33.1081412783,0
              -70.8009414598,-33.1081408966,0
              -70.8009521345,-33.1086639724,0
            </coordinates>
          </LinearRing>
        </outerBoundaryIs>
      </Polygon>
    </Placemark>
    <Placemark>
      <description><![CDATA[LIMITES_TRACKER<BR><BR><B>ELEVATION</B> = 0]]></description>
      <styleUrl>#area3</styleUrl>
      <Polygon>
        <altitudeMode>relativeToGround</altitudeMode>
        <extrude>1</extrude>
        <outerBoundaryIs>
          <LinearRing>
            <coordinates>
              -70.8008780412,-33.1081418133,0
              -70.8008887155,-33.1086648891,0
              -70.8008623087,-33.1086652708,0
              -70.8008516346,-33.1081421949,0
              -70.8008780412,-33.1081418133,0
            </coordinates>
          </LinearRing>
        </outerBoundaryIs>
      </Polygon>
    </Placemark>
    <Placemark>
      <description><![CDATA[LIMITES_TRACKER<BR><BR><B>ELEVATION</B> = 0]]></description>
      <styleUrl>#area5</styleUrl>
      <Polygon>
        <altitudeMode>relativeToGround</altitudeMode>
        <extrude>1</extrude>
        <outerBoundaryIs>
          <LinearRing>
            <coordinates>
              -70.8010824161,-33.1109939971,0
              -70.8010560086,-33.1109943788,0
              -70.8010453324,-33.1104713032,0
              -70.8010717397,-33.1104709215,0
              -70.8010824161,-33.1109939971,0
            </coordinates>
          </LinearRing>
        </outerBoundaryIs>
      </Polygon>
    </Placemark>
    <Placemark>
      <description><![CDATA[LIMITES_TRACKER<BR><BR><B>ELEVATION</B> = 0]]></description>
      <styleUrl>#area5</styleUrl>
      <Polygon>
        <altitudeMode>relativeToGround</altitudeMode>
        <extrude>1</extrude>
        <outerBoundaryIs>
          <LinearRing>
            <coordinates>
              -70.8010083194,-33.1104718382,0
              -70.8010189954,-33.1109949139,0
              -70.8009925880,-33.1109952956,0
              -70.8009819121,-33.1104722200,0
              -70.8010083194,-33.1104718382,0
            </coordinates>
          </LinearRing>
        </outerBoundaryIs>
      </Polygon>
    </Placemark>
    <Placemark>
      <description><![CDATA[LIMITES_TRACKER<BR><BR><B>ELEVATION</B> = 0]]></description>
      <styleUrl>#area1</styleUrl>
      <Polygon>
        <altitudeMode>relativeToGround</altitudeMode>
        <extrude>1</extrude>
        <outerBoundaryIs>
          <LinearRing>
            <coordinates>
              -70.8011118284,-33.1102719370,0
              -70.8010854212,-33.1102723187,0
              -70.8010747451,-33.1097492431,0
              -70.8011011521,-33.1097488613,0
              -70.8011118284,-33.1102719370,0
            </coordinates>
          </LinearRing>
        </outerBoundaryIs>
      </Polygon>
    </Placemark>
    <Placemark>
      <description><![CDATA[LIMITES_TRACKER<BR><BR><B>ELEVATION</B> = 0]]></description>
      <styleUrl>#area1</styleUrl>
      <Polygon>
        <altitudeMode>relativeToGround</altitudeMode>
        <extrude>1</extrude>
        <outerBoundaryIs>
          <LinearRing>
            <coordinates>
              -70.8010377324,-33.1097497781,0
              -70.8010484082,-33.1102728538,0
              -70.8010220010,-33.1102732355,0
              -70.8010113253,-33.1097501598,0
              -70.8010377324,-33.1097497781,0
            </coordinates>
          </LinearRing>
        </outerBoundaryIs>
      </Polygon>
    </Placemark>
    <Placemark>
      <description><![CDATA[LIMITES_TRACKER<BR><BR><B>ELEVATION</B> = 0]]></description>
      <styleUrl>#area2</styleUrl>
      <Polygon>
        <altitudeMode>relativeToGround</altitudeMode>
        <extrude>1</extrude>
        <outerBoundaryIs>
          <LinearRing>
            <coordinates>
              -70.8011010601,-33.1097443535,0
              -70.8010746531,-33.1097447352,0
              -70.8010639773,-33.1092216595,0
              -70.8010903842,-33.1092212777,0
              -70.8011010601,-33.1097443535,0
            </coordinates>
          </LinearRing>
        </outerBoundaryIs>
      </Polygon>
    </Placemark>
    <Placemark>
      <description><![CDATA[LIMITES_TRACKER<BR><BR><B>ELEVATION</B> = 0]]></description>
      <styleUrl>#area2</styleUrl>
      <Polygon>
        <altitudeMode>relativeToGround</altitudeMode>
        <extrude>1</extrude>
        <outerBoundaryIs>
          <LinearRing>
            <coordinates>
              -70.8010269648,-33.1092221945,0
              -70.8010376404,-33.1097452702,0
              -70.8010112333,-33.1097456519,0
              -70.8010005579,-33.1092225762,0
              -70.8010269648,-33.1092221945,0
            </coordinates>
          </LinearRing>
        </outerBoundaryIs>
      </Polygon>
    </Placemark>
    <Placemark>
      <description><![CDATA[LIMITES_TRACKER<BR><BR><B>ELEVATION</B> = 0]]></description>
      <styleUrl>#area2</styleUrl>
      <Polygon>
        <altitudeMode>relativeToGround</altitudeMode>
        <extrude>1</extrude>
        <outerBoundaryIs>
          <LinearRing>
            <coordinates>
              -70.8010897401,-33.1091897226,0
              -70.8010633333,-33.1091901044,0
              -70.8010526577,-33.1086670286,0
              -70.8010790645,-33.1086666469,0
              -70.8010897401,-33.1091897226,0
            </coordinates>
          </LinearRing>
        </outerBoundaryIs>
      </Polygon>
    </Placemark>
    <Placemark>
      <description><![CDATA[LIMITES_TRACKER<BR><BR><B>ELEVATION</B> = 0]]></description>
      <styleUrl>#area2</styleUrl>
      <Polygon>
        <altitudeMode>relativeToGround</altitudeMode>
        <extrude>1</extrude>
        <outerBoundaryIs>
          <LinearRing>
            <coordinates>
              -70.8010156455,-33.1086675636,0
              -70.8010263208,-33.1091906394,0
              -70.8009999139,-33.1091910211,0
              -70.8009892387,-33.1086679453,0
              -70.8010156455,-33.1086675636,0
            </coordinates>
          </LinearRing>
        </outerBoundaryIs>
      </Polygon>
    </Placemark>
    <Placemark>
      <description><![CDATA[LIMITES_TRACKER<BR><BR><B>ELEVATION</B> = 0]]></description>
      <styleUrl>#area3</styleUrl>
      <Polygon>
        <altitudeMode>relativeToGround</altitudeMode>
        <extrude>1</extrude>
        <outerBoundaryIs>
          <LinearRing>
            <coordinates>
              -70.8010789725,-33.1086621390,0
              -70.8010525657,-33.1086625207,0
              -70.8010418905,-33.1081394449,0
              -70.8010682971,-33.1081390632,0
              -70.8010789725,-33.1086621390,0
            </coordinates>
          </LinearRing>
        </outerBoundaryIs>
      </Polygon>
    </Placemark>
    <Placemark>
      <description><![CDATA[LIMITES_TRACKER<BR><BR><B>ELEVATION</B> = 0]]></description>
      <styleUrl>#area3</styleUrl>
      <Polygon>
        <altitudeMode>relativeToGround</altitudeMode>
        <extrude>1</extrude>
        <outerBoundaryIs>
          <LinearRing>
            <coordinates>
              -70.8010048785,-33.1081399799,0
              -70.8010155535,-33.1086630557,0
              -70.8009891467,-33.1086634374,0
              -70.8009784719,-33.1081403616,0
              -70.8010048785,-33.1081399799,0
            </coordinates>
          </LinearRing>
        </outerBoundaryIs>
      </Polygon>
    </Placemark>
    <Placemark>
      <description><![CDATA[LIMITES_TRACKER<BR><BR><B>ELEVATION</B> = 0]]></description>
      <styleUrl>#area5</styleUrl>
      <Polygon>
        <altitudeMode>relativeToGround</altitudeMode>
        <extrude>1</extrude>
        <outerBoundaryIs>
          <LinearRing>
            <coordinates>
              -70.8012092574,-33.1109921634,0
              -70.8011828500,-33.1109925452,0
              -70.8011721730,-33.1104694696,0
              -70.8011985803,-33.1104690878,0
              -70.8012092574,-33.1109921634,0
            </coordinates>
          </LinearRing>
        </outerBoundaryIs>
      </Polygon>
    </Placemark>
    <Placemark>
      <description><![CDATA[LIMITES_TRACKER<BR><BR><B>ELEVATION</B> = 0]]></description>
      <styleUrl>#area5</styleUrl>
      <Polygon>
        <altitudeMode>relativeToGround</altitudeMode>
        <extrude>1</extrude>
        <outerBoundaryIs>
          <LinearRing>
            <coordinates>
              -70.8011351600,-33.1104700047,0
              -70.8011458367,-33.1109930802,0
              -70.8011194293,-33.1109934620,0
              -70.8011087527,-33.1104703864,0
              -70.8011351600,-33.1104700047,0
            </coordinates>
          </LinearRing>
        </outerBoundaryIs>
      </Polygon>
    </Placemark>
    <Placemark>
      <description><![CDATA[LIMITES_TRACKER<BR><BR><B>ELEVATION</B> = 0]]></description>
      <styleUrl>#area1</styleUrl>
      <Polygon>
        <altitudeMode>relativeToGround</altitudeMode>
        <extrude>1</extrude>
        <outerBoundaryIs>
          <LinearRing>
            <coordinates>
              -70.8012386687,-33.1102701033,0
              -70.8012122615,-33.1102704851,0
              -70.8012015846,-33.1097474094,0
              -70.8012279917,-33.1097470277,0
              -70.8012386687,-33.1102701033,0
            </coordinates>
          </LinearRing>
        </outerBoundaryIs>
      </Polygon>
    </Placemark>
    <Placemark>
      <description><![CDATA[LIMITES_TRACKER<BR><BR><B>ELEVATION</B> = 0]]></description>
      <styleUrl>#area1</styleUrl>
      <Polygon>
        <altitudeMode>relativeToGround</altitudeMode>
        <extrude>1</extrude>
        <outerBoundaryIs>
          <LinearRing>
            <coordinates>
              -70.8011645719,-33.1097479445,0
              -70.8011752485,-33.1102710202,0
              -70.8011488413,-33.1102714019,0
              -70.8011381649,-33.1097483263,0
              -70.8011645719,-33.1097479445,0
            </coordinates>
          </LinearRing>
        </outerBoundaryIs>
      </Polygon>
    </Placemark>
    <Placemark>
      <description><![CDATA[LIMITES_TRACKER<BR><BR><B>ELEVATION</B> = 0]]></description>
      <styleUrl>#area2</styleUrl>
      <Polygon>
        <altitudeMode>relativeToGround</altitudeMode>
        <extrude>1</extrude>
        <outerBoundaryIs>
          <LinearRing>
            <coordinates>
              -70.8012278997,-33.1097425198,0
              -70.8012014926,-33.1097429016,0
              -70.8011908161,-33.1092198259,0
              -70.8012172230,-33.1092194441,0
              -70.8012278997,-33.1097425198,0
            </coordinates>
          </LinearRing>
        </outerBoundaryIs>
      </Polygon>
    </Placemark>
    <Placemark>
      <description><![CDATA[LIMITES_TRACKER<BR><BR><B>ELEVATION</B> = 0]]></description>
      <styleUrl>#area2</styleUrl>
      <Polygon>
        <altitudeMode>relativeToGround</altitudeMode>
        <extrude>1</extrude>
        <outerBoundaryIs>
          <LinearRing>
            <coordinates>
              -70.8011538036,-33.1092203610,0
              -70.8011644799,-33.1097434366,0
              -70.8011380729,-33.1097438184,0
              -70.8011273967,-33.1092207427,0
              -70.8011538036,-33.1092203610,0
            </coordinates>
          </LinearRing>
        </outerBoundaryIs>
      </Polygon>
    </Placemark>
    <Placemark>
      <description><![CDATA[LIMITES_TRACKER<BR><BR><B>ELEVATION</B> = 0]]></description>
      <styleUrl>#area2</styleUrl>
      <Polygon>
        <altitudeMode>relativeToGround</altitudeMode>
        <extrude>1</extrude>
        <outerBoundaryIs>
          <LinearRing>
            <coordinates>
              -70.8012165789,-33.1091878890,0
              -70.8011901720,-33.1091882708,0
              -70.8011794957,-33.1086651950,0
              -70.8012059025,-33.1086648133,0
              -70.8012165789,-33.1091878890,0
            </coordinates>
          </LinearRing>
        </outerBoundaryIs>
      </Polygon>
    </Placemark>
    <Placemark>
      <description><![CDATA[LIMITES_TRACKER<BR><BR><B>ELEVATION</B> = 0]]></description>
      <styleUrl>#area2</styleUrl>
      <Polygon>
        <altitudeMode>relativeToGround</altitudeMode>
        <extrude>1</extrude>
        <outerBoundaryIs>
          <LinearRing>
            <coordinates>
              -70.8011424835,-33.1086657301,0
              -70.8011531595,-33.1091888058,0
              -70.8011267526,-33.1091891876,0
              -70.8011160767,-33.1086661118,0
              -70.8011424835,-33.1086657301,0
            </coordinates>
          </LinearRing>
        </outerBoundaryIs>
      </Polygon>
    </Placemark>
    <Placemark>
      <description><![CDATA[LIMITES_TRACKER<BR><BR><B>ELEVATION</B> = 0]]></description>
      <styleUrl>#area3</styleUrl>
      <Polygon>
        <altitudeMode>relativeToGround</altitudeMode>
        <extrude>1</extrude>
        <outerBoundaryIs>
          <LinearRing>
            <coordinates>
              -70.8012058105,-33.1086603054,0
              -70.8011794037,-33.1086606872,0
              -70.8011687277,-33.1081376114,0
              -70.8011951343,-33.1081372297,0
              -70.8012058105,-33.1086603054,0
            </coordinates>
          </LinearRing>
        </outerBoundaryIs>
      </Polygon>
    </Placemark>
    <Placemark>
      <description><![CDATA[LIMITES_TRACKER<BR><BR><B>ELEVATION</B> = 0]]></description>
      <styleUrl>#area3</styleUrl>
      <Polygon>
        <altitudeMode>relativeToGround</altitudeMode>
        <extrude>1</extrude>
        <outerBoundaryIs>
          <LinearRing>
            <coordinates>
              -70.8011317157,-33.1081381464,0
              -70.8011423915,-33.1086612222,0
              -70.8011159847,-33.1086616040,0
              -70.8011053091,-33.1081385282,0
              -70.8011317157,-33.1081381464,0
            </coordinates>
          </LinearRing>
        </outerBoundaryIs>
      </Polygon>
    </Placemark>
    <Placemark>
      <description><![CDATA[LIMITES_TRACKER<BR><BR><B>ELEVATION</B> = 0]]></description>
      <styleUrl>#area4</styleUrl>
      <Polygon>
        <altitudeMode>relativeToGround</altitudeMode>
        <extrude>1</extrude>
        <outerBoundaryIs>
          <LinearRing>
            <coordinates>
              -70.8013468689,-33.1115179129,0
              -70.8013204613,-33.1115182947,0
              -70.8013097833,-33.1109952192,0
              -70.8013361908,-33.1109948374,0
              -70.8013468689,-33.1115179129,0
            </coordinates>
          </LinearRing>
        </outerBoundaryIs>
      </Polygon>
    </Placemark>
    <Placemark>
      <description><![CDATA[LIMITES_TRACKER<BR><BR><B>ELEVATION</B> = 0]]></description>
      <styleUrl>#area4</styleUrl>
      <Polygon>
        <altitudeMode>relativeToGround</altitudeMode>
        <extrude>1</extrude>
        <outerBoundaryIs>
          <LinearRing>
            <coordinates>
              -70.8012727701,-33.1109957544,0
              -70.8012834479,-33.1115188299,0
              -70.8012570403,-33.1115192117,0
              -70.8012463627,-33.1109961361,0
              -70.8012727701,-33.1109957544,0
            </coordinates>
          </LinearRing>
        </outerBoundaryIs>
      </Polygon>
    </Placemark>
    <Placemark>
      <description><![CDATA[LIMITES_TRACKER<BR><BR><B>ELEVATION</B> = 0]]></description>
      <styleUrl>#area5</styleUrl>
      <Polygon>
        <altitudeMode>relativeToGround</altitudeMode>
        <extrude>1</extrude>
        <outerBoundaryIs>
          <LinearRing>
            <coordinates>
              -70.8013360987,-33.1109903296,0
              -70.8013096913,-33.1109907114,0
              -70.8012990136,-33.1104676358,0
              -70.8013254209,-33.1104672540,0
              -70.8013360987,-33.1109903296,0
            </coordinates>
          </LinearRing>
        </outerBoundaryIs>
      </Polygon>
    </Placemark>
    <Placemark>
      <description><![CDATA[LIMITES_TRACKER<BR><BR><B>ELEVATION</B> = 0]]></description>
      <styleUrl>#area5</styleUrl>
      <Polygon>
        <altitudeMode>relativeToGround</altitudeMode>
        <extrude>1</extrude>
        <outerBoundaryIs>
          <LinearRing>
            <coordinates>
              -70.8012620006,-33.1104681709,0
              -70.8012726781,-33.1109912465,0
              -70.8012462707,-33.1109916283,0
              -70.8012355933,-33.1104685527,0
              -70.8012620006,-33.1104681709,0
            </coordinates>
          </LinearRing>
        </outerBoundaryIs>
      </Polygon>
    </Placemark>
    <Placemark>
      <description><![CDATA[LIMITES_TRACKER<BR><BR><B>ELEVATION</B> = 0]]></description>
      <styleUrl>#area1</styleUrl>
      <Polygon>
        <altitudeMode>relativeToGround</altitudeMode>
        <extrude>1</extrude>
        <outerBoundaryIs>
          <LinearRing>
            <coordinates>
              -70.8013655090,-33.1102682695,0
              -70.8013391018,-33.1102686513,0
              -70.8013284242,-33.1097455757,0
              -70.8013548312,-33.1097451939,0
              -70.8013655090,-33.1102682695,0
            </coordinates>
          </LinearRing>
        </outerBoundaryIs>
      </Polygon>
    </Placemark>
    <Placemark>
      <description><![CDATA[LIMITES_TRACKER<BR><BR><B>ELEVATION</B> = 0]]></description>
      <styleUrl>#area1</styleUrl>
      <Polygon>
        <altitudeMode>relativeToGround</altitudeMode>
        <extrude>1</extrude>
        <outerBoundaryIs>
          <LinearRing>
            <coordinates>
              -70.8012914115,-33.1097461108,0
              -70.8013020888,-33.1102691864,0
              -70.8012756816,-33.1102695682,0
              -70.8012650044,-33.1097464926,0
              -70.8012914115,-33.1097461108,0
            </coordinates>
          </LinearRing>
        </outerBoundaryIs>
      </Polygon>
    </Placemark>
    <Placemark>
      <description><![CDATA[LIMITES_TRACKER<BR><BR><B>ELEVATION</B> = 0]]></description>
      <styleUrl>#area2</styleUrl>
      <Polygon>
        <altitudeMode>relativeToGround</altitudeMode>
        <extrude>1</extrude>
        <outerBoundaryIs>
          <LinearRing>
            <coordinates>
              -70.8013547392,-33.1097406860,0
              -70.8013283322,-33.1097410678,0
              -70.8013176549,-33.1092179922,0
              -70.8013440618,-33.1092176104,0
              -70.8013547392,-33.1097406860,0
            </coordinates>
          </LinearRing>
        </outerBoundaryIs>
      </Polygon>
    </Placemark>
    <Placemark>
      <description><![CDATA[LIMITES_TRACKER<BR><BR><B>ELEVATION</B> = 0]]></description>
      <styleUrl>#area2</styleUrl>
      <Polygon>
        <altitudeMode>relativeToGround</altitudeMode>
        <extrude>1</extrude>
        <outerBoundaryIs>
          <LinearRing>
            <coordinates>
              -70.8012806424,-33.1092185273,0
              -70.8012913195,-33.1097416029,0
              -70.8012649124,-33.1097419847,0
              -70.8012542355,-33.1092189091,0
              -70.8012806424,-33.1092185273,0
            </coordinates>
          </LinearRing>
        </outerBoundaryIs>
      </Polygon>
    </Placemark>
    <Placemark>
      <description><![CDATA[LIMITES_TRACKER<BR><BR><B>ELEVATION</B> = 0]]></description>
      <styleUrl>#area2</styleUrl>
      <Polygon>
        <altitudeMode>relativeToGround</altitudeMode>
        <extrude>1</extrude>
        <outerBoundaryIs>
          <LinearRing>
            <coordinates>
              -70.8013434176,-33.1091860553,0
              -70.8013170107,-33.1091864371,0
              -70.8013063337,-33.1086633614,0
              -70.8013327405,-33.1086629796,0
              -70.8013434176,-33.1091860553,0
            </coordinates>
          </LinearRing>
        </outerBoundaryIs>
      </Polygon>
    </Placemark>
    <Placemark>
      <description><![CDATA[LIMITES_TRACKER<BR><BR><B>ELEVATION</B> = 0]]></description>
      <styleUrl>#area2</styleUrl>
      <Polygon>
        <altitudeMode>relativeToGround</altitudeMode>
        <extrude>1</extrude>
        <outerBoundaryIs>
          <LinearRing>
            <coordinates>
              -70.8012693215,-33.1086638965,0
              -70.8012799983,-33.1091869722,0
              -70.8012535914,-33.1091873539,0
              -70.8012429147,-33.1086642782,0
              -70.8012693215,-33.1086638965,0
            </coordinates>
          </LinearRing>
        </outerBoundaryIs>
      </Polygon>
    </Placemark>
    <Placemark>
      <description><![CDATA[LIMITES_TRACKER<BR><BR><B>ELEVATION</B> = 0]]></description>
      <styleUrl>#area3</styleUrl>
      <Polygon>
        <altitudeMode>relativeToGround</altitudeMode>
        <extrude>1</extrude>
        <outerBoundaryIs>
          <LinearRing>
            <coordinates>
              -70.8013326484,-33.1086584717,0
              -70.8013062417,-33.1086588535,0
              -70.8012955650,-33.1081357778,0
              -70.8013219715,-33.1081353960,0
              -70.8013326484,-33.1086584717,0
            </coordinates>
          </LinearRing>
        </outerBoundaryIs>
      </Polygon>
    </Placemark>
    <Placemark>
      <description><![CDATA[LIMITES_TRACKER<BR><BR><B>ELEVATION</B> = 0]]></description>
      <styleUrl>#area3</styleUrl>
      <Polygon>
        <altitudeMode>relativeToGround</altitudeMode>
        <extrude>1</extrude>
        <outerBoundaryIs>
          <LinearRing>
            <coordinates>
              -70.8012585529,-33.1081363128,0
              -70.8012692295,-33.1086593886,0
              -70.8012428227,-33.1086597704,0
              -70.8012321464,-33.1081366946,0
              -70.8012585529,-33.1081363128,0
            </coordinates>
          </LinearRing>
        </outerBoundaryIs>
      </Polygon>
    </Placemark>
    <Placemark>
      <description><![CDATA[LIMITES_TRACKER<BR><BR><B>ELEVATION</B> = 0]]></description>
      <styleUrl>#area1</styleUrl>
      <Polygon>
        <altitudeMode>relativeToGround</altitudeMode>
        <extrude>1</extrude>
        <outerBoundaryIs>
          <LinearRing>
            <coordinates>
              -70.8014737110,-33.1115160789,0
              -70.8014473034,-33.1115164608,0
              -70.8014366247,-33.1109933853,0
              -70.8014630321,-33.1109930035,0
              -70.8014737110,-33.1115160789,0
            </coordinates>
          </LinearRing>
        </outerBoundaryIs>
      </Polygon>
    </Placemark>
    <Placemark>
      <description><![CDATA[LIMITES_TRACKER<BR><BR><B>ELEVATION</B> = 0]]></description>
      <styleUrl>#area1</styleUrl>
      <Polygon>
        <altitudeMode>relativeToGround</altitudeMode>
        <extrude>1</extrude>
        <outerBoundaryIs>
          <LinearRing>
            <coordinates>
              -70.8013996114,-33.1109939205,0
              -70.8014102900,-33.1115169959,0
              -70.8013838824,-33.1115173778,0
              -70.8013732040,-33.1109943023,0
              -70.8013996114,-33.1109939205,0
            </coordinates>
          </LinearRing>
        </outerBoundaryIs>
      </Polygon>
    </Placemark>
    <Placemark>
      <description><![CDATA[LIMITES_TRACKER<BR><BR><B>ELEVATION</B> = 0]]></description>
      <styleUrl>#area3</styleUrl>
      <Polygon>
        <altitudeMode>relativeToGround</altitudeMode>
        <extrude>1</extrude>
        <outerBoundaryIs>
          <LinearRing>
            <coordinates>
              -70.8014629401,-33.1109884956,0
              -70.8014365326,-33.1109888774,0
              -70.8014258542,-33.1104658019,0
              -70.8014522615,-33.1104654201,0
              -70.8014629401,-33.1109884956,0
            </coordinates>
          </LinearRing>
        </outerBoundaryIs>
      </Polygon>
    </Placemark>
    <Placemark>
      <description><![CDATA[LIMITES_TRACKER<BR><BR><B>ELEVATION</B> = 0]]></description>
      <styleUrl>#area3</styleUrl>
      <Polygon>
        <altitudeMode>relativeToGround</altitudeMode>
        <extrude>1</extrude>
        <outerBoundaryIs>
          <LinearRing>
            <coordinates>
              -70.8013888412,-33.1104663371,0
              -70.8013995194,-33.1109894126,0
              -70.8013731120,-33.1109897944,0
              -70.8013624339,-33.1104667189,0
              -70.8013888412,-33.1104663371,0
            </coordinates>
          </LinearRing>
        </outerBoundaryIs>
      </Polygon>
    </Placemark>
    <Placemark>
      <description><![CDATA[LIMITES_TRACKER<BR><BR><B>ELEVATION</B> = 0]]></description>
      <styleUrl>#area1</styleUrl>
      <Polygon>
        <altitudeMode>relativeToGround</altitudeMode>
        <extrude>1</extrude>
        <outerBoundaryIs>
          <LinearRing>
            <coordinates>
              -70.8014923493,-33.1102664355,0
              -70.8014659421,-33.1102668174,0
              -70.8014552637,-33.1097437418,0
              -70.8014816708,-33.1097433600,0
              -70.8014923493,-33.1102664355,0
            </coordinates>
          </LinearRing>
        </outerBoundaryIs>
      </Polygon>
    </Placemark>
    <Placemark>
      <description><![CDATA[LIMITES_TRACKER<BR><BR><B>ELEVATION</B> = 0]]></description>
      <styleUrl>#area1</styleUrl>
      <Polygon>
        <altitudeMode>relativeToGround</altitudeMode>
        <extrude>1</extrude>
        <outerBoundaryIs>
          <LinearRing>
            <coordinates>
              -70.8014182510,-33.1097442770,0
              -70.8014289291,-33.1102673525,0
              -70.8014025219,-33.1102677343,0
              -70.8013918440,-33.1097446588,0
              -70.8014182510,-33.1097442770,0
            </coordinates>
          </LinearRing>
        </outerBoundaryIs>
      </Polygon>
    </Placemark>
    <Placemark>
      <description><![CDATA[LIMITES_TRACKER<BR><BR><B>ELEVATION</B> = 0]]></description>
      <styleUrl>#area2</styleUrl>
      <Polygon>
        <altitudeMode>relativeToGround</altitudeMode>
        <extrude>1</extrude>
        <outerBoundaryIs>
          <LinearRing>
            <coordinates>
              -70.8014815787,-33.1097388521,0
              -70.8014551717,-33.1097392339,0
              -70.8014444936,-33.1092161583,0
              -70.8014709005,-33.1092157765,0
              -70.8014815787,-33.1097388521,0
            </coordinates>
          </LinearRing>
        </outerBoundaryIs>
      </Polygon>
    </Placemark>
    <Placemark>
      <description><![CDATA[LIMITES_TRACKER<BR><BR><B>ELEVATION</B> = 0]]></description>
      <styleUrl>#area2</styleUrl>
      <Polygon>
        <altitudeMode>relativeToGround</altitudeMode>
        <extrude>1</extrude>
        <outerBoundaryIs>
          <LinearRing>
            <coordinates>
              -70.8014074811,-33.1092166935,0
              -70.8014181590,-33.1097397691,0
              -70.8013917519,-33.1097401509,0
              -70.8013810743,-33.1092170753,0
              -70.8014074811,-33.1092166935,0
            </coordinates>
          </LinearRing>
        </outerBoundaryIs>
      </Polygon>
    </Placemark>
    <Placemark>
      <description><![CDATA[LIMITES_TRACKER<BR><BR><B>ELEVATION</B> = 0]]></description>
      <styleUrl>#area2</styleUrl>
      <Polygon>
        <altitudeMode>relativeToGround</altitudeMode>
        <extrude>1</extrude>
        <outerBoundaryIs>
          <LinearRing>
            <coordinates>
              -70.8014702564,-33.1091842214,0
              -70.8014438495,-33.1091846032,0
              -70.8014331717,-33.1086615276,0
              -70.8014595784,-33.1086611458,0
              -70.8014702564,-33.1091842214,0
            </coordinates>
          </LinearRing>
        </outerBoundaryIs>
      </Polygon>
    </Placemark>
    <Placemark>
      <description><![CDATA[LIMITES_TRACKER<BR><BR><B>ELEVATION</B> = 0]]></description>
      <styleUrl>#area2</styleUrl>
      <Polygon>
        <altitudeMode>relativeToGround</altitudeMode>
        <extrude>1</extrude>
        <outerBoundaryIs>
          <LinearRing>
            <coordinates>
              -70.8013961594,-33.1086620627,0
              -70.8014068370,-33.1091851384,0
              -70.8013804301,-33.1091855202,0
              -70.8013697527,-33.1086624445,0
              -70.8013961594,-33.1086620627,0
            </coordinates>
          </LinearRing>
        </outerBoundaryIs>
      </Polygon>
    </Placemark>
    <Placemark>
      <description><![CDATA[LIMITES_TRACKER<BR><BR><B>ELEVATION</B> = 0]]></description>
      <styleUrl>#area3</styleUrl>
      <Polygon>
        <altitudeMode>relativeToGround</altitudeMode>
        <extrude>1</extrude>
        <outerBoundaryIs>
          <LinearRing>
            <coordinates>
              -70.8014594864,-33.1086566379,0
              -70.8014330797,-33.1086570197,0
              -70.8014224022,-33.1081339440,0
              -70.8014488088,-33.1081335622,0
              -70.8014594864,-33.1086566379,0
            </coordinates>
          </LinearRing>
        </outerBoundaryIs>
      </Polygon>
    </Placemark>
    <Placemark>
      <description><![CDATA[LIMITES_TRACKER<BR><BR><B>ELEVATION</B> = 0]]></description>
      <styleUrl>#area3</styleUrl>
      <Polygon>
        <altitudeMode>relativeToGround</altitudeMode>
        <extrude>1</extrude>
        <outerBoundaryIs>
          <LinearRing>
            <coordinates>
              -70.8013853902,-33.1081344791,0
              -70.8013960674,-33.1086575548,0
              -70.8013696607,-33.1086579366,0
              -70.8013589836,-33.1081348609,0
              -70.8013853902,-33.1081344791,0
            </coordinates>
          </LinearRing>
        </outerBoundaryIs>
      </Polygon>
    </Placemark>
    <Placemark>
      <description><![CDATA[LIMITES_TRACKER<BR><BR><B>ELEVATION</B> = 0]]></description>
      <styleUrl>#area1</styleUrl>
      <Polygon>
        <altitudeMode>relativeToGround</altitudeMode>
        <extrude>1</extrude>
        <outerBoundaryIs>
          <LinearRing>
            <coordinates>
              -70.8016005531,-33.1115142448,0
              -70.8015741455,-33.1115146267,0
              -70.8015634660,-33.1109915513,0
              -70.8015898734,-33.1109911694,0
              -70.8016005531,-33.1115142448,0
            </coordinates>
          </LinearRing>
        </outerBoundaryIs>
      </Polygon>
    </Placemark>
    <Placemark>
      <description><![CDATA[LIMITES_TRACKER<BR><BR><B>ELEVATION</B> = 0]]></description>
      <styleUrl>#area1</styleUrl>
      <Polygon>
        <altitudeMode>relativeToGround</altitudeMode>
        <extrude>1</extrude>
        <outerBoundaryIs>
          <LinearRing>
            <coordinates>
              -70.8015264528,-33.1109920865,0
              -70.8015371320,-33.1115151619,0
              -70.8015107244,-33.1115155437,0
              -70.8015000453,-33.1109924683,0
              -70.8015264528,-33.1109920865,0
            </coordinates>
          </LinearRing>
        </outerBoundaryIs>
      </Polygon>
    </Placemark>
    <Placemark>
      <description><![CDATA[LIMITES_TRACKER<BR><BR><B>ELEVATION</B> = 0]]></description>
      <styleUrl>#area3</styleUrl>
      <Polygon>
        <altitudeMode>relativeToGround</altitudeMode>
        <extrude>1</extrude>
        <outerBoundaryIs>
          <LinearRing>
            <coordinates>
              -70.8015897814,-33.1109866615,0
              -70.8015633740,-33.1109870434,0
              -70.8015526948,-33.1104639679,0
              -70.8015791020,-33.1104635861,0
              -70.8015897814,-33.1109866615,0
            </coordinates>
          </LinearRing>
        </outerBoundaryIs>
      </Polygon>
    </Placemark>
    <Placemark>
      <description><![CDATA[LIMITES_TRACKER<BR><BR><B>ELEVATION</B> = 0]]></description>
      <styleUrl>#area3</styleUrl>
      <Polygon>
        <altitudeMode>relativeToGround</altitudeMode>
        <extrude>1</extrude>
        <outerBoundaryIs>
          <LinearRing>
            <coordinates>
              -70.8015156817,-33.1104645031,0
              -70.8015263607,-33.1109875786,0
              -70.8014999533,-33.1109879604,0
              -70.8014892745,-33.1104648849,0
              -70.8015156817,-33.1104645031,0
            </coordinates>
          </LinearRing>
        </outerBoundaryIs>
      </Polygon>
    </Placemark>
    <Placemark>
      <description><![CDATA[LIMITES_TRACKER<BR><BR><B>ELEVATION</B> = 0]]></description>
      <styleUrl>#area1</styleUrl>
      <Polygon>
        <altitudeMode>relativeToGround</altitudeMode>
        <extrude>1</extrude>
        <outerBoundaryIs>
          <LinearRing>
            <coordinates>
              -70.8016191895,-33.1102646015,0
              -70.8015927823,-33.1102649833,0
              -70.8015821032,-33.1097419078,0
              -70.8016085103,-33.1097415260,0
              -70.8016191895,-33.1102646015,0
            </coordinates>
          </LinearRing>
        </outerBoundaryIs>
      </Polygon>
    </Placemark>
    <Placemark>
      <description><![CDATA[LIMITES_TRACKER<BR><BR><B>ELEVATION</B> = 0]]></description>
      <styleUrl>#area1</styleUrl>
      <Polygon>
        <altitudeMode>relativeToGround</altitudeMode>
        <extrude>1</extrude>
        <outerBoundaryIs>
          <LinearRing>
            <coordinates>
              -70.8015450905,-33.1097424430,0
              -70.8015557694,-33.1102655185,0
              -70.8015293622,-33.1102659004,0
              -70.8015186835,-33.1097428248,0
              -70.8015450905,-33.1097424430,0
            </coordinates>
          </LinearRing>
        </outerBoundaryIs>
      </Polygon>
    </Placemark>
    <Placemark>
      <description><![CDATA[LIMITES_TRACKER<BR><BR><B>ELEVATION</B> = 0]]></description>
      <styleUrl>#area2</styleUrl>
      <Polygon>
        <altitudeMode>relativeToGround</altitudeMode>
        <extrude>1</extrude>
        <outerBoundaryIs>
          <LinearRing>
            <coordinates>
              -70.8016084183,-33.1097370181,0
              -70.8015820112,-33.1097373999,0
              -70.8015713324,-33.1092143244,0
              -70.8015977393,-33.1092139425,0
              -70.8016084183,-33.1097370181,0
            </coordinates>
          </LinearRing>
        </outerBoundaryIs>
      </Polygon>
    </Placemark>
    <Placemark>
      <description><![CDATA[LIMITES_TRACKER<BR><BR><B>ELEVATION</B> = 0]]></description>
      <styleUrl>#area2</styleUrl>
      <Polygon>
        <altitudeMode>relativeToGround</altitudeMode>
        <extrude>1</extrude>
        <outerBoundaryIs>
          <LinearRing>
            <coordinates>
              -70.8015343199,-33.1092148595,0
              -70.8015449985,-33.1097379351,0
              -70.8015185915,-33.1097383170,0
              -70.8015079130,-33.1092152414,0
              -70.8015343199,-33.1092148595,0
            </coordinates>
          </LinearRing>
        </outerBoundaryIs>
      </Polygon>
    </Placemark>
    <Placemark>
      <description><![CDATA[LIMITES_TRACKER<BR><BR><B>ELEVATION</B> = 0]]></description>
      <styleUrl>#area2</styleUrl>
      <Polygon>
        <altitudeMode>relativeToGround</altitudeMode>
        <extrude>1</extrude>
        <outerBoundaryIs>
          <LinearRing>
            <coordinates>
              -70.8015970951,-33.1091823874,0
              -70.8015706882,-33.1091827693,0
              -70.8015600097,-33.1086596936,0
              -70.8015864164,-33.1086593118,0
              -70.8015970951,-33.1091823874,0
            </coordinates>
          </LinearRing>
        </outerBoundaryIs>
      </Polygon>
    </Placemark>
    <Placemark>
      <description><![CDATA[LIMITES_TRACKER<BR><BR><B>ELEVATION</B> = 0]]></description>
      <styleUrl>#area2</styleUrl>
      <Polygon>
        <altitudeMode>relativeToGround</altitudeMode>
        <extrude>1</extrude>
        <outerBoundaryIs>
          <LinearRing>
            <coordinates>
              -70.8015229974,-33.1086602288,0
              -70.8015336757,-33.1091833044,0
              -70.8015072688,-33.1091836863,0
              -70.8014965907,-33.1086606106,0
              -70.8015229974,-33.1086602288,0
            </coordinates>
          </LinearRing>
        </outerBoundaryIs>
      </Polygon>
    </Placemark>
    <Placemark>
      <description><![CDATA[LIMITES_TRACKER<BR><BR><B>ELEVATION</B> = 0]]></description>
      <styleUrl>#area3</styleUrl>
      <Polygon>
        <altitudeMode>relativeToGround</altitudeMode>
        <extrude>1</extrude>
        <outerBoundaryIs>
          <LinearRing>
            <coordinates>
              -70.8015863244,-33.1086548039,0
              -70.8015599177,-33.1086551858,0
              -70.8015492394,-33.1081321101,0
              -70.8015756460,-33.1081317283,0
              -70.8015863244,-33.1086548039,0
            </coordinates>
          </LinearRing>
        </outerBoundaryIs>
      </Polygon>
    </Placemark>
    <Placemark>
      <description><![CDATA[LIMITES_TRACKER<BR><BR><B>ELEVATION</B> = 0]]></description>
      <styleUrl>#area3</styleUrl>
      <Polygon>
        <altitudeMode>relativeToGround</altitudeMode>
        <extrude>1</extrude>
        <outerBoundaryIs>
          <LinearRing>
            <coordinates>
              -70.8015122274,-33.1081326453,0
              -70.8015229054,-33.1086557209,0
              -70.8014964987,-33.1086561027,0
              -70.8014858208,-33.1081330271,0
              -70.8015122274,-33.1081326453,0
            </coordinates>
          </LinearRing>
        </outerBoundaryIs>
      </Polygon>
    </Placemark>
    <Placemark>
      <description><![CDATA[LIMITES_TRACKER<BR><BR><B>ELEVATION</B> = 0]]></description>
      <styleUrl>#area1</styleUrl>
      <Polygon>
        <altitudeMode>relativeToGround</altitudeMode>
        <extrude>1</extrude>
        <outerBoundaryIs>
          <LinearRing>
            <coordinates>
              -70.8017273951,-33.1115124106,0
              -70.8017009875,-33.1115127925,0
              -70.8016903073,-33.1109897171,0
              -70.8017167147,-33.1109893352,0
              -70.8017273951,-33.1115124106,0
            </coordinates>
          </LinearRing>
        </outerBoundaryIs>
      </Polygon>
    </Placemark>
    <Placemark>
      <description><![CDATA[LIMITES_TRACKER<BR><BR><B>ELEVATION</B> = 0]]></description>
      <styleUrl>#area1</styleUrl>
      <Polygon>
        <altitudeMode>relativeToGround</altitudeMode>
        <extrude>1</extrude>
        <outerBoundaryIs>
          <LinearRing>
            <coordinates>
              -70.8016532941,-33.1109902523,0
              -70.8016639741,-33.1115133277,0
              -70.8016375665,-33.1115137096,0
              -70.8016268867,-33.1109906342,0
              -70.8016532941,-33.1109902523,0
            </coordinates>
          </LinearRing>
        </outerBoundaryIs>
      </Polygon>
    </Placemark>
    <Placemark>
      <description><![CDATA[LIMITES_TRACKER<BR><BR><B>ELEVATION</B> = 0]]></description>
      <styleUrl>#area3</styleUrl>
      <Polygon>
        <altitudeMode>relativeToGround</altitudeMode>
        <extrude>1</extrude>
        <outerBoundaryIs>
          <LinearRing>
            <coordinates>
              -70.8017166227,-33.1109848273,0
              -70.8016902153,-33.1109852092,0
              -70.8016795353,-33.1104621338,0
              -70.8017059426,-33.1104617519,0
              -70.8017166227,-33.1109848273,0
            </coordinates>
          </LinearRing>
        </outerBoundaryIs>
      </Polygon>
    </Placemark>
    <Placemark>
      <description><![CDATA[LIMITES_TRACKER<BR><BR><B>ELEVATION</B> = 0]]></description>
      <styleUrl>#area3</styleUrl>
      <Polygon>
        <altitudeMode>relativeToGround</altitudeMode>
        <extrude>1</extrude>
        <outerBoundaryIs>
          <LinearRing>
            <coordinates>
              -70.8016425223,-33.1104626690,0
              -70.8016532020,-33.1109857445,0
              -70.8016267946,-33.1109861263,0
              -70.8016161150,-33.1104630509,0
              -70.8016425223,-33.1104626690,0
            </coordinates>
          </LinearRing>
        </outerBoundaryIs>
      </Polygon>
    </Placemark>
    <Placemark>
      <description><![CDATA[LIMITES_TRACKER<BR><BR><B>ELEVATION</B> = 0]]></description>
      <styleUrl>#area1</styleUrl>
      <Polygon>
        <altitudeMode>relativeToGround</altitudeMode>
        <extrude>1</extrude>
        <outerBoundaryIs>
          <LinearRing>
            <coordinates>
              -70.8017460298,-33.1102627673,0
              -70.8017196226,-33.1102631491,0
              -70.8017089428,-33.1097400737,0
              -70.8017353498,-33.1097396918,0
              -70.8017460298,-33.1102627673,0
            </coordinates>
          </LinearRing>
        </outerBoundaryIs>
      </Polygon>
    </Placemark>
    <Placemark>
      <description><![CDATA[LIMITES_TRACKER<BR><BR><B>ELEVATION</B> = 0]]></description>
      <styleUrl>#area1</styleUrl>
      <Polygon>
        <altitudeMode>relativeToGround</altitudeMode>
        <extrude>1</extrude>
        <outerBoundaryIs>
          <LinearRing>
            <coordinates>
              -70.8016719300,-33.1097406089,0
              -70.8016826097,-33.1102636844,0
              -70.8016562025,-33.1102640663,0
              -70.8016455230,-33.1097409908,0
              -70.8016719300,-33.1097406089,0
            </coordinates>
          </LinearRing>
        </outerBoundaryIs>
      </Polygon>
    </Placemark>
    <Placemark>
      <description><![CDATA[LIMITES_TRACKER<BR><BR><B>ELEVATION</B> = 0]]></description>
      <styleUrl>#area2</styleUrl>
      <Polygon>
        <altitudeMode>relativeToGround</altitudeMode>
        <extrude>1</extrude>
        <outerBoundaryIs>
          <LinearRing>
            <coordinates>
              -70.8017352578,-33.1097351839,0
              -70.8017088507,-33.1097355658,0
              -70.8016981712,-33.1092124903,0
              -70.8017245780,-33.1092121084,0
              -70.8017352578,-33.1097351839,0
            </coordinates>
          </LinearRing>
        </outerBoundaryIs>
      </Polygon>
    </Placemark>
    <Placemark>
      <description><![CDATA[LIMITES_TRACKER<BR><BR><B>ELEVATION</B> = 0]]></description>
      <styleUrl>#area2</styleUrl>
      <Polygon>
        <altitudeMode>relativeToGround</altitudeMode>
        <extrude>1</extrude>
        <outerBoundaryIs>
          <LinearRing>
            <coordinates>
              -70.8016611587,-33.1092130255,0
              -70.8016718380,-33.1097361010,0
              -70.8016454310,-33.1097364829,0
              -70.8016347518,-33.1092134073,0
              -70.8016611587,-33.1092130255,0
            </coordinates>
          </LinearRing>
        </outerBoundaryIs>
      </Polygon>
    </Placemark>
    <Placemark>
      <description><![CDATA[LIMITES_TRACKER<BR><BR><B>ELEVATION</B> = 0]]></description>
      <styleUrl>#area2</styleUrl>
      <Polygon>
        <altitudeMode>relativeToGround</altitudeMode>
        <extrude>1</extrude>
        <outerBoundaryIs>
          <LinearRing>
            <coordinates>
              -70.8017239338,-33.1091805533,0
              -70.8016975269,-33.1091809352,0
              -70.8016868476,-33.1086578596,0
              -70.8017132544,-33.1086574777,0
              -70.8017239338,-33.1091805533,0
            </coordinates>
          </LinearRing>
        </outerBoundaryIs>
      </Polygon>
    </Placemark>
    <Placemark>
      <description><![CDATA[LIMITES_TRACKER<BR><BR><B>ELEVATION</B> = 0]]></description>
      <styleUrl>#area2</styleUrl>
      <Polygon>
        <altitudeMode>relativeToGround</altitudeMode>
        <extrude>1</extrude>
        <outerBoundaryIs>
          <LinearRing>
            <coordinates>
              -70.8016498354,-33.1086583948,0
              -70.8016605144,-33.1091814704,0
              -70.8016341076,-33.1091818522,0
              -70.8016234287,-33.1086587766,0
              -70.8016498354,-33.1086583948,0
            </coordinates>
          </LinearRing>
        </outerBoundaryIs>
      </Polygon>
    </Placemark>
    <Placemark>
      <description><![CDATA[LIMITES_TRACKER<BR><BR><B>ELEVATION</B> = 0]]></description>
      <styleUrl>#area3</styleUrl>
      <Polygon>
        <altitudeMode>relativeToGround</altitudeMode>
        <extrude>1</extrude>
        <outerBoundaryIs>
          <LinearRing>
            <coordinates>
              -70.8017131623,-33.1086529699,0
              -70.8016867556,-33.1086533517,0
              -70.8016760766,-33.1081302761,0
              -70.8017024832,-33.1081298942,0
              -70.8017131623,-33.1086529699,0
            </coordinates>
          </LinearRing>
        </outerBoundaryIs>
      </Polygon>
    </Placemark>
    <Placemark>
      <description><![CDATA[LIMITES_TRACKER<BR><BR><B>ELEVATION</B> = 0]]></description>
      <styleUrl>#area3</styleUrl>
      <Polygon>
        <altitudeMode>relativeToGround</altitudeMode>
        <extrude>1</extrude>
        <outerBoundaryIs>
          <LinearRing>
            <coordinates>
              -70.8016390646,-33.1081308113,0
              -70.8016497433,-33.1086538869,0
              -70.8016233366,-33.1086542688,0
              -70.8016126580,-33.1081311931,0
              -70.8016390646,-33.1081308113,0
            </coordinates>
          </LinearRing>
        </outerBoundaryIs>
      </Polygon>
    </Placemark>
    <Placemark>
      <description><![CDATA[LIMITES_TRACKER<BR><BR><B>ELEVATION</B> = 0]]></description>
      <styleUrl>#area1</styleUrl>
      <Polygon>
        <altitudeMode>relativeToGround</altitudeMode>
        <extrude>1</extrude>
        <outerBoundaryIs>
          <LinearRing>
            <coordinates>
              -70.8018542372,-33.1115105762,0
              -70.8018278296,-33.1115109581,0
              -70.8018171486,-33.1109878828,0
              -70.8018435560,-33.1109875009,0
              -70.8018542372,-33.1115105762,0
            </coordinates>
          </LinearRing>
        </outerBoundaryIs>
      </Polygon>
    </Placemark>
    <Placemark>
      <description><![CDATA[LIMITES_TRACKER<BR><BR><B>ELEVATION</B> = 0]]></description>
      <styleUrl>#area1</styleUrl>
      <Polygon>
        <altitudeMode>relativeToGround</altitudeMode>
        <extrude>1</extrude>
        <outerBoundaryIs>
          <LinearRing>
            <coordinates>
              -70.8017801354,-33.1109884181,0
              -70.8017908161,-33.1115114934,0
              -70.8017644086,-33.1115118753,0
              -70.8017537280,-33.1109887999,0
              -70.8017801354,-33.1109884181,0
            </coordinates>
          </LinearRing>
        </outerBoundaryIs>
      </Polygon>
    </Placemark>
    <Placemark>
      <description><![CDATA[LIMITES_TRACKER<BR><BR><B>ELEVATION</B> = 0]]></description>
      <styleUrl>#area3</styleUrl>
      <Polygon>
        <altitudeMode>relativeToGround</altitudeMode>
        <extrude>1</extrude>
        <outerBoundaryIs>
          <LinearRing>
            <coordinates>
              -70.8018434640,-33.1109829930,0
              -70.8018170565,-33.1109833749,0
              -70.8018063758,-33.1104602995,0
              -70.8018327831,-33.1104599176,0
              -70.8018434640,-33.1109829930,0
            </coordinates>
          </LinearRing>
        </outerBoundaryIs>
      </Polygon>
    </Placemark>
    <Placemark>
      <description><![CDATA[LIMITES_TRACKER<BR><BR><B>ELEVATION</B> = 0]]></description>
      <styleUrl>#area3</styleUrl>
      <Polygon>
        <altitudeMode>relativeToGround</altitudeMode>
        <extrude>1</extrude>
        <outerBoundaryIs>
          <LinearRing>
            <coordinates>
              -70.8017693628,-33.1104608348,0
              -70.8017800433,-33.1109839102,0
              -70.8017536359,-33.1109842921,0
              -70.8017429556,-33.1104612167,0
              -70.8017693628,-33.1104608348,0
            </coordinates>
          </LinearRing>
        </outerBoundaryIs>
      </Polygon>
    </Placemark>
    <Placemark>
      <description><![CDATA[LIMITES_TRACKER<BR><BR><B>ELEVATION</B> = 0]]></description>
      <styleUrl>#area1</styleUrl>
      <Polygon>
        <altitudeMode>relativeToGround</altitudeMode>
        <extrude>1</extrude>
        <outerBoundaryIs>
          <LinearRing>
            <coordinates>
              -70.8018728700,-33.1102609329,0
              -70.8018464628,-33.1102613148,0
              -70.8018357822,-33.1097382394,0
              -70.8018621893,-33.1097378575,0
              -70.8018728700,-33.1102609329,0
            </coordinates>
          </LinearRing>
        </outerBoundaryIs>
      </Polygon>
    </Placemark>
    <Placemark>
      <description><![CDATA[LIMITES_TRACKER<BR><BR><B>ELEVATION</B> = 0]]></description>
      <styleUrl>#area1</styleUrl>
      <Polygon>
        <altitudeMode>relativeToGround</altitudeMode>
        <extrude>1</extrude>
        <outerBoundaryIs>
          <LinearRing>
            <coordinates>
              -70.8017987695,-33.1097387747,0
              -70.8018094499,-33.1102618501,0
              -70.8017830427,-33.1102622320,0
              -70.8017723625,-33.1097391566,0
              -70.8017987695,-33.1097387747,0
            </coordinates>
          </LinearRing>
        </outerBoundaryIs>
      </Polygon>
    </Placemark>
    <Placemark>
      <description><![CDATA[LIMITES_TRACKER<BR><BR><B>ELEVATION</B> = 0]]></description>
      <styleUrl>#area2</styleUrl>
      <Polygon>
        <altitudeMode>relativeToGround</altitudeMode>
        <extrude>1</extrude>
        <outerBoundaryIs>
          <LinearRing>
            <coordinates>
              -70.8018620972,-33.1097333496,0
              -70.8018356902,-33.1097337315,0
              -70.8018250099,-33.1092106560,0
              -70.8018514168,-33.1092102741,0
              -70.8018620972,-33.1097333496,0
            </coordinates>
          </LinearRing>
        </outerBoundaryIs>
      </Polygon>
    </Placemark>
    <Placemark>
      <description><![CDATA[LIMITES_TRACKER<BR><BR><B>ELEVATION</B> = 0]]></description>
      <styleUrl>#area2</styleUrl>
      <Polygon>
        <altitudeMode>relativeToGround</altitudeMode>
        <extrude>1</extrude>
        <outerBoundaryIs>
          <LinearRing>
            <coordinates>
              -70.8017879974,-33.1092111913,0
              -70.8017986775,-33.1097342668,0
              -70.8017722705,-33.1097346487,0
              -70.8017615905,-33.1092115732,0
              -70.8017879974,-33.1092111913,0
            </coordinates>
          </LinearRing>
        </outerBoundaryIs>
      </Polygon>
    </Placemark>
    <Placemark>
      <description><![CDATA[LIMITES_TRACKER<BR><BR><B>ELEVATION</B> = 0]]></description>
      <styleUrl>#area2</styleUrl>
      <Polygon>
        <altitudeMode>relativeToGround</altitudeMode>
        <extrude>1</extrude>
        <outerBoundaryIs>
          <LinearRing>
            <coordinates>
              -70.8018507725,-33.1091787190,0
              -70.8018243656,-33.1091791009,0
              -70.8018136856,-33.1086560254,0
              -70.8018400923,-33.1086556435,0
              -70.8018507725,-33.1091787190,0
            </coordinates>
          </LinearRing>
        </outerBoundaryIs>
      </Polygon>
    </Placemark>
    <Placemark>
      <description><![CDATA[LIMITES_TRACKER<BR><BR><B>ELEVATION</B> = 0]]></description>
      <styleUrl>#area2</styleUrl>
      <Polygon>
        <altitudeMode>relativeToGround</altitudeMode>
        <extrude>1</extrude>
        <outerBoundaryIs>
          <LinearRing>
            <coordinates>
              -70.8017766733,-33.1086565606,0
              -70.8017873531,-33.1091796362,0
              -70.8017609463,-33.1091800181,0
              -70.8017502666,-33.1086569425,0
              -70.8017766733,-33.1086565606,0
            </coordinates>
          </LinearRing>
        </outerBoundaryIs>
      </Polygon>
    </Placemark>
    <Placemark>
      <description><![CDATA[LIMITES_TRACKER<BR><BR><B>ELEVATION</B> = 0]]></description>
      <styleUrl>#area3</styleUrl>
      <Polygon>
        <altitudeMode>relativeToGround</altitudeMode>
        <extrude>1</extrude>
        <outerBoundaryIs>
          <LinearRing>
            <coordinates>
              -70.8018400003,-33.1086511356,0
              -70.8018135935,-33.1086515175,0
              -70.8018029138,-33.1081284419,0
              -70.8018293204,-33.1081280601,0
              -70.8018400003,-33.1086511356,0
            </coordinates>
          </LinearRing>
        </outerBoundaryIs>
      </Polygon>
    </Placemark>
    <Placemark>
      <description><![CDATA[LIMITES_TRACKER<BR><BR><B>ELEVATION</B> = 0]]></description>
      <styleUrl>#area3</styleUrl>
      <Polygon>
        <altitudeMode>relativeToGround</altitudeMode>
        <extrude>1</extrude>
        <outerBoundaryIs>
          <LinearRing>
            <coordinates>
              -70.8017659018,-33.1081289772,0
              -70.8017765813,-33.1086520528,0
              -70.8017501746,-33.1086524346,0
              -70.8017394952,-33.1081293590,0
              -70.8017659018,-33.1081289772,0
            </coordinates>
          </LinearRing>
        </outerBoundaryIs>
      </Polygon>
    </Placemark>
    <Placemark>
      <description><![CDATA[LIMITES_TRACKER<BR><BR><B>ELEVATION</B> = 0]]></description>
      <styleUrl>#area1</styleUrl>
      <Polygon>
        <altitudeMode>relativeToGround</altitudeMode>
        <extrude>1</extrude>
        <outerBoundaryIs>
          <LinearRing>
            <coordinates>
              -70.8019810792,-33.1115087417,0
              -70.8019546716,-33.1115091237,0
              -70.8019439899,-33.1109860483,0
              -70.8019703973,-33.1109856664,0
              -70.8019810792,-33.1115087417,0
            </coordinates>
          </LinearRing>
        </outerBoundaryIs>
      </Polygon>
    </Placemark>
    <Placemark>
      <description><![CDATA[LIMITES_TRACKER<BR><BR><B>ELEVATION</B> = 0]]></description>
      <styleUrl>#area1</styleUrl>
      <Polygon>
        <altitudeMode>relativeToGround</altitudeMode>
        <extrude>1</extrude>
        <outerBoundaryIs>
          <LinearRing>
            <coordinates>
              -70.8019069767,-33.1109865837,0
              -70.8019176582,-33.1115096590,0
              -70.8018912506,-33.1115100409,0
              -70.8018805692,-33.1109869656,0
              -70.8019069767,-33.1109865837,0
            </coordinates>
          </LinearRing>
        </outerBoundaryIs>
      </Polygon>
    </Placemark>
    <Placemark>
      <description><![CDATA[LIMITES_TRACKER<BR><BR><B>ELEVATION</B> = 0]]></description>
      <styleUrl>#area3</styleUrl>
      <Polygon>
        <altitudeMode>relativeToGround</altitudeMode>
        <extrude>1</extrude>
        <outerBoundaryIs>
          <LinearRing>
            <coordinates>
              -70.8019703052,-33.1109811585,0
              -70.8019438978,-33.1109815405,0
              -70.8019332164,-33.1104584651,0
              -70.8019596236,-33.1104580832,0
              -70.8019703052,-33.1109811585,0
            </coordinates>
          </LinearRing>
        </outerBoundaryIs>
      </Polygon>
    </Placemark>
    <Placemark>
      <description><![CDATA[LIMITES_TRACKER<BR><BR><B>ELEVATION</B> = 0]]></description>
      <styleUrl>#area3</styleUrl>
      <Polygon>
        <altitudeMode>relativeToGround</altitudeMode>
        <extrude>1</extrude>
        <outerBoundaryIs>
          <LinearRing>
            <coordinates>
              -70.8018962034,-33.1104590004,0
              -70.8019068846,-33.1109820758,0
              -70.8018804772,-33.1109824577,0
              -70.8018697961,-33.1104593823,0
              -70.8018962034,-33.1104590004,0
            </coordinates>
          </LinearRing>
        </outerBoundaryIs>
      </Polygon>
    </Placemark>
    <Placemark>
      <description><![CDATA[LIMITES_TRACKER<BR><BR><B>ELEVATION</B> = 0]]></description>
      <styleUrl>#area1</styleUrl>
      <Polygon>
        <altitudeMode>relativeToGround</altitudeMode>
        <extrude>1</extrude>
        <outerBoundaryIs>
          <LinearRing>
            <coordinates>
              -70.8019997103,-33.1102590985,0
              -70.8019733031,-33.1102594804,0
              -70.8019626217,-33.1097364050,0
              -70.8019890288,-33.1097360231,0
              -70.8019997103,-33.1102590985,0
            </coordinates>
          </LinearRing>
        </outerBoundaryIs>
      </Polygon>
    </Placemark>
    <Placemark>
      <description><![CDATA[LIMITES_TRACKER<BR><BR><B>ELEVATION</B> = 0]]></description>
      <styleUrl>#area1</styleUrl>
      <Polygon>
        <altitudeMode>relativeToGround</altitudeMode>
        <extrude>1</extrude>
        <outerBoundaryIs>
          <LinearRing>
            <coordinates>
              -70.8019256090,-33.1097369403,0
              -70.8019362902,-33.1102600157,0
              -70.8019098830,-33.1102603976,0
              -70.8018992020,-33.1097373222,0
              -70.8019256090,-33.1097369403,0
            </coordinates>
          </LinearRing>
        </outerBoundaryIs>
      </Polygon>
    </Placemark>
    <Placemark>
      <description><![CDATA[LIMITES_TRACKER<BR><BR><B>ELEVATION</B> = 0]]></description>
      <styleUrl>#area2</styleUrl>
      <Polygon>
        <altitudeMode>relativeToGround</altitudeMode>
        <extrude>1</extrude>
        <outerBoundaryIs>
          <LinearRing>
            <coordinates>
              -70.8019889367,-33.1097315152,0
              -70.8019625297,-33.1097318971,0
              -70.8019518486,-33.1092088217,0
              -70.8019782555,-33.1092084398,0
              -70.8019889367,-33.1097315152,0
            </coordinates>
          </LinearRing>
        </outerBoundaryIs>
      </Polygon>
    </Placemark>
    <Placemark>
      <description><![CDATA[LIMITES_TRACKER<BR><BR><B>ELEVATION</B> = 0]]></description>
      <styleUrl>#area2</styleUrl>
      <Polygon>
        <altitudeMode>relativeToGround</altitudeMode>
        <extrude>1</extrude>
        <outerBoundaryIs>
          <LinearRing>
            <coordinates>
              -70.8019148361,-33.1092093570,0
              -70.8019255170,-33.1097324324,0
              -70.8018991099,-33.1097328144,0
              -70.8018884293,-33.1092097389,0
              -70.8019148361,-33.1092093570,0
            </coordinates>
          </LinearRing>
        </outerBoundaryIs>
      </Polygon>
    </Placemark>
    <Placemark>
      <description><![CDATA[LIMITES_TRACKER<BR><BR><B>ELEVATION</B> = 0]]></description>
      <styleUrl>#area2</styleUrl>
      <Polygon>
        <altitudeMode>relativeToGround</altitudeMode>
        <extrude>1</extrude>
        <outerBoundaryIs>
          <LinearRing>
            <coordinates>
              -70.8019776112,-33.1091768847,0
              -70.8019512043,-33.1091772666,0
              -70.8019405235,-33.1086541911,0
              -70.8019669302,-33.1086538092,0
              -70.8019776112,-33.1091768847,0
            </coordinates>
          </LinearRing>
        </outerBoundaryIs>
      </Polygon>
    </Placemark>
    <Placemark>
      <description><![CDATA[LIMITES_TRACKER<BR><BR><B>ELEVATION</B> = 0]]></description>
      <styleUrl>#area2</styleUrl>
      <Polygon>
        <altitudeMode>relativeToGround</altitudeMode>
        <extrude>1</extrude>
        <outerBoundaryIs>
          <LinearRing>
            <coordinates>
              -70.8019035113,-33.1086547263,0
              -70.8019141918,-33.1091778019,0
              -70.8018877849,-33.1091781838,0
              -70.8018771045,-33.1086551082,0
              -70.8019035113,-33.1086547263,0
            </coordinates>
          </LinearRing>
        </outerBoundaryIs>
      </Polygon>
    </Placemark>
    <Placemark>
      <description><![CDATA[LIMITES_TRACKER<BR><BR><B>ELEVATION</B> = 0]]></description>
      <styleUrl>#area3</styleUrl>
      <Polygon>
        <altitudeMode>relativeToGround</altitudeMode>
        <extrude>1</extrude>
        <outerBoundaryIs>
          <LinearRing>
            <coordinates>
              -70.8019668382,-33.1086493013,0
              -70.8019404315,-33.1086496832,0
              -70.8019297510,-33.1081266076,0
              -70.8019561575,-33.1081262257,0
              -70.8019668382,-33.1086493013,0
            </coordinates>
          </LinearRing>
        </outerBoundaryIs>
      </Polygon>
    </Placemark>
    <Placemark>
      <description><![CDATA[LIMITES_TRACKER<BR><BR><B>ELEVATION</B> = 0]]></description>
      <styleUrl>#area3</styleUrl>
      <Polygon>
        <altitudeMode>relativeToGround</altitudeMode>
        <extrude>1</extrude>
        <outerBoundaryIs>
          <LinearRing>
            <coordinates>
              -70.8018927389,-33.1081271429,0
              -70.8019034192,-33.1086502185,0
              -70.8018770125,-33.1086506004,0
              -70.8018663324,-33.1081275248,0
              -70.8018927389,-33.1081271429,0
            </coordinates>
          </LinearRing>
        </outerBoundaryIs>
      </Polygon>
    </Placemark>
    <Placemark>
      <description><![CDATA[LIMITES_TRACKER<BR><BR><B>ELEVATION</B> = 0]]></description>
      <styleUrl>#area1</styleUrl>
      <Polygon>
        <altitudeMode>relativeToGround</altitudeMode>
        <extrude>1</extrude>
        <outerBoundaryIs>
          <LinearRing>
            <coordinates>
              -70.8021079212,-33.1115069071,0
              -70.8020815136,-33.1115072890,0
              -70.8020708312,-33.1109842138,0
              -70.8020972386,-33.1109838318,0
              -70.8021079212,-33.1115069071,0
            </coordinates>
          </LinearRing>
        </outerBoundaryIs>
      </Polygon>
    </Placemark>
    <Placemark>
      <description><![CDATA[LIMITES_TRACKER<BR><BR><B>ELEVATION</B> = 0]]></description>
      <styleUrl>#area1</styleUrl>
      <Polygon>
        <altitudeMode>relativeToGround</altitudeMode>
        <extrude>1</extrude>
        <outerBoundaryIs>
          <LinearRing>
            <coordinates>
              -70.8020338179,-33.1109847491,0
              -70.8020445002,-33.1115078244,0
              -70.8020180926,-33.1115082064,0
              -70.8020074105,-33.1109851311,0
              -70.8020338179,-33.1109847491,0
            </coordinates>
          </LinearRing>
        </outerBoundaryIs>
      </Polygon>
    </Placemark>
    <Placemark>
      <description><![CDATA[LIMITES_TRACKER<BR><BR><B>ELEVATION</B> = 0]]></description>
      <styleUrl>#area3</styleUrl>
      <Polygon>
        <altitudeMode>relativeToGround</altitudeMode>
        <extrude>1</extrude>
        <outerBoundaryIs>
          <LinearRing>
            <coordinates>
              -70.8020971465,-33.1109793239,0
              -70.8020707391,-33.1109797059,0
              -70.8020600569,-33.1104566306,0
              -70.8020864641,-33.1104562486,0
              -70.8020971465,-33.1109793239,0
            </coordinates>
          </LinearRing>
        </outerBoundaryIs>
      </Polygon>
    </Placemark>
    <Placemark>
      <description><![CDATA[LIMITES_TRACKER<BR><BR><B>ELEVATION</B> = 0]]></description>
      <styleUrl>#area3</styleUrl>
      <Polygon>
        <altitudeMode>relativeToGround</altitudeMode>
        <extrude>1</extrude>
        <outerBoundaryIs>
          <LinearRing>
            <coordinates>
              -70.8020230439,-33.1104571659,0
              -70.8020337259,-33.1109802413,0
              -70.8020073185,-33.1109806232,0
              -70.8019966366,-33.1104575479,0
              -70.8020230439,-33.1104571659,0
            </coordinates>
          </LinearRing>
        </outerBoundaryIs>
      </Polygon>
    </Placemark>
    <Placemark>
      <description><![CDATA[LIMITES_TRACKER<BR><BR><B>ELEVATION</B> = 0]]></description>
      <styleUrl>#area1</styleUrl>
      <Polygon>
        <altitudeMode>relativeToGround</altitudeMode>
        <extrude>1</extrude>
        <outerBoundaryIs>
          <LinearRing>
            <coordinates>
              -70.8021265505,-33.1102572639,0
              -70.8021001433,-33.1102576459,0
              -70.8020894612,-33.1097345705,0
              -70.8021158682,-33.1097341885,0
              -70.8021265505,-33.1102572639,0
            </coordinates>
          </LinearRing>
        </outerBoundaryIs>
      </Polygon>
    </Placemark>
    <Placemark>
      <description><![CDATA[LIMITES_TRACKER<BR><BR><B>ELEVATION</B> = 0]]></description>
      <styleUrl>#area1</styleUrl>
      <Polygon>
        <altitudeMode>relativeToGround</altitudeMode>
        <extrude>1</extrude>
        <outerBoundaryIs>
          <LinearRing>
            <coordinates>
              -70.8020524485,-33.1097351058,0
              -70.8020631304,-33.1102581812,0
              -70.8020367232,-33.1102585632,0
              -70.8020260415,-33.1097354878,0
              -70.8020524485,-33.1097351058,0
            </coordinates>
          </LinearRing>
        </outerBoundaryIs>
      </Polygon>
    </Placemark>
    <Placemark>
      <description><![CDATA[LIMITES_TRACKER<BR><BR><B>ELEVATION</B> = 0]]></description>
      <styleUrl>#area2</styleUrl>
      <Polygon>
        <altitudeMode>relativeToGround</altitudeMode>
        <extrude>1</extrude>
        <outerBoundaryIs>
          <LinearRing>
            <coordinates>
              -70.8021157762,-33.1097296807,0
              -70.8020893692,-33.1097300626,0
              -70.8020786873,-33.1092069872,0
              -70.8021050942,-33.1092066053,0
              -70.8021157762,-33.1097296807,0
            </coordinates>
          </LinearRing>
        </outerBoundaryIs>
      </Polygon>
    </Placemark>
    <Placemark>
      <description><![CDATA[LIMITES_TRACKER<BR><BR><B>ELEVATION</B> = 0]]></description>
      <styleUrl>#area2</styleUrl>
      <Polygon>
        <altitudeMode>relativeToGround</altitudeMode>
        <extrude>1</extrude>
        <outerBoundaryIs>
          <LinearRing>
            <coordinates>
              -70.8020416749,-33.1092075225,0
              -70.8020523565,-33.1097305980,0
              -70.8020259494,-33.1097309799,0
              -70.8020152680,-33.1092079045,0
              -70.8020416749,-33.1092075225,0
            </coordinates>
          </LinearRing>
        </outerBoundaryIs>
      </Polygon>
    </Placemark>
    <Placemark>
      <description><![CDATA[LIMITES_TRACKER<BR><BR><B>ELEVATION</B> = 0]]></description>
      <styleUrl>#area2</styleUrl>
      <Polygon>
        <altitudeMode>relativeToGround</altitudeMode>
        <extrude>1</extrude>
        <outerBoundaryIs>
          <LinearRing>
            <coordinates>
              -70.8021044498,-33.1091750501,0
              -70.8020780430,-33.1091754321,0
              -70.8020673614,-33.1086523566,0
              -70.8020937681,-33.1086519747,0
              -70.8021044498,-33.1091750501,0
            </coordinates>
          </LinearRing>
        </outerBoundaryIs>
      </Polygon>
    </Placemark>
    <Placemark>
      <description><![CDATA[LIMITES_TRACKER<BR><BR><B>ELEVATION</B> = 0]]></description>
      <styleUrl>#area2</styleUrl>
      <Polygon>
        <altitudeMode>relativeToGround</altitudeMode>
        <extrude>1</extrude>
        <outerBoundaryIs>
          <LinearRing>
            <coordinates>
              -70.8020303492,-33.1086528919,0
              -70.8020410305,-33.1091759674,0
              -70.8020146236,-33.1091763493,0
              -70.8020039425,-33.1086532739,0
              -70.8020303492,-33.1086528919,0
            </coordinates>
          </LinearRing>
        </outerBoundaryIs>
      </Polygon>
    </Placemark>
    <Placemark>
      <description><![CDATA[LIMITES_TRACKER<BR><BR><B>ELEVATION</B> = 0]]></description>
      <styleUrl>#area3</styleUrl>
      <Polygon>
        <altitudeMode>relativeToGround</altitudeMode>
        <extrude>1</extrude>
        <outerBoundaryIs>
          <LinearRing>
            <coordinates>
              -70.8020936761,-33.1086474668,0
              -70.8020672694,-33.1086478487,0
              -70.8020565881,-33.1081247732,0
              -70.8020829947,-33.1081243913,0
              -70.8020936761,-33.1086474668,0
            </coordinates>
          </LinearRing>
        </outerBoundaryIs>
      </Polygon>
    </Placemark>
    <Placemark>
      <description><![CDATA[LIMITES_TRACKER<BR><BR><B>ELEVATION</B> = 0]]></description>
      <styleUrl>#area3</styleUrl>
      <Polygon>
        <altitudeMode>relativeToGround</altitudeMode>
        <extrude>1</extrude>
        <outerBoundaryIs>
          <LinearRing>
            <coordinates>
              -70.8020195761,-33.1081253085,0
              -70.8020302571,-33.1086483841,0
              -70.8020038504,-33.1086487660,0
              -70.8019931696,-33.1081256905,0
              -70.8020195761,-33.1081253085,0
            </coordinates>
          </LinearRing>
        </outerBoundaryIs>
      </Polygon>
    </Placemark>
    <Placemark>
      <description><![CDATA[LIMITES_TRACKER<BR><BR><B>ELEVATION</B> = 0]]></description>
      <styleUrl>#area1</styleUrl>
      <Polygon>
        <altitudeMode>relativeToGround</altitudeMode>
        <extrude>1</extrude>
        <outerBoundaryIs>
          <LinearRing>
            <coordinates>
              -70.8022347632,-33.1115050723,0
              -70.8022083557,-33.1115054543,0
              -70.8021976724,-33.1109823791,0
              -70.8022240798,-33.1109819971,0
              -70.8022347632,-33.1115050723,0
            </coordinates>
          </LinearRing>
        </outerBoundaryIs>
      </Polygon>
    </Placemark>
    <Placemark>
      <description><![CDATA[LIMITES_TRACKER<BR><BR><B>ELEVATION</B> = 0]]></description>
      <styleUrl>#area1</styleUrl>
      <Polygon>
        <altitudeMode>relativeToGround</altitudeMode>
        <extrude>1</extrude>
        <outerBoundaryIs>
          <LinearRing>
            <coordinates>
              -70.8021606592,-33.1109829145,0
              -70.8021713422,-33.1115059897,0
              -70.8021449346,-33.1115063717,0
              -70.8021342518,-33.1109832964,0
              -70.8021606592,-33.1109829145,0
            </coordinates>
          </LinearRing>
        </outerBoundaryIs>
      </Polygon>
    </Placemark>
    <Placemark>
      <description><![CDATA[LIMITES_TRACKER<BR><BR><B>ELEVATION</B> = 0]]></description>
      <styleUrl>#area3</styleUrl>
      <Polygon>
        <altitudeMode>relativeToGround</altitudeMode>
        <extrude>1</extrude>
        <outerBoundaryIs>
          <LinearRing>
            <coordinates>
              -70.8022239877,-33.1109774892,0
              -70.8021975803,-33.1109778712,0
              -70.8021868974,-33.1104547959,0
              -70.8022133046,-33.1104544140,0
              -70.8022239877,-33.1109774892,0
            </coordinates>
          </LinearRing>
        </outerBoundaryIs>
      </Polygon>
    </Placemark>
    <Placemark>
      <description><![CDATA[LIMITES_TRACKER<BR><BR><B>ELEVATION</B> = 0]]></description>
      <styleUrl>#area3</styleUrl>
      <Polygon>
        <altitudeMode>relativeToGround</altitudeMode>
        <extrude>1</extrude>
        <outerBoundaryIs>
          <LinearRing>
            <coordinates>
              -70.8021498844,-33.1104553313,0
              -70.8021605671,-33.1109784066,0
              -70.8021341597,-33.1109787886,0
              -70.8021234771,-33.1104557133,0
              -70.8021498844,-33.1104553313,0
            </coordinates>
          </LinearRing>
        </outerBoundaryIs>
      </Polygon>
    </Placemark>
    <Placemark>
      <description><![CDATA[LIMITES_TRACKER<BR><BR><B>ELEVATION</B> = 0]]></description>
      <styleUrl>#area4</styleUrl>
      <Polygon>
        <altitudeMode>relativeToGround</altitudeMode>
        <extrude>1</extrude>
        <outerBoundaryIs>
          <LinearRing>
            <coordinates>
              -70.8022533907,-33.1102554292,0
              -70.8022269835,-33.1102558112,0
              -70.8022163007,-33.1097327358,0
              -70.8022427077,-33.1097323539,0
              -70.8022533907,-33.1102554292,0
            </coordinates>
          </LinearRing>
        </outerBoundaryIs>
      </Polygon>
    </Placemark>
    <Placemark>
      <description><![CDATA[LIMITES_TRACKER<BR><BR><B>ELEVATION</B> = 0]]></description>
      <styleUrl>#area4</styleUrl>
      <Polygon>
        <altitudeMode>relativeToGround</altitudeMode>
        <extrude>1</extrude>
        <outerBoundaryIs>
          <LinearRing>
            <coordinates>
              -70.8021792880,-33.1097332712,0
              -70.8021899706,-33.1102563466,0
              -70.8021635634,-33.1102567285,0
              -70.8021528809,-33.1097336532,0
              -70.8021792880,-33.1097332712,0
            </coordinates>
          </LinearRing>
        </outerBoundaryIs>
      </Polygon>
    </Placemark>
    <Placemark>
      <description><![CDATA[LIMITES_TRACKER<BR><BR><B>ELEVATION</B> = 0]]></description>
      <styleUrl>#area1</styleUrl>
      <Polygon>
        <altitudeMode>relativeToGround</altitudeMode>
        <extrude>1</extrude>
        <outerBoundaryIs>
          <LinearRing>
            <coordinates>
              -70.8022426156,-33.1097278460,0
              -70.8022162086,-33.1097282280,0
              -70.8022055260,-33.1092051526,0
              -70.8022319329,-33.1092047706,0
              -70.8022426156,-33.1097278460,0
            </coordinates>
          </LinearRing>
        </outerBoundaryIs>
      </Polygon>
    </Placemark>
    <Placemark>
      <description><![CDATA[LIMITES_TRACKER<BR><BR><B>ELEVATION</B> = 0]]></description>
      <styleUrl>#area1</styleUrl>
      <Polygon>
        <altitudeMode>relativeToGround</altitudeMode>
        <extrude>1</extrude>
        <outerBoundaryIs>
          <LinearRing>
            <coordinates>
              -70.8021685136,-33.1092056879,0
              -70.8021791959,-33.1097287633,0
              -70.8021527889,-33.1097291453,0
              -70.8021421067,-33.1092060699,0
              -70.8021685136,-33.1092056879,0
            </coordinates>
          </LinearRing>
        </outerBoundaryIs>
      </Polygon>
    </Placemark>
    <Placemark>
      <description><![CDATA[LIMITES_TRACKER<BR><BR><B>ELEVATION</B> = 0]]></description>
      <styleUrl>#area2</styleUrl>
      <Polygon>
        <altitudeMode>relativeToGround</altitudeMode>
        <extrude>1</extrude>
        <outerBoundaryIs>
          <LinearRing>
            <coordinates>
              -70.8022312885,-33.1091732155,0
              -70.8022048816,-33.1091735975,0
              -70.8021941993,-33.1086505220,0
              -70.8022206061,-33.1086501401,0
              -70.8022312885,-33.1091732155,0
            </coordinates>
          </LinearRing>
        </outerBoundaryIs>
      </Polygon>
    </Placemark>
    <Placemark>
      <description><![CDATA[LIMITES_TRACKER<BR><BR><B>ELEVATION</B> = 0]]></description>
      <styleUrl>#area2</styleUrl>
      <Polygon>
        <altitudeMode>relativeToGround</altitudeMode>
        <extrude>1</extrude>
        <outerBoundaryIs>
          <LinearRing>
            <coordinates>
              -70.8021571871,-33.1086510574,0
              -70.8021678692,-33.1091741328,0
              -70.8021414623,-33.1091745148,0
              -70.8021307804,-33.1086514393,0
              -70.8021571871,-33.1086510574,0
            </coordinates>
          </LinearRing>
        </outerBoundaryIs>
      </Polygon>
    </Placemark>
    <Placemark>
      <description><![CDATA[LIMITES_TRACKER<BR><BR><B>ELEVATION</B> = 0]]></description>
      <styleUrl>#area3</styleUrl>
      <Polygon>
        <altitudeMode>relativeToGround</altitudeMode>
        <extrude>1</extrude>
        <outerBoundaryIs>
          <LinearRing>
            <coordinates>
              -70.8022205140,-33.1086456322,0
              -70.8021941073,-33.1086460142,0
              -70.8021834253,-33.1081229387,0
              -70.8022098318,-33.1081225567,0
              -70.8022205140,-33.1086456322,0
            </coordinates>
          </LinearRing>
        </outerBoundaryIs>
      </Polygon>
    </Placemark>
    <Placemark>
      <description><![CDATA[LIMITES_TRACKER<BR><BR><B>ELEVATION</B> = 0]]></description>
      <styleUrl>#area3</styleUrl>
      <Polygon>
        <altitudeMode>relativeToGround</altitudeMode>
        <extrude>1</extrude>
        <outerBoundaryIs>
          <LinearRing>
            <coordinates>
              -70.8021464133,-33.1081234740,0
              -70.8021570950,-33.1086465495,0
              -70.8021306883,-33.1086469315,0
              -70.8021200067,-33.1081238560,0
              -70.8021464133,-33.1081234740,0
            </coordinates>
          </LinearRing>
        </outerBoundaryIs>
      </Polygon>
    </Placemark>
    <Placemark>
      <description><![CDATA[LIMITES_TRACKER<BR><BR><B>ELEVATION</B> = 0]]></description>
      <styleUrl>#area1</styleUrl>
      <Polygon>
        <altitudeMode>relativeToGround</altitudeMode>
        <extrude>1</extrude>
        <outerBoundaryIs>
          <LinearRing>
            <coordinates>
              -70.8023616052,-33.1115032374,0
              -70.8023351977,-33.1115036195,0
              -70.8023245137,-33.1109805443,0
              -70.8023509211,-33.1109801622,0
              -70.8023616052,-33.1115032374,0
            </coordinates>
          </LinearRing>
        </outerBoundaryIs>
      </Polygon>
    </Placemark>
    <Placemark>
      <description><![CDATA[LIMITES_TRACKER<BR><BR><B>ELEVATION</B> = 0]]></description>
      <styleUrl>#area1</styleUrl>
      <Polygon>
        <altitudeMode>relativeToGround</altitudeMode>
        <extrude>1</extrude>
        <outerBoundaryIs>
          <LinearRing>
            <coordinates>
              -70.8022875004,-33.1109810797,0
              -70.8022981842,-33.1115041549,0
              -70.8022717767,-33.1115045369,0
              -70.8022610930,-33.1109814617,0
              -70.8022875004,-33.1109810797,0
            </coordinates>
          </LinearRing>
        </outerBoundaryIs>
      </Polygon>
    </Placemark>
    <Placemark>
      <description><![CDATA[LIMITES_TRACKER<BR><BR><B>ELEVATION</B> = 0]]></description>
      <styleUrl>#area3</styleUrl>
      <Polygon>
        <altitudeMode>relativeToGround</altitudeMode>
        <extrude>1</extrude>
        <outerBoundaryIs>
          <LinearRing>
            <coordinates>
              -70.8023508290,-33.1109756544,0
              -70.8023244216,-33.1109760364,0
              -70.8023137379,-33.1104529611,0
              -70.8023401451,-33.1104525791,0
              -70.8023508290,-33.1109756544,0
            </coordinates>
          </LinearRing>
        </outerBoundaryIs>
      </Polygon>
    </Placemark>
    <Placemark>
      <description><![CDATA[LIMITES_TRACKER<BR><BR><B>ELEVATION</B> = 0]]></description>
      <styleUrl>#area3</styleUrl>
      <Polygon>
        <altitudeMode>relativeToGround</altitudeMode>
        <extrude>1</extrude>
        <outerBoundaryIs>
          <LinearRing>
            <coordinates>
              -70.8022767249,-33.1104534966,0
              -70.8022874084,-33.1109765718,0
              -70.8022610010,-33.1109769538,0
              -70.8022503176,-33.1104538786,0
              -70.8022767249,-33.1104534966,0
            </coordinates>
          </LinearRing>
        </outerBoundaryIs>
      </Polygon>
    </Placemark>
    <Placemark>
      <description><![CDATA[LIMITES_TRACKER<BR><BR><B>ELEVATION</B> = 0]]></description>
      <styleUrl>#area1</styleUrl>
      <Polygon>
        <altitudeMode>relativeToGround</altitudeMode>
        <extrude>1</extrude>
        <outerBoundaryIs>
          <LinearRing>
            <coordinates>
              -70.8023694551,-33.1097260112,0
              -70.8023430481,-33.1097263932,0
              -70.8023323647,-33.1092033178,0
              -70.8023587716,-33.1092029358,0
              -70.8023694551,-33.1097260112,0
            </coordinates>
          </LinearRing>
        </outerBoundaryIs>
      </Polygon>
    </Placemark>
    <Placemark>
      <description><![CDATA[LIMITES_TRACKER<BR><BR><B>ELEVATION</B> = 0]]></description>
      <styleUrl>#area1</styleUrl>
      <Polygon>
        <altitudeMode>relativeToGround</altitudeMode>
        <extrude>1</extrude>
        <outerBoundaryIs>
          <LinearRing>
            <coordinates>
              -70.8022953523,-33.1092038532,0
              -70.8023060354,-33.1097269286,0
              -70.8022796283,-33.1097273106,0
              -70.8022689454,-33.1092042352,0
              -70.8022953523,-33.1092038532,0
            </coordinates>
          </LinearRing>
        </outerBoundaryIs>
      </Polygon>
    </Placemark>
    <Placemark>
      <description><![CDATA[LIMITES_TRACKER<BR><BR><B>ELEVATION</B> = 0]]></description>
      <styleUrl>#area3</styleUrl>
      <Polygon>
        <altitudeMode>relativeToGround</altitudeMode>
        <extrude>1</extrude>
        <outerBoundaryIs>
          <LinearRing>
            <coordinates>
              -70.8023581271,-33.1091713807,0
              -70.8023317203,-33.1091717627,0
              -70.8023210372,-33.1086486873,0
              -70.8023474439,-33.1086483053,0
              -70.8023581271,-33.1091713807,0
            </coordinates>
          </LinearRing>
        </outerBoundaryIs>
      </Polygon>
    </Placemark>
    <Placemark>
      <description><![CDATA[LIMITES_TRACKER<BR><BR><B>ELEVATION</B> = 0]]></description>
      <styleUrl>#area3</styleUrl>
      <Polygon>
        <altitudeMode>relativeToGround</altitudeMode>
        <extrude>1</extrude>
        <outerBoundaryIs>
          <LinearRing>
            <coordinates>
              -70.8022840250,-33.1086492227,0
              -70.8022947078,-33.1091722981,0
              -70.8022683009,-33.1091726801,0
              -70.8022576183,-33.1086496047,0
              -70.8022840250,-33.1086492227,0
            </coordinates>
          </LinearRing>
        </outerBoundaryIs>
      </Polygon>
    </Placemark>
    <Placemark>
      <description><![CDATA[LIMITES_TRACKER<BR><BR><B>ELEVATION</B> = 0]]></description>
      <styleUrl>#area4</styleUrl>
      <Polygon>
        <altitudeMode>relativeToGround</altitudeMode>
        <extrude>1</extrude>
        <outerBoundaryIs>
          <LinearRing>
            <coordinates>
              -70.8023473519,-33.1086437975,0
              -70.8023209452,-33.1086441795,0
              -70.8023102624,-33.1081211040,0
              -70.8023366690,-33.1081207220,0
              -70.8023473519,-33.1086437975,0
            </coordinates>
          </LinearRing>
        </outerBoundaryIs>
      </Polygon>
    </Placemark>
    <Placemark>
      <description><![CDATA[LIMITES_TRACKER<BR><BR><B>ELEVATION</B> = 0]]></description>
      <styleUrl>#area4</styleUrl>
      <Polygon>
        <altitudeMode>relativeToGround</altitudeMode>
        <extrude>1</extrude>
        <outerBoundaryIs>
          <LinearRing>
            <coordinates>
              -70.8022732504,-33.1081216394,0
              -70.8022839329,-33.1086447149,0
              -70.8022575262,-33.1086450968,0
              -70.8022468439,-33.1081220214,0
              -70.8022732504,-33.1081216394,0
            </coordinates>
          </LinearRing>
        </outerBoundaryIs>
      </Polygon>
    </Placemark>
    <Placemark>
      <description><![CDATA[LIMITES_TRACKER<BR><BR><B>ELEVATION</B> = 0]]></description>
      <styleUrl>#area1</styleUrl>
      <Polygon>
        <altitudeMode>relativeToGround</altitudeMode>
        <extrude>1</extrude>
        <outerBoundaryIs>
          <LinearRing>
            <coordinates>
              -70.8024884472,-33.1115014024,0
              -70.8024620396,-33.1115017845,0
              -70.8024513549,-33.1109787093,0
              -70.8024777623,-33.1109783273,0
              -70.8024884472,-33.1115014024,0
            </coordinates>
          </LinearRing>
        </outerBoundaryIs>
      </Polygon>
    </Placemark>
    <Placemark>
      <description><![CDATA[LIMITES_TRACKER<BR><BR><B>ELEVATION</B> = 0]]></description>
      <styleUrl>#area1</styleUrl>
      <Polygon>
        <altitudeMode>relativeToGround</altitudeMode>
        <extrude>1</extrude>
        <outerBoundaryIs>
          <LinearRing>
            <coordinates>
              -70.8024143417,-33.1109792448,0
              -70.8024250262,-33.1115023199,0
              -70.8023986186,-33.1115027020,0
              -70.8023879343,-33.1109796268,0
              -70.8024143417,-33.1109792448,0
            </coordinates>
          </LinearRing>
        </outerBoundaryIs>
      </Polygon>
    </Placemark>
    <Placemark>
      <description><![CDATA[LIMITES_TRACKER<BR><BR><B>ELEVATION</B> = 0]]></description>
      <styleUrl>#area3</styleUrl>
      <Polygon>
        <altitudeMode>relativeToGround</altitudeMode>
        <extrude>1</extrude>
        <outerBoundaryIs>
          <LinearRing>
            <coordinates>
              -70.8024776702,-33.1109738194,0
              -70.8024512628,-33.1109742014,0
              -70.8024405784,-33.1104511262,0
              -70.8024669856,-33.1104507442,0
              -70.8024776702,-33.1109738194,0
            </coordinates>
          </LinearRing>
        </outerBoundaryIs>
      </Polygon>
    </Placemark>
    <Placemark>
      <description><![CDATA[LIMITES_TRACKER<BR><BR><B>ELEVATION</B> = 0]]></description>
      <styleUrl>#area3</styleUrl>
      <Polygon>
        <altitudeMode>relativeToGround</altitudeMode>
        <extrude>1</extrude>
        <outerBoundaryIs>
          <LinearRing>
            <coordinates>
              -70.8024035654,-33.1104516617,0
              -70.8024142496,-33.1109747369,0
              -70.8023878422,-33.1109751189,0
              -70.8023771581,-33.1104520437,0
              -70.8024035654,-33.1104516617,0
            </coordinates>
          </LinearRing>
        </outerBoundaryIs>
      </Polygon>
    </Placemark>
    <Placemark>
      <description><![CDATA[LIMITES_TRACKER<BR><BR><B>ELEVATION</B> = 0]]></description>
      <styleUrl>#area1</styleUrl>
      <Polygon>
        <altitudeMode>relativeToGround</altitudeMode>
        <extrude>1</extrude>
        <outerBoundaryIs>
          <LinearRing>
            <coordinates>
              -70.8024962945,-33.1097241762,0
              -70.8024698875,-33.1097245583,0
              -70.8024592034,-33.1092014830,0
              -70.8024856103,-33.1092011009,0
              -70.8024962945,-33.1097241762,0
            </coordinates>
          </LinearRing>
        </outerBoundaryIs>
      </Polygon>
    </Placemark>
    <Placemark>
      <description><![CDATA[LIMITES_TRACKER<BR><BR><B>ELEVATION</B> = 0]]></description>
      <styleUrl>#area1</styleUrl>
      <Polygon>
        <altitudeMode>relativeToGround</altitudeMode>
        <extrude>1</extrude>
        <outerBoundaryIs>
          <LinearRing>
            <coordinates>
              -70.8024221910,-33.1092020184,0
              -70.8024328748,-33.1097250937,0
              -70.8024064678,-33.1097254757,0
              -70.8023957841,-33.1092024004,0
              -70.8024221910,-33.1092020184,0
            </coordinates>
          </LinearRing>
        </outerBoundaryIs>
      </Polygon>
    </Placemark>
    <Placemark>
      <description><![CDATA[LIMITES_TRACKER<BR><BR><B>ELEVATION</B> = 0]]></description>
      <styleUrl>#area3</styleUrl>
      <Polygon>
        <altitudeMode>relativeToGround</altitudeMode>
        <extrude>1</extrude>
        <outerBoundaryIs>
          <LinearRing>
            <coordinates>
              -70.8024849658,-33.1091695458,0
              -70.8024585589,-33.1091699279,0
              -70.8024478751,-33.1086468525,0
              -70.8024742818,-33.1086464705,0
              -70.8024849658,-33.1091695458,0
            </coordinates>
          </LinearRing>
        </outerBoundaryIs>
      </Polygon>
    </Placemark>
    <Placemark>
      <description><![CDATA[LIMITES_TRACKER<BR><BR><B>ELEVATION</B> = 0]]></description>
      <styleUrl>#area3</styleUrl>
      <Polygon>
        <altitudeMode>relativeToGround</altitudeMode>
        <extrude>1</extrude>
        <outerBoundaryIs>
          <LinearRing>
            <coordinates>
              -70.8024108629,-33.1086473879,0
              -70.8024215464,-33.1091704633,0
              -70.8023951396,-33.1091708453,0
              -70.8023844562,-33.1086477699,0
              -70.8024108629,-33.1086473879,0
            </coordinates>
          </LinearRing>
        </outerBoundaryIs>
      </Polygon>
    </Placemark>
    <Placemark>
      <description><![CDATA[LIMITES_TRACKER<BR><BR><B>ELEVATION</B> = 0]]></description>
      <styleUrl>#area1</styleUrl>
      <Polygon>
        <altitudeMode>relativeToGround</altitudeMode>
        <extrude>1</extrude>
        <outerBoundaryIs>
          <LinearRing>
            <coordinates>
              -70.8026152892,-33.1114995673,0
              -70.8025888816,-33.1114999494,0
              -70.8025781961,-33.1109768742,0
              -70.8026046035,-33.1109764922,0
              -70.8026152892,-33.1114995673,0
            </coordinates>
          </LinearRing>
        </outerBoundaryIs>
      </Polygon>
    </Placemark>
    <Placemark>
      <description><![CDATA[LIMITES_TRACKER<BR><BR><B>ELEVATION</B> = 0]]></description>
      <styleUrl>#area1</styleUrl>
      <Polygon>
        <altitudeMode>relativeToGround</altitudeMode>
        <extrude>1</extrude>
        <outerBoundaryIs>
          <LinearRing>
            <coordinates>
              -70.8025411829,-33.1109774097,0
              -70.8025518682,-33.1115004849,0
              -70.8025254606,-33.1115008669,0
              -70.8025147755,-33.1109777918,0
              -70.8025411829,-33.1109774097,0
            </coordinates>
          </LinearRing>
        </outerBoundaryIs>
      </Polygon>
    </Placemark>
    <Placemark>
      <description><![CDATA[LIMITES_TRACKER<BR><BR><B>ELEVATION</B> = 0]]></description>
      <styleUrl>#area3</styleUrl>
      <Polygon>
        <altitudeMode>relativeToGround</altitudeMode>
        <extrude>1</extrude>
        <outerBoundaryIs>
          <LinearRing>
            <coordinates>
              -70.8026045114,-33.1109719843,0
              -70.8025781040,-33.1109723664,0
              -70.8025674188,-33.1104492912,0
              -70.8025938261,-33.1104489091,0
              -70.8026045114,-33.1109719843,0
            </coordinates>
          </LinearRing>
        </outerBoundaryIs>
      </Polygon>
    </Placemark>
    <Placemark>
      <description><![CDATA[LIMITES_TRACKER<BR><BR><B>ELEVATION</B> = 0]]></description>
      <styleUrl>#area3</styleUrl>
      <Polygon>
        <altitudeMode>relativeToGround</altitudeMode>
        <extrude>1</extrude>
        <outerBoundaryIs>
          <LinearRing>
            <coordinates>
              -70.8025304058,-33.1104498267,0
              -70.8025410908,-33.1109729019,0
              -70.8025146834,-33.1109732839,0
              -70.8025039986,-33.1104502087,0
              -70.8025304058,-33.1104498267,0
            </coordinates>
          </LinearRing>
        </outerBoundaryIs>
      </Polygon>
    </Placemark>
    <Placemark>
      <description><![CDATA[LIMITES_TRACKER<BR><BR><B>ELEVATION</B> = 0]]></description>
      <styleUrl>#area1</styleUrl>
      <Polygon>
        <altitudeMode>relativeToGround</altitudeMode>
        <extrude>1</extrude>
        <outerBoundaryIs>
          <LinearRing>
            <coordinates>
              -70.8026231339,-33.1097223412,0
              -70.8025967269,-33.1097227232,0
              -70.8025860421,-33.1091996480,0
              -70.8026124490,-33.1091992659,0
              -70.8026231339,-33.1097223412,0
            </coordinates>
          </LinearRing>
        </outerBoundaryIs>
      </Polygon>
    </Placemark>
    <Placemark>
      <description><![CDATA[LIMITES_TRACKER<BR><BR><B>ELEVATION</B> = 0]]></description>
      <styleUrl>#area1</styleUrl>
      <Polygon>
        <altitudeMode>relativeToGround</altitudeMode>
        <extrude>1</extrude>
        <outerBoundaryIs>
          <LinearRing>
            <coordinates>
              -70.8025490296,-33.1092001834,0
              -70.8025597142,-33.1097232587,0
              -70.8025333072,-33.1097236408,0
              -70.8025226228,-33.1092005655,0
              -70.8025490296,-33.1092001834,0
            </coordinates>
          </LinearRing>
        </outerBoundaryIs>
      </Polygon>
    </Placemark>
    <Placemark>
      <description><![CDATA[LIMITES_TRACKER<BR><BR><B>ELEVATION</B> = 0]]></description>
      <styleUrl>#area3</styleUrl>
      <Polygon>
        <altitudeMode>relativeToGround</altitudeMode>
        <extrude>1</extrude>
        <outerBoundaryIs>
          <LinearRing>
            <coordinates>
              -70.8026118044,-33.1091677108,0
              -70.8025853975,-33.1091680929,0
              -70.8025747130,-33.1086450175,0
              -70.8026011197,-33.1086446355,0
              -70.8026118044,-33.1091677108,0
            </coordinates>
          </LinearRing>
        </outerBoundaryIs>
      </Polygon>
    </Placemark>
    <Placemark>
      <description><![CDATA[LIMITES_TRACKER<BR><BR><B>ELEVATION</B> = 0]]></description>
      <styleUrl>#area3</styleUrl>
      <Polygon>
        <altitudeMode>relativeToGround</altitudeMode>
        <extrude>1</extrude>
        <outerBoundaryIs>
          <LinearRing>
            <coordinates>
              -70.8025377008,-33.1086455530,0
              -70.8025483851,-33.1091686283,0
              -70.8025219782,-33.1091690104,0
              -70.8025112941,-33.1086459350,0
              -70.8025377008,-33.1086455530,0
            </coordinates>
          </LinearRing>
        </outerBoundaryIs>
      </Polygon>
    </Placemark>
    <Placemark>
      <description><![CDATA[LIMITES_TRACKER<BR><BR><B>ELEVATION</B> = 0]]></description>
      <styleUrl>#area1</styleUrl>
      <Polygon>
        <altitudeMode>relativeToGround</altitudeMode>
        <extrude>1</extrude>
        <outerBoundaryIs>
          <LinearRing>
            <coordinates>
              -70.8027421311,-33.1114977320,0
              -70.8027157236,-33.1114981141,0
              -70.8027050373,-33.1109750390,0
              -70.8027314447,-33.1109746569,0
              -70.8027421311,-33.1114977320,0
            </coordinates>
          </LinearRing>
        </outerBoundaryIs>
      </Polygon>
    </Placemark>
    <Placemark>
      <description><![CDATA[LIMITES_TRACKER<BR><BR><B>ELEVATION</B> = 0]]></description>
      <styleUrl>#area1</styleUrl>
      <Polygon>
        <altitudeMode>relativeToGround</altitudeMode>
        <extrude>1</extrude>
        <outerBoundaryIs>
          <LinearRing>
            <coordinates>
              -70.8026680241,-33.1109755746,0
              -70.8026787102,-33.1114986497,0
              -70.8026523026,-33.1114990317,0
              -70.8026416167,-33.1109759566,0
              -70.8026680241,-33.1109755746,0
            </coordinates>
          </LinearRing>
        </outerBoundaryIs>
      </Polygon>
    </Placemark>
    <Placemark>
      <description><![CDATA[LIMITES_TRACKER<BR><BR><B>ELEVATION</B> = 0]]></description>
      <styleUrl>#area3</styleUrl>
      <Polygon>
        <altitudeMode>relativeToGround</altitudeMode>
        <extrude>1</extrude>
        <outerBoundaryIs>
          <LinearRing>
            <coordinates>
              -70.8027313526,-33.1109701491,0
              -70.8027049452,-33.1109705311,0
              -70.8026942593,-33.1104474560,0
              -70.8027206665,-33.1104470739,0
              -70.8027313526,-33.1109701491,0
            </coordinates>
          </LinearRing>
        </outerBoundaryIs>
      </Polygon>
    </Placemark>
    <Placemark>
      <description><![CDATA[LIMITES_TRACKER<BR><BR><B>ELEVATION</B> = 0]]></description>
      <styleUrl>#area3</styleUrl>
      <Polygon>
        <altitudeMode>relativeToGround</altitudeMode>
        <extrude>1</extrude>
        <outerBoundaryIs>
          <LinearRing>
            <coordinates>
              -70.8026572463,-33.1104479915,0
              -70.8026679320,-33.1109710667,0
              -70.8026415246,-33.1109714488,0
              -70.8026308390,-33.1104483736,0
              -70.8026572463,-33.1104479915,0
            </coordinates>
          </LinearRing>
        </outerBoundaryIs>
      </Polygon>
    </Placemark>
    <Placemark>
      <description><![CDATA[LIMITES_TRACKER<BR><BR><B>ELEVATION</B> = 0]]></description>
      <styleUrl>#area1</styleUrl>
      <Polygon>
        <altitudeMode>relativeToGround</altitudeMode>
        <extrude>1</extrude>
        <outerBoundaryIs>
          <LinearRing>
            <coordinates>
              -70.8027499733,-33.1097205060,0
              -70.8027235663,-33.1097208881,0
              -70.8027128808,-33.1091978128,0
              -70.8027392876,-33.1091974308,0
              -70.8027499733,-33.1097205060,0
            </coordinates>
          </LinearRing>
        </outerBoundaryIs>
      </Polygon>
    </Placemark>
    <Placemark>
      <description><![CDATA[LIMITES_TRACKER<BR><BR><B>ELEVATION</B> = 0]]></description>
      <styleUrl>#area1</styleUrl>
      <Polygon>
        <altitudeMode>relativeToGround</altitudeMode>
        <extrude>1</extrude>
        <outerBoundaryIs>
          <LinearRing>
            <coordinates>
              -70.8026758683,-33.1091983483,0
              -70.8026865536,-33.1097214236,0
              -70.8026601466,-33.1097218057,0
              -70.8026494614,-33.1091987304,0
              -70.8026758683,-33.1091983483,0
            </coordinates>
          </LinearRing>
        </outerBoundaryIs>
      </Polygon>
    </Placemark>
    <Placemark>
      <description><![CDATA[LIMITES_TRACKER<BR><BR><B>ELEVATION</B> = 0]]></description>
      <styleUrl>#area3</styleUrl>
      <Polygon>
        <altitudeMode>relativeToGround</altitudeMode>
        <extrude>1</extrude>
        <outerBoundaryIs>
          <LinearRing>
            <coordinates>
              -70.8027386430,-33.1091658757,0
              -70.8027122361,-33.1091662577,0
              -70.8027015509,-33.1086431824,0
              -70.8027279576,-33.1086428004,0
              -70.8027386430,-33.1091658757,0
            </coordinates>
          </LinearRing>
        </outerBoundaryIs>
      </Polygon>
    </Placemark>
    <Placemark>
      <description><![CDATA[LIMITES_TRACKER<BR><BR><B>ELEVATION</B> = 0]]></description>
      <styleUrl>#area3</styleUrl>
      <Polygon>
        <altitudeMode>relativeToGround</altitudeMode>
        <extrude>1</extrude>
        <outerBoundaryIs>
          <LinearRing>
            <coordinates>
              -70.8026645386,-33.1086437180,0
              -70.8026752237,-33.1091667933,0
              -70.8026488168,-33.1091671753,0
              -70.8026381319,-33.1086441000,0
              -70.8026645386,-33.1086437180,0
            </coordinates>
          </LinearRing>
        </outerBoundaryIs>
      </Polygon>
    </Placemark>
    <Placemark>
      <description><![CDATA[LIMITES_TRACKER<BR><BR><B>ELEVATION</B> = 0]]></description>
      <styleUrl>#area1</styleUrl>
      <Polygon>
        <altitudeMode>relativeToGround</altitudeMode>
        <extrude>1</extrude>
        <outerBoundaryIs>
          <LinearRing>
            <coordinates>
              -70.8028689731,-33.1114958966,0
              -70.8028425655,-33.1114962787,0
              -70.8028318785,-33.1109732037,0
              -70.8028582859,-33.1109728216,0
              -70.8028689731,-33.1114958966,0
            </coordinates>
          </LinearRing>
        </outerBoundaryIs>
      </Polygon>
    </Placemark>
    <Placemark>
      <description><![CDATA[LIMITES_TRACKER<BR><BR><B>ELEVATION</B> = 0]]></description>
      <styleUrl>#area1</styleUrl>
      <Polygon>
        <altitudeMode>relativeToGround</altitudeMode>
        <extrude>1</extrude>
        <outerBoundaryIs>
          <LinearRing>
            <coordinates>
              -70.8027948653,-33.1109737393,0
              -70.8028055521,-33.1114968143,0
              -70.8027791446,-33.1114971964,0
              -70.8027684579,-33.1109741214,0
              -70.8027948653,-33.1109737393,0
            </coordinates>
          </LinearRing>
        </outerBoundaryIs>
      </Polygon>
    </Placemark>
    <Placemark>
      <description><![CDATA[LIMITES_TRACKER<BR><BR><B>ELEVATION</B> = 0]]></description>
      <styleUrl>#area3</styleUrl>
      <Polygon>
        <altitudeMode>relativeToGround</altitudeMode>
        <extrude>1</extrude>
        <outerBoundaryIs>
          <LinearRing>
            <coordinates>
              -70.8028581938,-33.1109683137,0
              -70.8028317864,-33.1109686958,0
              -70.8028210997,-33.1104456207,0
              -70.8028475070,-33.1104452386,0
              -70.8028581938,-33.1109683137,0
            </coordinates>
          </LinearRing>
        </outerBoundaryIs>
      </Polygon>
    </Placemark>
    <Placemark>
      <description><![CDATA[LIMITES_TRACKER<BR><BR><B>ELEVATION</B> = 0]]></description>
      <styleUrl>#area3</styleUrl>
      <Polygon>
        <altitudeMode>relativeToGround</altitudeMode>
        <extrude>1</extrude>
        <outerBoundaryIs>
          <LinearRing>
            <coordinates>
              -70.8027840867,-33.1104461563,0
              -70.8027947732,-33.1109692314,0
              -70.8027683658,-33.1109696135,0
              -70.8027576795,-33.1104465384,0
              -70.8027840867,-33.1104461563,0
            </coordinates>
          </LinearRing>
        </outerBoundaryIs>
      </Polygon>
    </Placemark>
    <Placemark>
      <description><![CDATA[LIMITES_TRACKER<BR><BR><B>ELEVATION</B> = 0]]></description>
      <styleUrl>#area2</styleUrl>
      <Polygon>
        <altitudeMode>relativeToGround</altitudeMode>
        <extrude>1</extrude>
        <outerBoundaryIs>
          <LinearRing>
            <coordinates>
              -70.8028768127,-33.1097186707,0
              -70.8028504057,-33.1097190528,0
              -70.8028397194,-33.1091959776,0
              -70.8028661263,-33.1091955955,0
              -70.8028768127,-33.1097186707,0
            </coordinates>
          </LinearRing>
        </outerBoundaryIs>
      </Polygon>
    </Placemark>
    <Placemark>
      <description><![CDATA[LIMITES_TRACKER<BR><BR><B>ELEVATION</B> = 0]]></description>
      <styleUrl>#area2</styleUrl>
      <Polygon>
        <altitudeMode>relativeToGround</altitudeMode>
        <extrude>1</extrude>
        <outerBoundaryIs>
          <LinearRing>
            <coordinates>
              -70.8028027069,-33.1091965131,0
              -70.8028133930,-33.1097195883,0
              -70.8027869860,-33.1097199704,0
              -70.8027763001,-33.1091968952,0
              -70.8028027069,-33.1091965131,0
            </coordinates>
          </LinearRing>
        </outerBoundaryIs>
      </Polygon>
    </Placemark>
    <Placemark>
      <description><![CDATA[LIMITES_TRACKER<BR><BR><B>ELEVATION</B> = 0]]></description>
      <styleUrl>#area3</styleUrl>
      <Polygon>
        <altitudeMode>relativeToGround</altitudeMode>
        <extrude>1</extrude>
        <outerBoundaryIs>
          <LinearRing>
            <coordinates>
              -70.8028654816,-33.1091640404,0
              -70.8028390747,-33.1091644225,0
              -70.8028283887,-33.1086413472,0
              -70.8028547954,-33.1086409651,0
              -70.8028654816,-33.1091640404,0
            </coordinates>
          </LinearRing>
        </outerBoundaryIs>
      </Polygon>
    </Placemark>
    <Placemark>
      <description><![CDATA[LIMITES_TRACKER<BR><BR><B>ELEVATION</B> = 0]]></description>
      <styleUrl>#area3</styleUrl>
      <Polygon>
        <altitudeMode>relativeToGround</altitudeMode>
        <extrude>1</extrude>
        <outerBoundaryIs>
          <LinearRing>
            <coordinates>
              -70.8027913765,-33.1086418828,0
              -70.8028020623,-33.1091649580,0
              -70.8027756554,-33.1091653401,0
              -70.8027649698,-33.1086422649,0
              -70.8027913765,-33.1086418828,0
            </coordinates>
          </LinearRing>
        </outerBoundaryIs>
      </Polygon>
    </Placemark>
    <Placemark>
      <description><![CDATA[LIMITES_TRACKER<BR><BR><B>ELEVATION</B> = 0]]></description>
      <styleUrl>#area1</styleUrl>
      <Polygon>
        <altitudeMode>relativeToGround</altitudeMode>
        <extrude>1</extrude>
        <outerBoundaryIs>
          <LinearRing>
            <coordinates>
              -70.8029958150,-33.1114940611,0
              -70.8029694075,-33.1114944432,0
              -70.8029587197,-33.1109713682,0
              -70.8029851271,-33.1109709861,0
              -70.8029958150,-33.1114940611,0
            </coordinates>
          </LinearRing>
        </outerBoundaryIs>
      </Polygon>
    </Placemark>
    <Placemark>
      <description><![CDATA[LIMITES_TRACKER<BR><BR><B>ELEVATION</B> = 0]]></description>
      <styleUrl>#area1</styleUrl>
      <Polygon>
        <altitudeMode>relativeToGround</altitudeMode>
        <extrude>1</extrude>
        <outerBoundaryIs>
          <LinearRing>
            <coordinates>
              -70.8029217065,-33.1109719038,0
              -70.8029323941,-33.1114949789,0
              -70.8029059865,-33.1114953610,0
              -70.8028952991,-33.1109722860,0
              -70.8029217065,-33.1109719038,0
            </coordinates>
          </LinearRing>
        </outerBoundaryIs>
      </Polygon>
    </Placemark>
    <Placemark>
      <description><![CDATA[LIMITES_TRACKER<BR><BR><B>ELEVATION</B> = 0]]></description>
      <styleUrl>#area3</styleUrl>
      <Polygon>
        <altitudeMode>relativeToGround</altitudeMode>
        <extrude>1</extrude>
        <outerBoundaryIs>
          <LinearRing>
            <coordinates>
              -70.8029850350,-33.1109664782,0
              -70.8029586276,-33.1109668603,0
              -70.8029479402,-33.1104437853,0
              -70.8029743474,-33.1104434031,0
              -70.8029850350,-33.1109664782,0
            </coordinates>
          </LinearRing>
        </outerBoundaryIs>
      </Polygon>
    </Placemark>
    <Placemark>
      <description><![CDATA[LIMITES_TRACKER<BR><BR><B>ELEVATION</B> = 0]]></description>
      <styleUrl>#area3</styleUrl>
      <Polygon>
        <altitudeMode>relativeToGround</altitudeMode>
        <extrude>1</extrude>
        <outerBoundaryIs>
          <LinearRing>
            <coordinates>
              -70.8029109272,-33.1104443209,0
              -70.8029216144,-33.1109673960,0
              -70.8028952070,-33.1109677781,0
              -70.8028845199,-33.1104447030,0
              -70.8029109272,-33.1104443209,0
            </coordinates>
          </LinearRing>
        </outerBoundaryIs>
      </Polygon>
    </Placemark>
    <Placemark>
      <description><![CDATA[LIMITES_TRACKER<BR><BR><B>ELEVATION</B> = 0]]></description>
      <styleUrl>#area2</styleUrl>
      <Polygon>
        <altitudeMode>relativeToGround</altitudeMode>
        <extrude>1</extrude>
        <outerBoundaryIs>
          <LinearRing>
            <coordinates>
              -70.8030036521,-33.1097168352,0
              -70.8029772451,-33.1097172173,0
              -70.8029665580,-33.1091941422,0
              -70.8029929649,-33.1091937600,0
              -70.8030036521,-33.1097168352,0
            </coordinates>
          </LinearRing>
        </outerBoundaryIs>
      </Polygon>
    </Placemark>
    <Placemark>
      <description><![CDATA[LIMITES_TRACKER<BR><BR><B>ELEVATION</B> = 0]]></description>
      <styleUrl>#area2</styleUrl>
      <Polygon>
        <altitudeMode>relativeToGround</altitudeMode>
        <extrude>1</extrude>
        <outerBoundaryIs>
          <LinearRing>
            <coordinates>
              -70.8029295456,-33.1091946778,0
              -70.8029402324,-33.1097177529,0
              -70.8029138254,-33.1097181351,0
              -70.8029031387,-33.1091950599,0
              -70.8029295456,-33.1091946778,0
            </coordinates>
          </LinearRing>
        </outerBoundaryIs>
      </Polygon>
    </Placemark>
    <Placemark>
      <description><![CDATA[LIMITES_TRACKER<BR><BR><B>ELEVATION</B> = 0]]></description>
      <styleUrl>#area3</styleUrl>
      <Polygon>
        <altitudeMode>relativeToGround</altitudeMode>
        <extrude>1</extrude>
        <outerBoundaryIs>
          <LinearRing>
            <coordinates>
              -70.8029923202,-33.1091622050,0
              -70.8029659133,-33.1091625871,0
              -70.8029552266,-33.1086395119,0
              -70.8029816333,-33.1086391298,0
              -70.8029923202,-33.1091622050,0
            </coordinates>
          </LinearRing>
        </outerBoundaryIs>
      </Polygon>
    </Placemark>
    <Placemark>
      <description><![CDATA[LIMITES_TRACKER<BR><BR><B>ELEVATION</B> = 0]]></description>
      <styleUrl>#area3</styleUrl>
      <Polygon>
        <altitudeMode>relativeToGround</altitudeMode>
        <extrude>1</extrude>
        <outerBoundaryIs>
          <LinearRing>
            <coordinates>
              -70.8029182143,-33.1086400475,0
              -70.8029289009,-33.1091631227,0
              -70.8029024940,-33.1091635048,0
              -70.8028918076,-33.1086404296,0
              -70.8029182143,-33.1086400475,0
            </coordinates>
          </LinearRing>
        </outerBoundaryIs>
      </Polygon>
    </Placemark>
    <Placemark>
      <description><![CDATA[LIMITES_TRACKER<BR><BR><B>ELEVATION</B> = 0]]></description>
      <styleUrl>#area1</styleUrl>
      <Polygon>
        <altitudeMode>relativeToGround</altitudeMode>
        <extrude>1</extrude>
        <outerBoundaryIs>
          <LinearRing>
            <coordinates>
              -70.8031226570,-33.1114922254,0
              -70.8030962494,-33.1114926076,0
              -70.8030855609,-33.1109695326,0
              -70.8031119683,-33.1109691504,0
              -70.8031226570,-33.1114922254,0
            </coordinates>
          </LinearRing>
        </outerBoundaryIs>
      </Polygon>
    </Placemark>
    <Placemark>
      <description><![CDATA[LIMITES_TRACKER<BR><BR><B>ELEVATION</B> = 0]]></description>
      <styleUrl>#area1</styleUrl>
      <Polygon>
        <altitudeMode>relativeToGround</altitudeMode>
        <extrude>1</extrude>
        <outerBoundaryIs>
          <LinearRing>
            <coordinates>
              -70.8030485477,-33.1109700683,0
              -70.8030592360,-33.1114931433,0
              -70.8030328284,-33.1114935254,0
              -70.8030221403,-33.1109704504,0
              -70.8030485477,-33.1109700683,0
            </coordinates>
          </LinearRing>
        </outerBoundaryIs>
      </Polygon>
    </Placemark>
    <Placemark>
      <description><![CDATA[LIMITES_TRACKER<BR><BR><B>ELEVATION</B> = 0]]></description>
      <styleUrl>#area3</styleUrl>
      <Polygon>
        <altitudeMode>relativeToGround</altitudeMode>
        <extrude>1</extrude>
        <outerBoundaryIs>
          <LinearRing>
            <coordinates>
              -70.8031118762,-33.1109646426,0
              -70.8030854688,-33.1109650247,0
              -70.8030747806,-33.1104419497,0
              -70.8031011878,-33.1104415675,0
              -70.8031118762,-33.1109646426,0
            </coordinates>
          </LinearRing>
        </outerBoundaryIs>
      </Polygon>
    </Placemark>
    <Placemark>
      <description><![CDATA[LIMITES_TRACKER<BR><BR><B>ELEVATION</B> = 0]]></description>
      <styleUrl>#area3</styleUrl>
      <Polygon>
        <altitudeMode>relativeToGround</altitudeMode>
        <extrude>1</extrude>
        <outerBoundaryIs>
          <LinearRing>
            <coordinates>
              -70.8030377676,-33.1104424854,0
              -70.8030484556,-33.1109655604,0
              -70.8030220482,-33.1109659426,0
              -70.8030113604,-33.1104428675,0
              -70.8030377676,-33.1104424854,0
            </coordinates>
          </LinearRing>
        </outerBoundaryIs>
      </Polygon>
    </Placemark>
    <Placemark>
      <description><![CDATA[LIMITES_TRACKER<BR><BR><B>ELEVATION</B> = 0]]></description>
      <styleUrl>#area2</styleUrl>
      <Polygon>
        <altitudeMode>relativeToGround</altitudeMode>
        <extrude>1</extrude>
        <outerBoundaryIs>
          <LinearRing>
            <coordinates>
              -70.8031304915,-33.1097149996,0
              -70.8031040845,-33.1097153818,0
              -70.8030933967,-33.1091923067,0
              -70.8031198035,-33.1091919245,0
              -70.8031304915,-33.1097149996,0
            </coordinates>
          </LinearRing>
        </outerBoundaryIs>
      </Polygon>
    </Placemark>
    <Placemark>
      <description><![CDATA[LIMITES_TRACKER<BR><BR><B>ELEVATION</B> = 0]]></description>
      <styleUrl>#area2</styleUrl>
      <Polygon>
        <altitudeMode>relativeToGround</altitudeMode>
        <extrude>1</extrude>
        <outerBoundaryIs>
          <LinearRing>
            <coordinates>
              -70.8030563842,-33.1091928423,0
              -70.8030670718,-33.1097159174,0
              -70.8030406648,-33.1097162996,0
              -70.8030299774,-33.1091932244,0
              -70.8030563842,-33.1091928423,0
            </coordinates>
          </LinearRing>
        </outerBoundaryIs>
      </Polygon>
    </Placemark>
    <Placemark>
      <description><![CDATA[LIMITES_TRACKER<BR><BR><B>ELEVATION</B> = 0]]></description>
      <styleUrl>#area3</styleUrl>
      <Polygon>
        <altitudeMode>relativeToGround</altitudeMode>
        <extrude>1</extrude>
        <outerBoundaryIs>
          <LinearRing>
            <coordinates>
              -70.8031191588,-33.1091603694,0
              -70.8030927519,-33.1091607516,0
              -70.8030820644,-33.1086376764,0
              -70.8031084711,-33.1086372942,0
              -70.8031191588,-33.1091603694,0
            </coordinates>
          </LinearRing>
        </outerBoundaryIs>
      </Polygon>
    </Placemark>
    <Placemark>
      <description><![CDATA[LIMITES_TRACKER<BR><BR><B>ELEVATION</B> = 0]]></description>
      <styleUrl>#area3</styleUrl>
      <Polygon>
        <altitudeMode>relativeToGround</altitudeMode>
        <extrude>1</extrude>
        <outerBoundaryIs>
          <LinearRing>
            <coordinates>
              -70.8030450522,-33.1086382120,0
              -70.8030557395,-33.1091612872,0
              -70.8030293326,-33.1091616693,0
              -70.8030186455,-33.1086385941,0
              -70.8030450522,-33.1086382120,0
            </coordinates>
          </LinearRing>
        </outerBoundaryIs>
      </Polygon>
    </Placemark>
    <Placemark>
      <description><![CDATA[LIMITES_TRACKER<BR><BR><B>ELEVATION</B> = 0]]></description>
      <styleUrl>#area1</styleUrl>
      <Polygon>
        <altitudeMode>relativeToGround</altitudeMode>
        <extrude>1</extrude>
        <outerBoundaryIs>
          <LinearRing>
            <coordinates>
              -70.8032602807,-33.1120179724,0
              -70.8032338730,-33.1120183546,0
              -70.8032231834,-33.1114952797,0
              -70.8032495910,-33.1114948975,0
              -70.8032602807,-33.1120179724,0
            </coordinates>
          </LinearRing>
        </outerBoundaryIs>
      </Polygon>
    </Placemark>
    <Placemark>
      <description><![CDATA[LIMITES_TRACKER<BR><BR><B>ELEVATION</B> = 0]]></description>
      <styleUrl>#area1</styleUrl>
      <Polygon>
        <altitudeMode>relativeToGround</altitudeMode>
        <extrude>1</extrude>
        <outerBoundaryIs>
          <LinearRing>
            <coordinates>
              -70.8031861700,-33.1114958154,0
              -70.8031968593,-33.1120188903,0
              -70.8031704516,-33.1120192725,0
              -70.8031597625,-33.1114961976,0
              -70.8031861700,-33.1114958154,0
            </coordinates>
          </LinearRing>
        </outerBoundaryIs>
      </Polygon>
    </Placemark>
    <Placemark>
      <description><![CDATA[LIMITES_TRACKER<BR><BR><B>ELEVATION</B> = 0]]></description>
      <styleUrl>#area2</styleUrl>
      <Polygon>
        <altitudeMode>relativeToGround</altitudeMode>
        <extrude>1</extrude>
        <outerBoundaryIs>
          <LinearRing>
            <coordinates>
              -70.8032494989,-33.1114903896,0
              -70.8032230913,-33.1114907718,0
              -70.8032124021,-33.1109676969,0
              -70.8032388095,-33.1109673147,0
              -70.8032494989,-33.1114903896,0
            </coordinates>
          </LinearRing>
        </outerBoundaryIs>
      </Polygon>
    </Placemark>
    <Placemark>
      <description><![CDATA[LIMITES_TRACKER<BR><BR><B>ELEVATION</B> = 0]]></description>
      <styleUrl>#area2</styleUrl>
      <Polygon>
        <altitudeMode>relativeToGround</altitudeMode>
        <extrude>1</extrude>
        <outerBoundaryIs>
          <LinearRing>
            <coordinates>
              -70.8031753889,-33.1109682326,0
              -70.8031860779,-33.1114913075,0
              -70.8031596704,-33.1114916897,0
              -70.8031489815,-33.1109686148,0
              -70.8031753889,-33.1109682326,0
            </coordinates>
          </LinearRing>
        </outerBoundaryIs>
      </Polygon>
    </Placemark>
    <Placemark>
      <description><![CDATA[LIMITES_TRACKER<BR><BR><B>ELEVATION</B> = 0]]></description>
      <styleUrl>#area3</styleUrl>
      <Polygon>
        <altitudeMode>relativeToGround</altitudeMode>
        <extrude>1</extrude>
        <outerBoundaryIs>
          <LinearRing>
            <coordinates>
              -70.8032387173,-33.1109628068,0
              -70.8032123100,-33.1109631890,0
              -70.8032016210,-33.1104401140,0
              -70.8032280282,-33.1104397318,0
              -70.8032387173,-33.1109628068,0
            </coordinates>
          </LinearRing>
        </outerBoundaryIs>
      </Polygon>
    </Placemark>
    <Placemark>
      <description><![CDATA[LIMITES_TRACKER<BR><BR><B>ELEVATION</B> = 0]]></description>
      <styleUrl>#area3</styleUrl>
      <Polygon>
        <altitudeMode>relativeToGround</altitudeMode>
        <extrude>1</extrude>
        <outerBoundaryIs>
          <LinearRing>
            <coordinates>
              -70.8031646080,-33.1104406497,0
              -70.8031752968,-33.1109637247,0
              -70.8031488894,-33.1109641069,0
              -70.8031382008,-33.1104410319,0
              -70.8031646080,-33.1104406497,0
            </coordinates>
          </LinearRing>
        </outerBoundaryIs>
      </Polygon>
    </Placemark>
    <Placemark>
      <description><![CDATA[LIMITES_TRACKER<BR><BR><B>ELEVATION</B> = 0]]></description>
      <styleUrl>#area1</styleUrl>
      <Polygon>
        <altitudeMode>relativeToGround</altitudeMode>
        <extrude>1</extrude>
        <outerBoundaryIs>
          <LinearRing>
            <coordinates>
              -70.8032681120,-33.1102407468,0
              -70.8032417048,-33.1102411290,0
              -70.8032310160,-33.1097180540,0
              -70.8032574230,-33.1097176718,0
              -70.8032681120,-33.1102407468,0
            </coordinates>
          </LinearRing>
        </outerBoundaryIs>
      </Polygon>
    </Placemark>
    <Placemark>
      <description><![CDATA[LIMITES_TRACKER<BR><BR><B>ELEVATION</B> = 0]]></description>
      <styleUrl>#area1</styleUrl>
      <Polygon>
        <altitudeMode>relativeToGround</altitudeMode>
        <extrude>1</extrude>
        <outerBoundaryIs>
          <LinearRing>
            <coordinates>
              -70.8031940033,-33.1097185897,0
              -70.8032046919,-33.1102416647,0
              -70.8031782848,-33.1102420469,0
              -70.8031675963,-33.1097189718,0
              -70.8031940033,-33.1097185897,0
            </coordinates>
          </LinearRing>
        </outerBoundaryIs>
      </Polygon>
    </Placemark>
    <Placemark>
      <description><![CDATA[LIMITES_TRACKER<BR><BR><B>ELEVATION</B> = 0]]></description>
      <styleUrl>#area2</styleUrl>
      <Polygon>
        <altitudeMode>relativeToGround</altitudeMode>
        <extrude>1</extrude>
        <outerBoundaryIs>
          <LinearRing>
            <coordinates>
              -70.8032573309,-33.1097131639,0
              -70.8032309238,-33.1097135461,0
              -70.8032202353,-33.1091904710,0
              -70.8032466421,-33.1091900888,0
              -70.8032573309,-33.1097131639,0
            </coordinates>
          </LinearRing>
        </outerBoundaryIs>
      </Polygon>
    </Placemark>
    <Placemark>
      <description><![CDATA[LIMITES_TRACKER<BR><BR><B>ELEVATION</B> = 0]]></description>
      <styleUrl>#area2</styleUrl>
      <Polygon>
        <altitudeMode>relativeToGround</altitudeMode>
        <extrude>1</extrude>
        <outerBoundaryIs>
          <LinearRing>
            <coordinates>
              -70.8031832228,-33.1091910067,0
              -70.8031939112,-33.1097140818,0
              -70.8031675042,-33.1097144640,0
              -70.8031568160,-33.1091913889,0
              -70.8031832228,-33.1091910067,0
            </coordinates>
          </LinearRing>
        </outerBoundaryIs>
      </Polygon>
    </Placemark>
    <Placemark>
      <description><![CDATA[LIMITES_TRACKER<BR><BR><B>ELEVATION</B> = 0]]></description>
      <styleUrl>#area3</styleUrl>
      <Polygon>
        <altitudeMode>relativeToGround</altitudeMode>
        <extrude>1</extrude>
        <outerBoundaryIs>
          <LinearRing>
            <coordinates>
              -70.8032459973,-33.1091585337,0
              -70.8032195905,-33.1091589159,0
              -70.8032089022,-33.1086358408,0
              -70.8032353089,-33.1086354586,0
              -70.8032459973,-33.1091585337,0
            </coordinates>
          </LinearRing>
        </outerBoundaryIs>
      </Polygon>
    </Placemark>
    <Placemark>
      <description><![CDATA[LIMITES_TRACKER<BR><BR><B>ELEVATION</B> = 0]]></description>
      <styleUrl>#area3</styleUrl>
      <Polygon>
        <altitudeMode>relativeToGround</altitudeMode>
        <extrude>1</extrude>
        <outerBoundaryIs>
          <LinearRing>
            <coordinates>
              -70.8031718900,-33.1086363764,0
              -70.8031825780,-33.1091594516,0
              -70.8031561712,-33.1091598338,0
              -70.8031454833,-33.1086367586,0
              -70.8031718900,-33.1086363764,0
            </coordinates>
          </LinearRing>
        </outerBoundaryIs>
      </Polygon>
    </Placemark>
    <Placemark>
      <description><![CDATA[LIMITES_TRACKER<BR><BR><B>ELEVATION</B> = 0]]></description>
      <styleUrl>#area1</styleUrl>
      <Polygon>
        <altitudeMode>relativeToGround</altitudeMode>
        <extrude>1</extrude>
        <outerBoundaryIs>
          <LinearRing>
            <coordinates>
              -70.8033871233,-33.1120161364,0
              -70.8033607156,-33.1120165187,0
              -70.8033500254,-33.1114934438,0
              -70.8033764329,-33.1114930616,0
              -70.8033871233,-33.1120161364,0
            </coordinates>
          </LinearRing>
        </outerBoundaryIs>
      </Polygon>
    </Placemark>
    <Placemark>
      <description><![CDATA[LIMITES_TRACKER<BR><BR><B>ELEVATION</B> = 0]]></description>
      <styleUrl>#area1</styleUrl>
      <Polygon>
        <altitudeMode>relativeToGround</altitudeMode>
        <extrude>1</extrude>
        <outerBoundaryIs>
          <LinearRing>
            <coordinates>
              -70.8033130120,-33.1114939795,0
              -70.8033237020,-33.1120170544,0
              -70.8032972943,-33.1120174366,0
              -70.8032866044,-33.1114943618,0
              -70.8033130120,-33.1114939795,0
            </coordinates>
          </LinearRing>
        </outerBoundaryIs>
      </Polygon>
    </Placemark>
    <Placemark>
      <description><![CDATA[LIMITES_TRACKER<BR><BR><B>ELEVATION</B> = 0]]></description>
      <styleUrl>#area2</styleUrl>
      <Polygon>
        <altitudeMode>relativeToGround</altitudeMode>
        <extrude>1</extrude>
        <outerBoundaryIs>
          <LinearRing>
            <coordinates>
              -70.8033763408,-33.1114885537,0
              -70.8033499332,-33.1114889359,0
              -70.8033392432,-33.1109658610,0
              -70.8033656506,-33.1109654788,0
              -70.8033763408,-33.1114885537,0
            </coordinates>
          </LinearRing>
        </outerBoundaryIs>
      </Polygon>
    </Placemark>
    <Placemark>
      <description><![CDATA[LIMITES_TRACKER<BR><BR><B>ELEVATION</B> = 0]]></description>
      <styleUrl>#area2</styleUrl>
      <Polygon>
        <altitudeMode>relativeToGround</altitudeMode>
        <extrude>1</extrude>
        <outerBoundaryIs>
          <LinearRing>
            <coordinates>
              -70.8033022300,-33.1109663968,0
              -70.8033129198,-33.1114894717,0
              -70.8032865123,-33.1114898539,0
              -70.8032758227,-33.1109667790,0
              -70.8033022300,-33.1109663968,0
            </coordinates>
          </LinearRing>
        </outerBoundaryIs>
      </Polygon>
    </Placemark>
    <Placemark>
      <description><![CDATA[LIMITES_TRACKER<BR><BR><B>ELEVATION</B> = 0]]></description>
      <styleUrl>#area3</styleUrl>
      <Polygon>
        <altitudeMode>relativeToGround</altitudeMode>
        <extrude>1</extrude>
        <outerBoundaryIs>
          <LinearRing>
            <coordinates>
              -70.8033655585,-33.1109609709,0
              -70.8033391511,-33.1109613532,0
              -70.8033284614,-33.1104382782,0
              -70.8033548686,-33.1104378960,0
              -70.8033655585,-33.1109609709,0
            </coordinates>
          </LinearRing>
        </outerBoundaryIs>
      </Polygon>
    </Placemark>
    <Placemark>
      <description><![CDATA[LIMITES_TRACKER<BR><BR><B>ELEVATION</B> = 0]]></description>
      <styleUrl>#area3</styleUrl>
      <Polygon>
        <altitudeMode>relativeToGround</altitudeMode>
        <extrude>1</extrude>
        <outerBoundaryIs>
          <LinearRing>
            <coordinates>
              -70.8032914484,-33.1104388139,0
              -70.8033021379,-33.1109618889,0
              -70.8032757305,-33.1109622711,0
              -70.8032650412,-33.1104391961,0
              -70.8032914484,-33.1104388139,0
            </coordinates>
          </LinearRing>
        </outerBoundaryIs>
      </Polygon>
    </Placemark>
    <Placemark>
      <description><![CDATA[LIMITES_TRACKER<BR><BR><B>ELEVATION</B> = 0]]></description>
      <styleUrl>#area1</styleUrl>
      <Polygon>
        <altitudeMode>relativeToGround</altitudeMode>
        <extrude>1</extrude>
        <outerBoundaryIs>
          <LinearRing>
            <coordinates>
              -70.8033949521,-33.1102389109,0
              -70.8033685449,-33.1102392932,0
              -70.8033578553,-33.1097162182,0
              -70.8033842623,-33.1097158359,0
              -70.8033949521,-33.1102389109,0
            </coordinates>
          </LinearRing>
        </outerBoundaryIs>
      </Polygon>
    </Placemark>
    <Placemark>
      <description><![CDATA[LIMITES_TRACKER<BR><BR><B>ELEVATION</B> = 0]]></description>
      <styleUrl>#area1</styleUrl>
      <Polygon>
        <altitudeMode>relativeToGround</altitudeMode>
        <extrude>1</extrude>
        <outerBoundaryIs>
          <LinearRing>
            <coordinates>
              -70.8033208427,-33.1097167539,0
              -70.8033315320,-33.1102398289,0
              -70.8033051249,-33.1102402111,0
              -70.8032944356,-33.1097171361,0
              -70.8033208427,-33.1097167539,0
            </coordinates>
          </LinearRing>
        </outerBoundaryIs>
      </Polygon>
    </Placemark>
    <Placemark>
      <description><![CDATA[LIMITES_TRACKER<BR><BR><B>ELEVATION</B> = 0]]></description>
      <styleUrl>#area2</styleUrl>
      <Polygon>
        <altitudeMode>relativeToGround</altitudeMode>
        <extrude>1</extrude>
        <outerBoundaryIs>
          <LinearRing>
            <coordinates>
              -70.8033841702,-33.1097113281,0
              -70.8033577632,-33.1097117103,0
              -70.8033470739,-33.1091886352,0
              -70.8033734807,-33.1091882530,0
              -70.8033841702,-33.1097113281,0
            </coordinates>
          </LinearRing>
        </outerBoundaryIs>
      </Polygon>
    </Placemark>
    <Placemark>
      <description><![CDATA[LIMITES_TRACKER<BR><BR><B>ELEVATION</B> = 0]]></description>
      <styleUrl>#area2</styleUrl>
      <Polygon>
        <altitudeMode>relativeToGround</altitudeMode>
        <extrude>1</extrude>
        <outerBoundaryIs>
          <LinearRing>
            <coordinates>
              -70.8033100614,-33.1091891709,0
              -70.8033207505,-33.1097122460,0
              -70.8032943435,-33.1097126282,0
              -70.8032836546,-33.1091895531,0
              -70.8033100614,-33.1091891709,0
            </coordinates>
          </LinearRing>
        </outerBoundaryIs>
      </Polygon>
    </Placemark>
    <Placemark>
      <description><![CDATA[LIMITES_TRACKER<BR><BR><B>ELEVATION</B> = 0]]></description>
      <styleUrl>#area3</styleUrl>
      <Polygon>
        <altitudeMode>relativeToGround</altitudeMode>
        <extrude>1</extrude>
        <outerBoundaryIs>
          <LinearRing>
            <coordinates>
              -70.8033728359,-33.1091566979,0
              -70.8033464290,-33.1091570802,0
              -70.8033357400,-33.1086340050,0
              -70.8033621467,-33.1086336228,0
              -70.8033728359,-33.1091566979,0
            </coordinates>
          </LinearRing>
        </outerBoundaryIs>
      </Polygon>
    </Placemark>
    <Placemark>
      <description><![CDATA[LIMITES_TRACKER<BR><BR><B>ELEVATION</B> = 0]]></description>
      <styleUrl>#area3</styleUrl>
      <Polygon>
        <altitudeMode>relativeToGround</altitudeMode>
        <extrude>1</extrude>
        <outerBoundaryIs>
          <LinearRing>
            <coordinates>
              -70.8032987278,-33.1086345407,0
              -70.8033094166,-33.1091576159,0
              -70.8032830098,-33.1091579981,0
              -70.8032723211,-33.1086349229,0
              -70.8032987278,-33.1086345407,0
            </coordinates>
          </LinearRing>
        </outerBoundaryIs>
      </Polygon>
    </Placemark>
    <Placemark>
      <description><![CDATA[LIMITES_TRACKER<BR><BR><B>ELEVATION</B> = 0]]></description>
      <styleUrl>#area1</styleUrl>
      <Polygon>
        <altitudeMode>relativeToGround</altitudeMode>
        <extrude>1</extrude>
        <outerBoundaryIs>
          <LinearRing>
            <coordinates>
              -70.8035139660,-33.1120143003,0
              -70.8034875583,-33.1120146826,0
              -70.8034768673,-33.1114916078,0
              -70.8035032748,-33.1114912255,0
              -70.8035139660,-33.1120143003,0
            </coordinates>
          </LinearRing>
        </outerBoundaryIs>
      </Polygon>
    </Placemark>
    <Placemark>
      <description><![CDATA[LIMITES_TRACKER<BR><BR><B>ELEVATION</B> = 0]]></description>
      <styleUrl>#area1</styleUrl>
      <Polygon>
        <altitudeMode>relativeToGround</altitudeMode>
        <extrude>1</extrude>
        <outerBoundaryIs>
          <LinearRing>
            <coordinates>
              -70.8034398539,-33.1114921436,0
              -70.8034505447,-33.1120152184,0
              -70.8034241370,-33.1120156007,0
              -70.8034134463,-33.1114925258,0
              -70.8034398539,-33.1114921436,0
            </coordinates>
          </LinearRing>
        </outerBoundaryIs>
      </Polygon>
    </Placemark>
    <Placemark>
      <description><![CDATA[LIMITES_TRACKER<BR><BR><B>ELEVATION</B> = 0]]></description>
      <styleUrl>#area2</styleUrl>
      <Polygon>
        <altitudeMode>relativeToGround</altitudeMode>
        <extrude>1</extrude>
        <outerBoundaryIs>
          <LinearRing>
            <coordinates>
              -70.8035031827,-33.1114867177,0
              -70.8034767751,-33.1114870999,0
              -70.8034660844,-33.1109640250,0
              -70.8034924918,-33.1109636428,0
              -70.8035031827,-33.1114867177,0
            </coordinates>
          </LinearRing>
        </outerBoundaryIs>
      </Polygon>
    </Placemark>
    <Placemark>
      <description><![CDATA[LIMITES_TRACKER<BR><BR><B>ELEVATION</B> = 0]]></description>
      <styleUrl>#area2</styleUrl>
      <Polygon>
        <altitudeMode>relativeToGround</altitudeMode>
        <extrude>1</extrude>
        <outerBoundaryIs>
          <LinearRing>
            <coordinates>
              -70.8034290712,-33.1109645608,0
              -70.8034397617,-33.1114876357,0
              -70.8034133542,-33.1114880179,0
              -70.8034026638,-33.1109649431,0
              -70.8034290712,-33.1109645608,0
            </coordinates>
          </LinearRing>
        </outerBoundaryIs>
      </Polygon>
    </Placemark>
    <Placemark>
      <description><![CDATA[LIMITES_TRACKER<BR><BR><B>ELEVATION</B> = 0]]></description>
      <styleUrl>#area3</styleUrl>
      <Polygon>
        <altitudeMode>relativeToGround</altitudeMode>
        <extrude>1</extrude>
        <outerBoundaryIs>
          <LinearRing>
            <coordinates>
              -70.8034923996,-33.1109591349,0
              -70.8034659922,-33.1109595172,0
              -70.8034553018,-33.1104364423,0
              -70.8034817090,-33.1104360600,0
              -70.8034923996,-33.1109591349,0
            </coordinates>
          </LinearRing>
        </outerBoundaryIs>
      </Polygon>
    </Placemark>
    <Placemark>
      <description><![CDATA[LIMITES_TRACKER<BR><BR><B>ELEVATION</B> = 0]]></description>
      <styleUrl>#area3</styleUrl>
      <Polygon>
        <altitudeMode>relativeToGround</altitudeMode>
        <extrude>1</extrude>
        <outerBoundaryIs>
          <LinearRing>
            <coordinates>
              -70.8034182888,-33.1104369780,0
              -70.8034289791,-33.1109600529,0
              -70.8034025717,-33.1109604352,0
              -70.8033918816,-33.1104373602,0
              -70.8034182888,-33.1104369780,0
            </coordinates>
          </LinearRing>
        </outerBoundaryIs>
      </Polygon>
    </Placemark>
    <Placemark>
      <description><![CDATA[LIMITES_TRACKER<BR><BR><B>ELEVATION</B> = 0]]></description>
      <styleUrl>#area1</styleUrl>
      <Polygon>
        <altitudeMode>relativeToGround</altitudeMode>
        <extrude>1</extrude>
        <outerBoundaryIs>
          <LinearRing>
            <coordinates>
              -70.8035217922,-33.1102370749,0
              -70.8034953850,-33.1102374572,0
              -70.8034846947,-33.1097143822,0
              -70.8035111017,-33.1097140000,0
              -70.8035217922,-33.1102370749,0
            </coordinates>
          </LinearRing>
        </outerBoundaryIs>
      </Polygon>
    </Placemark>
    <Placemark>
      <description><![CDATA[LIMITES_TRACKER<BR><BR><B>ELEVATION</B> = 0]]></description>
      <styleUrl>#area1</styleUrl>
      <Polygon>
        <altitudeMode>relativeToGround</altitudeMode>
        <extrude>1</extrude>
        <outerBoundaryIs>
          <LinearRing>
            <coordinates>
              -70.8034476820,-33.1097149180,0
              -70.8034583721,-33.1102379930,0
              -70.8034319650,-33.1102383752,0
              -70.8034212750,-33.1097153002,0
              -70.8034476820,-33.1097149180,0
            </coordinates>
          </LinearRing>
        </outerBoundaryIs>
      </Polygon>
    </Placemark>
    <Placemark>
      <description><![CDATA[LIMITES_TRACKER<BR><BR><B>ELEVATION</B> = 0]]></description>
      <styleUrl>#area2</styleUrl>
      <Polygon>
        <altitudeMode>relativeToGround</altitudeMode>
        <extrude>1</extrude>
        <outerBoundaryIs>
          <LinearRing>
            <coordinates>
              -70.8035110096,-33.1097094921,0
              -70.8034846025,-33.1097098743,0
              -70.8034739125,-33.1091867993,0
              -70.8035003193,-33.1091864171,0
              -70.8035110096,-33.1097094921,0
            </coordinates>
          </LinearRing>
        </outerBoundaryIs>
      </Polygon>
    </Placemark>
    <Placemark>
      <description><![CDATA[LIMITES_TRACKER<BR><BR><B>ELEVATION</B> = 0]]></description>
      <styleUrl>#area2</styleUrl>
      <Polygon>
        <altitudeMode>relativeToGround</altitudeMode>
        <extrude>1</extrude>
        <outerBoundaryIs>
          <LinearRing>
            <coordinates>
              -70.8034369000,-33.1091873351,0
              -70.8034475899,-33.1097104101,0
              -70.8034211829,-33.1097107923,0
              -70.8034104932,-33.1091877173,0
              -70.8034369000,-33.1091873351,0
            </coordinates>
          </LinearRing>
        </outerBoundaryIs>
      </Polygon>
    </Placemark>
    <Placemark>
      <description><![CDATA[LIMITES_TRACKER<BR><BR><B>ELEVATION</B> = 0]]></description>
      <styleUrl>#area3</styleUrl>
      <Polygon>
        <altitudeMode>relativeToGround</altitudeMode>
        <extrude>1</extrude>
        <outerBoundaryIs>
          <LinearRing>
            <coordinates>
              -70.8034996744,-33.1091548620,0
              -70.8034732676,-33.1091552442,0
              -70.8034625778,-33.1086321692,0
              -70.8034889845,-33.1086317870,0
              -70.8034996744,-33.1091548620,0
            </coordinates>
          </LinearRing>
        </outerBoundaryIs>
      </Polygon>
    </Placemark>
    <Placemark>
      <description><![CDATA[LIMITES_TRACKER<BR><BR><B>ELEVATION</B> = 0]]></description>
      <styleUrl>#area3</styleUrl>
      <Polygon>
        <altitudeMode>relativeToGround</altitudeMode>
        <extrude>1</extrude>
        <outerBoundaryIs>
          <LinearRing>
            <coordinates>
              -70.8034255656,-33.1086327049,0
              -70.8034362552,-33.1091557800,0
              -70.8034098483,-33.1091561622,0
              -70.8033991589,-33.1086330871,0
              -70.8034255656,-33.1086327049,0
            </coordinates>
          </LinearRing>
        </outerBoundaryIs>
      </Polygon>
    </Placemark>
    <Placemark>
      <description><![CDATA[LIMITES_TRACKER<BR><BR><B>ELEVATION</B> = 0]]></description>
      <styleUrl>#area1</styleUrl>
      <Polygon>
        <altitudeMode>relativeToGround</altitudeMode>
        <extrude>1</extrude>
        <outerBoundaryIs>
          <LinearRing>
            <coordinates>
              -70.8036408086,-33.1120124641,0
              -70.8036144009,-33.1120128464,0
              -70.8036037092,-33.1114897716,0
              -70.8036301167,-33.1114893893,0
              -70.8036408086,-33.1120124641,0
            </coordinates>
          </LinearRing>
        </outerBoundaryIs>
      </Polygon>
    </Placemark>
    <Placemark>
      <description><![CDATA[LIMITES_TRACKER<BR><BR><B>ELEVATION</B> = 0]]></description>
      <styleUrl>#area1</styleUrl>
      <Polygon>
        <altitudeMode>relativeToGround</altitudeMode>
        <extrude>1</extrude>
        <outerBoundaryIs>
          <LinearRing>
            <coordinates>
              -70.8035666958,-33.1114903074,0
              -70.8035773873,-33.1120133822,0
              -70.8035509796,-33.1120137645,0
              -70.8035402882,-33.1114906897,0
              -70.8035666958,-33.1114903074,0
            </coordinates>
          </LinearRing>
        </outerBoundaryIs>
      </Polygon>
    </Placemark>
    <Placemark>
      <description><![CDATA[LIMITES_TRACKER<BR><BR><B>ELEVATION</B> = 0]]></description>
      <styleUrl>#area2</styleUrl>
      <Polygon>
        <altitudeMode>relativeToGround</altitudeMode>
        <extrude>1</extrude>
        <outerBoundaryIs>
          <LinearRing>
            <coordinates>
              -70.8036300246,-33.1114848815,0
              -70.8036036170,-33.1114852638,0
              -70.8035929255,-33.1109621889,0
              -70.8036193329,-33.1109618067,0
              -70.8036300246,-33.1114848815,0
            </coordinates>
          </LinearRing>
        </outerBoundaryIs>
      </Polygon>
    </Placemark>
    <Placemark>
      <description><![CDATA[LIMITES_TRACKER<BR><BR><B>ELEVATION</B> = 0]]></description>
      <styleUrl>#area2</styleUrl>
      <Polygon>
        <altitudeMode>relativeToGround</altitudeMode>
        <extrude>1</extrude>
        <outerBoundaryIs>
          <LinearRing>
            <coordinates>
              -70.8035559123,-33.1109627247,0
              -70.8035666036,-33.1114857996,0
              -70.8035401961,-33.1114861819,0
              -70.8035295049,-33.1109631070,0
              -70.8035559123,-33.1109627247,0
            </coordinates>
          </LinearRing>
        </outerBoundaryIs>
      </Polygon>
    </Placemark>
    <Placemark>
      <description><![CDATA[LIMITES_TRACKER<BR><BR><B>ELEVATION</B> = 0]]></description>
      <styleUrl>#area3</styleUrl>
      <Polygon>
        <altitudeMode>relativeToGround</altitudeMode>
        <extrude>1</extrude>
        <outerBoundaryIs>
          <LinearRing>
            <coordinates>
              -70.8036192408,-33.1109572988,0
              -70.8035928334,-33.1109576811,0
              -70.8035821422,-33.1104346062,0
              -70.8036085494,-33.1104342239,0
              -70.8036192408,-33.1109572988,0
            </coordinates>
          </LinearRing>
        </outerBoundaryIs>
      </Polygon>
    </Placemark>
    <Placemark>
      <description><![CDATA[LIMITES_TRACKER<BR><BR><B>ELEVATION</B> = 0]]></description>
      <styleUrl>#area3</styleUrl>
      <Polygon>
        <altitudeMode>relativeToGround</altitudeMode>
        <extrude>1</extrude>
        <outerBoundaryIs>
          <LinearRing>
            <coordinates>
              -70.8035451292,-33.1104351420,0
              -70.8035558202,-33.1109582169,0
              -70.8035294128,-33.1109585991,0
              -70.8035187220,-33.1104355242,0
              -70.8035451292,-33.1104351420,0
            </coordinates>
          </LinearRing>
        </outerBoundaryIs>
      </Polygon>
    </Placemark>
    <Placemark>
      <description><![CDATA[LIMITES_TRACKER<BR><BR><B>ELEVATION</B> = 0]]></description>
      <styleUrl>#area1</styleUrl>
      <Polygon>
        <altitudeMode>relativeToGround</altitudeMode>
        <extrude>1</extrude>
        <outerBoundaryIs>
          <LinearRing>
            <coordinates>
              -70.8036486323,-33.1102352388,0
              -70.8036222251,-33.1102356211,0
              -70.8036115340,-33.1097125461,0
              -70.8036379410,-33.1097121639,0
              -70.8036486323,-33.1102352388,0
            </coordinates>
          </LinearRing>
        </outerBoundaryIs>
      </Polygon>
    </Placemark>
    <Placemark>
      <description><![CDATA[LIMITES_TRACKER<BR><BR><B>ELEVATION</B> = 0]]></description>
      <styleUrl>#area1</styleUrl>
      <Polygon>
        <altitudeMode>relativeToGround</altitudeMode>
        <extrude>1</extrude>
        <outerBoundaryIs>
          <LinearRing>
            <coordinates>
              -70.8035745213,-33.1097130819,0
              -70.8035852122,-33.1102361569,0
              -70.8035588051,-33.1102365392,0
              -70.8035481143,-33.1097134642,0
              -70.8035745213,-33.1097130819,0
            </coordinates>
          </LinearRing>
        </outerBoundaryIs>
      </Polygon>
    </Placemark>
    <Placemark>
      <description><![CDATA[LIMITES_TRACKER<BR><BR><B>ELEVATION</B> = 0]]></description>
      <styleUrl>#area2</styleUrl>
      <Polygon>
        <altitudeMode>relativeToGround</altitudeMode>
        <extrude>1</extrude>
        <outerBoundaryIs>
          <LinearRing>
            <coordinates>
              -70.8036378489,-33.1097076560,0
              -70.8036114419,-33.1097080383,0
              -70.8036007510,-33.1091849633,0
              -70.8036271579,-33.1091845810,0
              -70.8036378489,-33.1097076560,0
            </coordinates>
          </LinearRing>
        </outerBoundaryIs>
      </Polygon>
    </Placemark>
    <Placemark>
      <description><![CDATA[LIMITES_TRACKER<BR><BR><B>ELEVATION</B> = 0]]></description>
      <styleUrl>#area2</styleUrl>
      <Polygon>
        <altitudeMode>relativeToGround</altitudeMode>
        <extrude>1</extrude>
        <outerBoundaryIs>
          <LinearRing>
            <coordinates>
              -70.8035637386,-33.1091854991,0
              -70.8035744292,-33.1097085741,0
              -70.8035480222,-33.1097089563,0
              -70.8035373318,-33.1091858813,0
              -70.8035637386,-33.1091854991,0
            </coordinates>
          </LinearRing>
        </outerBoundaryIs>
      </Polygon>
    </Placemark>
    <Placemark>
      <description><![CDATA[LIMITES_TRACKER<BR><BR><B>ELEVATION</B> = 0]]></description>
      <styleUrl>#area3</styleUrl>
      <Polygon>
        <altitudeMode>relativeToGround</altitudeMode>
        <extrude>1</extrude>
        <outerBoundaryIs>
          <LinearRing>
            <coordinates>
              -70.8036265130,-33.1091530260,0
              -70.8036001061,-33.1091534082,0
              -70.8035894156,-33.1086303332,0
              -70.8036158223,-33.1086299509,0
              -70.8036265130,-33.1091530260,0
            </coordinates>
          </LinearRing>
        </outerBoundaryIs>
      </Polygon>
    </Placemark>
    <Placemark>
      <description><![CDATA[LIMITES_TRACKER<BR><BR><B>ELEVATION</B> = 0]]></description>
      <styleUrl>#area3</styleUrl>
      <Polygon>
        <altitudeMode>relativeToGround</altitudeMode>
        <extrude>1</extrude>
        <outerBoundaryIs>
          <LinearRing>
            <coordinates>
              -70.8035524034,-33.1086308690,0
              -70.8035630937,-33.1091539440,0
              -70.8035366869,-33.1091543262,0
              -70.8035259967,-33.1086312512,0
              -70.8035524034,-33.1086308690,0
            </coordinates>
          </LinearRing>
        </outerBoundaryIs>
      </Polygon>
    </Placemark>
    <Placemark>
      <description><![CDATA[LIMITES_TRACKER<BR><BR><B>ELEVATION</B> = 0]]></description>
      <styleUrl>#area1</styleUrl>
      <Polygon>
        <altitudeMode>relativeToGround</altitudeMode>
        <extrude>1</extrude>
        <outerBoundaryIs>
          <LinearRing>
            <coordinates>
              -70.8037676513,-33.1120106278,0
              -70.8037412436,-33.1120110101,0
              -70.8037305510,-33.1114879354,0
              -70.8037569586,-33.1114875530,0
              -70.8037676513,-33.1120106278,0
            </coordinates>
          </LinearRing>
        </outerBoundaryIs>
      </Polygon>
    </Placemark>
    <Placemark>
      <description><![CDATA[LIMITES_TRACKER<BR><BR><B>ELEVATION</B> = 0]]></description>
      <styleUrl>#area1</styleUrl>
      <Polygon>
        <altitudeMode>relativeToGround</altitudeMode>
        <extrude>1</extrude>
        <outerBoundaryIs>
          <LinearRing>
            <coordinates>
              -70.8036935376,-33.1114884712,0
              -70.8037042299,-33.1120115460,0
              -70.8036778223,-33.1120119283,0
              -70.8036671301,-33.1114888535,0
              -70.8036935376,-33.1114884712,0
            </coordinates>
          </LinearRing>
        </outerBoundaryIs>
      </Polygon>
    </Placemark>
    <Placemark>
      <description><![CDATA[LIMITES_TRACKER<BR><BR><B>ELEVATION</B> = 0]]></description>
      <styleUrl>#area2</styleUrl>
      <Polygon>
        <altitudeMode>relativeToGround</altitudeMode>
        <extrude>1</extrude>
        <outerBoundaryIs>
          <LinearRing>
            <coordinates>
              -70.8037568664,-33.1114830452,0
              -70.8037304589,-33.1114834275,0
              -70.8037197666,-33.1109603527,0
              -70.8037461740,-33.1109599704,0
              -70.8037568664,-33.1114830452,0
            </coordinates>
          </LinearRing>
        </outerBoundaryIs>
      </Polygon>
    </Placemark>
    <Placemark>
      <description><![CDATA[LIMITES_TRACKER<BR><BR><B>ELEVATION</B> = 0]]></description>
      <styleUrl>#area2</styleUrl>
      <Polygon>
        <altitudeMode>relativeToGround</altitudeMode>
        <extrude>1</extrude>
        <outerBoundaryIs>
          <LinearRing>
            <coordinates>
              -70.8036827535,-33.1109608885,0
              -70.8036934455,-33.1114839633,0
              -70.8036670380,-33.1114843456,0
              -70.8036563461,-33.1109612708,0
              -70.8036827535,-33.1109608885,0
            </coordinates>
          </LinearRing>
        </outerBoundaryIs>
      </Polygon>
    </Placemark>
    <Placemark>
      <description><![CDATA[LIMITES_TRACKER<BR><BR><B>ELEVATION</B> = 0]]></description>
      <styleUrl>#area3</styleUrl>
      <Polygon>
        <altitudeMode>relativeToGround</altitudeMode>
        <extrude>1</extrude>
        <outerBoundaryIs>
          <LinearRing>
            <coordinates>
              -70.8037460819,-33.1109554625,0
              -70.8037196745,-33.1109558448,0
              -70.8037089825,-33.1104327700,0
              -70.8037353897,-33.1104323877,0
              -70.8037460819,-33.1109554625,0
            </coordinates>
          </LinearRing>
        </outerBoundaryIs>
      </Polygon>
    </Placemark>
    <Placemark>
      <description><![CDATA[LIMITES_TRACKER<BR><BR><B>ELEVATION</B> = 0]]></description>
      <styleUrl>#area3</styleUrl>
      <Polygon>
        <altitudeMode>relativeToGround</altitudeMode>
        <extrude>1</extrude>
        <outerBoundaryIs>
          <LinearRing>
            <coordinates>
              -70.8036719696,-33.1104333058,0
              -70.8036826613,-33.1109563807,0
              -70.8036562539,-33.1109567630,0
              -70.8036455623,-33.1104336881,0
              -70.8036719696,-33.1104333058,0
            </coordinates>
          </LinearRing>
        </outerBoundaryIs>
      </Polygon>
    </Placemark>
    <Placemark>
      <description><![CDATA[LIMITES_TRACKER<BR><BR><B>ELEVATION</B> = 0]]></description>
      <styleUrl>#area1</styleUrl>
      <Polygon>
        <altitudeMode>relativeToGround</altitudeMode>
        <extrude>1</extrude>
        <outerBoundaryIs>
          <LinearRing>
            <coordinates>
              -70.8037754723,-33.1102334025,0
              -70.8037490652,-33.1102337848,0
              -70.8037383733,-33.1097107099,0
              -70.8037647803,-33.1097103276,0
              -70.8037754723,-33.1102334025,0
            </coordinates>
          </LinearRing>
        </outerBoundaryIs>
      </Polygon>
    </Placemark>
    <Placemark>
      <description><![CDATA[LIMITES_TRACKER<BR><BR><B>ELEVATION</B> = 0]]></description>
      <styleUrl>#area1</styleUrl>
      <Polygon>
        <altitudeMode>relativeToGround</altitudeMode>
        <extrude>1</extrude>
        <outerBoundaryIs>
          <LinearRing>
            <coordinates>
              -70.8037013607,-33.1097112458,0
              -70.8037120523,-33.1102343207,0
              -70.8036856452,-33.1102347030,0
              -70.8036749537,-33.1097116281,0
              -70.8037013607,-33.1097112458,0
            </coordinates>
          </LinearRing>
        </outerBoundaryIs>
      </Polygon>
    </Placemark>
    <Placemark>
      <description><![CDATA[LIMITES_TRACKER<BR><BR><B>ELEVATION</B> = 0]]></description>
      <styleUrl>#area2</styleUrl>
      <Polygon>
        <altitudeMode>relativeToGround</altitudeMode>
        <extrude>1</extrude>
        <outerBoundaryIs>
          <LinearRing>
            <coordinates>
              -70.8037646882,-33.1097058198,0
              -70.8037382812,-33.1097062021,0
              -70.8037275896,-33.1091831271,0
              -70.8037539965,-33.1091827448,0
              -70.8037646882,-33.1097058198,0
            </coordinates>
          </LinearRing>
        </outerBoundaryIs>
      </Polygon>
    </Placemark>
    <Placemark>
      <description><![CDATA[LIMITES_TRACKER<BR><BR><B>ELEVATION</B> = 0]]></description>
      <styleUrl>#area2</styleUrl>
      <Polygon>
        <altitudeMode>relativeToGround</altitudeMode>
        <extrude>1</extrude>
        <outerBoundaryIs>
          <LinearRing>
            <coordinates>
              -70.8036905772,-33.1091836630,0
              -70.8037012685,-33.1097067379,0
              -70.8036748615,-33.1097071202,0
              -70.8036641703,-33.1091840452,0
              -70.8036905772,-33.1091836630,0
            </coordinates>
          </LinearRing>
        </outerBoundaryIs>
      </Polygon>
    </Placemark>
    <Placemark>
      <description><![CDATA[LIMITES_TRACKER<BR><BR><B>ELEVATION</B> = 0]]></description>
      <styleUrl>#area3</styleUrl>
      <Polygon>
        <altitudeMode>relativeToGround</altitudeMode>
        <extrude>1</extrude>
        <outerBoundaryIs>
          <LinearRing>
            <coordinates>
              -70.8037533515,-33.1091511898,0
              -70.8037269446,-33.1091515721,0
              -70.8037162534,-33.1086284971,0
              -70.8037426600,-33.1086281148,0
              -70.8037533515,-33.1091511898,0
            </coordinates>
          </LinearRing>
        </outerBoundaryIs>
      </Polygon>
    </Placemark>
    <Placemark>
      <description><![CDATA[LIMITES_TRACKER<BR><BR><B>ELEVATION</B> = 0]]></description>
      <styleUrl>#area3</styleUrl>
      <Polygon>
        <altitudeMode>relativeToGround</altitudeMode>
        <extrude>1</extrude>
        <outerBoundaryIs>
          <LinearRing>
            <coordinates>
              -70.8036792412,-33.1086290329,0
              -70.8036899322,-33.1091521079,0
              -70.8036635254,-33.1091524902,0
              -70.8036528345,-33.1086294151,0
              -70.8036792412,-33.1086290329,0
            </coordinates>
          </LinearRing>
        </outerBoundaryIs>
      </Polygon>
    </Placemark>
    <Placemark>
      <description><![CDATA[LIMITES_TRACKER<BR><BR><B>ELEVATION</B> = 0]]></description>
      <styleUrl>#area1</styleUrl>
      <Polygon>
        <altitudeMode>relativeToGround</altitudeMode>
        <extrude>1</extrude>
        <outerBoundaryIs>
          <LinearRing>
            <coordinates>
              -70.8038944939,-33.1120087913,0
              -70.8038680862,-33.1120091737,0
              -70.8038573929,-33.1114860989,0
              -70.8038838004,-33.1114857166,0
              -70.8038944939,-33.1120087913,0
            </coordinates>
          </LinearRing>
        </outerBoundaryIs>
      </Polygon>
    </Placemark>
    <Placemark>
      <description><![CDATA[LIMITES_TRACKER<BR><BR><B>ELEVATION</B> = 0]]></description>
      <styleUrl>#area1</styleUrl>
      <Polygon>
        <altitudeMode>relativeToGround</altitudeMode>
        <extrude>1</extrude>
        <outerBoundaryIs>
          <LinearRing>
            <coordinates>
              -70.8038203795,-33.1114866348,0
              -70.8038310726,-33.1120097096,0
              -70.8038046649,-33.1120100919,0
              -70.8037939720,-33.1114870172,0
              -70.8038203795,-33.1114866348,0
            </coordinates>
          </LinearRing>
        </outerBoundaryIs>
      </Polygon>
    </Placemark>
    <Placemark>
      <description><![CDATA[LIMITES_TRACKER<BR><BR><B>ELEVATION</B> = 0]]></description>
      <styleUrl>#area2</styleUrl>
      <Polygon>
        <altitudeMode>relativeToGround</altitudeMode>
        <extrude>1</extrude>
        <outerBoundaryIs>
          <LinearRing>
            <coordinates>
              -70.8038837083,-33.1114812087,0
              -70.8038573007,-33.1114815911,0
              -70.8038466077,-33.1109585163,0
              -70.8038730151,-33.1109581340,0
              -70.8038837083,-33.1114812087,0
            </coordinates>
          </LinearRing>
        </outerBoundaryIs>
      </Polygon>
    </Placemark>
    <Placemark>
      <description><![CDATA[LIMITES_TRACKER<BR><BR><B>ELEVATION</B> = 0]]></description>
      <styleUrl>#area2</styleUrl>
      <Polygon>
        <altitudeMode>relativeToGround</altitudeMode>
        <extrude>1</extrude>
        <outerBoundaryIs>
          <LinearRing>
            <coordinates>
              -70.8038095946,-33.1109590522,0
              -70.8038202874,-33.1114821270,0
              -70.8037938798,-33.1114825093,0
              -70.8037831872,-33.1109594345,0
              -70.8038095946,-33.1109590522,0
            </coordinates>
          </LinearRing>
        </outerBoundaryIs>
      </Polygon>
    </Placemark>
    <Placemark>
      <description><![CDATA[LIMITES_TRACKER<BR><BR><B>ELEVATION</B> = 0]]></description>
      <styleUrl>#area3</styleUrl>
      <Polygon>
        <altitudeMode>relativeToGround</altitudeMode>
        <extrude>1</extrude>
        <outerBoundaryIs>
          <LinearRing>
            <coordinates>
              -70.8038729230,-33.1109536261,0
              -70.8038465156,-33.1109540085,0
              -70.8038358229,-33.1104309336,0
              -70.8038622301,-33.1104305513,0
              -70.8038729230,-33.1109536261,0
            </coordinates>
          </LinearRing>
        </outerBoundaryIs>
      </Polygon>
    </Placemark>
    <Placemark>
      <description><![CDATA[LIMITES_TRACKER<BR><BR><B>ELEVATION</B> = 0]]></description>
      <styleUrl>#area3</styleUrl>
      <Polygon>
        <altitudeMode>relativeToGround</altitudeMode>
        <extrude>1</extrude>
        <outerBoundaryIs>
          <LinearRing>
            <coordinates>
              -70.8037988099,-33.1104314695,0
              -70.8038095024,-33.1109545443,0
              -70.8037830950,-33.1109549267,0
              -70.8037724027,-33.1104318518,0
              -70.8037988099,-33.1104314695,0
            </coordinates>
          </LinearRing>
        </outerBoundaryIs>
      </Polygon>
    </Placemark>
    <Placemark>
      <description><![CDATA[LIMITES_TRACKER<BR><BR><B>ELEVATION</B> = 0]]></description>
      <styleUrl>#area1</styleUrl>
      <Polygon>
        <altitudeMode>relativeToGround</altitudeMode>
        <extrude>1</extrude>
        <outerBoundaryIs>
          <LinearRing>
            <coordinates>
              -70.8039023124,-33.1102315661,0
              -70.8038759053,-33.1102319485,0
              -70.8038652126,-33.1097088736,0
              -70.8038916196,-33.1097084913,0
              -70.8039023124,-33.1102315661,0
            </coordinates>
          </LinearRing>
        </outerBoundaryIs>
      </Polygon>
    </Placemark>
    <Placemark>
      <description><![CDATA[LIMITES_TRACKER<BR><BR><B>ELEVATION</B> = 0]]></description>
      <styleUrl>#area1</styleUrl>
      <Polygon>
        <altitudeMode>relativeToGround</altitudeMode>
        <extrude>1</extrude>
        <outerBoundaryIs>
          <LinearRing>
            <coordinates>
              -70.8038282000,-33.1097094095,0
              -70.8038388924,-33.1102324844,0
              -70.8038124852,-33.1102328667,0
              -70.8038017930,-33.1097097918,0
              -70.8038282000,-33.1097094095,0
            </coordinates>
          </LinearRing>
        </outerBoundaryIs>
      </Polygon>
    </Placemark>
    <Placemark>
      <description><![CDATA[LIMITES_TRACKER<BR><BR><B>ELEVATION</B> = 0]]></description>
      <styleUrl>#area2</styleUrl>
      <Polygon>
        <altitudeMode>relativeToGround</altitudeMode>
        <extrude>1</extrude>
        <outerBoundaryIs>
          <LinearRing>
            <coordinates>
              -70.8038915275,-33.1097039834,0
              -70.8038651205,-33.1097043657,0
              -70.8038544282,-33.1091812908,0
              -70.8038808350,-33.1091809085,0
              -70.8038915275,-33.1097039834,0
            </coordinates>
          </LinearRing>
        </outerBoundaryIs>
      </Polygon>
    </Placemark>
    <Placemark>
      <description><![CDATA[LIMITES_TRACKER<BR><BR><B>ELEVATION</B> = 0]]></description>
      <styleUrl>#area2</styleUrl>
      <Polygon>
        <altitudeMode>relativeToGround</altitudeMode>
        <extrude>1</extrude>
        <outerBoundaryIs>
          <LinearRing>
            <coordinates>
              -70.8038174157,-33.1091818267,0
              -70.8038281078,-33.1097049016,0
              -70.8038017008,-33.1097052839,0
              -70.8037910089,-33.1091822090,0
              -70.8038174157,-33.1091818267,0
            </coordinates>
          </LinearRing>
        </outerBoundaryIs>
      </Polygon>
    </Placemark>
    <Placemark>
      <description><![CDATA[LIMITES_TRACKER<BR><BR><B>ELEVATION</B> = 0]]></description>
      <styleUrl>#area3</styleUrl>
      <Polygon>
        <altitudeMode>relativeToGround</altitudeMode>
        <extrude>1</extrude>
        <outerBoundaryIs>
          <LinearRing>
            <coordinates>
              -70.8038801900,-33.1091493534,0
              -70.8038537832,-33.1091497358,0
              -70.8038430911,-33.1086266608,0
              -70.8038694978,-33.1086262785,0
              -70.8038801900,-33.1091493534,0
            </coordinates>
          </LinearRing>
        </outerBoundaryIs>
      </Polygon>
    </Placemark>
    <Placemark>
      <description><![CDATA[LIMITES_TRACKER<BR><BR><B>ELEVATION</B> = 0]]></description>
      <styleUrl>#area3</styleUrl>
      <Polygon>
        <altitudeMode>relativeToGround</altitudeMode>
        <extrude>1</extrude>
        <outerBoundaryIs>
          <LinearRing>
            <coordinates>
              -70.8038060789,-33.1086271967,0
              -70.8038167707,-33.1091502716,0
              -70.8037903639,-33.1091506539,0
              -70.8037796722,-33.1086275789,0
              -70.8038060789,-33.1086271967,0
            </coordinates>
          </LinearRing>
        </outerBoundaryIs>
      </Polygon>
    </Placemark>
    <Placemark>
      <description><![CDATA[LIMITES_TRACKER<BR><BR><B>ELEVATION</B> = 0]]></description>
      <styleUrl>#area1</styleUrl>
      <Polygon>
        <altitudeMode>relativeToGround</altitudeMode>
        <extrude>1</extrude>
        <outerBoundaryIs>
          <LinearRing>
            <coordinates>
              -70.8040213365,-33.1120069547,0
              -70.8039949288,-33.1120073371,0
              -70.8039842348,-33.1114842624,0
              -70.8040106423,-33.1114838800,0
              -70.8040213365,-33.1120069547,0
            </coordinates>
          </LinearRing>
        </outerBoundaryIs>
      </Polygon>
    </Placemark>
    <Placemark>
      <description><![CDATA[LIMITES_TRACKER<BR><BR><B>ELEVATION</B> = 0]]></description>
      <styleUrl>#area1</styleUrl>
      <Polygon>
        <altitudeMode>relativeToGround</altitudeMode>
        <extrude>1</extrude>
        <outerBoundaryIs>
          <LinearRing>
            <coordinates>
              -70.8039472214,-33.1114847983,0
              -70.8039579152,-33.1120078730,0
              -70.8039315075,-33.1120082554,0
              -70.8039208138,-33.1114851807,0
              -70.8039472214,-33.1114847983,0
            </coordinates>
          </LinearRing>
        </outerBoundaryIs>
      </Polygon>
    </Placemark>
    <Placemark>
      <description><![CDATA[LIMITES_TRACKER<BR><BR><B>ELEVATION</B> = 0]]></description>
      <styleUrl>#area2</styleUrl>
      <Polygon>
        <altitudeMode>relativeToGround</altitudeMode>
        <extrude>1</extrude>
        <outerBoundaryIs>
          <LinearRing>
            <coordinates>
              -70.8040105501,-33.1114793722,0
              -70.8039841426,-33.1114797545,0
              -70.8039734488,-33.1109566798,0
              -70.8039998562,-33.1109562975,0
              -70.8040105501,-33.1114793722,0
            </coordinates>
          </LinearRing>
        </outerBoundaryIs>
      </Polygon>
    </Placemark>
    <Placemark>
      <description><![CDATA[LIMITES_TRACKER<BR><BR><B>ELEVATION</B> = 0]]></description>
      <styleUrl>#area2</styleUrl>
      <Polygon>
        <altitudeMode>relativeToGround</altitudeMode>
        <extrude>1</extrude>
        <outerBoundaryIs>
          <LinearRing>
            <coordinates>
              -70.8039364357,-33.1109572157,0
              -70.8039471292,-33.1114802905,0
              -70.8039207217,-33.1114806728,0
              -70.8039100283,-33.1109575981,0
              -70.8039364357,-33.1109572157,0
            </coordinates>
          </LinearRing>
        </outerBoundaryIs>
      </Polygon>
    </Placemark>
    <Placemark>
      <description><![CDATA[LIMITES_TRACKER<BR><BR><B>ELEVATION</B> = 0]]></description>
      <styleUrl>#area3</styleUrl>
      <Polygon>
        <altitudeMode>relativeToGround</altitudeMode>
        <extrude>1</extrude>
        <outerBoundaryIs>
          <LinearRing>
            <coordinates>
              -70.8039997641,-33.1109517896,0
              -70.8039733567,-33.1109521720,0
              -70.8039626632,-33.1104290972,0
              -70.8039890704,-33.1104287148,0
              -70.8039997641,-33.1109517896,0
            </coordinates>
          </LinearRing>
        </outerBoundaryIs>
      </Polygon>
    </Placemark>
    <Placemark>
      <description><![CDATA[LIMITES_TRACKER<BR><BR><B>ELEVATION</B> = 0]]></description>
      <styleUrl>#area3</styleUrl>
      <Polygon>
        <altitudeMode>relativeToGround</altitudeMode>
        <extrude>1</extrude>
        <outerBoundaryIs>
          <LinearRing>
            <coordinates>
              -70.8039256503,-33.1104296331,0
              -70.8039363435,-33.1109527079,0
              -70.8039099361,-33.1109530902,0
              -70.8038992430,-33.1104300154,0
              -70.8039256503,-33.1104296331,0
            </coordinates>
          </LinearRing>
        </outerBoundaryIs>
      </Polygon>
    </Placemark>
    <Placemark>
      <description><![CDATA[LIMITES_TRACKER<BR><BR><B>ELEVATION</B> = 0]]></description>
      <styleUrl>#area1</styleUrl>
      <Polygon>
        <altitudeMode>relativeToGround</altitudeMode>
        <extrude>1</extrude>
        <outerBoundaryIs>
          <LinearRing>
            <coordinates>
              -70.8040291525,-33.1102297296,0
              -70.8040027453,-33.1102301120,0
              -70.8039920519,-33.1097070372,0
              -70.8040184589,-33.1097066548,0
              -70.8040291525,-33.1102297296,0
            </coordinates>
          </LinearRing>
        </outerBoundaryIs>
      </Polygon>
    </Placemark>
    <Placemark>
      <description><![CDATA[LIMITES_TRACKER<BR><BR><B>ELEVATION</B> = 0]]></description>
      <styleUrl>#area1</styleUrl>
      <Polygon>
        <altitudeMode>relativeToGround</altitudeMode>
        <extrude>1</extrude>
        <outerBoundaryIs>
          <LinearRing>
            <coordinates>
              -70.8039550393,-33.1097075731,0
              -70.8039657324,-33.1102306479,0
              -70.8039393253,-33.1102310302,0
              -70.8039286323,-33.1097079554,0
              -70.8039550393,-33.1097075731,0
            </coordinates>
          </LinearRing>
        </outerBoundaryIs>
      </Polygon>
    </Placemark>
    <Placemark>
      <description><![CDATA[LIMITES_TRACKER<BR><BR><B>ELEVATION</B> = 0]]></description>
      <styleUrl>#area2</styleUrl>
      <Polygon>
        <altitudeMode>relativeToGround</altitudeMode>
        <extrude>1</extrude>
        <outerBoundaryIs>
          <LinearRing>
            <coordinates>
              -70.8040183668,-33.1097021469,0
              -70.8039919598,-33.1097025293,0
              -70.8039812667,-33.1091794544,0
              -70.8040076736,-33.1091790721,0
              -70.8040183668,-33.1097021469,0
            </coordinates>
          </LinearRing>
        </outerBoundaryIs>
      </Polygon>
    </Placemark>
    <Placemark>
      <description><![CDATA[LIMITES_TRACKER<BR><BR><B>ELEVATION</B> = 0]]></description>
      <styleUrl>#area2</styleUrl>
      <Polygon>
        <altitudeMode>relativeToGround</altitudeMode>
        <extrude>1</extrude>
        <outerBoundaryIs>
          <LinearRing>
            <coordinates>
              -70.8039442543,-33.1091799903,0
              -70.8039549471,-33.1097030652,0
              -70.8039285401,-33.1097034475,0
              -70.8039178474,-33.1091803726,0
              -70.8039442543,-33.1091799903,0
            </coordinates>
          </LinearRing>
        </outerBoundaryIs>
      </Polygon>
    </Placemark>
    <Placemark>
      <description><![CDATA[LIMITES_TRACKER<BR><BR><B>ELEVATION</B> = 0]]></description>
      <styleUrl>#area3</styleUrl>
      <Polygon>
        <altitudeMode>relativeToGround</altitudeMode>
        <extrude>1</extrude>
        <outerBoundaryIs>
          <LinearRing>
            <coordinates>
              -70.8040070285,-33.1091475170,0
              -70.8039806217,-33.1091478993,0
              -70.8039699289,-33.1086248244,0
              -70.8039963355,-33.1086244421,0
              -70.8040070285,-33.1091475170,0
            </coordinates>
          </LinearRing>
        </outerBoundaryIs>
      </Polygon>
    </Placemark>
    <Placemark>
      <description><![CDATA[LIMITES_TRACKER<BR><BR><B>ELEVATION</B> = 0]]></description>
      <styleUrl>#area3</styleUrl>
      <Polygon>
        <altitudeMode>relativeToGround</altitudeMode>
        <extrude>1</extrude>
        <outerBoundaryIs>
          <LinearRing>
            <coordinates>
              -70.8039329167,-33.1086253603,0
              -70.8039436092,-33.1091484352,0
              -70.8039172024,-33.1091488176,0
              -70.8039065100,-33.1086257426,0
              -70.8039329167,-33.1086253603,0
            </coordinates>
          </LinearRing>
        </outerBoundaryIs>
      </Polygon>
    </Placemark>
    <Placemark>
      <description><![CDATA[LIMITES_TRACKER<BR><BR><B>ELEVATION</B> = 0]]></description>
      <styleUrl>#area1</styleUrl>
      <Polygon>
        <altitudeMode>relativeToGround</altitudeMode>
        <extrude>1</extrude>
        <outerBoundaryIs>
          <LinearRing>
            <coordinates>
              -70.8041481791,-33.1120051180,0
              -70.8041217714,-33.1120055004,0
              -70.8041110766,-33.1114824257,0
              -70.8041374841,-33.1114820433,0
              -70.8041481791,-33.1120051180,0
            </coordinates>
          </LinearRing>
        </outerBoundaryIs>
      </Polygon>
    </Placemark>
    <Placemark>
      <description><![CDATA[LIMITES_TRACKER<BR><BR><B>ELEVATION</B> = 0]]></description>
      <styleUrl>#area1</styleUrl>
      <Polygon>
        <altitudeMode>relativeToGround</altitudeMode>
        <extrude>1</extrude>
        <outerBoundaryIs>
          <LinearRing>
            <coordinates>
              -70.8040740632,-33.1114829617,0
              -70.8040847578,-33.1120060364,0
              -70.8040583501,-33.1120064188,0
              -70.8040476557,-33.1114833441,0
              -70.8040740632,-33.1114829617,0
            </coordinates>
          </LinearRing>
        </outerBoundaryIs>
      </Polygon>
    </Placemark>
    <Placemark>
      <description><![CDATA[LIMITES_TRACKER<BR><BR><B>ELEVATION</B> = 0]]></description>
      <styleUrl>#area2</styleUrl>
      <Polygon>
        <altitudeMode>relativeToGround</altitudeMode>
        <extrude>1</extrude>
        <outerBoundaryIs>
          <LinearRing>
            <coordinates>
              -70.8041373920,-33.1114775355,0
              -70.8041109844,-33.1114779179,0
              -70.8041002899,-33.1109548432,0
              -70.8041266973,-33.1109544608,0
              -70.8041373920,-33.1114775355,0
            </coordinates>
          </LinearRing>
        </outerBoundaryIs>
      </Polygon>
    </Placemark>
    <Placemark>
      <description><![CDATA[LIMITES_TRACKER<BR><BR><B>ELEVATION</B> = 0]]></description>
      <styleUrl>#area2</styleUrl>
      <Polygon>
        <altitudeMode>relativeToGround</altitudeMode>
        <extrude>1</extrude>
        <outerBoundaryIs>
          <LinearRing>
            <coordinates>
              -70.8040632768,-33.1109553791,0
              -70.8040739710,-33.1114784538,0
              -70.8040475635,-33.1114788362,0
              -70.8040368694,-33.1109557615,0
              -70.8040632768,-33.1109553791,0
            </coordinates>
          </LinearRing>
        </outerBoundaryIs>
      </Polygon>
    </Placemark>
    <Placemark>
      <description><![CDATA[LIMITES_TRACKER<BR><BR><B>ELEVATION</B> = 0]]></description>
      <styleUrl>#area3</styleUrl>
      <Polygon>
        <altitudeMode>relativeToGround</altitudeMode>
        <extrude>1</extrude>
        <outerBoundaryIs>
          <LinearRing>
            <coordinates>
              -70.8041266051,-33.1109499529,0
              -70.8041001978,-33.1109503353,0
              -70.8040895035,-33.1104272606,0
              -70.8041159108,-33.1104268782,0
              -70.8041266051,-33.1109499529,0
            </coordinates>
          </LinearRing>
        </outerBoundaryIs>
      </Polygon>
    </Placemark>
    <Placemark>
      <description><![CDATA[LIMITES_TRACKER<BR><BR><B>ELEVATION</B> = 0]]></description>
      <styleUrl>#area3</styleUrl>
      <Polygon>
        <altitudeMode>relativeToGround</altitudeMode>
        <extrude>1</extrude>
        <outerBoundaryIs>
          <LinearRing>
            <coordinates>
              -70.8040524906,-33.1104277965,0
              -70.8040631846,-33.1109508713,0
              -70.8040367772,-33.1109512537,0
              -70.8040260834,-33.1104281789,0
              -70.8040524906,-33.1104277965,0
            </coordinates>
          </LinearRing>
        </outerBoundaryIs>
      </Polygon>
    </Placemark>
    <Placemark>
      <description><![CDATA[LIMITES_TRACKER<BR><BR><B>ELEVATION</B> = 0]]></description>
      <styleUrl>#area1</styleUrl>
      <Polygon>
        <altitudeMode>relativeToGround</altitudeMode>
        <extrude>1</extrude>
        <outerBoundaryIs>
          <LinearRing>
            <coordinates>
              -70.8041559925,-33.1102278930,0
              -70.8041295853,-33.1102282754,0
              -70.8041188912,-33.1097052006,0
              -70.8041452982,-33.1097048182,0
              -70.8041559925,-33.1102278930,0
            </coordinates>
          </LinearRing>
        </outerBoundaryIs>
      </Polygon>
    </Placemark>
    <Placemark>
      <description><![CDATA[LIMITES_TRACKER<BR><BR><B>ELEVATION</B> = 0]]></description>
      <styleUrl>#area1</styleUrl>
      <Polygon>
        <altitudeMode>relativeToGround</altitudeMode>
        <extrude>1</extrude>
        <outerBoundaryIs>
          <LinearRing>
            <coordinates>
              -70.8040818786,-33.1097057365,0
              -70.8040925725,-33.1102288113,0
              -70.8040661653,-33.1102291937,0
              -70.8040554716,-33.1097061189,0
              -70.8040818786,-33.1097057365,0
            </coordinates>
          </LinearRing>
        </outerBoundaryIs>
      </Polygon>
    </Placemark>
    <Placemark>
      <description><![CDATA[LIMITES_TRACKER<BR><BR><B>ELEVATION</B> = 0]]></description>
      <styleUrl>#area2</styleUrl>
      <Polygon>
        <altitudeMode>relativeToGround</altitudeMode>
        <extrude>1</extrude>
        <outerBoundaryIs>
          <LinearRing>
            <coordinates>
              -70.8041452061,-33.1097003103,0
              -70.8041187991,-33.1097006927,0
              -70.8041081053,-33.1091776179,0
              -70.8041345121,-33.1091772355,0
              -70.8041452061,-33.1097003103,0
            </coordinates>
          </LinearRing>
        </outerBoundaryIs>
      </Polygon>
    </Placemark>
    <Placemark>
      <description><![CDATA[LIMITES_TRACKER<BR><BR><B>ELEVATION</B> = 0]]></description>
      <styleUrl>#area2</styleUrl>
      <Polygon>
        <altitudeMode>relativeToGround</altitudeMode>
        <extrude>1</extrude>
        <outerBoundaryIs>
          <LinearRing>
            <coordinates>
              -70.8040710928,-33.1091781538,0
              -70.8040817864,-33.1097012286,0
              -70.8040553794,-33.1097016110,0
              -70.8040446860,-33.1091785362,0
              -70.8040710928,-33.1091781538,0
            </coordinates>
          </LinearRing>
        </outerBoundaryIs>
      </Polygon>
    </Placemark>
    <Placemark>
      <description><![CDATA[LIMITES_TRACKER<BR><BR><B>ELEVATION</B> = 0]]></description>
      <styleUrl>#area3</styleUrl>
      <Polygon>
        <altitudeMode>relativeToGround</altitudeMode>
        <extrude>1</extrude>
        <outerBoundaryIs>
          <LinearRing>
            <coordinates>
              -70.8041338670,-33.1091456804,0
              -70.8041074601,-33.1091460628,0
              -70.8040967666,-33.1086229879,0
              -70.8041231733,-33.1086226055,0
              -70.8041338670,-33.1091456804,0
            </coordinates>
          </LinearRing>
        </outerBoundaryIs>
      </Polygon>
    </Placemark>
    <Placemark>
      <description><![CDATA[LIMITES_TRACKER<BR><BR><B>ELEVATION</B> = 0]]></description>
      <styleUrl>#area3</styleUrl>
      <Polygon>
        <altitudeMode>relativeToGround</altitudeMode>
        <extrude>1</extrude>
        <outerBoundaryIs>
          <LinearRing>
            <coordinates>
              -70.8040597544,-33.1086235238,0
              -70.8040704477,-33.1091465987,0
              -70.8040440409,-33.1091469811,0
              -70.8040333477,-33.1086239062,0
              -70.8040597544,-33.1086235238,0
            </coordinates>
          </LinearRing>
        </outerBoundaryIs>
      </Polygon>
    </Placemark>
    <Placemark>
      <description><![CDATA[LIMITES_TRACKER<BR><BR><B>ELEVATION</B> = 0]]></description>
      <styleUrl>#area1</styleUrl>
      <Polygon>
        <altitudeMode>relativeToGround</altitudeMode>
        <extrude>1</extrude>
        <outerBoundaryIs>
          <LinearRing>
            <coordinates>
              -70.8042750217,-33.1120032811,0
              -70.8042486140,-33.1120036636,0
              -70.8042379184,-33.1114805889,0
              -70.8042643260,-33.1114802065,0
              -70.8042750217,-33.1120032811,0
            </coordinates>
          </LinearRing>
        </outerBoundaryIs>
      </Polygon>
    </Placemark>
    <Placemark>
      <description><![CDATA[LIMITES_TRACKER<BR><BR><B>ELEVATION</B> = 0]]></description>
      <styleUrl>#area1</styleUrl>
      <Polygon>
        <altitudeMode>relativeToGround</altitudeMode>
        <extrude>1</extrude>
        <outerBoundaryIs>
          <LinearRing>
            <coordinates>
              -70.8042009050,-33.1114811250,0
              -70.8042116004,-33.1120041996,0
              -70.8041851927,-33.1120045820,0
              -70.8041744975,-33.1114815074,0
              -70.8042009050,-33.1114811250,0
            </coordinates>
          </LinearRing>
        </outerBoundaryIs>
      </Polygon>
    </Placemark>
    <Placemark>
      <description><![CDATA[LIMITES_TRACKER<BR><BR><B>ELEVATION</B> = 0]]></description>
      <styleUrl>#area2</styleUrl>
      <Polygon>
        <altitudeMode>relativeToGround</altitudeMode>
        <extrude>1</extrude>
        <outerBoundaryIs>
          <LinearRing>
            <coordinates>
              -70.8042642338,-33.1114756987,0
              -70.8042378263,-33.1114760811,0
              -70.8042271310,-33.1109530064,0
              -70.8042535384,-33.1109526240,0
              -70.8042642338,-33.1114756987,0
            </coordinates>
          </LinearRing>
        </outerBoundaryIs>
      </Polygon>
    </Placemark>
    <Placemark>
      <description><![CDATA[LIMITES_TRACKER<BR><BR><B>ELEVATION</B> = 0]]></description>
      <styleUrl>#area2</styleUrl>
      <Polygon>
        <altitudeMode>relativeToGround</altitudeMode>
        <extrude>1</extrude>
        <outerBoundaryIs>
          <LinearRing>
            <coordinates>
              -70.8041901178,-33.1109535424,0
              -70.8042008129,-33.1114766171,0
              -70.8041744054,-33.1114769995,0
              -70.8041637105,-33.1109539248,0
              -70.8041901178,-33.1109535424,0
            </coordinates>
          </LinearRing>
        </outerBoundaryIs>
      </Polygon>
    </Placemark>
    <Placemark>
      <description><![CDATA[LIMITES_TRACKER<BR><BR><B>ELEVATION</B> = 0]]></description>
      <styleUrl>#area3</styleUrl>
      <Polygon>
        <altitudeMode>relativeToGround</altitudeMode>
        <extrude>1</extrude>
        <outerBoundaryIs>
          <LinearRing>
            <coordinates>
              -70.8042534462,-33.1109481161,0
              -70.8042270388,-33.1109484986,0
              -70.8042163439,-33.1104254239,0
              -70.8042427511,-33.1104250415,0
              -70.8042534462,-33.1109481161,0
            </coordinates>
          </LinearRing>
        </outerBoundaryIs>
      </Polygon>
    </Placemark>
    <Placemark>
      <description><![CDATA[LIMITES_TRACKER<BR><BR><B>ELEVATION</B> = 0]]></description>
      <styleUrl>#area3</styleUrl>
      <Polygon>
        <altitudeMode>relativeToGround</altitudeMode>
        <extrude>1</extrude>
        <outerBoundaryIs>
          <LinearRing>
            <coordinates>
              -70.8041793309,-33.1104259598,0
              -70.8041900257,-33.1109490346,0
              -70.8041636183,-33.1109494170,0
              -70.8041529237,-33.1104263422,0
              -70.8041793309,-33.1104259598,0
            </coordinates>
          </LinearRing>
        </outerBoundaryIs>
      </Polygon>
    </Placemark>
    <Placemark>
      <description><![CDATA[LIMITES_TRACKER<BR><BR><B>ELEVATION</B> = 0]]></description>
      <styleUrl>#area1</styleUrl>
      <Polygon>
        <altitudeMode>relativeToGround</altitudeMode>
        <extrude>1</extrude>
        <outerBoundaryIs>
          <LinearRing>
            <coordinates>
              -70.8042828325,-33.1102260562,0
              -70.8042564254,-33.1102264386,0
              -70.8042457305,-33.1097033639,0
              -70.8042721375,-33.1097029814,0
              -70.8042828325,-33.1102260562,0
            </coordinates>
          </LinearRing>
        </outerBoundaryIs>
      </Polygon>
    </Placemark>
    <Placemark>
      <description><![CDATA[LIMITES_TRACKER<BR><BR><B>ELEVATION</B> = 0]]></description>
      <styleUrl>#area1</styleUrl>
      <Polygon>
        <altitudeMode>relativeToGround</altitudeMode>
        <extrude>1</extrude>
        <outerBoundaryIs>
          <LinearRing>
            <coordinates>
              -70.8042087179,-33.1097038998,0
              -70.8042194125,-33.1102269746,0
              -70.8041930054,-33.1102273570,0
              -70.8041823109,-33.1097042822,0
              -70.8042087179,-33.1097038998,0
            </coordinates>
          </LinearRing>
        </outerBoundaryIs>
      </Polygon>
    </Placemark>
    <Placemark>
      <description><![CDATA[LIMITES_TRACKER<BR><BR><B>ELEVATION</B> = 0]]></description>
      <styleUrl>#area2</styleUrl>
      <Polygon>
        <altitudeMode>relativeToGround</altitudeMode>
        <extrude>1</extrude>
        <outerBoundaryIs>
          <LinearRing>
            <coordinates>
              -70.8042720453,-33.1096984736,0
              -70.8042456384,-33.1096988560,0
              -70.8042349438,-33.1091757812,0
              -70.8042613506,-33.1091753988,0
              -70.8042720453,-33.1096984736,0
            </coordinates>
          </LinearRing>
        </outerBoundaryIs>
      </Polygon>
    </Placemark>
    <Placemark>
      <description><![CDATA[LIMITES_TRACKER<BR><BR><B>ELEVATION</B> = 0]]></description>
      <styleUrl>#area2</styleUrl>
      <Polygon>
        <altitudeMode>relativeToGround</altitudeMode>
        <extrude>1</extrude>
        <outerBoundaryIs>
          <LinearRing>
            <coordinates>
              -70.8041979314,-33.1091763172,0
              -70.8042086257,-33.1096993920,0
              -70.8041822187,-33.1096997744,0
              -70.8041715245,-33.1091766995,0
              -70.8041979314,-33.1091763172,0
            </coordinates>
          </LinearRing>
        </outerBoundaryIs>
      </Polygon>
    </Placemark>
    <Placemark>
      <description><![CDATA[LIMITES_TRACKER<BR><BR><B>ELEVATION</B> = 0]]></description>
      <styleUrl>#area3</styleUrl>
      <Polygon>
        <altitudeMode>relativeToGround</altitudeMode>
        <extrude>1</extrude>
        <outerBoundaryIs>
          <LinearRing>
            <coordinates>
              -70.8042607054,-33.1091438437,0
              -70.8042342986,-33.1091442261,0
              -70.8042236043,-33.1086211513,0
              -70.8042500110,-33.1086207689,0
              -70.8042607054,-33.1091438437,0
            </coordinates>
          </LinearRing>
        </outerBoundaryIs>
      </Polygon>
    </Placemark>
    <Placemark>
      <description><![CDATA[LIMITES_TRACKER<BR><BR><B>ELEVATION</B> = 0]]></description>
      <styleUrl>#area3</styleUrl>
      <Polygon>
        <altitudeMode>relativeToGround</altitudeMode>
        <extrude>1</extrude>
        <outerBoundaryIs>
          <LinearRing>
            <coordinates>
              -70.8041865921,-33.1086216872,0
              -70.8041972862,-33.1091447621,0
              -70.8041708794,-33.1091451445,0
              -70.8041601855,-33.1086220696,0
              -70.8041865921,-33.1086216872,0
            </coordinates>
          </LinearRing>
        </outerBoundaryIs>
      </Polygon>
    </Placemark>
    <Placemark>
      <description><![CDATA[LIMITES_TRACKER<BR><BR><B>ELEVATION</B> = 0]]></description>
      <styleUrl>#area1</styleUrl>
      <Polygon>
        <altitudeMode>relativeToGround</altitudeMode>
        <extrude>1</extrude>
        <outerBoundaryIs>
          <LinearRing>
            <coordinates>
              -70.8044018642,-33.1120014441,0
              -70.8043754565,-33.1120018266,0
              -70.8043647603,-33.1114787520,0
              -70.8043911678,-33.1114783696,0
              -70.8044018642,-33.1120014441,0
            </coordinates>
          </LinearRing>
        </outerBoundaryIs>
      </Polygon>
    </Placemark>
    <Placemark>
      <description><![CDATA[LIMITES_TRACKER<BR><BR><B>ELEVATION</B> = 0]]></description>
      <styleUrl>#area1</styleUrl>
      <Polygon>
        <altitudeMode>relativeToGround</altitudeMode>
        <extrude>1</extrude>
        <outerBoundaryIs>
          <LinearRing>
            <coordinates>
              -70.8043277469,-33.1114792881,0
              -70.8043384429,-33.1120023626,0
              -70.8043120353,-33.1120027451,0
              -70.8043013394,-33.1114796705,0
              -70.8043277469,-33.1114792881,0
            </coordinates>
          </LinearRing>
        </outerBoundaryIs>
      </Polygon>
    </Placemark>
    <Placemark>
      <description><![CDATA[LIMITES_TRACKER<BR><BR><B>ELEVATION</B> = 0]]></description>
      <styleUrl>#area2</styleUrl>
      <Polygon>
        <altitudeMode>relativeToGround</altitudeMode>
        <extrude>1</extrude>
        <outerBoundaryIs>
          <LinearRing>
            <coordinates>
              -70.8043910756,-33.1114738617,0
              -70.8043646681,-33.1114742442,0
              -70.8043539721,-33.1109511695,0
              -70.8043803794,-33.1109507871,0
              -70.8043910756,-33.1114738617,0
            </coordinates>
          </LinearRing>
        </outerBoundaryIs>
      </Polygon>
    </Placemark>
    <Placemark>
      <description><![CDATA[LIMITES_TRACKER<BR><BR><B>ELEVATION</B> = 0]]></description>
      <styleUrl>#area2</styleUrl>
      <Polygon>
        <altitudeMode>relativeToGround</altitudeMode>
        <extrude>1</extrude>
        <outerBoundaryIs>
          <LinearRing>
            <coordinates>
              -70.8043169589,-33.1109517056,0
              -70.8043276547,-33.1114747802,0
              -70.8043012472,-33.1114751626,0
              -70.8042905515,-33.1109520880,0
              -70.8043169589,-33.1109517056,0
            </coordinates>
          </LinearRing>
        </outerBoundaryIs>
      </Polygon>
    </Placemark>
    <Placemark>
      <description><![CDATA[LIMITES_TRACKER<BR><BR><B>ELEVATION</B> = 0]]></description>
      <styleUrl>#area3</styleUrl>
      <Polygon>
        <altitudeMode>relativeToGround</altitudeMode>
        <extrude>1</extrude>
        <outerBoundaryIs>
          <LinearRing>
            <coordinates>
              -70.8043802873,-33.1109462792,0
              -70.8043538799,-33.1109466617,0
              -70.8043431842,-33.1104235870,0
              -70.8043695914,-33.1104232046,0
              -70.8043802873,-33.1109462792,0
            </coordinates>
          </LinearRing>
        </outerBoundaryIs>
      </Polygon>
    </Placemark>
    <Placemark>
      <description><![CDATA[LIMITES_TRACKER<BR><BR><B>ELEVATION</B> = 0]]></description>
      <styleUrl>#area3</styleUrl>
      <Polygon>
        <altitudeMode>relativeToGround</altitudeMode>
        <extrude>1</extrude>
        <outerBoundaryIs>
          <LinearRing>
            <coordinates>
              -70.8043061712,-33.1104241230,0
              -70.8043168667,-33.1109471977,0
              -70.8042904594,-33.1109475801,0
              -70.8042797640,-33.1104245055,0
              -70.8043061712,-33.1104241230,0
            </coordinates>
          </LinearRing>
        </outerBoundaryIs>
      </Polygon>
    </Placemark>
    <Placemark>
      <description><![CDATA[LIMITES_TRACKER<BR><BR><B>ELEVATION</B> = 0]]></description>
      <styleUrl>#area1</styleUrl>
      <Polygon>
        <altitudeMode>relativeToGround</altitudeMode>
        <extrude>1</extrude>
        <outerBoundaryIs>
          <LinearRing>
            <coordinates>
              -70.8044096725,-33.1102242193,0
              -70.8043832654,-33.1102246017,0
              -70.8043725698,-33.1097015270,0
              -70.8043989768,-33.1097011446,0
              -70.8044096725,-33.1102242193,0
            </coordinates>
          </LinearRing>
        </outerBoundaryIs>
      </Polygon>
    </Placemark>
    <Placemark>
      <description><![CDATA[LIMITES_TRACKER<BR><BR><B>ELEVATION</B> = 0]]></description>
      <styleUrl>#area1</styleUrl>
      <Polygon>
        <altitudeMode>relativeToGround</altitudeMode>
        <extrude>1</extrude>
        <outerBoundaryIs>
          <LinearRing>
            <coordinates>
              -70.8043355571,-33.1097020630,0
              -70.8043462525,-33.1102251378,0
              -70.8043198454,-33.1102255202,0
              -70.8043091502,-33.1097024454,0
              -70.8043355571,-33.1097020630,0
            </coordinates>
          </LinearRing>
        </outerBoundaryIs>
      </Polygon>
    </Placemark>
    <Placemark>
      <description><![CDATA[LIMITES_TRACKER<BR><BR><B>ELEVATION</B> = 0]]></description>
      <styleUrl>#area2</styleUrl>
      <Polygon>
        <altitudeMode>relativeToGround</altitudeMode>
        <extrude>1</extrude>
        <outerBoundaryIs>
          <LinearRing>
            <coordinates>
              -70.8043988846,-33.1096966367,0
              -70.8043724776,-33.1096970191,0
              -70.8043617823,-33.1091739444,0
              -70.8043881891,-33.1091735620,0
              -70.8043988846,-33.1096966367,0
            </coordinates>
          </LinearRing>
        </outerBoundaryIs>
      </Polygon>
    </Placemark>
    <Placemark>
      <description><![CDATA[LIMITES_TRACKER<BR><BR><B>ELEVATION</B> = 0]]></description>
      <styleUrl>#area2</styleUrl>
      <Polygon>
        <altitudeMode>relativeToGround</altitudeMode>
        <extrude>1</extrude>
        <outerBoundaryIs>
          <LinearRing>
            <coordinates>
              -70.8043247699,-33.1091744804,0
              -70.8043354650,-33.1096975552,0
              -70.8043090580,-33.1096979376,0
              -70.8042983630,-33.1091748628,0
              -70.8043247699,-33.1091744804,0
            </coordinates>
          </LinearRing>
        </outerBoundaryIs>
      </Polygon>
    </Placemark>
    <Placemark>
      <description><![CDATA[LIMITES_TRACKER<BR><BR><B>ELEVATION</B> = 0]]></description>
      <styleUrl>#area3</styleUrl>
      <Polygon>
        <altitudeMode>relativeToGround</altitudeMode>
        <extrude>1</extrude>
        <outerBoundaryIs>
          <LinearRing>
            <coordinates>
              -70.8043875439,-33.1091420069,0
              -70.8043611371,-33.1091423893,0
              -70.8043504420,-33.1086193145,0
              -70.8043768487,-33.1086189321,0
              -70.8043875439,-33.1091420069,0
            </coordinates>
          </LinearRing>
        </outerBoundaryIs>
      </Polygon>
    </Placemark>
    <Placemark>
      <description><![CDATA[LIMITES_TRACKER<BR><BR><B>ELEVATION</B> = 0]]></description>
      <styleUrl>#area3</styleUrl>
      <Polygon>
        <altitudeMode>relativeToGround</altitudeMode>
        <extrude>1</extrude>
        <outerBoundaryIs>
          <LinearRing>
            <coordinates>
              -70.8043134299,-33.1086198505,0
              -70.8043241247,-33.1091429253,0
              -70.8042977179,-33.1091433077,0
              -70.8042870232,-33.1086202329,0
              -70.8043134299,-33.1086198505,0
            </coordinates>
          </LinearRing>
        </outerBoundaryIs>
      </Polygon>
    </Placemark>
    <Placemark>
      <description><![CDATA[LIMITES_TRACKER<BR><BR><B>ELEVATION</B> = 0]]></description>
      <styleUrl>#area1</styleUrl>
      <Polygon>
        <altitudeMode>relativeToGround</altitudeMode>
        <extrude>1</extrude>
        <outerBoundaryIs>
          <LinearRing>
            <coordinates>
              -70.8045287068,-33.1119996070,0
              -70.8045022991,-33.1119999895,0
              -70.8044916021,-33.1114769150,0
              -70.8045180096,-33.1114765325,0
              -70.8045287068,-33.1119996070,0
            </coordinates>
          </LinearRing>
        </outerBoundaryIs>
      </Polygon>
    </Placemark>
    <Placemark>
      <description><![CDATA[LIMITES_TRACKER<BR><BR><B>ELEVATION</B> = 0]]></description>
      <styleUrl>#area1</styleUrl>
      <Polygon>
        <altitudeMode>relativeToGround</altitudeMode>
        <extrude>1</extrude>
        <outerBoundaryIs>
          <LinearRing>
            <coordinates>
              -70.8044545887,-33.1114774511,0
              -70.8044652855,-33.1120005256,0
              -70.8044388778,-33.1120009081,0
              -70.8044281812,-33.1114778335,0
              -70.8044545887,-33.1114774511,0
            </coordinates>
          </LinearRing>
        </outerBoundaryIs>
      </Polygon>
    </Placemark>
    <Placemark>
      <description><![CDATA[LIMITES_TRACKER<BR><BR><B>ELEVATION</B> = 0]]></description>
      <styleUrl>#area2</styleUrl>
      <Polygon>
        <altitudeMode>relativeToGround</altitudeMode>
        <extrude>1</extrude>
        <outerBoundaryIs>
          <LinearRing>
            <coordinates>
              -70.8045179174,-33.1114720246,0
              -70.8044915099,-33.1114724071,0
              -70.8044808131,-33.1109493325,0
              -70.8045072205,-33.1109489501,0
              -70.8045179174,-33.1114720246,0
            </coordinates>
          </LinearRing>
        </outerBoundaryIs>
      </Polygon>
    </Placemark>
    <Placemark>
      <description><![CDATA[LIMITES_TRACKER<BR><BR><B>ELEVATION</B> = 0]]></description>
      <styleUrl>#area2</styleUrl>
      <Polygon>
        <altitudeMode>relativeToGround</altitudeMode>
        <extrude>1</extrude>
        <outerBoundaryIs>
          <LinearRing>
            <coordinates>
              -70.8044438000,-33.1109498686,0
              -70.8044544965,-33.1114729432,0
              -70.8044280890,-33.1114733257,0
              -70.8044173926,-33.1109502511,0
              -70.8044438000,-33.1109498686,0
            </coordinates>
          </LinearRing>
        </outerBoundaryIs>
      </Polygon>
    </Placemark>
    <Placemark>
      <description><![CDATA[LIMITES_TRACKER<BR><BR><B>ELEVATION</B> = 0]]></description>
      <styleUrl>#area3</styleUrl>
      <Polygon>
        <altitudeMode>relativeToGround</altitudeMode>
        <extrude>1</extrude>
        <outerBoundaryIs>
          <LinearRing>
            <coordinates>
              -70.8045071283,-33.1109444422,0
              -70.8044807209,-33.1109448247,0
              -70.8044700245,-33.1104217500,0
              -70.8044964317,-33.1104213676,0
              -70.8045071283,-33.1109444422,0
            </coordinates>
          </LinearRing>
        </outerBoundaryIs>
      </Polygon>
    </Placemark>
    <Placemark>
      <description><![CDATA[LIMITES_TRACKER<BR><BR><B>ELEVATION</B> = 0]]></description>
      <styleUrl>#area3</styleUrl>
      <Polygon>
        <altitudeMode>relativeToGround</altitudeMode>
        <extrude>1</extrude>
        <outerBoundaryIs>
          <LinearRing>
            <coordinates>
              -70.8044330115,-33.1104222861,0
              -70.8044437078,-33.1109453607,0
              -70.8044173004,-33.1109457432,0
              -70.8044066043,-33.1104226685,0
              -70.8044330115,-33.1104222861,0
            </coordinates>
          </LinearRing>
        </outerBoundaryIs>
      </Polygon>
    </Placemark>
    <Placemark>
      <description><![CDATA[LIMITES_TRACKER<BR><BR><B>ELEVATION</B> = 0]]></description>
      <styleUrl>#area1</styleUrl>
      <Polygon>
        <altitudeMode>relativeToGround</altitudeMode>
        <extrude>1</extrude>
        <outerBoundaryIs>
          <LinearRing>
            <coordinates>
              -70.8045365125,-33.1102223822,0
              -70.8045101054,-33.1102227647,0
              -70.8044994090,-33.1096996900,0
              -70.8045258160,-33.1096993076,0
              -70.8045365125,-33.1102223822,0
            </coordinates>
          </LinearRing>
        </outerBoundaryIs>
      </Polygon>
    </Placemark>
    <Placemark>
      <description><![CDATA[LIMITES_TRACKER<BR><BR><B>ELEVATION</B> = 0]]></description>
      <styleUrl>#area1</styleUrl>
      <Polygon>
        <altitudeMode>relativeToGround</altitudeMode>
        <extrude>1</extrude>
        <outerBoundaryIs>
          <LinearRing>
            <coordinates>
              -70.8044623964,-33.1097002261,0
              -70.8044730925,-33.1102233008,0
              -70.8044466854,-33.1102236832,0
              -70.8044359894,-33.1097006085,0
              -70.8044623964,-33.1097002261,0
            </coordinates>
          </LinearRing>
        </outerBoundaryIs>
      </Polygon>
    </Placemark>
    <Placemark>
      <description><![CDATA[LIMITES_TRACKER<BR><BR><B>ELEVATION</B> = 0]]></description>
      <styleUrl>#area2</styleUrl>
      <Polygon>
        <altitudeMode>relativeToGround</altitudeMode>
        <extrude>1</extrude>
        <outerBoundaryIs>
          <LinearRing>
            <coordinates>
              -70.8045257238,-33.1096947997,0
              -70.8044993169,-33.1096951822,0
              -70.8044886208,-33.1091721074,0
              -70.8045150276,-33.1091717250,0
              -70.8045257238,-33.1096947997,0
            </coordinates>
          </LinearRing>
        </outerBoundaryIs>
      </Polygon>
    </Placemark>
    <Placemark>
      <description><![CDATA[LIMITES_TRACKER<BR><BR><B>ELEVATION</B> = 0]]></description>
      <styleUrl>#area2</styleUrl>
      <Polygon>
        <altitudeMode>relativeToGround</altitudeMode>
        <extrude>1</extrude>
        <outerBoundaryIs>
          <LinearRing>
            <coordinates>
              -70.8044516084,-33.1091726435,0
              -70.8044623042,-33.1096957182,0
              -70.8044358972,-33.1096961007,0
              -70.8044252015,-33.1091730259,0
              -70.8044516084,-33.1091726435,0
            </coordinates>
          </LinearRing>
        </outerBoundaryIs>
      </Polygon>
    </Placemark>
    <Placemark>
      <description><![CDATA[LIMITES_TRACKER<BR><BR><B>ELEVATION</B> = 0]]></description>
      <styleUrl>#area3</styleUrl>
      <Polygon>
        <altitudeMode>relativeToGround</altitudeMode>
        <extrude>1</extrude>
        <outerBoundaryIs>
          <LinearRing>
            <coordinates>
              -70.8045143824,-33.1091401699,0
              -70.8044879755,-33.1091405524,0
              -70.8044772798,-33.1086174776,0
              -70.8045036864,-33.1086170952,0
              -70.8045143824,-33.1091401699,0
            </coordinates>
          </LinearRing>
        </outerBoundaryIs>
      </Polygon>
    </Placemark>
    <Placemark>
      <description><![CDATA[LIMITES_TRACKER<BR><BR><B>ELEVATION</B> = 0]]></description>
      <styleUrl>#area3</styleUrl>
      <Polygon>
        <altitudeMode>relativeToGround</altitudeMode>
        <extrude>1</extrude>
        <outerBoundaryIs>
          <LinearRing>
            <coordinates>
              -70.8044402676,-33.1086180136,0
              -70.8044509631,-33.1091410884,0
              -70.8044245563,-33.1091414709,0
              -70.8044138609,-33.1086183961,0
              -70.8044402676,-33.1086180136,0
            </coordinates>
          </LinearRing>
        </outerBoundaryIs>
      </Polygon>
    </Placemark>
    <Placemark>
      <description><![CDATA[LIMITES_TRACKER<BR><BR><B>ELEVATION</B> = 0]]></description>
      <styleUrl>#area1</styleUrl>
      <Polygon>
        <altitudeMode>relativeToGround</altitudeMode>
        <extrude>1</extrude>
        <outerBoundaryIs>
          <LinearRing>
            <coordinates>
              -70.8046555493,-33.1119977698,0
              -70.8046291417,-33.1119981523,0
              -70.8046184439,-33.1114750778,0
              -70.8046448514,-33.1114746953,0
              -70.8046555493,-33.1119977698,0
            </coordinates>
          </LinearRing>
        </outerBoundaryIs>
      </Polygon>
    </Placemark>
    <Placemark>
      <description><![CDATA[LIMITES_TRACKER<BR><BR><B>ELEVATION</B> = 0]]></description>
      <styleUrl>#area1</styleUrl>
      <Polygon>
        <altitudeMode>relativeToGround</altitudeMode>
        <extrude>1</extrude>
        <outerBoundaryIs>
          <LinearRing>
            <coordinates>
              -70.8045814305,-33.1114756139,0
              -70.8045921281,-33.1119986884,0
              -70.8045657204,-33.1119990709,0
              -70.8045550230,-33.1114759964,0
              -70.8045814305,-33.1114756139,0
            </coordinates>
          </LinearRing>
        </outerBoundaryIs>
      </Polygon>
    </Placemark>
    <Placemark>
      <description><![CDATA[LIMITES_TRACKER<BR><BR><B>ELEVATION</B> = 0]]></description>
      <styleUrl>#area2</styleUrl>
      <Polygon>
        <altitudeMode>relativeToGround</altitudeMode>
        <extrude>1</extrude>
        <outerBoundaryIs>
          <LinearRing>
            <coordinates>
              -70.8046447592,-33.1114701874,0
              -70.8046183517,-33.1114705699,0
              -70.8046076542,-33.1109474954,0
              -70.8046340615,-33.1109471129,0
              -70.8046447592,-33.1114701874,0
            </coordinates>
          </LinearRing>
        </outerBoundaryIs>
      </Polygon>
    </Placemark>
    <Placemark>
      <description><![CDATA[LIMITES_TRACKER<BR><BR><B>ELEVATION</B> = 0]]></description>
      <styleUrl>#area2</styleUrl>
      <Polygon>
        <altitudeMode>relativeToGround</altitudeMode>
        <extrude>1</extrude>
        <outerBoundaryIs>
          <LinearRing>
            <coordinates>
              -70.8045706410,-33.1109480315,0
              -70.8045813383,-33.1114711060,0
              -70.8045549308,-33.1114714885,0
              -70.8045442336,-33.1109484140,0
              -70.8045706410,-33.1109480315,0
            </coordinates>
          </LinearRing>
        </outerBoundaryIs>
      </Polygon>
    </Placemark>
    <Placemark>
      <description><![CDATA[LIMITES_TRACKER<BR><BR><B>ELEVATION</B> = 0]]></description>
      <styleUrl>#area3</styleUrl>
      <Polygon>
        <altitudeMode>relativeToGround</altitudeMode>
        <extrude>1</extrude>
        <outerBoundaryIs>
          <LinearRing>
            <coordinates>
              -70.8046339693,-33.1109426050,0
              -70.8046075620,-33.1109429875,0
              -70.8045968647,-33.1104199129,0
              -70.8046232720,-33.1104195304,0
              -70.8046339693,-33.1109426050,0
            </coordinates>
          </LinearRing>
        </outerBoundaryIs>
      </Polygon>
    </Placemark>
    <Placemark>
      <description><![CDATA[LIMITES_TRACKER<BR><BR><B>ELEVATION</B> = 0]]></description>
      <styleUrl>#area3</styleUrl>
      <Polygon>
        <altitudeMode>relativeToGround</altitudeMode>
        <extrude>1</extrude>
        <outerBoundaryIs>
          <LinearRing>
            <coordinates>
              -70.8045598518,-33.1104204490,0
              -70.8045705488,-33.1109435236,0
              -70.8045441415,-33.1109439061,0
              -70.8045334446,-33.1104208315,0
              -70.8045598518,-33.1104204490,0
            </coordinates>
          </LinearRing>
        </outerBoundaryIs>
      </Polygon>
    </Placemark>
    <Placemark>
      <description><![CDATA[LIMITES_TRACKER<BR><BR><B>ELEVATION</B> = 0]]></description>
      <styleUrl>#area1</styleUrl>
      <Polygon>
        <altitudeMode>relativeToGround</altitudeMode>
        <extrude>1</extrude>
        <outerBoundaryIs>
          <LinearRing>
            <coordinates>
              -70.8046633525,-33.1102205451,0
              -70.8046369454,-33.1102209276,0
              -70.8046262483,-33.1096978529,0
              -70.8046526553,-33.1096974704,0
              -70.8046633525,-33.1102205451,0
            </coordinates>
          </LinearRing>
        </outerBoundaryIs>
      </Polygon>
    </Placemark>
    <Placemark>
      <description><![CDATA[LIMITES_TRACKER<BR><BR><B>ELEVATION</B> = 0]]></description>
      <styleUrl>#area1</styleUrl>
      <Polygon>
        <altitudeMode>relativeToGround</altitudeMode>
        <extrude>1</extrude>
        <outerBoundaryIs>
          <LinearRing>
            <coordinates>
              -70.8045892357,-33.1096983890,0
              -70.8045999325,-33.1102214637,0
              -70.8045735254,-33.1102218462,0
              -70.8045628287,-33.1096987715,0
              -70.8045892357,-33.1096983890,0
            </coordinates>
          </LinearRing>
        </outerBoundaryIs>
      </Polygon>
    </Placemark>
    <Placemark>
      <description><![CDATA[LIMITES_TRACKER<BR><BR><B>ELEVATION</B> = 0]]></description>
      <styleUrl>#area2</styleUrl>
      <Polygon>
        <altitudeMode>relativeToGround</altitudeMode>
        <extrude>1</extrude>
        <outerBoundaryIs>
          <LinearRing>
            <coordinates>
              -70.8046525631,-33.1096929626,0
              -70.8046261561,-33.1096933451,0
              -70.8046154593,-33.1091702704,0
              -70.8046418661,-33.1091698879,0
              -70.8046525631,-33.1096929626,0
            </coordinates>
          </LinearRing>
        </outerBoundaryIs>
      </Polygon>
    </Placemark>
    <Placemark>
      <description><![CDATA[LIMITES_TRACKER<BR><BR><B>ELEVATION</B> = 0]]></description>
      <styleUrl>#area2</styleUrl>
      <Polygon>
        <altitudeMode>relativeToGround</altitudeMode>
        <extrude>1</extrude>
        <outerBoundaryIs>
          <LinearRing>
            <coordinates>
              -70.8045784469,-33.1091708065,0
              -70.8045891435,-33.1096938812,0
              -70.8045627365,-33.1096942636,0
              -70.8045520400,-33.1091711889,0
              -70.8045784469,-33.1091708065,0
            </coordinates>
          </LinearRing>
        </outerBoundaryIs>
      </Polygon>
    </Placemark>
    <Placemark>
      <description><![CDATA[LIMITES_TRACKER<BR><BR><B>ELEVATION</B> = 0]]></description>
      <styleUrl>#area3</styleUrl>
      <Polygon>
        <altitudeMode>relativeToGround</altitudeMode>
        <extrude>1</extrude>
        <outerBoundaryIs>
          <LinearRing>
            <coordinates>
              -70.8046412208,-33.1091383328,0
              -70.8046148140,-33.1091387153,0
              -70.8046041174,-33.1086156406,0
              -70.8046305241,-33.1086152581,0
              -70.8046412208,-33.1091383328,0
            </coordinates>
          </LinearRing>
        </outerBoundaryIs>
      </Polygon>
    </Placemark>
    <Placemark>
      <description><![CDATA[LIMITES_TRACKER<BR><BR><B>ELEVATION</B> = 0]]></description>
      <styleUrl>#area3</styleUrl>
      <Polygon>
        <altitudeMode>relativeToGround</altitudeMode>
        <extrude>1</extrude>
        <outerBoundaryIs>
          <LinearRing>
            <coordinates>
              -70.8045671053,-33.1086161766,0
              -70.8045778016,-33.1091392514,0
              -70.8045513948,-33.1091396339,0
              -70.8045406986,-33.1086165591,0
              -70.8045671053,-33.1086161766,0
            </coordinates>
          </LinearRing>
        </outerBoundaryIs>
      </Polygon>
    </Placemark>
    <Placemark>
      <description><![CDATA[LIMITES_TRACKER<BR><BR><B>ELEVATION</B> = 0]]></description>
      <styleUrl>#area1</styleUrl>
      <Polygon>
        <altitudeMode>relativeToGround</altitudeMode>
        <extrude>1</extrude>
        <outerBoundaryIs>
          <LinearRing>
            <coordinates>
              -70.8047823919,-33.1119959324,0
              -70.8047559842,-33.1119963149,0
              -70.8047452857,-33.1114732405,0
              -70.8047716932,-33.1114728579,0
              -70.8047823919,-33.1119959324,0
            </coordinates>
          </LinearRing>
        </outerBoundaryIs>
      </Polygon>
    </Placemark>
    <Placemark>
      <description><![CDATA[LIMITES_TRACKER<BR><BR><B>ELEVATION</B> = 0]]></description>
      <styleUrl>#area1</styleUrl>
      <Polygon>
        <altitudeMode>relativeToGround</altitudeMode>
        <extrude>1</extrude>
        <outerBoundaryIs>
          <LinearRing>
            <coordinates>
              -70.8047082723,-33.1114737766,0
              -70.8047189706,-33.1119968511,0
              -70.8046925629,-33.1119972336,0
              -70.8046818648,-33.1114741592,0
              -70.8047082723,-33.1114737766,0
            </coordinates>
          </LinearRing>
        </outerBoundaryIs>
      </Polygon>
    </Placemark>
    <Placemark>
      <description><![CDATA[LIMITES_TRACKER<BR><BR><B>ELEVATION</B> = 0]]></description>
      <styleUrl>#area2</styleUrl>
      <Polygon>
        <altitudeMode>relativeToGround</altitudeMode>
        <extrude>1</extrude>
        <outerBoundaryIs>
          <LinearRing>
            <coordinates>
              -70.8047716010,-33.1114683501,0
              -70.8047451935,-33.1114687326,0
              -70.8047344952,-33.1109456581,0
              -70.8047609026,-33.1109452756,0
              -70.8047716010,-33.1114683501,0
            </coordinates>
          </LinearRing>
        </outerBoundaryIs>
      </Polygon>
    </Placemark>
    <Placemark>
      <description><![CDATA[LIMITES_TRACKER<BR><BR><B>ELEVATION</B> = 0]]></description>
      <styleUrl>#area2</styleUrl>
      <Polygon>
        <altitudeMode>relativeToGround</altitudeMode>
        <extrude>1</extrude>
        <outerBoundaryIs>
          <LinearRing>
            <coordinates>
              -70.8046974820,-33.1109461943,0
              -70.8047081801,-33.1114692688,0
              -70.8046817726,-33.1114696513,0
              -70.8046710747,-33.1109465768,0
              -70.8046974820,-33.1109461943,0
            </coordinates>
          </LinearRing>
        </outerBoundaryIs>
      </Polygon>
    </Placemark>
    <Placemark>
      <description><![CDATA[LIMITES_TRACKER<BR><BR><B>ELEVATION</B> = 0]]></description>
      <styleUrl>#area3</styleUrl>
      <Polygon>
        <altitudeMode>relativeToGround</altitudeMode>
        <extrude>1</extrude>
        <outerBoundaryIs>
          <LinearRing>
            <coordinates>
              -70.8047608104,-33.1109407677,0
              -70.8047344030,-33.1109411502,0
              -70.8047237050,-33.1104180757,0
              -70.8047501122,-33.1104176932,0
              -70.8047608104,-33.1109407677,0
            </coordinates>
          </LinearRing>
        </outerBoundaryIs>
      </Polygon>
    </Placemark>
    <Placemark>
      <description><![CDATA[LIMITES_TRACKER<BR><BR><B>ELEVATION</B> = 0]]></description>
      <styleUrl>#area3</styleUrl>
      <Polygon>
        <altitudeMode>relativeToGround</altitudeMode>
        <extrude>1</extrude>
        <outerBoundaryIs>
          <LinearRing>
            <coordinates>
              -70.8046866921,-33.1104186118,0
              -70.8046973898,-33.1109416864,0
              -70.8046709825,-33.1109420689,0
              -70.8046602849,-33.1104189943,0
              -70.8046866921,-33.1104186118,0
            </coordinates>
          </LinearRing>
        </outerBoundaryIs>
      </Polygon>
    </Placemark>
    <Placemark>
      <description><![CDATA[LIMITES_TRACKER<BR><BR><B>ELEVATION</B> = 0]]></description>
      <styleUrl>#area1</styleUrl>
      <Polygon>
        <altitudeMode>relativeToGround</altitudeMode>
        <extrude>1</extrude>
        <outerBoundaryIs>
          <LinearRing>
            <coordinates>
              -70.8047901925,-33.1102187078,0
              -70.8047637854,-33.1102190903,0
              -70.8047530875,-33.1096960157,0
              -70.8047794945,-33.1096956332,0
              -70.8047901925,-33.1102187078,0
            </coordinates>
          </LinearRing>
        </outerBoundaryIs>
      </Polygon>
    </Placemark>
    <Placemark>
      <description><![CDATA[LIMITES_TRACKER<BR><BR><B>ELEVATION</B> = 0]]></description>
      <styleUrl>#area1</styleUrl>
      <Polygon>
        <altitudeMode>relativeToGround</altitudeMode>
        <extrude>1</extrude>
        <outerBoundaryIs>
          <LinearRing>
            <coordinates>
              -70.8047160749,-33.1096965518,0
              -70.8047267725,-33.1102196264,0
              -70.8047003654,-33.1102200090,0
              -70.8046896679,-33.1096969343,0
              -70.8047160749,-33.1096965518,0
            </coordinates>
          </LinearRing>
        </outerBoundaryIs>
      </Polygon>
    </Placemark>
    <Placemark>
      <description><![CDATA[LIMITES_TRACKER<BR><BR><B>ELEVATION</B> = 0]]></description>
      <styleUrl>#area2</styleUrl>
      <Polygon>
        <altitudeMode>relativeToGround</altitudeMode>
        <extrude>1</extrude>
        <outerBoundaryIs>
          <LinearRing>
            <coordinates>
              -70.8047794023,-33.1096911253,0
              -70.8047529953,-33.1096915078,0
              -70.8047422977,-33.1091684332,0
              -70.8047687046,-33.1091680507,0
              -70.8047794023,-33.1096911253,0
            </coordinates>
          </LinearRing>
        </outerBoundaryIs>
      </Polygon>
    </Placemark>
    <Placemark>
      <description><![CDATA[LIMITES_TRACKER<BR><BR><B>ELEVATION</B> = 0]]></description>
      <styleUrl>#area2</styleUrl>
      <Polygon>
        <altitudeMode>relativeToGround</altitudeMode>
        <extrude>1</extrude>
        <outerBoundaryIs>
          <LinearRing>
            <coordinates>
              -70.8047052853,-33.1091689693,0
              -70.8047159827,-33.1096920440,0
              -70.8046895757,-33.1096924265,0
              -70.8046788785,-33.1091693518,0
              -70.8047052853,-33.1091689693,0
            </coordinates>
          </LinearRing>
        </outerBoundaryIs>
      </Polygon>
    </Placemark>
    <Placemark>
      <description><![CDATA[LIMITES_TRACKER<BR><BR><B>ELEVATION</B> = 0]]></description>
      <styleUrl>#area3</styleUrl>
      <Polygon>
        <altitudeMode>relativeToGround</altitudeMode>
        <extrude>1</extrude>
        <outerBoundaryIs>
          <LinearRing>
            <coordinates>
              -70.8047680592,-33.1091364956,0
              -70.8047416524,-33.1091368781,0
              -70.8047309551,-33.1086138034,0
              -70.8047573618,-33.1086134209,0
              -70.8047680592,-33.1091364956,0
            </coordinates>
          </LinearRing>
        </outerBoundaryIs>
      </Polygon>
    </Placemark>
    <Placemark>
      <description><![CDATA[LIMITES_TRACKER<BR><BR><B>ELEVATION</B> = 0]]></description>
      <styleUrl>#area3</styleUrl>
      <Polygon>
        <altitudeMode>relativeToGround</altitudeMode>
        <extrude>1</extrude>
        <outerBoundaryIs>
          <LinearRing>
            <coordinates>
              -70.8046939429,-33.1086143395,0
              -70.8047046400,-33.1091374142,0
              -70.8046782332,-33.1091377967,0
              -70.8046675363,-33.1086147220,0
              -70.8046939429,-33.1086143395,0
            </coordinates>
          </LinearRing>
        </outerBoundaryIs>
      </Polygon>
    </Placemark>
    <Placemark>
      <description><![CDATA[LIMITES_TRACKER<BR><BR><B>ELEVATION</B> = 0]]></description>
      <styleUrl>#area1</styleUrl>
      <Polygon>
        <altitudeMode>relativeToGround</altitudeMode>
        <extrude>1</extrude>
        <outerBoundaryIs>
          <LinearRing>
            <coordinates>
              -70.8049092344,-33.1119940949,0
              -70.8048828267,-33.1119944775,0
              -70.8048721274,-33.1114714030,0
              -70.8048985349,-33.1114710205,0
              -70.8049092344,-33.1119940949,0
            </coordinates>
          </LinearRing>
        </outerBoundaryIs>
      </Polygon>
    </Placemark>
    <Placemark>
      <description><![CDATA[LIMITES_TRACKER<BR><BR><B>ELEVATION</B> = 0]]></description>
      <styleUrl>#area1</styleUrl>
      <Polygon>
        <altitudeMode>relativeToGround</altitudeMode>
        <extrude>1</extrude>
        <outerBoundaryIs>
          <LinearRing>
            <coordinates>
              -70.8048351141,-33.1114719392,0
              -70.8048458131,-33.1119950137,0
              -70.8048194055,-33.1119953962,0
              -70.8048087065,-33.1114723218,0
              -70.8048351141,-33.1114719392,0
            </coordinates>
          </LinearRing>
        </outerBoundaryIs>
      </Polygon>
    </Placemark>
    <Placemark>
      <description><![CDATA[LIMITES_TRACKER<BR><BR><B>ELEVATION</B> = 0]]></description>
      <styleUrl>#area2</styleUrl>
      <Polygon>
        <altitudeMode>relativeToGround</altitudeMode>
        <extrude>1</extrude>
        <outerBoundaryIs>
          <LinearRing>
            <coordinates>
              -70.8048984427,-33.1114665126,0
              -70.8048720352,-33.1114668952,0
              -70.8048613362,-33.1109438207,0
              -70.8048877436,-33.1109434382,0
              -70.8048984427,-33.1114665126,0
            </coordinates>
          </LinearRing>
        </outerBoundaryIs>
      </Polygon>
    </Placemark>
    <Placemark>
      <description><![CDATA[LIMITES_TRACKER<BR><BR><B>ELEVATION</B> = 0]]></description>
      <styleUrl>#area2</styleUrl>
      <Polygon>
        <altitudeMode>relativeToGround</altitudeMode>
        <extrude>1</extrude>
        <outerBoundaryIs>
          <LinearRing>
            <coordinates>
              -70.8048243231,-33.1109443569,0
              -70.8048350219,-33.1114674314,0
              -70.8048086143,-33.1114678139,0
              -70.8047979157,-33.1109447394,0
              -70.8048243231,-33.1109443569,0
            </coordinates>
          </LinearRing>
        </outerBoundaryIs>
      </Polygon>
    </Placemark>
    <Placemark>
      <description><![CDATA[LIMITES_TRACKER<BR><BR><B>ELEVATION</B> = 0]]></description>
      <styleUrl>#area3</styleUrl>
      <Polygon>
        <altitudeMode>relativeToGround</altitudeMode>
        <extrude>1</extrude>
        <outerBoundaryIs>
          <LinearRing>
            <coordinates>
              -70.8048876514,-33.1109389303,0
              -70.8048612440,-33.1109393128,0
              -70.8048505453,-33.1104162383,0
              -70.8048769525,-33.1104158558,0
              -70.8048876514,-33.1109389303,0
            </coordinates>
          </LinearRing>
        </outerBoundaryIs>
      </Polygon>
    </Placemark>
    <Placemark>
      <description><![CDATA[LIMITES_TRACKER<BR><BR><B>ELEVATION</B> = 0]]></description>
      <styleUrl>#area3</styleUrl>
      <Polygon>
        <altitudeMode>relativeToGround</altitudeMode>
        <extrude>1</extrude>
        <outerBoundaryIs>
          <LinearRing>
            <coordinates>
              -70.8048135324,-33.1104167745,0
              -70.8048242309,-33.1109398490,0
              -70.8047978235,-33.1109402316,0
              -70.8047871252,-33.1104171570,0
              -70.8048135324,-33.1104167745,0
            </coordinates>
          </LinearRing>
        </outerBoundaryIs>
      </Polygon>
    </Placemark>
    <Placemark>
      <description><![CDATA[LIMITES_TRACKER<BR><BR><B>ELEVATION</B> = 0]]></description>
      <styleUrl>#area1</styleUrl>
      <Polygon>
        <altitudeMode>relativeToGround</altitudeMode>
        <extrude>1</extrude>
        <outerBoundaryIs>
          <LinearRing>
            <coordinates>
              -70.8049170325,-33.1102168704,0
              -70.8048906254,-33.1102172529,0
              -70.8048799267,-33.1096941783,0
              -70.8049063337,-33.1096937958,0
              -70.8049170325,-33.1102168704,0
            </coordinates>
          </LinearRing>
        </outerBoundaryIs>
      </Polygon>
    </Placemark>
    <Placemark>
      <description><![CDATA[LIMITES_TRACKER<BR><BR><B>ELEVATION</B> = 0]]></description>
      <styleUrl>#area1</styleUrl>
      <Polygon>
        <altitudeMode>relativeToGround</altitudeMode>
        <extrude>1</extrude>
        <outerBoundaryIs>
          <LinearRing>
            <coordinates>
              -70.8048429141,-33.1096947145,0
              -70.8048536125,-33.1102177891,0
              -70.8048272054,-33.1102181716,0
              -70.8048165071,-33.1096950970,0
              -70.8048429141,-33.1096947145,0
            </coordinates>
          </LinearRing>
        </outerBoundaryIs>
      </Polygon>
    </Placemark>
    <Placemark>
      <description><![CDATA[LIMITES_TRACKER<BR><BR><B>ELEVATION</B> = 0]]></description>
      <styleUrl>#area2</styleUrl>
      <Polygon>
        <altitudeMode>relativeToGround</altitudeMode>
        <extrude>1</extrude>
        <outerBoundaryIs>
          <LinearRing>
            <coordinates>
              -70.8049062415,-33.1096892879,0
              -70.8048798345,-33.1096896705,0
              -70.8048691362,-33.1091665959,0
              -70.8048955430,-33.1091662133,0
              -70.8049062415,-33.1096892879,0
            </coordinates>
          </LinearRing>
        </outerBoundaryIs>
      </Polygon>
    </Placemark>
    <Placemark>
      <description><![CDATA[LIMITES_TRACKER<BR><BR><B>ELEVATION</B> = 0]]></description>
      <styleUrl>#area2</styleUrl>
      <Polygon>
        <altitudeMode>relativeToGround</altitudeMode>
        <extrude>1</extrude>
        <outerBoundaryIs>
          <LinearRing>
            <coordinates>
              -70.8048321238,-33.1091671320,0
              -70.8048428219,-33.1096902066,0
              -70.8048164149,-33.1096905892,0
              -70.8048057170,-33.1091675145,0
              -70.8048321238,-33.1091671320,0
            </coordinates>
          </LinearRing>
        </outerBoundaryIs>
      </Polygon>
    </Placemark>
    <Placemark>
      <description><![CDATA[LIMITES_TRACKER<BR><BR><B>ELEVATION</B> = 0]]></description>
      <styleUrl>#area3</styleUrl>
      <Polygon>
        <altitudeMode>relativeToGround</altitudeMode>
        <extrude>1</extrude>
        <outerBoundaryIs>
          <LinearRing>
            <coordinates>
              -70.8048948976,-33.1091346583,0
              -70.8048684908,-33.1091350408,0
              -70.8048577928,-33.1086119661,0
              -70.8048841994,-33.1086115836,0
              -70.8048948976,-33.1091346583,0
            </coordinates>
          </LinearRing>
        </outerBoundaryIs>
      </Polygon>
    </Placemark>
    <Placemark>
      <description><![CDATA[LIMITES_TRACKER<BR><BR><B>ELEVATION</B> = 0]]></description>
      <styleUrl>#area3</styleUrl>
      <Polygon>
        <altitudeMode>relativeToGround</altitudeMode>
        <extrude>1</extrude>
        <outerBoundaryIs>
          <LinearRing>
            <coordinates>
              -70.8048207806,-33.1086125023,0
              -70.8048314784,-33.1091355770,0
              -70.8048050716,-33.1091359595,0
              -70.8047943740,-33.1086128848,0
              -70.8048207806,-33.1086125023,0
            </coordinates>
          </LinearRing>
        </outerBoundaryIs>
      </Polygon>
    </Placemark>
    <Placemark>
      <description><![CDATA[LIMITES_TRACKER<BR><BR><B>ELEVATION</B> = 0]]></description>
      <styleUrl>#area1</styleUrl>
      <Polygon>
        <altitudeMode>relativeToGround</altitudeMode>
        <extrude>1</extrude>
        <outerBoundaryIs>
          <LinearRing>
            <coordinates>
              -70.8050468696,-33.1125198395,0
              -70.8050204618,-33.1125202221,0
              -70.8050097615,-33.1119971477,0
              -70.8050361691,-33.1119967651,0
              -70.8050468696,-33.1125198395,0
            </coordinates>
          </LinearRing>
        </outerBoundaryIs>
      </Polygon>
    </Placemark>
    <Placemark>
      <description><![CDATA[LIMITES_TRACKER<BR><BR><B>ELEVATION</B> = 0]]></description>
      <styleUrl>#area1</styleUrl>
      <Polygon>
        <altitudeMode>relativeToGround</altitudeMode>
        <extrude>1</extrude>
        <outerBoundaryIs>
          <LinearRing>
            <coordinates>
              -70.8049727479,-33.1119976840,0
              -70.8049834480,-33.1125207583,0
              -70.8049570401,-33.1125211409,0
              -70.8049463402,-33.1119980665,0
              -70.8049727479,-33.1119976840,0
            </coordinates>
          </LinearRing>
        </outerBoundaryIs>
      </Polygon>
    </Placemark>
    <Placemark>
      <description><![CDATA[LIMITES_TRACKER<BR><BR><B>ELEVATION</B> = 0]]></description>
      <styleUrl>#area2</styleUrl>
      <Polygon>
        <altitudeMode>relativeToGround</altitudeMode>
        <extrude>1</extrude>
        <outerBoundaryIs>
          <LinearRing>
            <coordinates>
              -70.8050360769,-33.1119922573,0
              -70.8050096692,-33.1119926399,0
              -70.8049989692,-33.1114695655,0
              -70.8050253767,-33.1114691829,0
              -70.8050360769,-33.1119922573,0
            </coordinates>
          </LinearRing>
        </outerBoundaryIs>
      </Polygon>
    </Placemark>
    <Placemark>
      <description><![CDATA[LIMITES_TRACKER<BR><BR><B>ELEVATION</B> = 0]]></description>
      <styleUrl>#area2</styleUrl>
      <Polygon>
        <altitudeMode>relativeToGround</altitudeMode>
        <extrude>1</extrude>
        <outerBoundaryIs>
          <LinearRing>
            <coordinates>
              -70.8049619558,-33.1114701017,0
              -70.8049726556,-33.1119931761,0
              -70.8049462480,-33.1119935587,0
              -70.8049355483,-33.1114704843,0
              -70.8049619558,-33.1114701017,0
            </coordinates>
          </LinearRing>
        </outerBoundaryIs>
      </Polygon>
    </Placemark>
    <Placemark>
      <description><![CDATA[LIMITES_TRACKER<BR><BR><B>ELEVATION</B> = 0]]></description>
      <styleUrl>#area3</styleUrl>
      <Polygon>
        <altitudeMode>relativeToGround</altitudeMode>
        <extrude>1</extrude>
        <outerBoundaryIs>
          <LinearRing>
            <coordinates>
              -70.8050252845,-33.1114646750,0
              -70.8049988770,-33.1114650576,0
              -70.8049881772,-33.1109419832,0
              -70.8050145846,-33.1109416006,0
              -70.8050252845,-33.1114646750,0
            </coordinates>
          </LinearRing>
        </outerBoundaryIs>
      </Polygon>
    </Placemark>
    <Placemark>
      <description><![CDATA[LIMITES_TRACKER<BR><BR><B>ELEVATION</B> = 0]]></description>
      <styleUrl>#area3</styleUrl>
      <Polygon>
        <altitudeMode>relativeToGround</altitudeMode>
        <extrude>1</extrude>
        <outerBoundaryIs>
          <LinearRing>
            <coordinates>
              -70.8049511641,-33.1109425194,0
              -70.8049618636,-33.1114655938,0
              -70.8049354561,-33.1114659764,0
              -70.8049247567,-33.1109429020,0
              -70.8049511641,-33.1109425194,0
            </coordinates>
          </LinearRing>
        </outerBoundaryIs>
      </Polygon>
    </Placemark>
    <Placemark>
      <description><![CDATA[LIMITES_TRACKER<BR><BR><B>ELEVATION</B> = 0]]></description>
      <styleUrl>#area4</styleUrl>
      <Polygon>
        <altitudeMode>relativeToGround</altitudeMode>
        <extrude>1</extrude>
        <outerBoundaryIs>
          <LinearRing>
            <coordinates>
              -70.8050144924,-33.1109370927,0
              -70.8049880850,-33.1109374753,0
              -70.8049773855,-33.1104144008,0
              -70.8050037927,-33.1104140183,0
              -70.8050144924,-33.1109370927,0
            </coordinates>
          </LinearRing>
        </outerBoundaryIs>
      </Polygon>
    </Placemark>
    <Placemark>
      <description><![CDATA[LIMITES_TRACKER<BR><BR><B>ELEVATION</B> = 0]]></description>
      <styleUrl>#area4</styleUrl>
      <Polygon>
        <altitudeMode>relativeToGround</altitudeMode>
        <extrude>1</extrude>
        <outerBoundaryIs>
          <LinearRing>
            <coordinates>
              -70.8049403726,-33.1104149370,0
              -70.8049510719,-33.1109380115,0
              -70.8049246645,-33.1109383941,0
              -70.8049139654,-33.1104153196,0
              -70.8049403726,-33.1104149370,0
            </coordinates>
          </LinearRing>
        </outerBoundaryIs>
      </Polygon>
    </Placemark>
    <Placemark>
      <description><![CDATA[LIMITES_TRACKER<BR><BR><B>ELEVATION</B> = 0]]></description>
      <styleUrl>#area1</styleUrl>
      <Polygon>
        <altitudeMode>relativeToGround</altitudeMode>
        <extrude>1</extrude>
        <outerBoundaryIs>
          <LinearRing>
            <coordinates>
              -70.8050438724,-33.1102150328,0
              -70.8050174653,-33.1102154154,0
              -70.8050067660,-33.1096923408,0
              -70.8050331729,-33.1096919583,0
              -70.8050438724,-33.1102150328,0
            </coordinates>
          </LinearRing>
        </outerBoundaryIs>
      </Polygon>
    </Placemark>
    <Placemark>
      <description><![CDATA[LIMITES_TRACKER<BR><BR><B>ELEVATION</B> = 0]]></description>
      <styleUrl>#area1</styleUrl>
      <Polygon>
        <altitudeMode>relativeToGround</altitudeMode>
        <extrude>1</extrude>
        <outerBoundaryIs>
          <LinearRing>
            <coordinates>
              -70.8049697533,-33.1096928771,0
              -70.8049804525,-33.1102159516,0
              -70.8049540453,-33.1102163342,0
              -70.8049433463,-33.1096932596,0
              -70.8049697533,-33.1096928771,0
            </coordinates>
          </LinearRing>
        </outerBoundaryIs>
      </Polygon>
    </Placemark>
    <Placemark>
      <description><![CDATA[LIMITES_TRACKER<BR><BR><B>ELEVATION</B> = 0]]></description>
      <styleUrl>#area2</styleUrl>
      <Polygon>
        <altitudeMode>relativeToGround</altitudeMode>
        <extrude>1</extrude>
        <outerBoundaryIs>
          <LinearRing>
            <coordinates>
              -70.8050330807,-33.1096874504,0
              -70.8050066737,-33.1096878330,0
              -70.8049959747,-33.1091647584,0
              -70.8050223815,-33.1091643758,0
              -70.8050330807,-33.1096874504,0
            </coordinates>
          </LinearRing>
        </outerBoundaryIs>
      </Polygon>
    </Placemark>
    <Placemark>
      <description><![CDATA[LIMITES_TRACKER<BR><BR><B>ELEVATION</B> = 0]]></description>
      <styleUrl>#area2</styleUrl>
      <Polygon>
        <altitudeMode>relativeToGround</altitudeMode>
        <extrude>1</extrude>
        <outerBoundaryIs>
          <LinearRing>
            <coordinates>
              -70.8049589623,-33.1091652946,0
              -70.8049696611,-33.1096883692,0
              -70.8049432541,-33.1096887517,0
              -70.8049325554,-33.1091656771,0
              -70.8049589623,-33.1091652946,0
            </coordinates>
          </LinearRing>
        </outerBoundaryIs>
      </Polygon>
    </Placemark>
    <Placemark>
      <description><![CDATA[LIMITES_TRACKER<BR><BR><B>ELEVATION</B> = 0]]></description>
      <styleUrl>#area3</styleUrl>
      <Polygon>
        <altitudeMode>relativeToGround</altitudeMode>
        <extrude>1</extrude>
        <outerBoundaryIs>
          <LinearRing>
            <coordinates>
              -70.8050217360,-33.1091328208,0
              -70.8049953292,-33.1091332033,0
              -70.8049846304,-33.1086101287,0
              -70.8050110371,-33.1086097462,0
              -70.8050217360,-33.1091328208,0
            </coordinates>
          </LinearRing>
        </outerBoundaryIs>
      </Polygon>
    </Placemark>
    <Placemark>
      <description><![CDATA[LIMITES_TRACKER<BR><BR><B>ELEVATION</B> = 0]]></description>
      <styleUrl>#area3</styleUrl>
      <Polygon>
        <altitudeMode>relativeToGround</altitudeMode>
        <extrude>1</extrude>
        <outerBoundaryIs>
          <LinearRing>
            <coordinates>
              -70.8049476183,-33.1086106649,0
              -70.8049583168,-33.1091337395,0
              -70.8049319100,-33.1091341221,0
              -70.8049212116,-33.1086110474,0
              -70.8049476183,-33.1086106649,0
            </coordinates>
          </LinearRing>
        </outerBoundaryIs>
      </Polygon>
    </Placemark>
    <Placemark>
      <description><![CDATA[LIMITES_TRACKER<BR><BR><B>ELEVATION</B> = 0]]></description>
      <styleUrl>#area1</styleUrl>
      <Polygon>
        <altitudeMode>relativeToGround</altitudeMode>
        <extrude>1</extrude>
        <outerBoundaryIs>
          <LinearRing>
            <coordinates>
              -70.8051737129,-33.1125180017,0
              -70.8051473050,-33.1125183843,0
              -70.8051366040,-33.1119953100,0
              -70.8051630116,-33.1119949274,0
              -70.8051737129,-33.1125180017,0
            </coordinates>
          </LinearRing>
        </outerBoundaryIs>
      </Polygon>
    </Placemark>
    <Placemark>
      <description><![CDATA[LIMITES_TRACKER<BR><BR><B>ELEVATION</B> = 0]]></description>
      <styleUrl>#area1</styleUrl>
      <Polygon>
        <altitudeMode>relativeToGround</altitudeMode>
        <extrude>1</extrude>
        <outerBoundaryIs>
          <LinearRing>
            <coordinates>
              -70.8050995904,-33.1119958463,0
              -70.8051102912,-33.1125189206,0
              -70.8050838834,-33.1125193032,0
              -70.8050731827,-33.1119962289,0
              -70.8050995904,-33.1119958463,0
            </coordinates>
          </LinearRing>
        </outerBoundaryIs>
      </Polygon>
    </Placemark>
    <Placemark>
      <description><![CDATA[LIMITES_TRACKER<BR><BR><B>ELEVATION</B> = 0]]></description>
      <styleUrl>#area2</styleUrl>
      <Polygon>
        <altitudeMode>relativeToGround</altitudeMode>
        <extrude>1</extrude>
        <outerBoundaryIs>
          <LinearRing>
            <coordinates>
              -70.8051629194,-33.1119904195,0
              -70.8051365117,-33.1119908021,0
              -70.8051258109,-33.1114677278,0
              -70.8051522185,-33.1114673452,0
              -70.8051629194,-33.1119904195,0
            </coordinates>
          </LinearRing>
        </outerBoundaryIs>
      </Polygon>
    </Placemark>
    <Placemark>
      <description><![CDATA[LIMITES_TRACKER<BR><BR><B>ELEVATION</B> = 0]]></description>
      <styleUrl>#area2</styleUrl>
      <Polygon>
        <altitudeMode>relativeToGround</altitudeMode>
        <extrude>1</extrude>
        <outerBoundaryIs>
          <LinearRing>
            <coordinates>
              -70.8050887976,-33.1114682640,0
              -70.8050994982,-33.1119913384,0
              -70.8050730905,-33.1119917210,0
              -70.8050623901,-33.1114686466,0
              -70.8050887976,-33.1114682640,0
            </coordinates>
          </LinearRing>
        </outerBoundaryIs>
      </Polygon>
    </Placemark>
    <Placemark>
      <description><![CDATA[LIMITES_TRACKER<BR><BR><B>ELEVATION</B> = 0]]></description>
      <styleUrl>#area3</styleUrl>
      <Polygon>
        <altitudeMode>relativeToGround</altitudeMode>
        <extrude>1</extrude>
        <outerBoundaryIs>
          <LinearRing>
            <coordinates>
              -70.8051521262,-33.1114628373,0
              -70.8051257187,-33.1114632199,0
              -70.8051150182,-33.1109401455,0
              -70.8051414256,-33.1109397629,0
              -70.8051521262,-33.1114628373,0
            </coordinates>
          </LinearRing>
        </outerBoundaryIs>
      </Polygon>
    </Placemark>
    <Placemark>
      <description><![CDATA[LIMITES_TRACKER<BR><BR><B>ELEVATION</B> = 0]]></description>
      <styleUrl>#area3</styleUrl>
      <Polygon>
        <altitudeMode>relativeToGround</altitudeMode>
        <extrude>1</extrude>
        <outerBoundaryIs>
          <LinearRing>
            <coordinates>
              -70.8050780051,-33.1109406818,0
              -70.8050887054,-33.1114637562,0
              -70.8050622979,-33.1114641388,0
              -70.8050515977,-33.1109410644,0
              -70.8050780051,-33.1109406818,0
            </coordinates>
          </LinearRing>
        </outerBoundaryIs>
      </Polygon>
    </Placemark>
    <Placemark>
      <description><![CDATA[LIMITES_TRACKER<BR><BR><B>ELEVATION</B> = 0]]></description>
      <styleUrl>#area1</styleUrl>
      <Polygon>
        <altitudeMode>relativeToGround</altitudeMode>
        <extrude>1</extrude>
        <outerBoundaryIs>
          <LinearRing>
            <coordinates>
              -70.8051707124,-33.1102131951,0
              -70.8051443053,-33.1102135777,0
              -70.8051336051,-33.1096905032,0
              -70.8051600121,-33.1096901206,0
              -70.8051707124,-33.1102131951,0
            </coordinates>
          </LinearRing>
        </outerBoundaryIs>
      </Polygon>
    </Placemark>
    <Placemark>
      <description><![CDATA[LIMITES_TRACKER<BR><BR><B>ELEVATION</B> = 0]]></description>
      <styleUrl>#area1</styleUrl>
      <Polygon>
        <altitudeMode>relativeToGround</altitudeMode>
        <extrude>1</extrude>
        <outerBoundaryIs>
          <LinearRing>
            <coordinates>
              -70.8050965925,-33.1096910395,0
              -70.8051072924,-33.1102141140,0
              -70.8050808853,-33.1102144966,0
              -70.8050701856,-33.1096914221,0
              -70.8050965925,-33.1096910395,0
            </coordinates>
          </LinearRing>
        </outerBoundaryIs>
      </Polygon>
    </Placemark>
    <Placemark>
      <description><![CDATA[LIMITES_TRACKER<BR><BR><B>ELEVATION</B> = 0]]></description>
      <styleUrl>#area2</styleUrl>
      <Polygon>
        <altitudeMode>relativeToGround</altitudeMode>
        <extrude>1</extrude>
        <outerBoundaryIs>
          <LinearRing>
            <coordinates>
              -70.8051599199,-33.1096856128,0
              -70.8051335129,-33.1096859954,0
              -70.8051228131,-33.1091629208,0
              -70.8051492199,-33.1091625382,0
              -70.8051599199,-33.1096856128,0
            </coordinates>
          </LinearRing>
        </outerBoundaryIs>
      </Polygon>
    </Placemark>
    <Placemark>
      <description><![CDATA[LIMITES_TRACKER<BR><BR><B>ELEVATION</B> = 0]]></description>
      <styleUrl>#area2</styleUrl>
      <Polygon>
        <altitudeMode>relativeToGround</altitudeMode>
        <extrude>1</extrude>
        <outerBoundaryIs>
          <LinearRing>
            <coordinates>
              -70.8050858007,-33.1091634571,0
              -70.8050965003,-33.1096865316,0
              -70.8050700933,-33.1096869142,0
              -70.8050593939,-33.1091638396,0
              -70.8050858007,-33.1091634571,0
            </coordinates>
          </LinearRing>
        </outerBoundaryIs>
      </Polygon>
    </Placemark>
    <Placemark>
      <description><![CDATA[LIMITES_TRACKER<BR><BR><B>ELEVATION</B> = 0]]></description>
      <styleUrl>#area3</styleUrl>
      <Polygon>
        <altitudeMode>relativeToGround</altitudeMode>
        <extrude>1</extrude>
        <outerBoundaryIs>
          <LinearRing>
            <coordinates>
              -70.8051485744,-33.1091309832,0
              -70.8051221676,-33.1091313658,0
              -70.8051114681,-33.1086082912,0
              -70.8051378747,-33.1086079086,0
              -70.8051485744,-33.1091309832,0
            </coordinates>
          </LinearRing>
        </outerBoundaryIs>
      </Polygon>
    </Placemark>
    <Placemark>
      <description><![CDATA[LIMITES_TRACKER<BR><BR><B>ELEVATION</B> = 0]]></description>
      <styleUrl>#area3</styleUrl>
      <Polygon>
        <altitudeMode>relativeToGround</altitudeMode>
        <extrude>1</extrude>
        <outerBoundaryIs>
          <LinearRing>
            <coordinates>
              -70.8050744559,-33.1086088274,0
              -70.8050851552,-33.1091319020,0
              -70.8050587484,-33.1091322846,0
              -70.8050480493,-33.1086092100,0
              -70.8050744559,-33.1086088274,0
            </coordinates>
          </LinearRing>
        </outerBoundaryIs>
      </Polygon>
    </Placemark>
    <Placemark>
      <description><![CDATA[LIMITES_TRACKER<BR><BR><B>ELEVATION</B> = 0]]></description>
      <styleUrl>#area1</styleUrl>
      <Polygon>
        <altitudeMode>relativeToGround</altitudeMode>
        <extrude>1</extrude>
        <outerBoundaryIs>
          <LinearRing>
            <coordinates>
              -70.8053005561,-33.1125161637,0
              -70.8052741483,-33.1125165464,0
              -70.8052634465,-33.1119934721,0
              -70.8052898541,-33.1119930895,0
              -70.8053005561,-33.1125161637,0
            </coordinates>
          </LinearRing>
        </outerBoundaryIs>
      </Polygon>
    </Placemark>
    <Placemark>
      <description><![CDATA[LIMITES_TRACKER<BR><BR><B>ELEVATION</B> = 0]]></description>
      <styleUrl>#area1</styleUrl>
      <Polygon>
        <altitudeMode>relativeToGround</altitudeMode>
        <extrude>1</extrude>
        <outerBoundaryIs>
          <LinearRing>
            <coordinates>
              -70.8052264329,-33.1119940084,0
              -70.8052371345,-33.1125170827,0
              -70.8052107267,-33.1125174654,0
              -70.8052000252,-33.1119943911,0
              -70.8052264329,-33.1119940084,0
            </coordinates>
          </LinearRing>
        </outerBoundaryIs>
      </Polygon>
    </Placemark>
    <Placemark>
      <description><![CDATA[LIMITES_TRACKER<BR><BR><B>ELEVATION</B> = 0]]></description>
      <styleUrl>#area2</styleUrl>
      <Polygon>
        <altitudeMode>relativeToGround</altitudeMode>
        <extrude>1</extrude>
        <outerBoundaryIs>
          <LinearRing>
            <coordinates>
              -70.8052897619,-33.1119885816,0
              -70.8052633542,-33.1119889643,0
              -70.8052526527,-33.1114658899,0
              -70.8052790602,-33.1114655073,0
              -70.8052897619,-33.1119885816,0
            </coordinates>
          </LinearRing>
        </outerBoundaryIs>
      </Polygon>
    </Placemark>
    <Placemark>
      <description><![CDATA[LIMITES_TRACKER<BR><BR><B>ELEVATION</B> = 0]]></description>
      <styleUrl>#area2</styleUrl>
      <Polygon>
        <altitudeMode>relativeToGround</altitudeMode>
        <extrude>1</extrude>
        <outerBoundaryIs>
          <LinearRing>
            <coordinates>
              -70.8052156393,-33.1114664263,0
              -70.8052263407,-33.1119895006,0
              -70.8051999330,-33.1119898832,0
              -70.8051892318,-33.1114668089,0
              -70.8052156393,-33.1114664263,0
            </coordinates>
          </LinearRing>
        </outerBoundaryIs>
      </Polygon>
    </Placemark>
    <Placemark>
      <description><![CDATA[LIMITES_TRACKER<BR><BR><B>ELEVATION</B> = 0]]></description>
      <styleUrl>#area3</styleUrl>
      <Polygon>
        <altitudeMode>relativeToGround</altitudeMode>
        <extrude>1</extrude>
        <outerBoundaryIs>
          <LinearRing>
            <coordinates>
              -70.8052789680,-33.1114609994,0
              -70.8052525605,-33.1114613821,0
              -70.8052418592,-33.1109383077,0
              -70.8052682666,-33.1109379251,0
              -70.8052789680,-33.1114609994,0
            </coordinates>
          </LinearRing>
        </outerBoundaryIs>
      </Polygon>
    </Placemark>
    <Placemark>
      <description><![CDATA[LIMITES_TRACKER<BR><BR><B>ELEVATION</B> = 0]]></description>
      <styleUrl>#area3</styleUrl>
      <Polygon>
        <altitudeMode>relativeToGround</altitudeMode>
        <extrude>1</extrude>
        <outerBoundaryIs>
          <LinearRing>
            <coordinates>
              -70.8052048461,-33.1109388440,0
              -70.8052155471,-33.1114619184,0
              -70.8051891396,-33.1114623010,0
              -70.8051784387,-33.1109392266,0
              -70.8052048461,-33.1109388440,0
            </coordinates>
          </LinearRing>
        </outerBoundaryIs>
      </Polygon>
    </Placemark>
    <Placemark>
      <description><![CDATA[LIMITES_TRACKER<BR><BR><B>ELEVATION</B> = 0]]></description>
      <styleUrl>#area1</styleUrl>
      <Polygon>
        <altitudeMode>relativeToGround</altitudeMode>
        <extrude>1</extrude>
        <outerBoundaryIs>
          <LinearRing>
            <coordinates>
              -70.8052975523,-33.1102113573,0
              -70.8052711452,-33.1102117399,0
              -70.8052604443,-33.1096886655,0
              -70.8052868513,-33.1096882829,0
              -70.8052975523,-33.1102113573,0
            </coordinates>
          </LinearRing>
        </outerBoundaryIs>
      </Polygon>
    </Placemark>
    <Placemark>
      <description><![CDATA[LIMITES_TRACKER<BR><BR><B>ELEVATION</B> = 0]]></description>
      <styleUrl>#area1</styleUrl>
      <Polygon>
        <altitudeMode>relativeToGround</altitudeMode>
        <extrude>1</extrude>
        <outerBoundaryIs>
          <LinearRing>
            <coordinates>
              -70.8052234317,-33.1096892018,0
              -70.8052341324,-33.1102122762,0
              -70.8052077252,-33.1102126589,0
              -70.8051970247,-33.1096895844,0
              -70.8052234317,-33.1096892018,0
            </coordinates>
          </LinearRing>
        </outerBoundaryIs>
      </Polygon>
    </Placemark>
    <Placemark>
      <description><![CDATA[LIMITES_TRACKER<BR><BR><B>ELEVATION</B> = 0]]></description>
      <styleUrl>#area2</styleUrl>
      <Polygon>
        <altitudeMode>relativeToGround</altitudeMode>
        <extrude>1</extrude>
        <outerBoundaryIs>
          <LinearRing>
            <coordinates>
              -70.8052867591,-33.1096837750,0
              -70.8052603521,-33.1096841576,0
              -70.8052496515,-33.1091610831,0
              -70.8052760583,-33.1091607005,0
              -70.8052867591,-33.1096837750,0
            </coordinates>
          </LinearRing>
        </outerBoundaryIs>
      </Polygon>
    </Placemark>
    <Placemark>
      <description><![CDATA[LIMITES_TRACKER<BR><BR><B>ELEVATION</B> = 0]]></description>
      <styleUrl>#area2</styleUrl>
      <Polygon>
        <altitudeMode>relativeToGround</altitudeMode>
        <extrude>1</extrude>
        <outerBoundaryIs>
          <LinearRing>
            <coordinates>
              -70.8052126391,-33.1091616194,0
              -70.8052233395,-33.1096846939,0
              -70.8051969325,-33.1096850765,0
              -70.8051862323,-33.1091620020,0
              -70.8052126391,-33.1091616194,0
            </coordinates>
          </LinearRing>
        </outerBoundaryIs>
      </Polygon>
    </Placemark>
    <Placemark>
      <description><![CDATA[LIMITES_TRACKER<BR><BR><B>ELEVATION</B> = 0]]></description>
      <styleUrl>#area3</styleUrl>
      <Polygon>
        <altitudeMode>relativeToGround</altitudeMode>
        <extrude>1</extrude>
        <outerBoundaryIs>
          <LinearRing>
            <coordinates>
              -70.8052754128,-33.1091291454,0
              -70.8052490060,-33.1091295281,0
              -70.8052383057,-33.1086064535,0
              -70.8052647124,-33.1086060709,0
              -70.8052754128,-33.1091291454,0
            </coordinates>
          </LinearRing>
        </outerBoundaryIs>
      </Polygon>
    </Placemark>
    <Placemark>
      <description><![CDATA[LIMITES_TRACKER<BR><BR><B>ELEVATION</B> = 0]]></description>
      <styleUrl>#area3</styleUrl>
      <Polygon>
        <altitudeMode>relativeToGround</altitudeMode>
        <extrude>1</extrude>
        <outerBoundaryIs>
          <LinearRing>
            <coordinates>
              -70.8052012936,-33.1086069898,0
              -70.8052119936,-33.1091300643,0
              -70.8051855868,-33.1091304469,0
              -70.8051748869,-33.1086073724,0
              -70.8052012936,-33.1086069898,0
            </coordinates>
          </LinearRing>
        </outerBoundaryIs>
      </Polygon>
    </Placemark>
    <Placemark>
      <description><![CDATA[LIMITES_TRACKER<BR><BR><B>ELEVATION</B> = 0]]></description>
      <styleUrl>#area1</styleUrl>
      <Polygon>
        <altitudeMode>relativeToGround</altitudeMode>
        <extrude>1</extrude>
        <outerBoundaryIs>
          <LinearRing>
            <coordinates>
              -70.8054273993,-33.1125143257,0
              -70.8054009915,-33.1125147084,0
              -70.8053902889,-33.1119916341,0
              -70.8054166966,-33.1119912515,0
              -70.8054273993,-33.1125143257,0
            </coordinates>
          </LinearRing>
        </outerBoundaryIs>
      </Polygon>
    </Placemark>
    <Placemark>
      <description><![CDATA[LIMITES_TRACKER<BR><BR><B>ELEVATION</B> = 0]]></description>
      <styleUrl>#area1</styleUrl>
      <Polygon>
        <altitudeMode>relativeToGround</altitudeMode>
        <extrude>1</extrude>
        <outerBoundaryIs>
          <LinearRing>
            <coordinates>
              -70.8053532754,-33.1119921705,0
              -70.8053639777,-33.1125152447,0
              -70.8053375699,-33.1125156274,0
              -70.8053268677,-33.1119925531,0
              -70.8053532754,-33.1119921705,0
            </coordinates>
          </LinearRing>
        </outerBoundaryIs>
      </Polygon>
    </Placemark>
    <Placemark>
      <description><![CDATA[LIMITES_TRACKER<BR><BR><B>ELEVATION</B> = 0]]></description>
      <styleUrl>#area2</styleUrl>
      <Polygon>
        <altitudeMode>relativeToGround</altitudeMode>
        <extrude>1</extrude>
        <outerBoundaryIs>
          <LinearRing>
            <coordinates>
              -70.8054166044,-33.1119867436,0
              -70.8053901967,-33.1119871263,0
              -70.8053794944,-33.1114640520,0
              -70.8054059019,-33.1114636693,0
              -70.8054166044,-33.1119867436,0
            </coordinates>
          </LinearRing>
        </outerBoundaryIs>
      </Polygon>
    </Placemark>
    <Placemark>
      <description><![CDATA[LIMITES_TRACKER<BR><BR><B>ELEVATION</B> = 0]]></description>
      <styleUrl>#area2</styleUrl>
      <Polygon>
        <altitudeMode>relativeToGround</altitudeMode>
        <extrude>1</extrude>
        <outerBoundaryIs>
          <LinearRing>
            <coordinates>
              -70.8053424811,-33.1114645883,0
              -70.8053531831,-33.1119876626,0
              -70.8053267755,-33.1119880453,0
              -70.8053160736,-33.1114649710,0
              -70.8053424811,-33.1114645883,0
            </coordinates>
          </LinearRing>
        </outerBoundaryIs>
      </Polygon>
    </Placemark>
    <Placemark>
      <description><![CDATA[LIMITES_TRACKER<BR><BR><B>ELEVATION</B> = 0]]></description>
      <styleUrl>#area3</styleUrl>
      <Polygon>
        <altitudeMode>relativeToGround</altitudeMode>
        <extrude>1</extrude>
        <outerBoundaryIs>
          <LinearRing>
            <coordinates>
              -70.8054058097,-33.1114591615,0
              -70.8053794022,-33.1114595441,0
              -70.8053687002,-33.1109364698,0
              -70.8053951075,-33.1109360871,0
              -70.8054058097,-33.1114591615,0
            </coordinates>
          </LinearRing>
        </outerBoundaryIs>
      </Polygon>
    </Placemark>
    <Placemark>
      <description><![CDATA[LIMITES_TRACKER<BR><BR><B>ELEVATION</B> = 0]]></description>
      <styleUrl>#area3</styleUrl>
      <Polygon>
        <altitudeMode>relativeToGround</altitudeMode>
        <extrude>1</extrude>
        <outerBoundaryIs>
          <LinearRing>
            <coordinates>
              -70.8053316870,-33.1109370061,0
              -70.8053423888,-33.1114600805,0
              -70.8053159813,-33.1114604631,0
              -70.8053052797,-33.1109373888,0
              -70.8053316870,-33.1109370061,0
            </coordinates>
          </LinearRing>
        </outerBoundaryIs>
      </Polygon>
    </Placemark>
    <Placemark>
      <description><![CDATA[LIMITES_TRACKER<BR><BR><B>ELEVATION</B> = 0]]></description>
      <styleUrl>#area1</styleUrl>
      <Polygon>
        <altitudeMode>relativeToGround</altitudeMode>
        <extrude>1</extrude>
        <outerBoundaryIs>
          <LinearRing>
            <coordinates>
              -70.8054243923,-33.1102095194,0
              -70.8053979851,-33.1102099020,0
              -70.8053872835,-33.1096868276,0
              -70.8054136905,-33.1096864450,0
              -70.8054243923,-33.1102095194,0
            </coordinates>
          </LinearRing>
        </outerBoundaryIs>
      </Polygon>
    </Placemark>
    <Placemark>
      <description><![CDATA[LIMITES_TRACKER<BR><BR><B>ELEVATION</B> = 0]]></description>
      <styleUrl>#area1</styleUrl>
      <Polygon>
        <altitudeMode>relativeToGround</altitudeMode>
        <extrude>1</extrude>
        <outerBoundaryIs>
          <LinearRing>
            <coordinates>
              -70.8053502709,-33.1096873639,0
              -70.8053609723,-33.1102104384,0
              -70.8053345652,-33.1102108210,0
              -70.8053238639,-33.1096877466,0
              -70.8053502709,-33.1096873639,0
            </coordinates>
          </LinearRing>
        </outerBoundaryIs>
      </Polygon>
    </Placemark>
    <Placemark>
      <description><![CDATA[LIMITES_TRACKER<BR><BR><B>ELEVATION</B> = 0]]></description>
      <styleUrl>#area2</styleUrl>
      <Polygon>
        <altitudeMode>relativeToGround</altitudeMode>
        <extrude>1</extrude>
        <outerBoundaryIs>
          <LinearRing>
            <coordinates>
              -70.8054135983,-33.1096819371,0
              -70.8053871913,-33.1096823197,0
              -70.8053764900,-33.1091592453,0
              -70.8054028968,-33.1091588626,0
              -70.8054135983,-33.1096819371,0
            </coordinates>
          </LinearRing>
        </outerBoundaryIs>
      </Polygon>
    </Placemark>
    <Placemark>
      <description><![CDATA[LIMITES_TRACKER<BR><BR><B>ELEVATION</B> = 0]]></description>
      <styleUrl>#area2</styleUrl>
      <Polygon>
        <altitudeMode>relativeToGround</altitudeMode>
        <extrude>1</extrude>
        <outerBoundaryIs>
          <LinearRing>
            <coordinates>
              -70.8053394776,-33.1091597816,0
              -70.8053501787,-33.1096828561,0
              -70.8053237717,-33.1096832387,0
              -70.8053130707,-33.1091601642,0
              -70.8053394776,-33.1091597816,0
            </coordinates>
          </LinearRing>
        </outerBoundaryIs>
      </Polygon>
    </Placemark>
    <Placemark>
      <description><![CDATA[LIMITES_TRACKER<BR><BR><B>ELEVATION</B> = 0]]></description>
      <styleUrl>#area3</styleUrl>
      <Polygon>
        <altitudeMode>relativeToGround</altitudeMode>
        <extrude>1</extrude>
        <outerBoundaryIs>
          <LinearRing>
            <coordinates>
              -70.8054022512,-33.1091273076,0
              -70.8053758444,-33.1091276902,0
              -70.8053651433,-33.1086046157,0
              -70.8053915500,-33.1086042331,0
              -70.8054022512,-33.1091273076,0
            </coordinates>
          </LinearRing>
        </outerBoundaryIs>
      </Polygon>
    </Placemark>
    <Placemark>
      <description><![CDATA[LIMITES_TRACKER<BR><BR><B>ELEVATION</B> = 0]]></description>
      <styleUrl>#area3</styleUrl>
      <Polygon>
        <altitudeMode>relativeToGround</altitudeMode>
        <extrude>1</extrude>
        <outerBoundaryIs>
          <LinearRing>
            <coordinates>
              -70.8053281312,-33.1086051520,0
              -70.8053388320,-33.1091282265,0
              -70.8053124252,-33.1091286092,0
              -70.8053017245,-33.1086055346,0
              -70.8053281312,-33.1086051520,0
            </coordinates>
          </LinearRing>
        </outerBoundaryIs>
      </Polygon>
    </Placemark>
    <Placemark>
      <description><![CDATA[LIMITES_TRACKER<BR><BR><B>ELEVATION</B> = 0]]></description>
      <styleUrl>#area1</styleUrl>
      <Polygon>
        <altitudeMode>relativeToGround</altitudeMode>
        <extrude>1</extrude>
        <outerBoundaryIs>
          <LinearRing>
            <coordinates>
              -70.8055542426,-33.1125124875,0
              -70.8055278347,-33.1125128702,0
              -70.8055171314,-33.1119897960,0
              -70.8055435391,-33.1119894133,0
              -70.8055542426,-33.1125124875,0
            </coordinates>
          </LinearRing>
        </outerBoundaryIs>
      </Polygon>
    </Placemark>
    <Placemark>
      <description><![CDATA[LIMITES_TRACKER<BR><BR><B>ELEVATION</B> = 0]]></description>
      <styleUrl>#area1</styleUrl>
      <Polygon>
        <altitudeMode>relativeToGround</altitudeMode>
        <extrude>1</extrude>
        <outerBoundaryIs>
          <LinearRing>
            <coordinates>
              -70.8054801178,-33.1119903324,0
              -70.8054908210,-33.1125134066,0
              -70.8054644131,-33.1125137893,0
              -70.8054537102,-33.1119907151,0
              -70.8054801178,-33.1119903324,0
            </coordinates>
          </LinearRing>
        </outerBoundaryIs>
      </Polygon>
    </Placemark>
    <Placemark>
      <description><![CDATA[LIMITES_TRACKER<BR><BR><B>ELEVATION</B> = 0]]></description>
      <styleUrl>#area2</styleUrl>
      <Polygon>
        <altitudeMode>relativeToGround</altitudeMode>
        <extrude>1</extrude>
        <outerBoundaryIs>
          <LinearRing>
            <coordinates>
              -70.8055434468,-33.1119849054,0
              -70.8055170392,-33.1119852881,0
              -70.8055063361,-33.1114622139,0
              -70.8055327436,-33.1114618312,0
              -70.8055434468,-33.1119849054,0
            </coordinates>
          </LinearRing>
        </outerBoundaryIs>
      </Polygon>
    </Placemark>
    <Placemark>
      <description><![CDATA[LIMITES_TRACKER<BR><BR><B>ELEVATION</B> = 0]]></description>
      <styleUrl>#area2</styleUrl>
      <Polygon>
        <altitudeMode>relativeToGround</altitudeMode>
        <extrude>1</extrude>
        <outerBoundaryIs>
          <LinearRing>
            <coordinates>
              -70.8054693228,-33.1114627503,0
              -70.8054800256,-33.1119858245,0
              -70.8054536179,-33.1119862072,0
              -70.8054429153,-33.1114631330,0
              -70.8054693228,-33.1114627503,0
            </coordinates>
          </LinearRing>
        </outerBoundaryIs>
      </Polygon>
    </Placemark>
    <Placemark>
      <description><![CDATA[LIMITES_TRACKER<BR><BR><B>ELEVATION</B> = 0]]></description>
      <styleUrl>#area3</styleUrl>
      <Polygon>
        <altitudeMode>relativeToGround</altitudeMode>
        <extrude>1</extrude>
        <outerBoundaryIs>
          <LinearRing>
            <coordinates>
              -70.8055326514,-33.1114573234,0
              -70.8055062439,-33.1114577060,0
              -70.8054955411,-33.1109346318,0
              -70.8055219485,-33.1109342491,0
              -70.8055326514,-33.1114573234,0
            </coordinates>
          </LinearRing>
        </outerBoundaryIs>
      </Polygon>
    </Placemark>
    <Placemark>
      <description><![CDATA[LIMITES_TRACKER<BR><BR><B>ELEVATION</B> = 0]]></description>
      <styleUrl>#area3</styleUrl>
      <Polygon>
        <altitudeMode>relativeToGround</altitudeMode>
        <extrude>1</extrude>
        <outerBoundaryIs>
          <LinearRing>
            <coordinates>
              -70.8054585280,-33.1109351681,0
              -70.8054692305,-33.1114582424,0
              -70.8054428230,-33.1114586251,0
              -70.8054321207,-33.1109355508,0
              -70.8054585280,-33.1109351681,0
            </coordinates>
          </LinearRing>
        </outerBoundaryIs>
      </Polygon>
    </Placemark>
    <Placemark>
      <description><![CDATA[LIMITES_TRACKER<BR><BR><B>ELEVATION</B> = 0]]></description>
      <styleUrl>#area1</styleUrl>
      <Polygon>
        <altitudeMode>relativeToGround</altitudeMode>
        <extrude>1</extrude>
        <outerBoundaryIs>
          <LinearRing>
            <coordinates>
              -70.8055512322,-33.1102076813,0
              -70.8055248250,-33.1102080640,0
              -70.8055141227,-33.1096849896,0
              -70.8055405296,-33.1096846069,0
              -70.8055512322,-33.1102076813,0
            </coordinates>
          </LinearRing>
        </outerBoundaryIs>
      </Polygon>
    </Placemark>
    <Placemark>
      <description><![CDATA[LIMITES_TRACKER<BR><BR><B>ELEVATION</B> = 0]]></description>
      <styleUrl>#area1</styleUrl>
      <Polygon>
        <altitudeMode>relativeToGround</altitudeMode>
        <extrude>1</extrude>
        <outerBoundaryIs>
          <LinearRing>
            <coordinates>
              -70.8054771101,-33.1096855260,0
              -70.8054878122,-33.1102086004,0
              -70.8054614051,-33.1102089830,0
              -70.8054507031,-33.1096859086,0
              -70.8054771101,-33.1096855260,0
            </coordinates>
          </LinearRing>
        </outerBoundaryIs>
      </Polygon>
    </Placemark>
    <Placemark>
      <description><![CDATA[LIMITES_TRACKER<BR><BR><B>ELEVATION</B> = 0]]></description>
      <styleUrl>#area2</styleUrl>
      <Polygon>
        <altitudeMode>relativeToGround</altitudeMode>
        <extrude>1</extrude>
        <outerBoundaryIs>
          <LinearRing>
            <coordinates>
              -70.8055404374,-33.1096800991,0
              -70.8055140304,-33.1096804817,0
              -70.8055033284,-33.1091574073,0
              -70.8055297352,-33.1091570246,0
              -70.8055404374,-33.1096800991,0
            </coordinates>
          </LinearRing>
        </outerBoundaryIs>
      </Polygon>
    </Placemark>
    <Placemark>
      <description><![CDATA[LIMITES_TRACKER<BR><BR><B>ELEVATION</B> = 0]]></description>
      <styleUrl>#area2</styleUrl>
      <Polygon>
        <altitudeMode>relativeToGround</altitudeMode>
        <extrude>1</extrude>
        <outerBoundaryIs>
          <LinearRing>
            <coordinates>
              -70.8054663160,-33.1091579436,0
              -70.8054770178,-33.1096810181,0
              -70.8054506109,-33.1096814008,0
              -70.8054399092,-33.1091583263,0
              -70.8054663160,-33.1091579436,0
            </coordinates>
          </LinearRing>
        </outerBoundaryIs>
      </Polygon>
    </Placemark>
    <Placemark>
      <description><![CDATA[LIMITES_TRACKER<BR><BR><B>ELEVATION</B> = 0]]></description>
      <styleUrl>#area3</styleUrl>
      <Polygon>
        <altitudeMode>relativeToGround</altitudeMode>
        <extrude>1</extrude>
        <outerBoundaryIs>
          <LinearRing>
            <coordinates>
              -70.8055290896,-33.1091254696,0
              -70.8055026828,-33.1091258523,0
              -70.8054919810,-33.1086027778,0
              -70.8055183876,-33.1086023951,0
              -70.8055290896,-33.1091254696,0
            </coordinates>
          </LinearRing>
        </outerBoundaryIs>
      </Polygon>
    </Placemark>
    <Placemark>
      <description><![CDATA[LIMITES_TRACKER<BR><BR><B>ELEVATION</B> = 0]]></description>
      <styleUrl>#area3</styleUrl>
      <Polygon>
        <altitudeMode>relativeToGround</altitudeMode>
        <extrude>1</extrude>
        <outerBoundaryIs>
          <LinearRing>
            <coordinates>
              -70.8054549688,-33.1086033141,0
              -70.8054656704,-33.1091263886,0
              -70.8054392636,-33.1091267713,0
              -70.8054285622,-33.1086036968,0
              -70.8054549688,-33.1086033141,0
            </coordinates>
          </LinearRing>
        </outerBoundaryIs>
      </Polygon>
    </Placemark>
    <Placemark>
      <description><![CDATA[LIMITES_TRACKER<BR><BR><B>ELEVATION</B> = 0]]></description>
      <styleUrl>#area1</styleUrl>
      <Polygon>
        <altitudeMode>relativeToGround</altitudeMode>
        <extrude>1</extrude>
        <outerBoundaryIs>
          <LinearRing>
            <coordinates>
              -70.8056810858,-33.1125106492,0
              -70.8056546780,-33.1125110319,0
              -70.8056439739,-33.1119879578,0
              -70.8056703815,-33.1119875750,0
              -70.8056810858,-33.1125106492,0
            </coordinates>
          </LinearRing>
        </outerBoundaryIs>
      </Polygon>
    </Placemark>
    <Placemark>
      <description><![CDATA[LIMITES_TRACKER<BR><BR><B>ELEVATION</B> = 0]]></description>
      <styleUrl>#area1</styleUrl>
      <Polygon>
        <altitudeMode>relativeToGround</altitudeMode>
        <extrude>1</extrude>
        <outerBoundaryIs>
          <LinearRing>
            <coordinates>
              -70.8056069603,-33.1119884942,0
              -70.8056176642,-33.1125115684,0
              -70.8055912564,-33.1125119511,0
              -70.8055805527,-33.1119888769,0
              -70.8056069603,-33.1119884942,0
            </coordinates>
          </LinearRing>
        </outerBoundaryIs>
      </Polygon>
    </Placemark>
    <Placemark>
      <description><![CDATA[LIMITES_TRACKER<BR><BR><B>ELEVATION</B> = 0]]></description>
      <styleUrl>#area2</styleUrl>
      <Polygon>
        <altitudeMode>relativeToGround</altitudeMode>
        <extrude>1</extrude>
        <outerBoundaryIs>
          <LinearRing>
            <coordinates>
              -70.8056702893,-33.1119830672,0
              -70.8056438816,-33.1119834499,0
              -70.8056331778,-33.1114603757,0
              -70.8056595853,-33.1114599930,0
              -70.8056702893,-33.1119830672,0
            </coordinates>
          </LinearRing>
        </outerBoundaryIs>
      </Polygon>
    </Placemark>
    <Placemark>
      <description><![CDATA[LIMITES_TRACKER<BR><BR><B>ELEVATION</B> = 0]]></description>
      <styleUrl>#area2</styleUrl>
      <Polygon>
        <altitudeMode>relativeToGround</altitudeMode>
        <extrude>1</extrude>
        <outerBoundaryIs>
          <LinearRing>
            <coordinates>
              -70.8055961645,-33.1114609121,0
              -70.8056068681,-33.1119839863,0
              -70.8055804604,-33.1119843690,0
              -70.8055697570,-33.1114612948,0
              -70.8055961645,-33.1114609121,0
            </coordinates>
          </LinearRing>
        </outerBoundaryIs>
      </Polygon>
    </Placemark>
    <Placemark>
      <description><![CDATA[LIMITES_TRACKER<BR><BR><B>ELEVATION</B> = 0]]></description>
      <styleUrl>#area2</styleUrl>
      <Polygon>
        <altitudeMode>relativeToGround</altitudeMode>
        <extrude>1</extrude>
        <outerBoundaryIs>
          <LinearRing>
            <coordinates>
              -70.8056594931,-33.1114554851,0
              -70.8056330856,-33.1114558678,0
              -70.8056223821,-33.1109327936,0
              -70.8056487894,-33.1109324109,0
              -70.8056594931,-33.1114554851,0
            </coordinates>
          </LinearRing>
        </outerBoundaryIs>
      </Polygon>
    </Placemark>
    <Placemark>
      <description><![CDATA[LIMITES_TRACKER<BR><BR><B>ELEVATION</B> = 0]]></description>
      <styleUrl>#area2</styleUrl>
      <Polygon>
        <altitudeMode>relativeToGround</altitudeMode>
        <extrude>1</extrude>
        <outerBoundaryIs>
          <LinearRing>
            <coordinates>
              -70.8055853690,-33.1109333300,0
              -70.8055960723,-33.1114564042,0
              -70.8055696648,-33.1114567870,0
              -70.8055589616,-33.1109337127,0
              -70.8055853690,-33.1109333300,0
            </coordinates>
          </LinearRing>
        </outerBoundaryIs>
      </Polygon>
    </Placemark>
    <Placemark>
      <description><![CDATA[LIMITES_TRACKER<BR><BR><B>ELEVATION</B> = 0]]></description>
      <styleUrl>#area1</styleUrl>
      <Polygon>
        <altitudeMode>relativeToGround</altitudeMode>
        <extrude>1</extrude>
        <outerBoundaryIs>
          <LinearRing>
            <coordinates>
              -70.8056780721,-33.1102058431,0
              -70.8056516649,-33.1102062258,0
              -70.8056409618,-33.1096831515,0
              -70.8056673688,-33.1096827688,0
              -70.8056780721,-33.1102058431,0
            </coordinates>
          </LinearRing>
        </outerBoundaryIs>
      </Polygon>
    </Placemark>
    <Placemark>
      <description><![CDATA[LIMITES_TRACKER<BR><BR><B>ELEVATION</B> = 0]]></description>
      <styleUrl>#area1</styleUrl>
      <Polygon>
        <altitudeMode>relativeToGround</altitudeMode>
        <extrude>1</extrude>
        <outerBoundaryIs>
          <LinearRing>
            <coordinates>
              -70.8056039492,-33.1096836879,0
              -70.8056146521,-33.1102067622,0
              -70.8055882450,-33.1102071449,0
              -70.8055775423,-33.1096840705,0
              -70.8056039492,-33.1096836879,0
            </coordinates>
          </LinearRing>
        </outerBoundaryIs>
      </Polygon>
    </Placemark>
    <Placemark>
      <description><![CDATA[LIMITES_TRACKER<BR><BR><B>ELEVATION</B> = 0]]></description>
      <styleUrl>#area3</styleUrl>
      <Polygon>
        <altitudeMode>relativeToGround</altitudeMode>
        <extrude>1</extrude>
        <outerBoundaryIs>
          <LinearRing>
            <coordinates>
              -70.8056672766,-33.1096782609,0
              -70.8056408696,-33.1096786436,0
              -70.8056301668,-33.1091555692,0
              -70.8056565736,-33.1091551865,0
              -70.8056672766,-33.1096782609,0
            </coordinates>
          </LinearRing>
        </outerBoundaryIs>
      </Polygon>
    </Placemark>
    <Placemark>
      <description><![CDATA[LIMITES_TRACKER<BR><BR><B>ELEVATION</B> = 0]]></description>
      <styleUrl>#area3</styleUrl>
      <Polygon>
        <altitudeMode>relativeToGround</altitudeMode>
        <extrude>1</extrude>
        <outerBoundaryIs>
          <LinearRing>
            <coordinates>
              -70.8055931544,-33.1091561056,0
              -70.8056038570,-33.1096791800,0
              -70.8055774500,-33.1096795627,0
              -70.8055667476,-33.1091564883,0
              -70.8055931544,-33.1091561056,0
            </coordinates>
          </LinearRing>
        </outerBoundaryIs>
      </Polygon>
    </Placemark>
    <Placemark>
      <description><![CDATA[LIMITES_TRACKER<BR><BR><B>ELEVATION</B> = 0]]></description>
      <styleUrl>#area4</styleUrl>
      <Polygon>
        <altitudeMode>relativeToGround</altitudeMode>
        <extrude>1</extrude>
        <outerBoundaryIs>
          <LinearRing>
            <coordinates>
              -70.8056559279,-33.1091236315,0
              -70.8056295211,-33.1091240142,0
              -70.8056188186,-33.1086009397,0
              -70.8056452252,-33.1086005570,0
              -70.8056559279,-33.1091236315,0
            </coordinates>
          </LinearRing>
        </outerBoundaryIs>
      </Polygon>
    </Placemark>
    <Placemark>
      <description><![CDATA[LIMITES_TRACKER<BR><BR><B>ELEVATION</B> = 0]]></description>
      <styleUrl>#area4</styleUrl>
      <Polygon>
        <altitudeMode>relativeToGround</altitudeMode>
        <extrude>1</extrude>
        <outerBoundaryIs>
          <LinearRing>
            <coordinates>
              -70.8055818064,-33.1086014761,0
              -70.8055925087,-33.1091245505,0
              -70.8055661019,-33.1091249332,0
              -70.8055553998,-33.1086018588,0
              -70.8055818064,-33.1086014761,0
            </coordinates>
          </LinearRing>
        </outerBoundaryIs>
      </Polygon>
    </Placemark>
    <Placemark>
      <description><![CDATA[LIMITES_TRACKER<BR><BR><B>ELEVATION</B> = 0]]></description>
      <styleUrl>#area1</styleUrl>
      <Polygon>
        <altitudeMode>relativeToGround</altitudeMode>
        <extrude>1</extrude>
        <outerBoundaryIs>
          <LinearRing>
            <coordinates>
              -70.8058079290,-33.1125088107,0
              -70.8057815212,-33.1125091935,0
              -70.8057708163,-33.1119861194,0
              -70.8057972240,-33.1119857366,0
              -70.8058079290,-33.1125088107,0
            </coordinates>
          </LinearRing>
        </outerBoundaryIs>
      </Polygon>
    </Placemark>
    <Placemark>
      <description><![CDATA[LIMITES_TRACKER<BR><BR><B>ELEVATION</B> = 0]]></description>
      <styleUrl>#area1</styleUrl>
      <Polygon>
        <altitudeMode>relativeToGround</altitudeMode>
        <extrude>1</extrude>
        <outerBoundaryIs>
          <LinearRing>
            <coordinates>
              -70.8057338028,-33.1119866558,0
              -70.8057445074,-33.1125097300,0
              -70.8057180996,-33.1125101127,0
              -70.8057073951,-33.1119870386,0
              -70.8057338028,-33.1119866558,0
            </coordinates>
          </LinearRing>
        </outerBoundaryIs>
      </Polygon>
    </Placemark>
    <Placemark>
      <description><![CDATA[LIMITES_TRACKER<BR><BR><B>ELEVATION</B> = 0]]></description>
      <styleUrl>#area2</styleUrl>
      <Polygon>
        <altitudeMode>relativeToGround</altitudeMode>
        <extrude>1</extrude>
        <outerBoundaryIs>
          <LinearRing>
            <coordinates>
              -70.8057971317,-33.1119812288,0
              -70.8057707241,-33.1119816115,0
              -70.8057600195,-33.1114585373,0
              -70.8057864270,-33.1114581546,0
              -70.8057971317,-33.1119812288,0
            </coordinates>
          </LinearRing>
        </outerBoundaryIs>
      </Polygon>
    </Placemark>
    <Placemark>
      <description><![CDATA[LIMITES_TRACKER<BR><BR><B>ELEVATION</B> = 0]]></description>
      <styleUrl>#area2</styleUrl>
      <Polygon>
        <altitudeMode>relativeToGround</altitudeMode>
        <extrude>1</extrude>
        <outerBoundaryIs>
          <LinearRing>
            <coordinates>
              -70.8057230062,-33.1114590738,0
              -70.8057337105,-33.1119821480,0
              -70.8057073029,-33.1119825307,0
              -70.8056965987,-33.1114594565,0
              -70.8057230062,-33.1114590738,0
            </coordinates>
          </LinearRing>
        </outerBoundaryIs>
      </Polygon>
    </Placemark>
    <Placemark>
      <description><![CDATA[LIMITES_TRACKER<BR><BR><B>ELEVATION</B> = 0]]></description>
      <styleUrl>#area2</styleUrl>
      <Polygon>
        <altitudeMode>relativeToGround</altitudeMode>
        <extrude>1</extrude>
        <outerBoundaryIs>
          <LinearRing>
            <coordinates>
              -70.8057863348,-33.1114536467,0
              -70.8057599273,-33.1114540295,0
              -70.8057492230,-33.1109309553,0
              -70.8057756304,-33.1109305725,0
              -70.8057863348,-33.1114536467,0
            </coordinates>
          </LinearRing>
        </outerBoundaryIs>
      </Polygon>
    </Placemark>
    <Placemark>
      <description><![CDATA[LIMITES_TRACKER<BR><BR><B>ELEVATION</B> = 0]]></description>
      <styleUrl>#area2</styleUrl>
      <Polygon>
        <altitudeMode>relativeToGround</altitudeMode>
        <extrude>1</extrude>
        <outerBoundaryIs>
          <LinearRing>
            <coordinates>
              -70.8057122099,-33.1109314917,0
              -70.8057229139,-33.1114545659,0
              -70.8056965064,-33.1114549487,0
              -70.8056858026,-33.1109318744,0
              -70.8057122099,-33.1109314917,0
            </coordinates>
          </LinearRing>
        </outerBoundaryIs>
      </Polygon>
    </Placemark>
    <Placemark>
      <description><![CDATA[LIMITES_TRACKER<BR><BR><B>ELEVATION</B> = 0]]></description>
      <styleUrl>#area1</styleUrl>
      <Polygon>
        <altitudeMode>relativeToGround</altitudeMode>
        <extrude>1</extrude>
        <outerBoundaryIs>
          <LinearRing>
            <coordinates>
              -70.8058049120,-33.1102040048,0
              -70.8057785048,-33.1102043875,0
              -70.8057678010,-33.1096813132,0
              -70.8057942079,-33.1096809305,0
              -70.8058049120,-33.1102040048,0
            </coordinates>
          </LinearRing>
        </outerBoundaryIs>
      </Polygon>
    </Placemark>
    <Placemark>
      <description><![CDATA[LIMITES_TRACKER<BR><BR><B>ELEVATION</B> = 0]]></description>
      <styleUrl>#area1</styleUrl>
      <Polygon>
        <altitudeMode>relativeToGround</altitudeMode>
        <extrude>1</extrude>
        <outerBoundaryIs>
          <LinearRing>
            <coordinates>
              -70.8057307884,-33.1096818496,0
              -70.8057414920,-33.1102049240,0
              -70.8057150849,-33.1102053067,0
              -70.8057043814,-33.1096822323,0
              -70.8057307884,-33.1096818496,0
            </coordinates>
          </LinearRing>
        </outerBoundaryIs>
      </Polygon>
    </Placemark>
    <Placemark>
      <description><![CDATA[LIMITES_TRACKER<BR><BR><B>ELEVATION</B> = 0]]></description>
      <styleUrl>#area3</styleUrl>
      <Polygon>
        <altitudeMode>relativeToGround</altitudeMode>
        <extrude>1</extrude>
        <outerBoundaryIs>
          <LinearRing>
            <coordinates>
              -70.8057941157,-33.1096764226,0
              -70.8057677087,-33.1096768053,0
              -70.8057570051,-33.1091537310,0
              -70.8057834119,-33.1091533483,0
              -70.8057941157,-33.1096764226,0
            </coordinates>
          </LinearRing>
        </outerBoundaryIs>
      </Polygon>
    </Placemark>
    <Placemark>
      <description><![CDATA[LIMITES_TRACKER<BR><BR><B>ELEVATION</B> = 0]]></description>
      <styleUrl>#area3</styleUrl>
      <Polygon>
        <altitudeMode>relativeToGround</altitudeMode>
        <extrude>1</extrude>
        <outerBoundaryIs>
          <LinearRing>
            <coordinates>
              -70.8057199928,-33.1091542674,0
              -70.8057306961,-33.1096773418,0
              -70.8057042892,-33.1096777245,0
              -70.8056935859,-33.1091546501,0
              -70.8057199928,-33.1091542674,0
            </coordinates>
          </LinearRing>
        </outerBoundaryIs>
      </Polygon>
    </Placemark>
    <Placemark>
      <description><![CDATA[LIMITES_TRACKER<BR><BR><B>ELEVATION</B> = 0]]></description>
      <styleUrl>#area1</styleUrl>
      <Polygon>
        <altitudeMode>relativeToGround</altitudeMode>
        <extrude>1</extrude>
        <outerBoundaryIs>
          <LinearRing>
            <coordinates>
              -70.8059347722,-33.1125069722,0
              -70.8059083644,-33.1125073550,0
              -70.8058976588,-33.1119842809,0
              -70.8059240664,-33.1119838981,0
              -70.8059347722,-33.1125069722,0
            </coordinates>
          </LinearRing>
        </outerBoundaryIs>
      </Polygon>
    </Placemark>
    <Placemark>
      <description><![CDATA[LIMITES_TRACKER<BR><BR><B>ELEVATION</B> = 0]]></description>
      <styleUrl>#area1</styleUrl>
      <Polygon>
        <altitudeMode>relativeToGround</altitudeMode>
        <extrude>1</extrude>
        <outerBoundaryIs>
          <LinearRing>
            <coordinates>
              -70.8058606452,-33.1119848174,0
              -70.8058713506,-33.1125078915,0
              -70.8058449428,-33.1125082742,0
              -70.8058342376,-33.1119852001,0
              -70.8058606452,-33.1119848174,0
            </coordinates>
          </LinearRing>
        </outerBoundaryIs>
      </Polygon>
    </Placemark>
    <Placemark>
      <description><![CDATA[LIMITES_TRACKER<BR><BR><B>ELEVATION</B> = 0]]></description>
      <styleUrl>#area2</styleUrl>
      <Polygon>
        <altitudeMode>relativeToGround</altitudeMode>
        <extrude>1</extrude>
        <outerBoundaryIs>
          <LinearRing>
            <coordinates>
              -70.8059239742,-33.1119793902,0
              -70.8058975665,-33.1119797730,0
              -70.8058868612,-33.1114566989,0
              -70.8059132687,-33.1114563161,0
              -70.8059239742,-33.1119793902,0
            </coordinates>
          </LinearRing>
        </outerBoundaryIs>
      </Polygon>
    </Placemark>
    <Placemark>
      <description><![CDATA[LIMITES_TRACKER<BR><BR><B>ELEVATION</B> = 0]]></description>
      <styleUrl>#area2</styleUrl>
      <Polygon>
        <altitudeMode>relativeToGround</altitudeMode>
        <extrude>1</extrude>
        <outerBoundaryIs>
          <LinearRing>
            <coordinates>
              -70.8058498479,-33.1114572354,0
              -70.8058605530,-33.1119803095,0
              -70.8058341453,-33.1119806923,0
              -70.8058234404,-33.1114576181,0
              -70.8058498479,-33.1114572354,0
            </coordinates>
          </LinearRing>
        </outerBoundaryIs>
      </Polygon>
    </Placemark>
    <Placemark>
      <description><![CDATA[LIMITES_TRACKER<BR><BR><B>ELEVATION</B> = 0]]></description>
      <styleUrl>#area2</styleUrl>
      <Polygon>
        <altitudeMode>relativeToGround</altitudeMode>
        <extrude>1</extrude>
        <outerBoundaryIs>
          <LinearRing>
            <coordinates>
              -70.8059131765,-33.1114518082,0
              -70.8058867690,-33.1114521910,0
              -70.8058760639,-33.1109291168,0
              -70.8059024713,-33.1109287341,0
              -70.8059131765,-33.1114518082,0
            </coordinates>
          </LinearRing>
        </outerBoundaryIs>
      </Polygon>
    </Placemark>
    <Placemark>
      <description><![CDATA[LIMITES_TRACKER<BR><BR><B>ELEVATION</B> = 0]]></description>
      <styleUrl>#area2</styleUrl>
      <Polygon>
        <altitudeMode>relativeToGround</altitudeMode>
        <extrude>1</extrude>
        <outerBoundaryIs>
          <LinearRing>
            <coordinates>
              -70.8058390508,-33.1109296533,0
              -70.8058497556,-33.1114527275,0
              -70.8058233481,-33.1114531103,0
              -70.8058126435,-33.1109300361,0
              -70.8058390508,-33.1109296533,0
            </coordinates>
          </LinearRing>
        </outerBoundaryIs>
      </Polygon>
    </Placemark>
    <Placemark>
      <description><![CDATA[LIMITES_TRACKER<BR><BR><B>ELEVATION</B> = 0]]></description>
      <styleUrl>#area1</styleUrl>
      <Polygon>
        <altitudeMode>relativeToGround</altitudeMode>
        <extrude>1</extrude>
        <outerBoundaryIs>
          <LinearRing>
            <coordinates>
              -70.8059317518,-33.1102021663,0
              -70.8059053447,-33.1102025491,0
              -70.8058946401,-33.1096794748,0
              -70.8059210471,-33.1096790921,0
              -70.8059317518,-33.1102021663,0
            </coordinates>
          </LinearRing>
        </outerBoundaryIs>
      </Polygon>
    </Placemark>
    <Placemark>
      <description><![CDATA[LIMITES_TRACKER<BR><BR><B>ELEVATION</B> = 0]]></description>
      <styleUrl>#area1</styleUrl>
      <Polygon>
        <altitudeMode>relativeToGround</altitudeMode>
        <extrude>1</extrude>
        <outerBoundaryIs>
          <LinearRing>
            <coordinates>
              -70.8058576275,-33.1096800113,0
              -70.8058683319,-33.1102030856,0
              -70.8058419248,-33.1102034683,0
              -70.8058312205,-33.1096803940,0
              -70.8058576275,-33.1096800113,0
            </coordinates>
          </LinearRing>
        </outerBoundaryIs>
      </Polygon>
    </Placemark>
    <Placemark>
      <description><![CDATA[LIMITES_TRACKER<BR><BR><B>ELEVATION</B> = 0]]></description>
      <styleUrl>#area3</styleUrl>
      <Polygon>
        <altitudeMode>relativeToGround</altitudeMode>
        <extrude>1</extrude>
        <outerBoundaryIs>
          <LinearRing>
            <coordinates>
              -70.8059209548,-33.1096745842,0
              -70.8058945478,-33.1096749669,0
              -70.8058838435,-33.1091518926,0
              -70.8059102503,-33.1091515099,0
              -70.8059209548,-33.1096745842,0
            </coordinates>
          </LinearRing>
        </outerBoundaryIs>
      </Polygon>
    </Placemark>
    <Placemark>
      <description><![CDATA[LIMITES_TRACKER<BR><BR><B>ELEVATION</B> = 0]]></description>
      <styleUrl>#area3</styleUrl>
      <Polygon>
        <altitudeMode>relativeToGround</altitudeMode>
        <extrude>1</extrude>
        <outerBoundaryIs>
          <LinearRing>
            <coordinates>
              -70.8058468311,-33.1091524291,0
              -70.8058575352,-33.1096755034,0
              -70.8058311283,-33.1096758862,0
              -70.8058204243,-33.1091528118,0
              -70.8058468311,-33.1091524291,0
            </coordinates>
          </LinearRing>
        </outerBoundaryIs>
      </Polygon>
    </Placemark>
    <Placemark>
      <description><![CDATA[LIMITES_TRACKER<BR><BR><B>ELEVATION</B> = 0]]></description>
      <styleUrl>#area1</styleUrl>
      <Polygon>
        <altitudeMode>relativeToGround</altitudeMode>
        <extrude>1</extrude>
        <outerBoundaryIs>
          <LinearRing>
            <coordinates>
              -70.8060616153,-33.1125051335,0
              -70.8060352075,-33.1125055163,0
              -70.8060245012,-33.1119824422,0
              -70.8060509089,-33.1119820594,0
              -70.8060616153,-33.1125051335,0
            </coordinates>
          </LinearRing>
        </outerBoundaryIs>
      </Polygon>
    </Placemark>
    <Placemark>
      <description><![CDATA[LIMITES_TRACKER<BR><BR><B>ELEVATION</B> = 0]]></description>
      <styleUrl>#area1</styleUrl>
      <Polygon>
        <altitudeMode>relativeToGround</altitudeMode>
        <extrude>1</extrude>
        <outerBoundaryIs>
          <LinearRing>
            <coordinates>
              -70.8059874876,-33.1119829788,0
              -70.8059981938,-33.1125060528,0
              -70.8059717859,-33.1125064356,0
              -70.8059610800,-33.1119833616,0
              -70.8059874876,-33.1119829788,0
            </coordinates>
          </LinearRing>
        </outerBoundaryIs>
      </Polygon>
    </Placemark>
    <Placemark>
      <description><![CDATA[LIMITES_TRACKER<BR><BR><B>ELEVATION</B> = 0]]></description>
      <styleUrl>#area2</styleUrl>
      <Polygon>
        <altitudeMode>relativeToGround</altitudeMode>
        <extrude>1</extrude>
        <outerBoundaryIs>
          <LinearRing>
            <coordinates>
              -70.8060508166,-33.1119775516,0
              -70.8060244089,-33.1119779344,0
              -70.8060137029,-33.1114548603,0
              -70.8060401104,-33.1114544775,0
              -70.8060508166,-33.1119775516,0
            </coordinates>
          </LinearRing>
        </outerBoundaryIs>
      </Polygon>
    </Placemark>
    <Placemark>
      <description><![CDATA[LIMITES_TRACKER<BR><BR><B>ELEVATION</B> = 0]]></description>
      <styleUrl>#area2</styleUrl>
      <Polygon>
        <altitudeMode>relativeToGround</altitudeMode>
        <extrude>1</extrude>
        <outerBoundaryIs>
          <LinearRing>
            <coordinates>
              -70.8059766896,-33.1114553968,0
              -70.8059873954,-33.1119784709,0
              -70.8059609877,-33.1119788537,0
              -70.8059502821,-33.1114557796,0
              -70.8059766896,-33.1114553968,0
            </coordinates>
          </LinearRing>
        </outerBoundaryIs>
      </Polygon>
    </Placemark>
    <Placemark>
      <description><![CDATA[LIMITES_TRACKER<BR><BR><B>ELEVATION</B> = 0]]></description>
      <styleUrl>#area2</styleUrl>
      <Polygon>
        <altitudeMode>relativeToGround</altitudeMode>
        <extrude>1</extrude>
        <outerBoundaryIs>
          <LinearRing>
            <coordinates>
              -70.8060400181,-33.1114499696,0
              -70.8060136106,-33.1114503524,0
              -70.8060029049,-33.1109272783,0
              -70.8060293122,-33.1109268955,0
              -70.8060400181,-33.1114499696,0
            </coordinates>
          </LinearRing>
        </outerBoundaryIs>
      </Polygon>
    </Placemark>
    <Placemark>
      <description><![CDATA[LIMITES_TRACKER<BR><BR><B>ELEVATION</B> = 0]]></description>
      <styleUrl>#area2</styleUrl>
      <Polygon>
        <altitudeMode>relativeToGround</altitudeMode>
        <extrude>1</extrude>
        <outerBoundaryIs>
          <LinearRing>
            <coordinates>
              -70.8059658917,-33.1109278148,0
              -70.8059765973,-33.1114508889,0
              -70.8059501898,-33.1114512717,0
              -70.8059394844,-33.1109281976,0
              -70.8059658917,-33.1109278148,0
            </coordinates>
          </LinearRing>
        </outerBoundaryIs>
      </Polygon>
    </Placemark>
    <Placemark>
      <description><![CDATA[LIMITES_TRACKER<BR><BR><B>ELEVATION</B> = 0]]></description>
      <styleUrl>#area3</styleUrl>
      <Polygon>
        <altitudeMode>relativeToGround</altitudeMode>
        <extrude>1</extrude>
        <outerBoundaryIs>
          <LinearRing>
            <coordinates>
              -70.8060292199,-33.1109223876,0
              -70.8060028126,-33.1109227704,0
              -70.8059921071,-33.1103996962,0
              -70.8060185143,-33.1103993134,0
              -70.8060292199,-33.1109223876,0
            </coordinates>
          </LinearRing>
        </outerBoundaryIs>
      </Polygon>
    </Placemark>
    <Placemark>
      <description><![CDATA[LIMITES_TRACKER<BR><BR><B>ELEVATION</B> = 0]]></description>
      <styleUrl>#area3</styleUrl>
      <Polygon>
        <altitudeMode>relativeToGround</altitudeMode>
        <extrude>1</extrude>
        <outerBoundaryIs>
          <LinearRing>
            <coordinates>
              -70.8059550942,-33.1104002327,0
              -70.8059657995,-33.1109233069,0
              -70.8059393921,-33.1109236897,0
              -70.8059286870,-33.1104006155,0
              -70.8059550942,-33.1104002327,0
            </coordinates>
          </LinearRing>
        </outerBoundaryIs>
      </Polygon>
    </Placemark>
    <Placemark>
      <description><![CDATA[LIMITES_TRACKER<BR><BR><B>ELEVATION</B> = 0]]></description>
      <styleUrl>#area1</styleUrl>
      <Polygon>
        <altitudeMode>relativeToGround</altitudeMode>
        <extrude>1</extrude>
        <outerBoundaryIs>
          <LinearRing>
            <coordinates>
              -70.8060585917,-33.1102003277,0
              -70.8060321846,-33.1102007105,0
              -70.8060214792,-33.1096776363,0
              -70.8060478862,-33.1096772535,0
              -70.8060585917,-33.1102003277,0
            </coordinates>
          </LinearRing>
        </outerBoundaryIs>
      </Polygon>
    </Placemark>
    <Placemark>
      <description><![CDATA[LIMITES_TRACKER<BR><BR><B>ELEVATION</B> = 0]]></description>
      <styleUrl>#area1</styleUrl>
      <Polygon>
        <altitudeMode>relativeToGround</altitudeMode>
        <extrude>1</extrude>
        <outerBoundaryIs>
          <LinearRing>
            <coordinates>
              -70.8059844666,-33.1096781728,0
              -70.8059951718,-33.1102012470,0
              -70.8059687647,-33.1102016298,0
              -70.8059580597,-33.1096785556,0
              -70.8059844666,-33.1096781728,0
            </coordinates>
          </LinearRing>
        </outerBoundaryIs>
      </Polygon>
    </Placemark>
    <Placemark>
      <description><![CDATA[LIMITES_TRACKER<BR><BR><B>ELEVATION</B> = 0]]></description>
      <styleUrl>#area3</styleUrl>
      <Polygon>
        <altitudeMode>relativeToGround</altitudeMode>
        <extrude>1</extrude>
        <outerBoundaryIs>
          <LinearRing>
            <coordinates>
              -70.8060477939,-33.1096727456,0
              -70.8060213870,-33.1096731284,0
              -70.8060106819,-33.1091500541,0
              -70.8060370887,-33.1091496714,0
              -70.8060477939,-33.1096727456,0
            </coordinates>
          </LinearRing>
        </outerBoundaryIs>
      </Polygon>
    </Placemark>
    <Placemark>
      <description><![CDATA[LIMITES_TRACKER<BR><BR><B>ELEVATION</B> = 0]]></description>
      <styleUrl>#area3</styleUrl>
      <Polygon>
        <altitudeMode>relativeToGround</altitudeMode>
        <extrude>1</extrude>
        <outerBoundaryIs>
          <LinearRing>
            <coordinates>
              -70.8059736695,-33.1091505906,0
              -70.8059843744,-33.1096736649,0
              -70.8059579674,-33.1096740477,0
              -70.8059472627,-33.1091509734,0
              -70.8059736695,-33.1091505906,0
            </coordinates>
          </LinearRing>
        </outerBoundaryIs>
      </Polygon>
    </Placemark>
    <Placemark>
      <description><![CDATA[LIMITES_TRACKER<BR><BR><B>ELEVATION</B> = 0]]></description>
      <styleUrl>#area1</styleUrl>
      <Polygon>
        <altitudeMode>relativeToGround</altitudeMode>
        <extrude>1</extrude>
        <outerBoundaryIs>
          <LinearRing>
            <coordinates>
              -70.8061884585,-33.1125032946,0
              -70.8061620507,-33.1125036775,0
              -70.8061513436,-33.1119806035,0
              -70.8061777513,-33.1119802206,0
              -70.8061884585,-33.1125032946,0
            </coordinates>
          </LinearRing>
        </outerBoundaryIs>
      </Polygon>
    </Placemark>
    <Placemark>
      <description><![CDATA[LIMITES_TRACKER<BR><BR><B>ELEVATION</B> = 0]]></description>
      <styleUrl>#area1</styleUrl>
      <Polygon>
        <altitudeMode>relativeToGround</altitudeMode>
        <extrude>1</extrude>
        <outerBoundaryIs>
          <LinearRing>
            <coordinates>
              -70.8061143301,-33.1119811400,0
              -70.8061250369,-33.1125042141,0
              -70.8060986291,-33.1125045969,0
              -70.8060879224,-33.1119815229,0
              -70.8061143301,-33.1119811400,0
            </coordinates>
          </LinearRing>
        </outerBoundaryIs>
      </Polygon>
    </Placemark>
    <Placemark>
      <description><![CDATA[LIMITES_TRACKER<BR><BR><B>ELEVATION</B> = 0]]></description>
      <styleUrl>#area2</styleUrl>
      <Polygon>
        <altitudeMode>relativeToGround</altitudeMode>
        <extrude>1</extrude>
        <outerBoundaryIs>
          <LinearRing>
            <coordinates>
              -70.8061776590,-33.1119757128,0
              -70.8061512514,-33.1119760956,0
              -70.8061405446,-33.1114530215,0
              -70.8061669520,-33.1114526387,0
              -70.8061776590,-33.1119757128,0
            </coordinates>
          </LinearRing>
        </outerBoundaryIs>
      </Polygon>
    </Placemark>
    <Placemark>
      <description><![CDATA[LIMITES_TRACKER<BR><BR><B>ELEVATION</B> = 0]]></description>
      <styleUrl>#area2</styleUrl>
      <Polygon>
        <altitudeMode>relativeToGround</altitudeMode>
        <extrude>1</extrude>
        <outerBoundaryIs>
          <LinearRing>
            <coordinates>
              -70.8061035312,-33.1114535581,0
              -70.8061142378,-33.1119766322,0
              -70.8060878302,-33.1119770150,0
              -70.8060771237,-33.1114539409,0
              -70.8061035312,-33.1114535581,0
            </coordinates>
          </LinearRing>
        </outerBoundaryIs>
      </Polygon>
    </Placemark>
    <Placemark>
      <description><![CDATA[LIMITES_TRACKER<BR><BR><B>ELEVATION</B> = 0]]></description>
      <styleUrl>#area2</styleUrl>
      <Polygon>
        <altitudeMode>relativeToGround</altitudeMode>
        <extrude>1</extrude>
        <outerBoundaryIs>
          <LinearRing>
            <coordinates>
              -70.8061668598,-33.1114481309,0
              -70.8061404523,-33.1114485137,0
              -70.8061297458,-33.1109254396,0
              -70.8061561531,-33.1109250568,0
              -70.8061668598,-33.1114481309,0
            </coordinates>
          </LinearRing>
        </outerBoundaryIs>
      </Polygon>
    </Placemark>
    <Placemark>
      <description><![CDATA[LIMITES_TRACKER<BR><BR><B>ELEVATION</B> = 0]]></description>
      <styleUrl>#area2</styleUrl>
      <Polygon>
        <altitudeMode>relativeToGround</altitudeMode>
        <extrude>1</extrude>
        <outerBoundaryIs>
          <LinearRing>
            <coordinates>
              -70.8060927326,-33.1109259761,0
              -70.8061034389,-33.1114490503,0
              -70.8060770315,-33.1114494331,0
              -70.8060663253,-33.1109263589,0
              -70.8060927326,-33.1109259761,0
            </coordinates>
          </LinearRing>
        </outerBoundaryIs>
      </Polygon>
    </Placemark>
    <Placemark>
      <description><![CDATA[LIMITES_TRACKER<BR><BR><B>ELEVATION</B> = 0]]></description>
      <styleUrl>#area3</styleUrl>
      <Polygon>
        <altitudeMode>relativeToGround</altitudeMode>
        <extrude>1</extrude>
        <outerBoundaryIs>
          <LinearRing>
            <coordinates>
              -70.8061560608,-33.1109205489,0
              -70.8061296535,-33.1109209317,0
              -70.8061189473,-33.1103978576,0
              -70.8061453544,-33.1103974748,0
              -70.8061560608,-33.1109205489,0
            </coordinates>
          </LinearRing>
        </outerBoundaryIs>
      </Polygon>
    </Placemark>
    <Placemark>
      <description><![CDATA[LIMITES_TRACKER<BR><BR><B>ELEVATION</B> = 0]]></description>
      <styleUrl>#area3</styleUrl>
      <Polygon>
        <altitudeMode>relativeToGround</altitudeMode>
        <extrude>1</extrude>
        <outerBoundaryIs>
          <LinearRing>
            <coordinates>
              -70.8060819344,-33.1103983941,0
              -70.8060926404,-33.1109214683,0
              -70.8060662331,-33.1109218511,0
              -70.8060555272,-33.1103987769,0
              -70.8060819344,-33.1103983941,0
            </coordinates>
          </LinearRing>
        </outerBoundaryIs>
      </Polygon>
    </Placemark>
    <Placemark>
      <description><![CDATA[LIMITES_TRACKER<BR><BR><B>ELEVATION</B> = 0]]></description>
      <styleUrl>#area1</styleUrl>
      <Polygon>
        <altitudeMode>relativeToGround</altitudeMode>
        <extrude>1</extrude>
        <outerBoundaryIs>
          <LinearRing>
            <coordinates>
              -70.8061854316,-33.1101984890,0
              -70.8061590244,-33.1101988718,0
              -70.8061483183,-33.1096757976,0
              -70.8061747253,-33.1096754148,0
              -70.8061854316,-33.1101984890,0
            </coordinates>
          </LinearRing>
        </outerBoundaryIs>
      </Polygon>
    </Placemark>
    <Placemark>
      <description><![CDATA[LIMITES_TRACKER<BR><BR><B>ELEVATION</B> = 0]]></description>
      <styleUrl>#area1</styleUrl>
      <Polygon>
        <altitudeMode>relativeToGround</altitudeMode>
        <extrude>1</extrude>
        <outerBoundaryIs>
          <LinearRing>
            <coordinates>
              -70.8061113057,-33.1096763342,0
              -70.8061220116,-33.1101994084,0
              -70.8060956045,-33.1101997912,0
              -70.8060848988,-33.1096767170,0
              -70.8061113057,-33.1096763342,0
            </coordinates>
          </LinearRing>
        </outerBoundaryIs>
      </Polygon>
    </Placemark>
    <Placemark>
      <description><![CDATA[LIMITES_TRACKER<BR><BR><B>ELEVATION</B> = 0]]></description>
      <styleUrl>#area3</styleUrl>
      <Polygon>
        <altitudeMode>relativeToGround</altitudeMode>
        <extrude>1</extrude>
        <outerBoundaryIs>
          <LinearRing>
            <coordinates>
              -70.8061746330,-33.1096709070,0
              -70.8061482261,-33.1096712898,0
              -70.8061375202,-33.1091482155,0
              -70.8061639270,-33.1091478327,0
              -70.8061746330,-33.1096709070,0
            </coordinates>
          </LinearRing>
        </outerBoundaryIs>
      </Polygon>
    </Placemark>
    <Placemark>
      <description><![CDATA[LIMITES_TRACKER<BR><BR><B>ELEVATION</B> = 0]]></description>
      <styleUrl>#area3</styleUrl>
      <Polygon>
        <altitudeMode>relativeToGround</altitudeMode>
        <extrude>1</extrude>
        <outerBoundaryIs>
          <LinearRing>
            <coordinates>
              -70.8061005078,-33.1091487521,0
              -70.8061112135,-33.1096718263,0
              -70.8060848065,-33.1096722091,0
              -70.8060741010,-33.1091491348,0
              -70.8061005078,-33.1091487521,0
            </coordinates>
          </LinearRing>
        </outerBoundaryIs>
      </Polygon>
    </Placemark>
    <Placemark>
      <description><![CDATA[LIMITES_TRACKER<BR><BR><B>ELEVATION</B> = 0]]></description>
      <styleUrl>#area1</styleUrl>
      <Polygon>
        <altitudeMode>relativeToGround</altitudeMode>
        <extrude>1</extrude>
        <outerBoundaryIs>
          <LinearRing>
            <coordinates>
              -70.8063153017,-33.1125014557,0
              -70.8062888939,-33.1125018385,0
              -70.8062781860,-33.1119787646,0
              -70.8063045937,-33.1119783817,0
              -70.8063153017,-33.1125014557,0
            </coordinates>
          </LinearRing>
        </outerBoundaryIs>
      </Polygon>
    </Placemark>
    <Placemark>
      <description><![CDATA[LIMITES_TRACKER<BR><BR><B>ELEVATION</B> = 0]]></description>
      <styleUrl>#area1</styleUrl>
      <Polygon>
        <altitudeMode>relativeToGround</altitudeMode>
        <extrude>1</extrude>
        <outerBoundaryIs>
          <LinearRing>
            <coordinates>
              -70.8062411725,-33.1119793012,0
              -70.8062518801,-33.1125023752,0
              -70.8062254723,-33.1125027580,0
              -70.8062147648,-33.1119796840,0
              -70.8062411725,-33.1119793012,0
            </coordinates>
          </LinearRing>
        </outerBoundaryIs>
      </Polygon>
    </Placemark>
    <Placemark>
      <description><![CDATA[LIMITES_TRACKER<BR><BR><B>ELEVATION</B> = 0]]></description>
      <styleUrl>#area2</styleUrl>
      <Polygon>
        <altitudeMode>relativeToGround</altitudeMode>
        <extrude>1</extrude>
        <outerBoundaryIs>
          <LinearRing>
            <coordinates>
              -70.8063045014,-33.1119738738,0
              -70.8062780938,-33.1119742567,0
              -70.8062673862,-33.1114511827,0
              -70.8062937937,-33.1114507998,0
              -70.8063045014,-33.1119738738,0
            </coordinates>
          </LinearRing>
        </outerBoundaryIs>
      </Polygon>
    </Placemark>
    <Placemark>
      <description><![CDATA[LIMITES_TRACKER<BR><BR><B>ELEVATION</B> = 0]]></description>
      <styleUrl>#area2</styleUrl>
      <Polygon>
        <altitudeMode>relativeToGround</altitudeMode>
        <extrude>1</extrude>
        <outerBoundaryIs>
          <LinearRing>
            <coordinates>
              -70.8062303729,-33.1114517193,0
              -70.8062410802,-33.1119747933,0
              -70.8062146726,-33.1119751762,0
              -70.8062039654,-33.1114521021,0
              -70.8062303729,-33.1114517193,0
            </coordinates>
          </LinearRing>
        </outerBoundaryIs>
      </Polygon>
    </Placemark>
    <Placemark>
      <description><![CDATA[LIMITES_TRACKER<BR><BR><B>ELEVATION</B> = 0]]></description>
      <styleUrl>#area2</styleUrl>
      <Polygon>
        <altitudeMode>relativeToGround</altitudeMode>
        <extrude>1</extrude>
        <outerBoundaryIs>
          <LinearRing>
            <coordinates>
              -70.8062937014,-33.1114462920,0
              -70.8062672939,-33.1114466748,0
              -70.8062565867,-33.1109236008,0
              -70.8062829940,-33.1109232179,0
              -70.8062937014,-33.1114462920,0
            </coordinates>
          </LinearRing>
        </outerBoundaryIs>
      </Polygon>
    </Placemark>
    <Placemark>
      <description><![CDATA[LIMITES_TRACKER<BR><BR><B>ELEVATION</B> = 0]]></description>
      <styleUrl>#area2</styleUrl>
      <Polygon>
        <altitudeMode>relativeToGround</altitudeMode>
        <extrude>1</extrude>
        <outerBoundaryIs>
          <LinearRing>
            <coordinates>
              -70.8062195735,-33.1109241374,0
              -70.8062302806,-33.1114472114,0
              -70.8062038731,-33.1114475943,0
              -70.8061931662,-33.1109245202,0
              -70.8062195735,-33.1109241374,0
            </coordinates>
          </LinearRing>
        </outerBoundaryIs>
      </Polygon>
    </Placemark>
    <Placemark>
      <description><![CDATA[LIMITES_TRACKER<BR><BR><B>ELEVATION</B> = 0]]></description>
      <styleUrl>#area3</styleUrl>
      <Polygon>
        <altitudeMode>relativeToGround</altitudeMode>
        <extrude>1</extrude>
        <outerBoundaryIs>
          <LinearRing>
            <coordinates>
              -70.8062829017,-33.1109187100,0
              -70.8062564944,-33.1109190929,0
              -70.8062457874,-33.1103960188,0
              -70.8062721946,-33.1103956359,0
              -70.8062829017,-33.1109187100,0
            </coordinates>
          </LinearRing>
        </outerBoundaryIs>
      </Polygon>
    </Placemark>
    <Placemark>
      <description><![CDATA[LIMITES_TRACKER<BR><BR><B>ELEVATION</B> = 0]]></description>
      <styleUrl>#area3</styleUrl>
      <Polygon>
        <altitudeMode>relativeToGround</altitudeMode>
        <extrude>1</extrude>
        <outerBoundaryIs>
          <LinearRing>
            <coordinates>
              -70.8062087745,-33.1103965554,0
              -70.8062194813,-33.1109196295,0
              -70.8061930739,-33.1109200123,0
              -70.8061823673,-33.1103969382,0
              -70.8062087745,-33.1103965554,0
            </coordinates>
          </LinearRing>
        </outerBoundaryIs>
      </Polygon>
    </Placemark>
    <Placemark>
      <description><![CDATA[LIMITES_TRACKER<BR><BR><B>ELEVATION</B> = 0]]></description>
      <styleUrl>#area1</styleUrl>
      <Polygon>
        <altitudeMode>relativeToGround</altitudeMode>
        <extrude>1</extrude>
        <outerBoundaryIs>
          <LinearRing>
            <coordinates>
              -70.8063122714,-33.1101966502,0
              -70.8062858643,-33.1101970330,0
              -70.8062751574,-33.1096739589,0
              -70.8063015644,-33.1096735760,0
              -70.8063122714,-33.1101966502,0
            </coordinates>
          </LinearRing>
        </outerBoundaryIs>
      </Polygon>
    </Placemark>
    <Placemark>
      <description><![CDATA[LIMITES_TRACKER<BR><BR><B>ELEVATION</B> = 0]]></description>
      <styleUrl>#area1</styleUrl>
      <Polygon>
        <altitudeMode>relativeToGround</altitudeMode>
        <extrude>1</extrude>
        <outerBoundaryIs>
          <LinearRing>
            <coordinates>
              -70.8062381448,-33.1096744954,0
              -70.8062488515,-33.1101975696,0
              -70.8062224444,-33.1101979524,0
              -70.8062117379,-33.1096748783,0
              -70.8062381448,-33.1096744954,0
            </coordinates>
          </LinearRing>
        </outerBoundaryIs>
      </Polygon>
    </Placemark>
    <Placemark>
      <description><![CDATA[LIMITES_TRACKER<BR><BR><B>ELEVATION</B> = 0]]></description>
      <styleUrl>#area3</styleUrl>
      <Polygon>
        <altitudeMode>relativeToGround</altitudeMode>
        <extrude>1</extrude>
        <outerBoundaryIs>
          <LinearRing>
            <coordinates>
              -70.8063014721,-33.1096690682,0
              -70.8062750651,-33.1096694510,0
              -70.8062643586,-33.1091463768,0
              -70.8062907654,-33.1091459939,0
              -70.8063014721,-33.1096690682,0
            </coordinates>
          </LinearRing>
        </outerBoundaryIs>
      </Polygon>
    </Placemark>
    <Placemark>
      <description><![CDATA[LIMITES_TRACKER<BR><BR><B>ELEVATION</B> = 0]]></description>
      <styleUrl>#area3</styleUrl>
      <Polygon>
        <altitudeMode>relativeToGround</altitudeMode>
        <extrude>1</extrude>
        <outerBoundaryIs>
          <LinearRing>
            <coordinates>
              -70.8062273462,-33.1091469133,0
              -70.8062380526,-33.1096699876,0
              -70.8062116456,-33.1096703704,0
              -70.8062009394,-33.1091472962,0
              -70.8062273462,-33.1091469133,0
            </coordinates>
          </LinearRing>
        </outerBoundaryIs>
      </Polygon>
    </Placemark>
    <Placemark>
      <description><![CDATA[LIMITES_TRACKER<BR><BR><B>ELEVATION</B> = 0]]></description>
      <styleUrl>#area1</styleUrl>
      <Polygon>
        <altitudeMode>relativeToGround</altitudeMode>
        <extrude>1</extrude>
        <outerBoundaryIs>
          <LinearRing>
            <coordinates>
              -70.8064421448,-33.1124996166,0
              -70.8064157370,-33.1124999995,0
              -70.8064050284,-33.1119769255,0
              -70.8064314361,-33.1119765427,0
              -70.8064421448,-33.1124996166,0
            </coordinates>
          </LinearRing>
        </outerBoundaryIs>
      </Polygon>
    </Placemark>
    <Placemark>
      <description><![CDATA[LIMITES_TRACKER<BR><BR><B>ELEVATION</B> = 0]]></description>
      <styleUrl>#area1</styleUrl>
      <Polygon>
        <altitudeMode>relativeToGround</altitudeMode>
        <extrude>1</extrude>
        <outerBoundaryIs>
          <LinearRing>
            <coordinates>
              -70.8063680149,-33.1119774622,0
              -70.8063787232,-33.1125005361,0
              -70.8063523154,-33.1125009190,0
              -70.8063416072,-33.1119778451,0
              -70.8063680149,-33.1119774622,0
            </coordinates>
          </LinearRing>
        </outerBoundaryIs>
      </Polygon>
    </Placemark>
    <Placemark>
      <description><![CDATA[LIMITES_TRACKER<BR><BR><B>ELEVATION</B> = 0]]></description>
      <styleUrl>#area2</styleUrl>
      <Polygon>
        <altitudeMode>relativeToGround</altitudeMode>
        <extrude>1</extrude>
        <outerBoundaryIs>
          <LinearRing>
            <coordinates>
              -70.8064313438,-33.1119720348,0
              -70.8064049361,-33.1119724177,0
              -70.8063942278,-33.1114493437,0
              -70.8064206353,-33.1114489608,0
              -70.8064313438,-33.1119720348,0
            </coordinates>
          </LinearRing>
        </outerBoundaryIs>
      </Polygon>
    </Placemark>
    <Placemark>
      <description><![CDATA[LIMITES_TRACKER<BR><BR><B>ELEVATION</B> = 0]]></description>
      <styleUrl>#area2</styleUrl>
      <Polygon>
        <altitudeMode>relativeToGround</altitudeMode>
        <extrude>1</extrude>
        <outerBoundaryIs>
          <LinearRing>
            <coordinates>
              -70.8063572145,-33.1114498803,0
              -70.8063679226,-33.1119729543,0
              -70.8063415150,-33.1119733372,0
              -70.8063308070,-33.1114502632,0
              -70.8063572145,-33.1114498803,0
            </coordinates>
          </LinearRing>
        </outerBoundaryIs>
      </Polygon>
    </Placemark>
    <Placemark>
      <description><![CDATA[LIMITES_TRACKER<BR><BR><B>ELEVATION</B> = 0]]></description>
      <styleUrl>#area2</styleUrl>
      <Polygon>
        <altitudeMode>relativeToGround</altitudeMode>
        <extrude>1</extrude>
        <outerBoundaryIs>
          <LinearRing>
            <coordinates>
              -70.8064205430,-33.1114444530,0
              -70.8063941356,-33.1114448358,0
              -70.8063834275,-33.1109217618,0
              -70.8064098349,-33.1109213789,0
              -70.8064205430,-33.1114444530,0
            </coordinates>
          </LinearRing>
        </outerBoundaryIs>
      </Polygon>
    </Placemark>
    <Placemark>
      <description><![CDATA[LIMITES_TRACKER<BR><BR><B>ELEVATION</B> = 0]]></description>
      <styleUrl>#area2</styleUrl>
      <Polygon>
        <altitudeMode>relativeToGround</altitudeMode>
        <extrude>1</extrude>
        <outerBoundaryIs>
          <LinearRing>
            <coordinates>
              -70.8063464144,-33.1109222984,0
              -70.8063571222,-33.1114453725,0
              -70.8063307147,-33.1114457553,0
              -70.8063200071,-33.1109226813,0
              -70.8063464144,-33.1109222984,0
            </coordinates>
          </LinearRing>
        </outerBoundaryIs>
      </Polygon>
    </Placemark>
    <Placemark>
      <description><![CDATA[LIMITES_TRACKER<BR><BR><B>ELEVATION</B> = 0]]></description>
      <styleUrl>#area3</styleUrl>
      <Polygon>
        <altitudeMode>relativeToGround</altitudeMode>
        <extrude>1</extrude>
        <outerBoundaryIs>
          <LinearRing>
            <coordinates>
              -70.8064097426,-33.1109168711,0
              -70.8063833353,-33.1109172539,0
              -70.8063726275,-33.1103941799,0
              -70.8063990347,-33.1103937970,0
              -70.8064097426,-33.1109168711,0
            </coordinates>
          </LinearRing>
        </outerBoundaryIs>
      </Polygon>
    </Placemark>
    <Placemark>
      <description><![CDATA[LIMITES_TRACKER<BR><BR><B>ELEVATION</B> = 0]]></description>
      <styleUrl>#area3</styleUrl>
      <Polygon>
        <altitudeMode>relativeToGround</altitudeMode>
        <extrude>1</extrude>
        <outerBoundaryIs>
          <LinearRing>
            <coordinates>
              -70.8063356146,-33.1103947165,0
              -70.8063463221,-33.1109177906,0
              -70.8063199148,-33.1109181734,0
              -70.8063092075,-33.1103950993,0
              -70.8063356146,-33.1103947165,0
            </coordinates>
          </LinearRing>
        </outerBoundaryIs>
      </Polygon>
    </Placemark>
    <Placemark>
      <description><![CDATA[LIMITES_TRACKER<BR><BR><B>ELEVATION</B> = 0]]></description>
      <styleUrl>#area1</styleUrl>
      <Polygon>
        <altitudeMode>relativeToGround</altitudeMode>
        <extrude>1</extrude>
        <outerBoundaryIs>
          <LinearRing>
            <coordinates>
              -70.8064391112,-33.1101948112,0
              -70.8064127041,-33.1101951941,0
              -70.8064019965,-33.1096721199,0
              -70.8064284035,-33.1096717371,0
              -70.8064391112,-33.1101948112,0
            </coordinates>
          </LinearRing>
        </outerBoundaryIs>
      </Polygon>
    </Placemark>
    <Placemark>
      <description><![CDATA[LIMITES_TRACKER<BR><BR><B>ELEVATION</B> = 0]]></description>
      <styleUrl>#area1</styleUrl>
      <Polygon>
        <altitudeMode>relativeToGround</altitudeMode>
        <extrude>1</extrude>
        <outerBoundaryIs>
          <LinearRing>
            <coordinates>
              -70.8063649839,-33.1096726566,0
              -70.8063756913,-33.1101957307,0
              -70.8063492842,-33.1101961136,0
              -70.8063385770,-33.1096730394,0
              -70.8063649839,-33.1096726566,0
            </coordinates>
          </LinearRing>
        </outerBoundaryIs>
      </Polygon>
    </Placemark>
    <Placemark>
      <description><![CDATA[LIMITES_TRACKER<BR><BR><B>ELEVATION</B> = 0]]></description>
      <styleUrl>#area3</styleUrl>
      <Polygon>
        <altitudeMode>relativeToGround</altitudeMode>
        <extrude>1</extrude>
        <outerBoundaryIs>
          <LinearRing>
            <coordinates>
              -70.8064283112,-33.1096672292,0
              -70.8064019042,-33.1096676121,0
              -70.8063911969,-33.1091445379,0
              -70.8064176037,-33.1091441550,0
              -70.8064283112,-33.1096672292,0
            </coordinates>
          </LinearRing>
        </outerBoundaryIs>
      </Polygon>
    </Placemark>
    <Placemark>
      <description><![CDATA[LIMITES_TRACKER<BR><BR><B>ELEVATION</B> = 0]]></description>
      <styleUrl>#area3</styleUrl>
      <Polygon>
        <altitudeMode>relativeToGround</altitudeMode>
        <extrude>1</extrude>
        <outerBoundaryIs>
          <LinearRing>
            <coordinates>
              -70.8063541845,-33.1091450745,0
              -70.8063648916,-33.1096681487,0
              -70.8063384847,-33.1096685316,0
              -70.8063277777,-33.1091454574,0
              -70.8063541845,-33.1091450745,0
            </coordinates>
          </LinearRing>
        </outerBoundaryIs>
      </Polygon>
    </Placemark>
    <Placemark>
      <description><![CDATA[LIMITES_TRACKER<BR><BR><B>ELEVATION</B> = 0]]></description>
      <styleUrl>#area1</styleUrl>
      <Polygon>
        <altitudeMode>relativeToGround</altitudeMode>
        <extrude>1</extrude>
        <outerBoundaryIs>
          <LinearRing>
            <coordinates>
              -70.8065689879,-33.1124977774,0
              -70.8065425801,-33.1124981603,0
              -70.8065318708,-33.1119750864,0
              -70.8065582785,-33.1119747035,0
              -70.8065689879,-33.1124977774,0
            </coordinates>
          </LinearRing>
        </outerBoundaryIs>
      </Polygon>
    </Placemark>
    <Placemark>
      <description><![CDATA[LIMITES_TRACKER<BR><BR><B>ELEVATION</B> = 0]]></description>
      <styleUrl>#area1</styleUrl>
      <Polygon>
        <altitudeMode>relativeToGround</altitudeMode>
        <extrude>1</extrude>
        <outerBoundaryIs>
          <LinearRing>
            <coordinates>
              -70.8064948573,-33.1119756231,0
              -70.8065055664,-33.1124986970,0
              -70.8064791586,-33.1124990799,0
              -70.8064684496,-33.1119760060,0
              -70.8064948573,-33.1119756231,0
            </coordinates>
          </LinearRing>
        </outerBoundaryIs>
      </Polygon>
    </Placemark>
    <Placemark>
      <description><![CDATA[LIMITES_TRACKER<BR><BR><B>ELEVATION</B> = 0]]></description>
      <styleUrl>#area2</styleUrl>
      <Polygon>
        <altitudeMode>relativeToGround</altitudeMode>
        <extrude>1</extrude>
        <outerBoundaryIs>
          <LinearRing>
            <coordinates>
              -70.8065581862,-33.1119701956,0
              -70.8065317785,-33.1119705785,0
              -70.8065210695,-33.1114475046,0
              -70.8065474770,-33.1114471217,0
              -70.8065581862,-33.1119701956,0
            </coordinates>
          </LinearRing>
        </outerBoundaryIs>
      </Polygon>
    </Placemark>
    <Placemark>
      <description><![CDATA[LIMITES_TRACKER<BR><BR><B>ELEVATION</B> = 0]]></description>
      <styleUrl>#area2</styleUrl>
      <Polygon>
        <altitudeMode>relativeToGround</altitudeMode>
        <extrude>1</extrude>
        <outerBoundaryIs>
          <LinearRing>
            <coordinates>
              -70.8064840561,-33.1114480413,0
              -70.8064947650,-33.1119711152,0
              -70.8064683573,-33.1119714981,0
              -70.8064576487,-33.1114484242,0
              -70.8064840561,-33.1114480413,0
            </coordinates>
          </LinearRing>
        </outerBoundaryIs>
      </Polygon>
    </Placemark>
    <Placemark>
      <description><![CDATA[LIMITES_TRACKER<BR><BR><B>ELEVATION</B> = 0]]></description>
      <styleUrl>#area2</styleUrl>
      <Polygon>
        <altitudeMode>relativeToGround</altitudeMode>
        <extrude>1</extrude>
        <outerBoundaryIs>
          <LinearRing>
            <coordinates>
              -70.8065473847,-33.1114426138,0
              -70.8065209772,-33.1114429967,0
              -70.8065102684,-33.1109199227,0
              -70.8065366757,-33.1109195398,0
              -70.8065473847,-33.1114426138,0
            </coordinates>
          </LinearRing>
        </outerBoundaryIs>
      </Polygon>
    </Placemark>
    <Placemark>
      <description><![CDATA[LIMITES_TRACKER<BR><BR><B>ELEVATION</B> = 0]]></description>
      <styleUrl>#area2</styleUrl>
      <Polygon>
        <altitudeMode>relativeToGround</altitudeMode>
        <extrude>1</extrude>
        <outerBoundaryIs>
          <LinearRing>
            <coordinates>
              -70.8064732553,-33.1109204594,0
              -70.8064839639,-33.1114435334,0
              -70.8064575564,-33.1114439163,0
              -70.8064468480,-33.1109208423,0
              -70.8064732553,-33.1109204594,0
            </coordinates>
          </LinearRing>
        </outerBoundaryIs>
      </Polygon>
    </Placemark>
    <Placemark>
      <description><![CDATA[LIMITES_TRACKER<BR><BR><B>ELEVATION</B> = 0]]></description>
      <styleUrl>#area3</styleUrl>
      <Polygon>
        <altitudeMode>relativeToGround</altitudeMode>
        <extrude>1</extrude>
        <outerBoundaryIs>
          <LinearRing>
            <coordinates>
              -70.8065365834,-33.1109150320,0
              -70.8065101761,-33.1109154149,0
              -70.8064994676,-33.1103923408,0
              -70.8065258748,-33.1103919579,0
              -70.8065365834,-33.1109150320,0
            </coordinates>
          </LinearRing>
        </outerBoundaryIs>
      </Polygon>
    </Placemark>
    <Placemark>
      <description><![CDATA[LIMITES_TRACKER<BR><BR><B>ELEVATION</B> = 0]]></description>
      <styleUrl>#area3</styleUrl>
      <Polygon>
        <altitudeMode>relativeToGround</altitudeMode>
        <extrude>1</extrude>
        <outerBoundaryIs>
          <LinearRing>
            <coordinates>
              -70.8064624547,-33.1103928775,0
              -70.8064731630,-33.1109159515,0
              -70.8064467557,-33.1109163344,0
              -70.8064360476,-33.1103932604,0
              -70.8064624547,-33.1103928775,0
            </coordinates>
          </LinearRing>
        </outerBoundaryIs>
      </Polygon>
    </Placemark>
    <Placemark>
      <description><![CDATA[LIMITES_TRACKER<BR><BR><B>ELEVATION</B> = 0]]></description>
      <styleUrl>#area1</styleUrl>
      <Polygon>
        <altitudeMode>relativeToGround</altitudeMode>
        <extrude>1</extrude>
        <outerBoundaryIs>
          <LinearRing>
            <coordinates>
              -70.8065659511,-33.1101929721,0
              -70.8065395439,-33.1101933550,0
              -70.8065288356,-33.1096702809,0
              -70.8065552425,-33.1096698980,0
              -70.8065659511,-33.1101929721,0
            </coordinates>
          </LinearRing>
        </outerBoundaryIs>
      </Polygon>
    </Placemark>
    <Placemark>
      <description><![CDATA[LIMITES_TRACKER<BR><BR><B>ELEVATION</B> = 0]]></description>
      <styleUrl>#area1</styleUrl>
      <Polygon>
        <altitudeMode>relativeToGround</altitudeMode>
        <extrude>1</extrude>
        <outerBoundaryIs>
          <LinearRing>
            <coordinates>
              -70.8064918230,-33.1096708176,0
              -70.8065025311,-33.1101938917,0
              -70.8064761240,-33.1101942746,0
              -70.8064654160,-33.1096712004,0
              -70.8064918230,-33.1096708176,0
            </coordinates>
          </LinearRing>
        </outerBoundaryIs>
      </Polygon>
    </Placemark>
    <Placemark>
      <description><![CDATA[LIMITES_TRACKER<BR><BR><B>ELEVATION</B> = 0]]></description>
      <styleUrl>#area3</styleUrl>
      <Polygon>
        <altitudeMode>relativeToGround</altitudeMode>
        <extrude>1</extrude>
        <outerBoundaryIs>
          <LinearRing>
            <coordinates>
              -70.8065551502,-33.1096653902,0
              -70.8065287433,-33.1096657730,0
              -70.8065180352,-33.1091426989,0
              -70.8065444420,-33.1091423160,0
              -70.8065551502,-33.1096653902,0
            </coordinates>
          </LinearRing>
        </outerBoundaryIs>
      </Polygon>
    </Placemark>
    <Placemark>
      <description><![CDATA[LIMITES_TRACKER<BR><BR><B>ELEVATION</B> = 0]]></description>
      <styleUrl>#area3</styleUrl>
      <Polygon>
        <altitudeMode>relativeToGround</altitudeMode>
        <extrude>1</extrude>
        <outerBoundaryIs>
          <LinearRing>
            <coordinates>
              -70.8064810228,-33.1091432356,0
              -70.8064917307,-33.1096663097,0
              -70.8064653238,-33.1096666926,0
              -70.8064546160,-33.1091436184,0
              -70.8064810228,-33.1091432356,0
            </coordinates>
          </LinearRing>
        </outerBoundaryIs>
      </Polygon>
    </Placemark>
    <Placemark>
      <description><![CDATA[LIMITES_TRACKER<BR><BR><B>ELEVATION</B> = 0]]></description>
      <styleUrl>#area1</styleUrl>
      <Polygon>
        <altitudeMode>relativeToGround</altitudeMode>
        <extrude>1</extrude>
        <outerBoundaryIs>
          <LinearRing>
            <coordinates>
              -70.8066958311,-33.1124959380,0
              -70.8066694233,-33.1124963210,0
              -70.8066587132,-33.1119732471,0
              -70.8066851208,-33.1119728642,0
              -70.8066958311,-33.1124959380,0
            </coordinates>
          </LinearRing>
        </outerBoundaryIs>
      </Polygon>
    </Placemark>
    <Placemark>
      <description><![CDATA[LIMITES_TRACKER<BR><BR><B>ELEVATION</B> = 0]]></description>
      <styleUrl>#area1</styleUrl>
      <Polygon>
        <altitudeMode>relativeToGround</altitudeMode>
        <extrude>1</extrude>
        <outerBoundaryIs>
          <LinearRing>
            <coordinates>
              -70.8066216996,-33.1119737838,0
              -70.8066324095,-33.1124968577,0
              -70.8066060017,-33.1124972406,0
              -70.8065952920,-33.1119741668,0
              -70.8066216996,-33.1119737838,0
            </coordinates>
          </LinearRing>
        </outerBoundaryIs>
      </Polygon>
    </Placemark>
    <Placemark>
      <description><![CDATA[LIMITES_TRACKER<BR><BR><B>ELEVATION</B> = 0]]></description>
      <styleUrl>#area2</styleUrl>
      <Polygon>
        <altitudeMode>relativeToGround</altitudeMode>
        <extrude>1</extrude>
        <outerBoundaryIs>
          <LinearRing>
            <coordinates>
              -70.8066850285,-33.1119683563,0
              -70.8066586209,-33.1119687392,0
              -70.8066479111,-33.1114456653,0
              -70.8066743186,-33.1114452824,0
              -70.8066850285,-33.1119683563,0
            </coordinates>
          </LinearRing>
        </outerBoundaryIs>
      </Polygon>
    </Placemark>
    <Placemark>
      <description><![CDATA[LIMITES_TRACKER<BR><BR><B>ELEVATION</B> = 0]]></description>
      <styleUrl>#area2</styleUrl>
      <Polygon>
        <altitudeMode>relativeToGround</altitudeMode>
        <extrude>1</extrude>
        <outerBoundaryIs>
          <LinearRing>
            <coordinates>
              -70.8066108978,-33.1114462021,0
              -70.8066216073,-33.1119692760,0
              -70.8065951997,-33.1119696589,0
              -70.8065844903,-33.1114465850,0
              -70.8066108978,-33.1114462021,0
            </coordinates>
          </LinearRing>
        </outerBoundaryIs>
      </Polygon>
    </Placemark>
    <Placemark>
      <description><![CDATA[LIMITES_TRACKER<BR><BR><B>ELEVATION</B> = 0]]></description>
      <styleUrl>#area2</styleUrl>
      <Polygon>
        <altitudeMode>relativeToGround</altitudeMode>
        <extrude>1</extrude>
        <outerBoundaryIs>
          <LinearRing>
            <coordinates>
              -70.8066742263,-33.1114407745,0
              -70.8066478188,-33.1114411575,0
              -70.8066371093,-33.1109180835,0
              -70.8066635166,-33.1109177006,0
              -70.8066742263,-33.1114407745,0
            </coordinates>
          </LinearRing>
        </outerBoundaryIs>
      </Polygon>
    </Placemark>
    <Placemark>
      <description><![CDATA[LIMITES_TRACKER<BR><BR><B>ELEVATION</B> = 0]]></description>
      <styleUrl>#area2</styleUrl>
      <Polygon>
        <altitudeMode>relativeToGround</altitudeMode>
        <extrude>1</extrude>
        <outerBoundaryIs>
          <LinearRing>
            <coordinates>
              -70.8066000962,-33.1109186202,0
              -70.8066108055,-33.1114416942,0
              -70.8065843980,-33.1114420771,0
              -70.8065736888,-33.1109190031,0
              -70.8066000962,-33.1109186202,0
            </coordinates>
          </LinearRing>
        </outerBoundaryIs>
      </Polygon>
    </Placemark>
    <Placemark>
      <description><![CDATA[LIMITES_TRACKER<BR><BR><B>ELEVATION</B> = 0]]></description>
      <styleUrl>#area3</styleUrl>
      <Polygon>
        <altitudeMode>relativeToGround</altitudeMode>
        <extrude>1</extrude>
        <outerBoundaryIs>
          <LinearRing>
            <coordinates>
              -70.8066634243,-33.1109131927,0
              -70.8066370170,-33.1109135757,0
              -70.8066263077,-33.1103905016,0
              -70.8066527149,-33.1103901187,0
              -70.8066634243,-33.1109131927,0
            </coordinates>
          </LinearRing>
        </outerBoundaryIs>
      </Polygon>
    </Placemark>
    <Placemark>
      <description><![CDATA[LIMITES_TRACKER<BR><BR><B>ELEVATION</B> = 0]]></description>
      <styleUrl>#area3</styleUrl>
      <Polygon>
        <altitudeMode>relativeToGround</altitudeMode>
        <extrude>1</extrude>
        <outerBoundaryIs>
          <LinearRing>
            <coordinates>
              -70.8065892948,-33.1103910383,0
              -70.8066000039,-33.1109141124,0
              -70.8065735965,-33.1109144953,0
              -70.8065628877,-33.1103914212,0
              -70.8065892948,-33.1103910383,0
            </coordinates>
          </LinearRing>
        </outerBoundaryIs>
      </Polygon>
    </Placemark>
    <Placemark>
      <description><![CDATA[LIMITES_TRACKER<BR><BR><B>ELEVATION</B> = 0]]></description>
      <styleUrl>#area1</styleUrl>
      <Polygon>
        <altitudeMode>relativeToGround</altitudeMode>
        <extrude>1</extrude>
        <outerBoundaryIs>
          <LinearRing>
            <coordinates>
              -70.8066927909,-33.1101911329,0
              -70.8066663838,-33.1101915158,0
              -70.8066556746,-33.1096684417,0
              -70.8066820816,-33.1096680588,0
              -70.8066927909,-33.1101911329,0
            </coordinates>
          </LinearRing>
        </outerBoundaryIs>
      </Polygon>
    </Placemark>
    <Placemark>
      <description><![CDATA[LIMITES_TRACKER<BR><BR><B>ELEVATION</B> = 0]]></description>
      <styleUrl>#area1</styleUrl>
      <Polygon>
        <altitudeMode>relativeToGround</altitudeMode>
        <extrude>1</extrude>
        <outerBoundaryIs>
          <LinearRing>
            <coordinates>
              -70.8066186621,-33.1096689784,0
              -70.8066293710,-33.1101920525,0
              -70.8066029639,-33.1101924354,0
              -70.8065922551,-33.1096693613,0
              -70.8066186621,-33.1096689784,0
            </coordinates>
          </LinearRing>
        </outerBoundaryIs>
      </Polygon>
    </Placemark>
    <Placemark>
      <description><![CDATA[LIMITES_TRACKER<BR><BR><B>ELEVATION</B> = 0]]></description>
      <styleUrl>#area3</styleUrl>
      <Polygon>
        <altitudeMode>relativeToGround</altitudeMode>
        <extrude>1</extrude>
        <outerBoundaryIs>
          <LinearRing>
            <coordinates>
              -70.8066819893,-33.1096635510,0
              -70.8066555823,-33.1096639339,0
              -70.8066448735,-33.1091408598,0
              -70.8066712803,-33.1091404769,0
              -70.8066819893,-33.1096635510,0
            </coordinates>
          </LinearRing>
        </outerBoundaryIs>
      </Polygon>
    </Placemark>
    <Placemark>
      <description><![CDATA[LIMITES_TRACKER<BR><BR><B>ELEVATION</B> = 0]]></description>
      <styleUrl>#area3</styleUrl>
      <Polygon>
        <altitudeMode>relativeToGround</altitudeMode>
        <extrude>1</extrude>
        <outerBoundaryIs>
          <LinearRing>
            <coordinates>
              -70.8066078611,-33.1091413965,0
              -70.8066185698,-33.1096644706,0
              -70.8065921628,-33.1096648535,0
              -70.8065814543,-33.1091417794,0
              -70.8066078611,-33.1091413965,0
            </coordinates>
          </LinearRing>
        </outerBoundaryIs>
      </Polygon>
    </Placemark>
    <Placemark>
      <description><![CDATA[LIMITES_TRACKER<BR><BR><B>ELEVATION</B> = 0]]></description>
      <styleUrl>#area1</styleUrl>
      <Polygon>
        <altitudeMode>relativeToGround</altitudeMode>
        <extrude>1</extrude>
        <outerBoundaryIs>
          <LinearRing>
            <coordinates>
              -70.8068226742,-33.1124940985,0
              -70.8067962664,-33.1124944815,0
              -70.8067855555,-33.1119714077,0
              -70.8068119632,-33.1119710247,0
              -70.8068226742,-33.1124940985,0
            </coordinates>
          </LinearRing>
        </outerBoundaryIs>
      </Polygon>
    </Placemark>
    <Placemark>
      <description><![CDATA[LIMITES_TRACKER<BR><BR><B>ELEVATION</B> = 0]]></description>
      <styleUrl>#area1</styleUrl>
      <Polygon>
        <altitudeMode>relativeToGround</altitudeMode>
        <extrude>1</extrude>
        <outerBoundaryIs>
          <LinearRing>
            <coordinates>
              -70.8067485420,-33.1119719445,0
              -70.8067592526,-33.1124950183,0
              -70.8067328448,-33.1124954013,0
              -70.8067221344,-33.1119723274,0
              -70.8067485420,-33.1119719445,0
            </coordinates>
          </LinearRing>
        </outerBoundaryIs>
      </Polygon>
    </Placemark>
    <Placemark>
      <description><![CDATA[LIMITES_TRACKER<BR><BR><B>ELEVATION</B> = 0]]></description>
      <styleUrl>#area2</styleUrl>
      <Polygon>
        <altitudeMode>relativeToGround</altitudeMode>
        <extrude>1</extrude>
        <outerBoundaryIs>
          <LinearRing>
            <coordinates>
              -70.8068118709,-33.1119665169,0
              -70.8067854632,-33.1119668998,0
              -70.8067747527,-33.1114438260,0
              -70.8068011602,-33.1114434430,0
              -70.8068118709,-33.1119665169,0
            </coordinates>
          </LinearRing>
        </outerBoundaryIs>
      </Polygon>
    </Placemark>
    <Placemark>
      <description><![CDATA[LIMITES_TRACKER<BR><BR><B>ELEVATION</B> = 0]]></description>
      <styleUrl>#area2</styleUrl>
      <Polygon>
        <altitudeMode>relativeToGround</altitudeMode>
        <extrude>1</extrude>
        <outerBoundaryIs>
          <LinearRing>
            <coordinates>
              -70.8067377394,-33.1114443627,0
              -70.8067484497,-33.1119674366,0
              -70.8067220421,-33.1119678196,0
              -70.8067113319,-33.1114447457,0
              -70.8067377394,-33.1114443627,0
            </coordinates>
          </LinearRing>
        </outerBoundaryIs>
      </Polygon>
    </Placemark>
    <Placemark>
      <description><![CDATA[LIMITES_TRACKER<BR><BR><B>ELEVATION</B> = 0]]></description>
      <styleUrl>#area2</styleUrl>
      <Polygon>
        <altitudeMode>relativeToGround</altitudeMode>
        <extrude>1</extrude>
        <outerBoundaryIs>
          <LinearRing>
            <coordinates>
              -70.8068010679,-33.1114389351,0
              -70.8067746604,-33.1114393181,0
              -70.8067639501,-33.1109162442,0
              -70.8067903574,-33.1109158612,0
              -70.8068010679,-33.1114389351,0
            </coordinates>
          </LinearRing>
        </outerBoundaryIs>
      </Polygon>
    </Placemark>
    <Placemark>
      <description><![CDATA[LIMITES_TRACKER<BR><BR><B>ELEVATION</B> = 0]]></description>
      <styleUrl>#area2</styleUrl>
      <Polygon>
        <altitudeMode>relativeToGround</altitudeMode>
        <extrude>1</extrude>
        <outerBoundaryIs>
          <LinearRing>
            <coordinates>
              -70.8067269370,-33.1109167809,0
              -70.8067376471,-33.1114398549,0
              -70.8067112396,-33.1114402378,0
              -70.8067005297,-33.1109171639,0
              -70.8067269370,-33.1109167809,0
            </coordinates>
          </LinearRing>
        </outerBoundaryIs>
      </Polygon>
    </Placemark>
    <Placemark>
      <description><![CDATA[LIMITES_TRACKER<BR><BR><B>ELEVATION</B> = 0]]></description>
      <styleUrl>#area3</styleUrl>
      <Polygon>
        <altitudeMode>relativeToGround</altitudeMode>
        <extrude>1</extrude>
        <outerBoundaryIs>
          <LinearRing>
            <coordinates>
              -70.8067902651,-33.1109113534,0
              -70.8067638578,-33.1109117363,0
              -70.8067531478,-33.1103886623,0
              -70.8067795550,-33.1103882794,0
              -70.8067902651,-33.1109113534,0
            </coordinates>
          </LinearRing>
        </outerBoundaryIs>
      </Polygon>
    </Placemark>
    <Placemark>
      <description><![CDATA[LIMITES_TRACKER<BR><BR><B>ELEVATION</B> = 0]]></description>
      <styleUrl>#area3</styleUrl>
      <Polygon>
        <altitudeMode>relativeToGround</altitudeMode>
        <extrude>1</extrude>
        <outerBoundaryIs>
          <LinearRing>
            <coordinates>
              -70.8067161349,-33.1103891991,0
              -70.8067268447,-33.1109122731,0
              -70.8067004374,-33.1109126560,0
              -70.8066897278,-33.1103895820,0
              -70.8067161349,-33.1103891991,0
            </coordinates>
          </LinearRing>
        </outerBoundaryIs>
      </Polygon>
    </Placemark>
    <Placemark>
      <description><![CDATA[LIMITES_TRACKER<BR><BR><B>ELEVATION</B> = 0]]></description>
      <styleUrl>#area1</styleUrl>
      <Polygon>
        <altitudeMode>relativeToGround</altitudeMode>
        <extrude>1</extrude>
        <outerBoundaryIs>
          <LinearRing>
            <coordinates>
              -70.8068196307,-33.1101892935,0
              -70.8067932236,-33.1101896765,0
              -70.8067825137,-33.1096666024,0
              -70.8068089206,-33.1096662195,0
              -70.8068196307,-33.1101892935,0
            </coordinates>
          </LinearRing>
        </outerBoundaryIs>
      </Polygon>
    </Placemark>
    <Placemark>
      <description><![CDATA[LIMITES_TRACKER<BR><BR><B>ELEVATION</B> = 0]]></description>
      <styleUrl>#area1</styleUrl>
      <Polygon>
        <altitudeMode>relativeToGround</altitudeMode>
        <extrude>1</extrude>
        <outerBoundaryIs>
          <LinearRing>
            <coordinates>
              -70.8067455011,-33.1096671392,0
              -70.8067562108,-33.1101902132,0
              -70.8067298037,-33.1101905962,0
              -70.8067190942,-33.1096675221,0
              -70.8067455011,-33.1096671392,0
            </coordinates>
          </LinearRing>
        </outerBoundaryIs>
      </Polygon>
    </Placemark>
    <Placemark>
      <description><![CDATA[LIMITES_TRACKER<BR><BR><B>ELEVATION</B> = 0]]></description>
      <styleUrl>#area3</styleUrl>
      <Polygon>
        <altitudeMode>relativeToGround</altitudeMode>
        <extrude>1</extrude>
        <outerBoundaryIs>
          <LinearRing>
            <coordinates>
              -70.8068088283,-33.1096617116,0
              -70.8067824214,-33.1096620946,0
              -70.8067717118,-33.1091390205,0
              -70.8067981186,-33.1091386376,0
              -70.8068088283,-33.1096617116,0
            </coordinates>
          </LinearRing>
        </outerBoundaryIs>
      </Polygon>
    </Placemark>
    <Placemark>
      <description><![CDATA[LIMITES_TRACKER<BR><BR><B>ELEVATION</B> = 0]]></description>
      <styleUrl>#area3</styleUrl>
      <Polygon>
        <altitudeMode>relativeToGround</altitudeMode>
        <extrude>1</extrude>
        <outerBoundaryIs>
          <LinearRing>
            <coordinates>
              -70.8067346994,-33.1091395572,0
              -70.8067454088,-33.1096626313,0
              -70.8067190019,-33.1096630142,0
              -70.8067082926,-33.1091399402,0
              -70.8067346994,-33.1091395572,0
            </coordinates>
          </LinearRing>
        </outerBoundaryIs>
      </Polygon>
    </Placemark>
    <Placemark>
      <description><![CDATA[LIMITES_TRACKER<BR><BR><B>ELEVATION</B> = 0]]></description>
      <styleUrl>#area1</styleUrl>
      <Polygon>
        <altitudeMode>relativeToGround</altitudeMode>
        <extrude>1</extrude>
        <outerBoundaryIs>
          <LinearRing>
            <coordinates>
              -70.8069495173,-33.1124922589,0
              -70.8069231095,-33.1124926419,0
              -70.8069123979,-33.1119695682,0
              -70.8069388055,-33.1119691852,0
              -70.8069495173,-33.1124922589,0
            </coordinates>
          </LinearRing>
        </outerBoundaryIs>
      </Polygon>
    </Placemark>
    <Placemark>
      <description><![CDATA[LIMITES_TRACKER<BR><BR><B>ELEVATION</B> = 0]]></description>
      <styleUrl>#area1</styleUrl>
      <Polygon>
        <altitudeMode>relativeToGround</altitudeMode>
        <extrude>1</extrude>
        <outerBoundaryIs>
          <LinearRing>
            <coordinates>
              -70.8068753844,-33.1119701050,0
              -70.8068860957,-33.1124931788,0
              -70.8068596879,-33.1124935617,0
              -70.8068489767,-33.1119704879,0
              -70.8068753844,-33.1119701050,0
            </coordinates>
          </LinearRing>
        </outerBoundaryIs>
      </Polygon>
    </Placemark>
    <Placemark>
      <description><![CDATA[LIMITES_TRACKER<BR><BR><B>ELEVATION</B> = 0]]></description>
      <styleUrl>#area2</styleUrl>
      <Polygon>
        <altitudeMode>relativeToGround</altitudeMode>
        <extrude>1</extrude>
        <outerBoundaryIs>
          <LinearRing>
            <coordinates>
              -70.8069387132,-33.1119646773,0
              -70.8069123056,-33.1119650603,0
              -70.8069015943,-33.1114419865,0
              -70.8069280018,-33.1114416035,0
              -70.8069387132,-33.1119646773,0
            </coordinates>
          </LinearRing>
        </outerBoundaryIs>
      </Polygon>
    </Placemark>
    <Placemark>
      <description><![CDATA[LIMITES_TRACKER<BR><BR><B>ELEVATION</B> = 0]]></description>
      <styleUrl>#area2</styleUrl>
      <Polygon>
        <altitudeMode>relativeToGround</altitudeMode>
        <extrude>1</extrude>
        <outerBoundaryIs>
          <LinearRing>
            <coordinates>
              -70.8068645810,-33.1114425232,0
              -70.8068752920,-33.1119655971,0
              -70.8068488844,-33.1119659801,0
              -70.8068381735,-33.1114429062,0
              -70.8068645810,-33.1114425232,0
            </coordinates>
          </LinearRing>
        </outerBoundaryIs>
      </Polygon>
    </Placemark>
    <Placemark>
      <description><![CDATA[LIMITES_TRACKER<BR><BR><B>ELEVATION</B> = 0]]></description>
      <styleUrl>#area2</styleUrl>
      <Polygon>
        <altitudeMode>relativeToGround</altitudeMode>
        <extrude>1</extrude>
        <outerBoundaryIs>
          <LinearRing>
            <coordinates>
              -70.8069279094,-33.1114370956,0
              -70.8069015020,-33.1114374786,0
              -70.8068907909,-33.1109144047,0
              -70.8069171983,-33.1109140217,0
              -70.8069279094,-33.1114370956,0
            </coordinates>
          </LinearRing>
        </outerBoundaryIs>
      </Polygon>
    </Placemark>
    <Placemark>
      <description><![CDATA[LIMITES_TRACKER<BR><BR><B>ELEVATION</B> = 0]]></description>
      <styleUrl>#area2</styleUrl>
      <Polygon>
        <altitudeMode>relativeToGround</altitudeMode>
        <extrude>1</extrude>
        <outerBoundaryIs>
          <LinearRing>
            <coordinates>
              -70.8068537778,-33.1109149415,0
              -70.8068644887,-33.1114380154,0
              -70.8068380812,-33.1114383984,0
              -70.8068273705,-33.1109153245,0
              -70.8068537778,-33.1109149415,0
            </coordinates>
          </LinearRing>
        </outerBoundaryIs>
      </Polygon>
    </Placemark>
    <Placemark>
      <description><![CDATA[LIMITES_TRACKER<BR><BR><B>ELEVATION</B> = 0]]></description>
      <styleUrl>#area3</styleUrl>
      <Polygon>
        <altitudeMode>relativeToGround</altitudeMode>
        <extrude>1</extrude>
        <outerBoundaryIs>
          <LinearRing>
            <coordinates>
              -70.8069171060,-33.1109095139,0
              -70.8068906986,-33.1109098968,0
              -70.8068799879,-33.1103868229,0
              -70.8069063951,-33.1103864399,0
              -70.8069171060,-33.1109095139,0
            </coordinates>
          </LinearRing>
        </outerBoundaryIs>
      </Polygon>
    </Placemark>
    <Placemark>
      <description><![CDATA[LIMITES_TRACKER<BR><BR><B>ELEVATION</B> = 0]]></description>
      <styleUrl>#area3</styleUrl>
      <Polygon>
        <altitudeMode>relativeToGround</altitudeMode>
        <extrude>1</extrude>
        <outerBoundaryIs>
          <LinearRing>
            <coordinates>
              -70.8068429750,-33.1103873597,0
              -70.8068536855,-33.1109104336,0
              -70.8068272782,-33.1109108166,0
              -70.8068165679,-33.1103877426,0
              -70.8068429750,-33.1103873597,0
            </coordinates>
          </LinearRing>
        </outerBoundaryIs>
      </Polygon>
    </Placemark>
    <Placemark>
      <description><![CDATA[LIMITES_TRACKER<BR><BR><B>ELEVATION</B> = 0]]></description>
      <styleUrl>#area1</styleUrl>
      <Polygon>
        <altitudeMode>relativeToGround</altitudeMode>
        <extrude>1</extrude>
        <outerBoundaryIs>
          <LinearRing>
            <coordinates>
              -70.8069464704,-33.1101874540,0
              -70.8069200633,-33.1101878370,0
              -70.8069093527,-33.1096647630,0
              -70.8069357597,-33.1096643800,0
              -70.8069464704,-33.1101874540,0
            </coordinates>
          </LinearRing>
        </outerBoundaryIs>
      </Polygon>
    </Placemark>
    <Placemark>
      <description><![CDATA[LIMITES_TRACKER<BR><BR><B>ELEVATION</B> = 0]]></description>
      <styleUrl>#area1</styleUrl>
      <Polygon>
        <altitudeMode>relativeToGround</altitudeMode>
        <extrude>1</extrude>
        <outerBoundaryIs>
          <LinearRing>
            <coordinates>
              -70.8068723401,-33.1096652998,0
              -70.8068830506,-33.1101883738,0
              -70.8068566435,-33.1101887568,0
              -70.8068459332,-33.1096656827,0
              -70.8068723401,-33.1096652998,0
            </coordinates>
          </LinearRing>
        </outerBoundaryIs>
      </Polygon>
    </Placemark>
    <Placemark>
      <description><![CDATA[LIMITES_TRACKER<BR><BR><B>ELEVATION</B> = 0]]></description>
      <styleUrl>#area3</styleUrl>
      <Polygon>
        <altitudeMode>relativeToGround</altitudeMode>
        <extrude>1</extrude>
        <outerBoundaryIs>
          <LinearRing>
            <coordinates>
              -70.8069356674,-33.1096598722,0
              -70.8069092604,-33.1096602552,0
              -70.8068985501,-33.1091371811,0
              -70.8069249569,-33.1091367982,0
              -70.8069356674,-33.1096598722,0
            </coordinates>
          </LinearRing>
        </outerBoundaryIs>
      </Polygon>
    </Placemark>
    <Placemark>
      <description><![CDATA[LIMITES_TRACKER<BR><BR><B>ELEVATION</B> = 0]]></description>
      <styleUrl>#area3</styleUrl>
      <Polygon>
        <altitudeMode>relativeToGround</altitudeMode>
        <extrude>1</extrude>
        <outerBoundaryIs>
          <LinearRing>
            <coordinates>
              -70.8068615377,-33.1091377179,0
              -70.8068722478,-33.1096607919,0
              -70.8068458409,-33.1096611749,0
              -70.8068351309,-33.1091381008,0
              -70.8068615377,-33.1091377179,0
            </coordinates>
          </LinearRing>
        </outerBoundaryIs>
      </Polygon>
    </Placemark>
    <Placemark>
      <description><![CDATA[LIMITES_TRACKER<BR><BR><B>ELEVATION</B> = 0]]></description>
      <styleUrl>#area1</styleUrl>
      <Polygon>
        <altitudeMode>relativeToGround</altitudeMode>
        <extrude>1</extrude>
        <outerBoundaryIs>
          <LinearRing>
            <coordinates>
              -70.8070763604,-33.1124904192,0
              -70.8070499526,-33.1124908022,0
              -70.8070392402,-33.1119677285,0
              -70.8070656479,-33.1119673455,0
              -70.8070763604,-33.1124904192,0
            </coordinates>
          </LinearRing>
        </outerBoundaryIs>
      </Polygon>
    </Placemark>
    <Placemark>
      <description><![CDATA[LIMITES_TRACKER<BR><BR><B>ELEVATION</B> = 0]]></description>
      <styleUrl>#area1</styleUrl>
      <Polygon>
        <altitudeMode>relativeToGround</altitudeMode>
        <extrude>1</extrude>
        <outerBoundaryIs>
          <LinearRing>
            <coordinates>
              -70.8070022267,-33.1119682653,0
              -70.8070129388,-33.1124913391,0
              -70.8069865310,-33.1124917221,0
              -70.8069758191,-33.1119686483,0
              -70.8070022267,-33.1119682653,0
            </coordinates>
          </LinearRing>
        </outerBoundaryIs>
      </Polygon>
    </Placemark>
    <Placemark>
      <description><![CDATA[LIMITES_TRACKER<BR><BR><B>ELEVATION</B> = 0]]></description>
      <styleUrl>#area2</styleUrl>
      <Polygon>
        <altitudeMode>relativeToGround</altitudeMode>
        <extrude>1</extrude>
        <outerBoundaryIs>
          <LinearRing>
            <coordinates>
              -70.8070655555,-33.1119628376,0
              -70.8070391479,-33.1119632206,0
              -70.8070284359,-33.1114401468,0
              -70.8070548433,-33.1114397638,0
              -70.8070655555,-33.1119628376,0
            </coordinates>
          </LinearRing>
        </outerBoundaryIs>
      </Polygon>
    </Placemark>
    <Placemark>
      <description><![CDATA[LIMITES_TRACKER<BR><BR><B>ELEVATION</B> = 0]]></description>
      <styleUrl>#area2</styleUrl>
      <Polygon>
        <altitudeMode>relativeToGround</altitudeMode>
        <extrude>1</extrude>
        <outerBoundaryIs>
          <LinearRing>
            <coordinates>
              -70.8069914225,-33.1114406837,0
              -70.8070021344,-33.1119637575,0
              -70.8069757267,-33.1119641405,0
              -70.8069650151,-33.1114410667,0
              -70.8069914225,-33.1114406837,0
            </coordinates>
          </LinearRing>
        </outerBoundaryIs>
      </Polygon>
    </Placemark>
    <Placemark>
      <description><![CDATA[LIMITES_TRACKER<BR><BR><B>ELEVATION</B> = 0]]></description>
      <styleUrl>#area2</styleUrl>
      <Polygon>
        <altitudeMode>relativeToGround</altitudeMode>
        <extrude>1</extrude>
        <outerBoundaryIs>
          <LinearRing>
            <coordinates>
              -70.8070547510,-33.1114352559,0
              -70.8070283435,-33.1114356390,0
              -70.8070176318,-33.1109125651,0
              -70.8070440391,-33.1109121821,0
              -70.8070547510,-33.1114352559,0
            </coordinates>
          </LinearRing>
        </outerBoundaryIs>
      </Polygon>
    </Placemark>
    <Placemark>
      <description><![CDATA[LIMITES_TRACKER<BR><BR><B>ELEVATION</B> = 0]]></description>
      <styleUrl>#area2</styleUrl>
      <Polygon>
        <altitudeMode>relativeToGround</altitudeMode>
        <extrude>1</extrude>
        <outerBoundaryIs>
          <LinearRing>
            <coordinates>
              -70.8069806187,-33.1109131019,0
              -70.8069913302,-33.1114361758,0
              -70.8069649228,-33.1114365588,0
              -70.8069542114,-33.1109134849,0
              -70.8069806187,-33.1109131019,0
            </coordinates>
          </LinearRing>
        </outerBoundaryIs>
      </Polygon>
    </Placemark>
    <Placemark>
      <description><![CDATA[LIMITES_TRACKER<BR><BR><B>ELEVATION</B> = 0]]></description>
      <styleUrl>#area3</styleUrl>
      <Polygon>
        <altitudeMode>relativeToGround</altitudeMode>
        <extrude>1</extrude>
        <outerBoundaryIs>
          <LinearRing>
            <coordinates>
              -70.8070439468,-33.1109076742,0
              -70.8070175395,-33.1109080573,0
              -70.8070068280,-33.1103849834,0
              -70.8070332351,-33.1103846004,0
              -70.8070439468,-33.1109076742,0
            </coordinates>
          </LinearRing>
        </outerBoundaryIs>
      </Polygon>
    </Placemark>
    <Placemark>
      <description><![CDATA[LIMITES_TRACKER<BR><BR><B>ELEVATION</B> = 0]]></description>
      <styleUrl>#area3</styleUrl>
      <Polygon>
        <altitudeMode>relativeToGround</altitudeMode>
        <extrude>1</extrude>
        <outerBoundaryIs>
          <LinearRing>
            <coordinates>
              -70.8069698151,-33.1103855202,0
              -70.8069805264,-33.1109085941,0
              -70.8069541190,-33.1109089771,0
              -70.8069434079,-33.1103859032,0
              -70.8069698151,-33.1103855202,0
            </coordinates>
          </LinearRing>
        </outerBoundaryIs>
      </Polygon>
    </Placemark>
    <Placemark>
      <description><![CDATA[LIMITES_TRACKER<BR><BR><B>ELEVATION</B> = 0]]></description>
      <styleUrl>#area1</styleUrl>
      <Polygon>
        <altitudeMode>relativeToGround</altitudeMode>
        <extrude>1</extrude>
        <outerBoundaryIs>
          <LinearRing>
            <coordinates>
              -70.8070733102,-33.1101856144,0
              -70.8070469031,-33.1101859974,0
              -70.8070361917,-33.1096629235,0
              -70.8070625987,-33.1096625405,0
              -70.8070733102,-33.1101856144,0
            </coordinates>
          </LinearRing>
        </outerBoundaryIs>
      </Polygon>
    </Placemark>
    <Placemark>
      <description><![CDATA[LIMITES_TRACKER<BR><BR><B>ELEVATION</B> = 0]]></description>
      <styleUrl>#area1</styleUrl>
      <Polygon>
        <altitudeMode>relativeToGround</altitudeMode>
        <extrude>1</extrude>
        <outerBoundaryIs>
          <LinearRing>
            <coordinates>
              -70.8069991792,-33.1096634603,0
              -70.8070098903,-33.1101865342,0
              -70.8069834832,-33.1101869172,0
              -70.8069727722,-33.1096638433,0
              -70.8069991792,-33.1096634603,0
            </coordinates>
          </LinearRing>
        </outerBoundaryIs>
      </Polygon>
    </Placemark>
    <Placemark>
      <description><![CDATA[LIMITES_TRACKER<BR><BR><B>ELEVATION</B> = 0]]></description>
      <styleUrl>#area3</styleUrl>
      <Polygon>
        <altitudeMode>relativeToGround</altitudeMode>
        <extrude>1</extrude>
        <outerBoundaryIs>
          <LinearRing>
            <coordinates>
              -70.8070625064,-33.1096580326,0
              -70.8070360994,-33.1096584156,0
              -70.8070253883,-33.1091353416,0
              -70.8070517951,-33.1091349586,0
              -70.8070625064,-33.1096580326,0
            </coordinates>
          </LinearRing>
        </outerBoundaryIs>
      </Polygon>
    </Placemark>
    <Placemark>
      <description><![CDATA[LIMITES_TRACKER<BR><BR><B>ELEVATION</B> = 0]]></description>
      <styleUrl>#area3</styleUrl>
      <Polygon>
        <altitudeMode>relativeToGround</altitudeMode>
        <extrude>1</extrude>
        <outerBoundaryIs>
          <LinearRing>
            <coordinates>
              -70.8069883760,-33.1091358784,0
              -70.8069990869,-33.1096589524,0
              -70.8069726799,-33.1096593354,0
              -70.8069619692,-33.1091362614,0
              -70.8069883760,-33.1091358784,0
            </coordinates>
          </LinearRing>
        </outerBoundaryIs>
      </Polygon>
    </Placemark>
    <Placemark>
      <description><![CDATA[LIMITES_TRACKER<BR><BR><B>ELEVATION</B> = 0]]></description>
      <styleUrl>#area1</styleUrl>
      <Polygon>
        <altitudeMode>relativeToGround</altitudeMode>
        <extrude>1</extrude>
        <outerBoundaryIs>
          <LinearRing>
            <coordinates>
              -70.8072032034,-33.1124885793,0
              -70.8071767956,-33.1124889624,0
              -70.8071660826,-33.1119658887,0
              -70.8071924902,-33.1119655056,0
              -70.8072032034,-33.1124885793,0
            </coordinates>
          </LinearRing>
        </outerBoundaryIs>
      </Polygon>
    </Placemark>
    <Placemark>
      <description><![CDATA[LIMITES_TRACKER<BR><BR><B>ELEVATION</B> = 0]]></description>
      <styleUrl>#area1</styleUrl>
      <Polygon>
        <altitudeMode>relativeToGround</altitudeMode>
        <extrude>1</extrude>
        <outerBoundaryIs>
          <LinearRing>
            <coordinates>
              -70.8071290690,-33.1119664256,0
              -70.8071397819,-33.1124894993,0
              -70.8071133741,-33.1124898823,0
              -70.8071026614,-33.1119668086,0
              -70.8071290690,-33.1119664256,0
            </coordinates>
          </LinearRing>
        </outerBoundaryIs>
      </Polygon>
    </Placemark>
    <Placemark>
      <description><![CDATA[LIMITES_TRACKER<BR><BR><B>ELEVATION</B> = 0]]></description>
      <styleUrl>#area2</styleUrl>
      <Polygon>
        <altitudeMode>relativeToGround</altitudeMode>
        <extrude>1</extrude>
        <outerBoundaryIs>
          <LinearRing>
            <coordinates>
              -70.8071923979,-33.1119609978,0
              -70.8071659902,-33.1119613808,0
              -70.8071552774,-33.1114383071,0
              -70.8071816849,-33.1114379240,0
              -70.8071923979,-33.1119609978,0
            </coordinates>
          </LinearRing>
        </outerBoundaryIs>
      </Polygon>
    </Placemark>
    <Placemark>
      <description><![CDATA[LIMITES_TRACKER<BR><BR><B>ELEVATION</B> = 0]]></description>
      <styleUrl>#area2</styleUrl>
      <Polygon>
        <altitudeMode>relativeToGround</altitudeMode>
        <extrude>1</extrude>
        <outerBoundaryIs>
          <LinearRing>
            <coordinates>
              -70.8071182641,-33.1114388439,0
              -70.8071289767,-33.1119619177,0
              -70.8071025691,-33.1119623007,0
              -70.8070918566,-33.1114392270,0
              -70.8071182641,-33.1114388439,0
            </coordinates>
          </LinearRing>
        </outerBoundaryIs>
      </Polygon>
    </Placemark>
    <Placemark>
      <description><![CDATA[LIMITES_TRACKER<BR><BR><B>ELEVATION</B> = 0]]></description>
      <styleUrl>#area2</styleUrl>
      <Polygon>
        <altitudeMode>relativeToGround</altitudeMode>
        <extrude>1</extrude>
        <outerBoundaryIs>
          <LinearRing>
            <coordinates>
              -70.8071815926,-33.1114334162,0
              -70.8071551851,-33.1114337992,0
              -70.8071444726,-33.1109107254,0
              -70.8071708799,-33.1109103424,0
              -70.8071815926,-33.1114334162,0
            </coordinates>
          </LinearRing>
        </outerBoundaryIs>
      </Polygon>
    </Placemark>
    <Placemark>
      <description><![CDATA[LIMITES_TRACKER<BR><BR><B>ELEVATION</B> = 0]]></description>
      <styleUrl>#area2</styleUrl>
      <Polygon>
        <altitudeMode>relativeToGround</altitudeMode>
        <extrude>1</extrude>
        <outerBoundaryIs>
          <LinearRing>
            <coordinates>
              -70.8071074595,-33.1109112622,0
              -70.8071181718,-33.1114343361,0
              -70.8070917643,-33.1114347191,0
              -70.8070810522,-33.1109116453,0
              -70.8071074595,-33.1109112622,0
            </coordinates>
          </LinearRing>
        </outerBoundaryIs>
      </Polygon>
    </Placemark>
    <Placemark>
      <description><![CDATA[LIMITES_TRACKER<BR><BR><B>ELEVATION</B> = 0]]></description>
      <styleUrl>#area3</styleUrl>
      <Polygon>
        <altitudeMode>relativeToGround</altitudeMode>
        <extrude>1</extrude>
        <outerBoundaryIs>
          <LinearRing>
            <coordinates>
              -70.8071707876,-33.1109058345,0
              -70.8071443803,-33.1109062175,0
              -70.8071336680,-33.1103831437,0
              -70.8071600752,-33.1103827606,0
              -70.8071707876,-33.1109058345,0
            </coordinates>
          </LinearRing>
        </outerBoundaryIs>
      </Polygon>
    </Placemark>
    <Placemark>
      <description><![CDATA[LIMITES_TRACKER<BR><BR><B>ELEVATION</B> = 0]]></description>
      <styleUrl>#area3</styleUrl>
      <Polygon>
        <altitudeMode>relativeToGround</altitudeMode>
        <extrude>1</extrude>
        <outerBoundaryIs>
          <LinearRing>
            <coordinates>
              -70.8070966551,-33.1103836805,0
              -70.8071073672,-33.1109067544,0
              -70.8070809599,-33.1109071374,0
              -70.8070702480,-33.1103840635,0
              -70.8070966551,-33.1103836805,0
            </coordinates>
          </LinearRing>
        </outerBoundaryIs>
      </Polygon>
    </Placemark>
    <Placemark>
      <description><![CDATA[LIMITES_TRACKER<BR><BR><B>ELEVATION</B> = 0]]></description>
      <styleUrl>#area1</styleUrl>
      <Polygon>
        <altitudeMode>relativeToGround</altitudeMode>
        <extrude>1</extrude>
        <outerBoundaryIs>
          <LinearRing>
            <coordinates>
              -70.8072001500,-33.1101837747,0
              -70.8071737429,-33.1101841577,0
              -70.8071630308,-33.1096610838,0
              -70.8071894377,-33.1096607008,0
              -70.8072001500,-33.1101837747,0
            </coordinates>
          </LinearRing>
        </outerBoundaryIs>
      </Polygon>
    </Placemark>
    <Placemark>
      <description><![CDATA[LIMITES_TRACKER<BR><BR><B>ELEVATION</B> = 0]]></description>
      <styleUrl>#area1</styleUrl>
      <Polygon>
        <altitudeMode>relativeToGround</altitudeMode>
        <extrude>1</extrude>
        <outerBoundaryIs>
          <LinearRing>
            <coordinates>
              -70.8071260182,-33.1096616206,0
              -70.8071367301,-33.1101846946,0
              -70.8071103230,-33.1101850776,0
              -70.8070996113,-33.1096620036,0
              -70.8071260182,-33.1096616206,0
            </coordinates>
          </LinearRing>
        </outerBoundaryIs>
      </Polygon>
    </Placemark>
    <Placemark>
      <description><![CDATA[LIMITES_TRACKER<BR><BR><B>ELEVATION</B> = 0]]></description>
      <styleUrl>#area3</styleUrl>
      <Polygon>
        <altitudeMode>relativeToGround</altitudeMode>
        <extrude>1</extrude>
        <outerBoundaryIs>
          <LinearRing>
            <coordinates>
              -70.8071893454,-33.1096561929,0
              -70.8071629384,-33.1096565759,0
              -70.8071522266,-33.1091335020,0
              -70.8071786334,-33.1091331189,0
              -70.8071893454,-33.1096561929,0
            </coordinates>
          </LinearRing>
        </outerBoundaryIs>
      </Polygon>
    </Placemark>
    <Placemark>
      <description><![CDATA[LIMITES_TRACKER<BR><BR><B>ELEVATION</B> = 0]]></description>
      <styleUrl>#area3</styleUrl>
      <Polygon>
        <altitudeMode>relativeToGround</altitudeMode>
        <extrude>1</extrude>
        <outerBoundaryIs>
          <LinearRing>
            <coordinates>
              -70.8071152142,-33.1091340388,0
              -70.8071259259,-33.1096571128,0
              -70.8070995189,-33.1096574958,0
              -70.8070888075,-33.1091344218,0
              -70.8071152142,-33.1091340388,0
            </coordinates>
          </LinearRing>
        </outerBoundaryIs>
      </Polygon>
    </Placemark>
    <Placemark>
      <description><![CDATA[LIMITES_TRACKER<BR><BR><B>ELEVATION</B> = 0]]></description>
      <styleUrl>#area1</styleUrl>
      <Polygon>
        <altitudeMode>relativeToGround</altitudeMode>
        <extrude>1</extrude>
        <outerBoundaryIs>
          <LinearRing>
            <coordinates>
              -70.8073300465,-33.1124867394,0
              -70.8073036387,-33.1124871224,0
              -70.8072929249,-33.1119640488,0
              -70.8073193325,-33.1119636657,0
              -70.8073300465,-33.1124867394,0
            </coordinates>
          </LinearRing>
        </outerBoundaryIs>
      </Polygon>
    </Placemark>
    <Placemark>
      <description><![CDATA[LIMITES_TRACKER<BR><BR><B>ELEVATION</B> = 0]]></description>
      <styleUrl>#area1</styleUrl>
      <Polygon>
        <altitudeMode>relativeToGround</altitudeMode>
        <extrude>1</extrude>
        <outerBoundaryIs>
          <LinearRing>
            <coordinates>
              -70.8072559113,-33.1119645857,0
              -70.8072666250,-33.1124876594,0
              -70.8072402172,-33.1124880424,0
              -70.8072295037,-33.1119649687,0
              -70.8072559113,-33.1119645857,0
            </coordinates>
          </LinearRing>
        </outerBoundaryIs>
      </Polygon>
    </Placemark>
    <Placemark>
      <description><![CDATA[LIMITES_TRACKER<BR><BR><B>ELEVATION</B> = 0]]></description>
      <styleUrl>#area2</styleUrl>
      <Polygon>
        <altitudeMode>relativeToGround</altitudeMode>
        <extrude>1</extrude>
        <outerBoundaryIs>
          <LinearRing>
            <coordinates>
              -70.8073192402,-33.1119591578,0
              -70.8072928325,-33.1119595409,0
              -70.8072821190,-33.1114364672,0
              -70.8073085265,-33.1114360841,0
              -70.8073192402,-33.1119591578,0
            </coordinates>
          </LinearRing>
        </outerBoundaryIs>
      </Polygon>
    </Placemark>
    <Placemark>
      <description><![CDATA[LIMITES_TRACKER<BR><BR><B>ELEVATION</B> = 0]]></description>
      <styleUrl>#area2</styleUrl>
      <Polygon>
        <altitudeMode>relativeToGround</altitudeMode>
        <extrude>1</extrude>
        <outerBoundaryIs>
          <LinearRing>
            <coordinates>
              -70.8072451057,-33.1114370041,0
              -70.8072558190,-33.1119600778,0
              -70.8072294114,-33.1119604609,0
              -70.8072186982,-33.1114373871,0
              -70.8072451057,-33.1114370041,0
            </coordinates>
          </LinearRing>
        </outerBoundaryIs>
      </Polygon>
    </Placemark>
    <Placemark>
      <description><![CDATA[LIMITES_TRACKER<BR><BR><B>ELEVATION</B> = 0]]></description>
      <styleUrl>#area2</styleUrl>
      <Polygon>
        <altitudeMode>relativeToGround</altitudeMode>
        <extrude>1</extrude>
        <outerBoundaryIs>
          <LinearRing>
            <coordinates>
              -70.8073084341,-33.1114315762,0
              -70.8072820267,-33.1114319593,0
              -70.8072713134,-33.1109088855,0
              -70.8072977207,-33.1109085025,0
              -70.8073084341,-33.1114315762,0
            </coordinates>
          </LinearRing>
        </outerBoundaryIs>
      </Polygon>
    </Placemark>
    <Placemark>
      <description><![CDATA[LIMITES_TRACKER<BR><BR><B>ELEVATION</B> = 0]]></description>
      <styleUrl>#area2</styleUrl>
      <Polygon>
        <altitudeMode>relativeToGround</altitudeMode>
        <extrude>1</extrude>
        <outerBoundaryIs>
          <LinearRing>
            <coordinates>
              -70.8072343003,-33.1109094224,0
              -70.8072450133,-33.1114324962,0
              -70.8072186059,-33.1114328793,0
              -70.8072078930,-33.1109098055,0
              -70.8072343003,-33.1109094224,0
            </coordinates>
          </LinearRing>
        </outerBoundaryIs>
      </Polygon>
    </Placemark>
    <Placemark>
      <description><![CDATA[LIMITES_TRACKER<BR><BR><B>ELEVATION</B> = 0]]></description>
      <styleUrl>#area3</styleUrl>
      <Polygon>
        <altitudeMode>relativeToGround</altitudeMode>
        <extrude>1</extrude>
        <outerBoundaryIs>
          <LinearRing>
            <coordinates>
              -70.8072976284,-33.1109039946,0
              -70.8072712211,-33.1109043777,0
              -70.8072605081,-33.1103813038,0
              -70.8072869152,-33.1103809208,0
              -70.8072976284,-33.1109039946,0
            </coordinates>
          </LinearRing>
        </outerBoundaryIs>
      </Polygon>
    </Placemark>
    <Placemark>
      <description><![CDATA[LIMITES_TRACKER<BR><BR><B>ELEVATION</B> = 0]]></description>
      <styleUrl>#area3</styleUrl>
      <Polygon>
        <altitudeMode>relativeToGround</altitudeMode>
        <extrude>1</extrude>
        <outerBoundaryIs>
          <LinearRing>
            <coordinates>
              -70.8072234952,-33.1103818407,0
              -70.8072342080,-33.1109049146,0
              -70.8072078007,-33.1109052976,0
              -70.8071970880,-33.1103822238,0
              -70.8072234952,-33.1103818407,0
            </coordinates>
          </LinearRing>
        </outerBoundaryIs>
      </Polygon>
    </Placemark>
    <Placemark>
      <description><![CDATA[LIMITES_TRACKER<BR><BR><B>ELEVATION</B> = 0]]></description>
      <styleUrl>#area1</styleUrl>
      <Polygon>
        <altitudeMode>relativeToGround</altitudeMode>
        <extrude>1</extrude>
        <outerBoundaryIs>
          <LinearRing>
            <coordinates>
              -70.8073269897,-33.1101819348,0
              -70.8073005826,-33.1101823178,0
              -70.8072898698,-33.1096592440,0
              -70.8073162767,-33.1096588609,0
              -70.8073269897,-33.1101819348,0
            </coordinates>
          </LinearRing>
        </outerBoundaryIs>
      </Polygon>
    </Placemark>
    <Placemark>
      <description><![CDATA[LIMITES_TRACKER<BR><BR><B>ELEVATION</B> = 0]]></description>
      <styleUrl>#area1</styleUrl>
      <Polygon>
        <altitudeMode>relativeToGround</altitudeMode>
        <extrude>1</extrude>
        <outerBoundaryIs>
          <LinearRing>
            <coordinates>
              -70.8072528572,-33.1096597809,0
              -70.8072635699,-33.1101828547,0
              -70.8072371628,-33.1101832378,0
              -70.8072264503,-33.1096601639,0
              -70.8072528572,-33.1096597809,0
            </coordinates>
          </LinearRing>
        </outerBoundaryIs>
      </Polygon>
    </Placemark>
    <Placemark>
      <description><![CDATA[LIMITES_TRACKER<BR><BR><B>ELEVATION</B> = 0]]></description>
      <styleUrl>#area3</styleUrl>
      <Polygon>
        <altitudeMode>relativeToGround</altitudeMode>
        <extrude>1</extrude>
        <outerBoundaryIs>
          <LinearRing>
            <coordinates>
              -70.8073161844,-33.1096543531,0
              -70.8072897774,-33.1096547361,0
              -70.8072790648,-33.1091316622,0
              -70.8073054716,-33.1091312791,0
              -70.8073161844,-33.1096543531,0
            </coordinates>
          </LinearRing>
        </outerBoundaryIs>
      </Polygon>
    </Placemark>
    <Placemark>
      <description><![CDATA[LIMITES_TRACKER<BR><BR><B>ELEVATION</B> = 0]]></description>
      <styleUrl>#area3</styleUrl>
      <Polygon>
        <altitudeMode>relativeToGround</altitudeMode>
        <extrude>1</extrude>
        <outerBoundaryIs>
          <LinearRing>
            <coordinates>
              -70.8072420525,-33.1091321991,0
              -70.8072527649,-33.1096552730,0
              -70.8072263579,-33.1096556560,0
              -70.8072156457,-33.1091325821,0
              -70.8072420525,-33.1091321991,0
            </coordinates>
          </LinearRing>
        </outerBoundaryIs>
      </Polygon>
    </Placemark>
    <Placemark>
      <description><![CDATA[LIMITES_TRACKER<BR><BR><B>ELEVATION</B> = 0]]></description>
      <styleUrl>#area4</styleUrl>
      <Polygon>
        <altitudeMode>relativeToGround</altitudeMode>
        <extrude>1</extrude>
        <outerBoundaryIs>
          <LinearRing>
            <coordinates>
              -70.8074082456,-33.1132072386,0
              -70.8073818377,-33.1132076217,0
              -70.8073711231,-33.1126845481,0
              -70.8073975309,-33.1126841650,0
              -70.8074082456,-33.1132072386,0
            </coordinates>
          </LinearRing>
        </outerBoundaryIs>
      </Polygon>
    </Placemark>
    <Placemark>
      <description><![CDATA[LIMITES_TRACKER<BR><BR><B>ELEVATION</B> = 0]]></description>
      <styleUrl>#area4</styleUrl>
      <Polygon>
        <altitudeMode>relativeToGround</altitudeMode>
        <extrude>1</extrude>
        <outerBoundaryIs>
          <LinearRing>
            <coordinates>
              -70.8073341092,-33.1126850850,0
              -70.8073448236,-33.1132081587,0
              -70.8073184156,-33.1132085417,0
              -70.8073077014,-33.1126854681,0
              -70.8073341092,-33.1126850850,0
            </coordinates>
          </LinearRing>
        </outerBoundaryIs>
      </Polygon>
    </Placemark>
    <Placemark>
      <description><![CDATA[LIMITES_TRACKER<BR><BR><B>ELEVATION</B> = 0]]></description>
      <styleUrl>#area1</styleUrl>
      <Polygon>
        <altitudeMode>relativeToGround</altitudeMode>
        <extrude>1</extrude>
        <outerBoundaryIs>
          <LinearRing>
            <coordinates>
              -70.8074568895,-33.1124848992,0
              -70.8074304818,-33.1124852823,0
              -70.8074197672,-33.1119622087,0
              -70.8074461748,-33.1119618256,0
              -70.8074568895,-33.1124848992,0
            </coordinates>
          </LinearRing>
        </outerBoundaryIs>
      </Polygon>
    </Placemark>
    <Placemark>
      <description><![CDATA[LIMITES_TRACKER<BR><BR><B>ELEVATION</B> = 0]]></description>
      <styleUrl>#area1</styleUrl>
      <Polygon>
        <altitudeMode>relativeToGround</altitudeMode>
        <extrude>1</extrude>
        <outerBoundaryIs>
          <LinearRing>
            <coordinates>
              -70.8073827536,-33.1119627457,0
              -70.8073934680,-33.1124858193,0
              -70.8073670602,-33.1124862024,0
              -70.8073563460,-33.1119631287,0
              -70.8073827536,-33.1119627457,0
            </coordinates>
          </LinearRing>
        </outerBoundaryIs>
      </Polygon>
    </Placemark>
    <Placemark>
      <description><![CDATA[LIMITES_TRACKER<BR><BR><B>ELEVATION</B> = 0]]></description>
      <styleUrl>#area2</styleUrl>
      <Polygon>
        <altitudeMode>relativeToGround</altitudeMode>
        <extrude>1</extrude>
        <outerBoundaryIs>
          <LinearRing>
            <coordinates>
              -70.8074460825,-33.1119573177,0
              -70.8074196748,-33.1119577008,0
              -70.8074089605,-33.1114346271,0
              -70.8074353680,-33.1114342441,0
              -70.8074460825,-33.1119573177,0
            </coordinates>
          </LinearRing>
        </outerBoundaryIs>
      </Polygon>
    </Placemark>
    <Placemark>
      <description><![CDATA[LIMITES_TRACKER<BR><BR><B>ELEVATION</B> = 0]]></description>
      <styleUrl>#area2</styleUrl>
      <Polygon>
        <altitudeMode>relativeToGround</altitudeMode>
        <extrude>1</extrude>
        <outerBoundaryIs>
          <LinearRing>
            <coordinates>
              -70.8073719472,-33.1114351641,0
              -70.8073826613,-33.1119582378,0
              -70.8073562537,-33.1119586209,0
              -70.8073455398,-33.1114355472,0
              -70.8073719472,-33.1114351641,0
            </coordinates>
          </LinearRing>
        </outerBoundaryIs>
      </Polygon>
    </Placemark>
    <Placemark>
      <description><![CDATA[LIMITES_TRACKER<BR><BR><B>ELEVATION</B> = 0]]></description>
      <styleUrl>#area2</styleUrl>
      <Polygon>
        <altitudeMode>relativeToGround</altitudeMode>
        <extrude>1</extrude>
        <outerBoundaryIs>
          <LinearRing>
            <coordinates>
              -70.8074352757,-33.1114297362,0
              -70.8074088682,-33.1114301193,0
              -70.8073981542,-33.1109070455,0
              -70.8074245615,-33.1109066625,0
              -70.8074352757,-33.1114297362,0
            </coordinates>
          </LinearRing>
        </outerBoundaryIs>
      </Polygon>
    </Placemark>
    <Placemark>
      <description><![CDATA[LIMITES_TRACKER<BR><BR><B>ELEVATION</B> = 0]]></description>
      <styleUrl>#area2</styleUrl>
      <Polygon>
        <altitudeMode>relativeToGround</altitudeMode>
        <extrude>1</extrude>
        <outerBoundaryIs>
          <LinearRing>
            <coordinates>
              -70.8073611411,-33.1109075825,0
              -70.8073718549,-33.1114306562,0
              -70.8073454474,-33.1114310393,0
              -70.8073347338,-33.1109079656,0
              -70.8073611411,-33.1109075825,0
            </coordinates>
          </LinearRing>
        </outerBoundaryIs>
      </Polygon>
    </Placemark>
    <Placemark>
      <description><![CDATA[LIMITES_TRACKER<BR><BR><B>ELEVATION</B> = 0]]></description>
      <styleUrl>#area3</styleUrl>
      <Polygon>
        <altitudeMode>relativeToGround</altitudeMode>
        <extrude>1</extrude>
        <outerBoundaryIs>
          <LinearRing>
            <coordinates>
              -70.8074244691,-33.1109021546,0
              -70.8073980618,-33.1109025377,0
              -70.8073873481,-33.1103794639,0
              -70.8074137552,-33.1103790808,0
              -70.8074244691,-33.1109021546,0
            </coordinates>
          </LinearRing>
        </outerBoundaryIs>
      </Polygon>
    </Placemark>
    <Placemark>
      <description><![CDATA[LIMITES_TRACKER<BR><BR><B>ELEVATION</B> = 0]]></description>
      <styleUrl>#area3</styleUrl>
      <Polygon>
        <altitudeMode>relativeToGround</altitudeMode>
        <extrude>1</extrude>
        <outerBoundaryIs>
          <LinearRing>
            <coordinates>
              -70.8073503352,-33.1103800008,0
              -70.8073610487,-33.1109030746,0
              -70.8073346414,-33.1109034577,0
              -70.8073239281,-33.1103803839,0
              -70.8073503352,-33.1103800008,0
            </coordinates>
          </LinearRing>
        </outerBoundaryIs>
      </Polygon>
    </Placemark>
    <Placemark>
      <description><![CDATA[LIMITES_TRACKER<BR><BR><B>ELEVATION</B> = 0]]></description>
      <styleUrl>#area1</styleUrl>
      <Polygon>
        <altitudeMode>relativeToGround</altitudeMode>
        <extrude>1</extrude>
        <outerBoundaryIs>
          <LinearRing>
            <coordinates>
              -70.8074538295,-33.1101800948,0
              -70.8074274224,-33.1101804779,0
              -70.8074167088,-33.1096574040,0
              -70.8074431157,-33.1096570210,0
              -70.8074538295,-33.1101800948,0
            </coordinates>
          </LinearRing>
        </outerBoundaryIs>
      </Polygon>
    </Placemark>
    <Placemark>
      <description><![CDATA[LIMITES_TRACKER<BR><BR><B>ELEVATION</B> = 0]]></description>
      <styleUrl>#area1</styleUrl>
      <Polygon>
        <altitudeMode>relativeToGround</altitudeMode>
        <extrude>1</extrude>
        <outerBoundaryIs>
          <LinearRing>
            <coordinates>
              -70.8073796962,-33.1096579410,0
              -70.8073904096,-33.1101810148,0
              -70.8073640025,-33.1101813979,0
              -70.8073532893,-33.1096583240,0
              -70.8073796962,-33.1096579410,0
            </coordinates>
          </LinearRing>
        </outerBoundaryIs>
      </Polygon>
    </Placemark>
    <Placemark>
      <description><![CDATA[LIMITES_TRACKER<BR><BR><B>ELEVATION</B> = 0]]></description>
      <styleUrl>#area3</styleUrl>
      <Polygon>
        <altitudeMode>relativeToGround</altitudeMode>
        <extrude>1</extrude>
        <outerBoundaryIs>
          <LinearRing>
            <coordinates>
              -70.8074430234,-33.1096525131,0
              -70.8074166164,-33.1096528962,0
              -70.8074059031,-33.1091298223,0
              -70.8074323098,-33.1091294392,0
              -70.8074430234,-33.1096525131,0
            </coordinates>
          </LinearRing>
        </outerBoundaryIs>
      </Polygon>
    </Placemark>
    <Placemark>
      <description><![CDATA[LIMITES_TRACKER<BR><BR><B>ELEVATION</B> = 0]]></description>
      <styleUrl>#area3</styleUrl>
      <Polygon>
        <altitudeMode>relativeToGround</altitudeMode>
        <extrude>1</extrude>
        <outerBoundaryIs>
          <LinearRing>
            <coordinates>
              -70.8073688907,-33.1091303592,0
              -70.8073796039,-33.1096534331,0
              -70.8073531969,-33.1096538162,0
              -70.8073424840,-33.1091307423,0
              -70.8073688907,-33.1091303592,0
            </coordinates>
          </LinearRing>
        </outerBoundaryIs>
      </Polygon>
    </Placemark>
    <Placemark>
      <description><![CDATA[LIMITES_TRACKER<BR><BR><B>ELEVATION</B> = 0]]></description>
      <styleUrl>#area5</styleUrl>
      <Polygon>
        <altitudeMode>relativeToGround</altitudeMode>
        <extrude>1</extrude>
        <outerBoundaryIs>
          <LinearRing>
            <coordinates>
              -70.8075350897,-33.1132053984,0
              -70.8075086817,-33.1132057815,0
              -70.8074979664,-33.1126827079,0
              -70.8075243742,-33.1126823248,0
              -70.8075350897,-33.1132053984,0
            </coordinates>
          </LinearRing>
        </outerBoundaryIs>
      </Polygon>
    </Placemark>
    <Placemark>
      <description><![CDATA[LIMITES_TRACKER<BR><BR><B>ELEVATION</B> = 0]]></description>
      <styleUrl>#area5</styleUrl>
      <Polygon>
        <altitudeMode>relativeToGround</altitudeMode>
        <extrude>1</extrude>
        <outerBoundaryIs>
          <LinearRing>
            <coordinates>
              -70.8074609526,-33.1126832449,0
              -70.8074716677,-33.1132063185,0
              -70.8074452597,-33.1132067016,0
              -70.8074345447,-33.1126836280,0
              -70.8074609526,-33.1126832449,0
            </coordinates>
          </LinearRing>
        </outerBoundaryIs>
      </Polygon>
    </Placemark>
    <Placemark>
      <description><![CDATA[LIMITES_TRACKER<BR><BR><B>ELEVATION</B> = 0]]></description>
      <styleUrl>#area1</styleUrl>
      <Polygon>
        <altitudeMode>relativeToGround</altitudeMode>
        <extrude>1</extrude>
        <outerBoundaryIs>
          <LinearRing>
            <coordinates>
              -70.8075837326,-33.1124830590,0
              -70.8075573248,-33.1124834421,0
              -70.8075466095,-33.1119603685,0
              -70.8075730171,-33.1119599854,0
              -70.8075837326,-33.1124830590,0
            </coordinates>
          </LinearRing>
        </outerBoundaryIs>
      </Polygon>
    </Placemark>
    <Placemark>
      <description><![CDATA[LIMITES_TRACKER<BR><BR><B>ELEVATION</B> = 0]]></description>
      <styleUrl>#area1</styleUrl>
      <Polygon>
        <altitudeMode>relativeToGround</altitudeMode>
        <extrude>1</extrude>
        <outerBoundaryIs>
          <LinearRing>
            <coordinates>
              -70.8075095959,-33.1119609055,0
              -70.8075203111,-33.1124839791,0
              -70.8074939033,-33.1124843623,0
              -70.8074831883,-33.1119612886,0
              -70.8075095959,-33.1119609055,0
            </coordinates>
          </LinearRing>
        </outerBoundaryIs>
      </Polygon>
    </Placemark>
    <Placemark>
      <description><![CDATA[LIMITES_TRACKER<BR><BR><B>ELEVATION</B> = 0]]></description>
      <styleUrl>#area2</styleUrl>
      <Polygon>
        <altitudeMode>relativeToGround</altitudeMode>
        <extrude>1</extrude>
        <outerBoundaryIs>
          <LinearRing>
            <coordinates>
              -70.8075729247,-33.1119554775,0
              -70.8075465171,-33.1119558607,0
              -70.8075358021,-33.1114327870,0
              -70.8075622095,-33.1114324039,0
              -70.8075729247,-33.1119554775,0
            </coordinates>
          </LinearRing>
        </outerBoundaryIs>
      </Polygon>
    </Placemark>
    <Placemark>
      <description><![CDATA[LIMITES_TRACKER<BR><BR><B>ELEVATION</B> = 0]]></description>
      <styleUrl>#area2</styleUrl>
      <Polygon>
        <altitudeMode>relativeToGround</altitudeMode>
        <extrude>1</extrude>
        <outerBoundaryIs>
          <LinearRing>
            <coordinates>
              -70.8074987888,-33.1114333240,0
              -70.8075095036,-33.1119563976,0
              -70.8074830960,-33.1119567808,0
              -70.8074723813,-33.1114337071,0
              -70.8074987888,-33.1114333240,0
            </coordinates>
          </LinearRing>
        </outerBoundaryIs>
      </Polygon>
    </Placemark>
    <Placemark>
      <description><![CDATA[LIMITES_TRACKER<BR><BR><B>ELEVATION</B> = 0]]></description>
      <styleUrl>#area2</styleUrl>
      <Polygon>
        <altitudeMode>relativeToGround</altitudeMode>
        <extrude>1</extrude>
        <outerBoundaryIs>
          <LinearRing>
            <coordinates>
              -70.8075621172,-33.1114278960,0
              -70.8075357097,-33.1114282791,0
              -70.8075249949,-33.1109052054,0
              -70.8075514022,-33.1109048223,0
              -70.8075621172,-33.1114278960,0
            </coordinates>
          </LinearRing>
        </outerBoundaryIs>
      </Polygon>
    </Placemark>
    <Placemark>
      <description><![CDATA[LIMITES_TRACKER<BR><BR><B>ELEVATION</B> = 0]]></description>
      <styleUrl>#area2</styleUrl>
      <Polygon>
        <altitudeMode>relativeToGround</altitudeMode>
        <extrude>1</extrude>
        <outerBoundaryIs>
          <LinearRing>
            <coordinates>
              -70.8074879819,-33.1109057424,0
              -70.8074986964,-33.1114288161,0
              -70.8074722890,-33.1114291992,0
              -70.8074615746,-33.1109061255,0
              -70.8074879819,-33.1109057424,0
            </coordinates>
          </LinearRing>
        </outerBoundaryIs>
      </Polygon>
    </Placemark>
    <Placemark>
      <description><![CDATA[LIMITES_TRACKER<BR><BR><B>ELEVATION</B> = 0]]></description>
      <styleUrl>#area3</styleUrl>
      <Polygon>
        <altitudeMode>relativeToGround</altitudeMode>
        <extrude>1</extrude>
        <outerBoundaryIs>
          <LinearRing>
            <coordinates>
              -70.8075513099,-33.1109003145,0
              -70.8075249026,-33.1109006976,0
              -70.8075141881,-33.1103776238,0
              -70.8075405952,-33.1103772407,0
              -70.8075513099,-33.1109003145,0
            </coordinates>
          </LinearRing>
        </outerBoundaryIs>
      </Polygon>
    </Placemark>
    <Placemark>
      <description><![CDATA[LIMITES_TRACKER<BR><BR><B>ELEVATION</B> = 0]]></description>
      <styleUrl>#area3</styleUrl>
      <Polygon>
        <altitudeMode>relativeToGround</altitudeMode>
        <extrude>1</extrude>
        <outerBoundaryIs>
          <LinearRing>
            <coordinates>
              -70.8074771752,-33.1103781608,0
              -70.8074878895,-33.1109012346,0
              -70.8074614822,-33.1109016177,0
              -70.8074507681,-33.1103785439,0
              -70.8074771752,-33.1103781608,0
            </coordinates>
          </LinearRing>
        </outerBoundaryIs>
      </Polygon>
    </Placemark>
    <Placemark>
      <description><![CDATA[LIMITES_TRACKER<BR><BR><B>ELEVATION</B> = 0]]></description>
      <styleUrl>#area1</styleUrl>
      <Polygon>
        <altitudeMode>relativeToGround</altitudeMode>
        <extrude>1</extrude>
        <outerBoundaryIs>
          <LinearRing>
            <coordinates>
              -70.8075806692,-33.1101782547,0
              -70.8075542621,-33.1101786378,0
              -70.8075435477,-33.1096555640,0
              -70.8075699547,-33.1096551809,0
              -70.8075806692,-33.1101782547,0
            </coordinates>
          </LinearRing>
        </outerBoundaryIs>
      </Polygon>
    </Placemark>
    <Placemark>
      <description><![CDATA[LIMITES_TRACKER<BR><BR><B>ELEVATION</B> = 0]]></description>
      <styleUrl>#area1</styleUrl>
      <Polygon>
        <altitudeMode>relativeToGround</altitudeMode>
        <extrude>1</extrude>
        <outerBoundaryIs>
          <LinearRing>
            <coordinates>
              -70.8075065352,-33.1096561009,0
              -70.8075172493,-33.1101791747,0
              -70.8074908422,-33.1101795578,0
              -70.8074801282,-33.1096564840,0
              -70.8075065352,-33.1096561009,0
            </coordinates>
          </LinearRing>
        </outerBoundaryIs>
      </Polygon>
    </Placemark>
    <Placemark>
      <description><![CDATA[LIMITES_TRACKER<BR><BR><B>ELEVATION</B> = 0]]></description>
      <styleUrl>#area3</styleUrl>
      <Polygon>
        <altitudeMode>relativeToGround</altitudeMode>
        <extrude>1</extrude>
        <outerBoundaryIs>
          <LinearRing>
            <coordinates>
              -70.8075698623,-33.1096506730,0
              -70.8075434554,-33.1096510561,0
              -70.8075327413,-33.1091279822,0
              -70.8075591481,-33.1091275992,0
              -70.8075698623,-33.1096506730,0
            </coordinates>
          </LinearRing>
        </outerBoundaryIs>
      </Polygon>
    </Placemark>
    <Placemark>
      <description><![CDATA[LIMITES_TRACKER<BR><BR><B>ELEVATION</B> = 0]]></description>
      <styleUrl>#area3</styleUrl>
      <Polygon>
        <altitudeMode>relativeToGround</altitudeMode>
        <extrude>1</extrude>
        <outerBoundaryIs>
          <LinearRing>
            <coordinates>
              -70.8074957290,-33.1091285192,0
              -70.8075064428,-33.1096515931,0
              -70.8074800359,-33.1096519762,0
              -70.8074693222,-33.1091289023,0
              -70.8074957290,-33.1091285192,0
            </coordinates>
          </LinearRing>
        </outerBoundaryIs>
      </Polygon>
    </Placemark>
    <Placemark>
      <description><![CDATA[LIMITES_TRACKER<BR><BR><B>ELEVATION</B> = 0]]></description>
      <styleUrl>#area5</styleUrl>
      <Polygon>
        <altitudeMode>relativeToGround</altitudeMode>
        <extrude>1</extrude>
        <outerBoundaryIs>
          <LinearRing>
            <coordinates>
              -70.8076619338,-33.1132035580,0
              -70.8076355258,-33.1132039411,0
              -70.8076248097,-33.1126808676,0
              -70.8076512175,-33.1126804845,0
              -70.8076619338,-33.1132035580,0
            </coordinates>
          </LinearRing>
        </outerBoundaryIs>
      </Polygon>
    </Placemark>
    <Placemark>
      <description><![CDATA[LIMITES_TRACKER<BR><BR><B>ELEVATION</B> = 0]]></description>
      <styleUrl>#area5</styleUrl>
      <Polygon>
        <altitudeMode>relativeToGround</altitudeMode>
        <extrude>1</extrude>
        <outerBoundaryIs>
          <LinearRing>
            <coordinates>
              -70.8075877959,-33.1126814046,0
              -70.8075985118,-33.1132044782,0
              -70.8075721038,-33.1132048613,0
              -70.8075613881,-33.1126817878,0
              -70.8075877959,-33.1126814046,0
            </coordinates>
          </LinearRing>
        </outerBoundaryIs>
      </Polygon>
    </Placemark>
    <Placemark>
      <description><![CDATA[LIMITES_TRACKER<BR><BR><B>ELEVATION</B> = 0]]></description>
      <styleUrl>#area1</styleUrl>
      <Polygon>
        <altitudeMode>relativeToGround</altitudeMode>
        <extrude>1</extrude>
        <outerBoundaryIs>
          <LinearRing>
            <coordinates>
              -70.8077105756,-33.1124812186,0
              -70.8076841678,-33.1124816018,0
              -70.8076734517,-33.1119585282,0
              -70.8076998594,-33.1119581450,0
              -70.8077105756,-33.1124812186,0
            </coordinates>
          </LinearRing>
        </outerBoundaryIs>
      </Polygon>
    </Placemark>
    <Placemark>
      <description><![CDATA[LIMITES_TRACKER<BR><BR><B>ELEVATION</B> = 0]]></description>
      <styleUrl>#area1</styleUrl>
      <Polygon>
        <altitudeMode>relativeToGround</altitudeMode>
        <extrude>1</extrude>
        <outerBoundaryIs>
          <LinearRing>
            <coordinates>
              -70.8076364382,-33.1119590652,0
              -70.8076471541,-33.1124821388,0
              -70.8076207463,-33.1124825220,0
              -70.8076100306,-33.1119594484,0
              -70.8076364382,-33.1119590652,0
            </coordinates>
          </LinearRing>
        </outerBoundaryIs>
      </Polygon>
    </Placemark>
    <Placemark>
      <description><![CDATA[LIMITES_TRACKER<BR><BR><B>ELEVATION</B> = 0]]></description>
      <styleUrl>#area2</styleUrl>
      <Polygon>
        <altitudeMode>relativeToGround</altitudeMode>
        <extrude>1</extrude>
        <outerBoundaryIs>
          <LinearRing>
            <coordinates>
              -70.8076997670,-33.1119536372,0
              -70.8076733594,-33.1119540203,0
              -70.8076626436,-33.1114309467,0
              -70.8076890510,-33.1114305636,0
              -70.8076997670,-33.1119536372,0
            </coordinates>
          </LinearRing>
        </outerBoundaryIs>
      </Polygon>
    </Placemark>
    <Placemark>
      <description><![CDATA[LIMITES_TRACKER<BR><BR><B>ELEVATION</B> = 0]]></description>
      <styleUrl>#area2</styleUrl>
      <Polygon>
        <altitudeMode>relativeToGround</altitudeMode>
        <extrude>1</extrude>
        <outerBoundaryIs>
          <LinearRing>
            <coordinates>
              -70.8076256303,-33.1114314837,0
              -70.8076363459,-33.1119545574,0
              -70.8076099383,-33.1119549405,0
              -70.8075992228,-33.1114318669,0
              -70.8076256303,-33.1114314837,0
            </coordinates>
          </LinearRing>
        </outerBoundaryIs>
      </Polygon>
    </Placemark>
    <Placemark>
      <description><![CDATA[LIMITES_TRACKER<BR><BR><B>ELEVATION</B> = 0]]></description>
      <styleUrl>#area2</styleUrl>
      <Polygon>
        <altitudeMode>relativeToGround</altitudeMode>
        <extrude>1</extrude>
        <outerBoundaryIs>
          <LinearRing>
            <coordinates>
              -70.8076889587,-33.1114260557,0
              -70.8076625512,-33.1114264389,0
              -70.8076518357,-33.1109033652,0
              -70.8076782430,-33.1109029821,0
              -70.8076889587,-33.1114260557,0
            </coordinates>
          </LinearRing>
        </outerBoundaryIs>
      </Polygon>
    </Placemark>
    <Placemark>
      <description><![CDATA[LIMITES_TRACKER<BR><BR><B>ELEVATION</B> = 0]]></description>
      <styleUrl>#area2</styleUrl>
      <Polygon>
        <altitudeMode>relativeToGround</altitudeMode>
        <extrude>1</extrude>
        <outerBoundaryIs>
          <LinearRing>
            <coordinates>
              -70.8076148226,-33.1109039022,0
              -70.8076255379,-33.1114269759,0
              -70.8075991305,-33.1114273590,0
              -70.8075884153,-33.1109042853,0
              -70.8076148226,-33.1109039022,0
            </coordinates>
          </LinearRing>
        </outerBoundaryIs>
      </Polygon>
    </Placemark>
    <Placemark>
      <description><![CDATA[LIMITES_TRACKER<BR><BR><B>ELEVATION</B> = 0]]></description>
      <styleUrl>#area3</styleUrl>
      <Polygon>
        <altitudeMode>relativeToGround</altitudeMode>
        <extrude>1</extrude>
        <outerBoundaryIs>
          <LinearRing>
            <coordinates>
              -70.8076781507,-33.1108984742,0
              -70.8076517434,-33.1108988573,0
              -70.8076410281,-33.1103757836,0
              -70.8076674353,-33.1103754005,0
              -70.8076781507,-33.1108984742,0
            </coordinates>
          </LinearRing>
        </outerBoundaryIs>
      </Polygon>
    </Placemark>
    <Placemark>
      <description><![CDATA[LIMITES_TRACKER<BR><BR><B>ELEVATION</B> = 0]]></description>
      <styleUrl>#area3</styleUrl>
      <Polygon>
        <altitudeMode>relativeToGround</altitudeMode>
        <extrude>1</extrude>
        <outerBoundaryIs>
          <LinearRing>
            <coordinates>
              -70.8076040153,-33.1103763206,0
              -70.8076147303,-33.1108993943,0
              -70.8075883230,-33.1108997775,0
              -70.8075776081,-33.1103767037,0
              -70.8076040153,-33.1103763206,0
            </coordinates>
          </LinearRing>
        </outerBoundaryIs>
      </Polygon>
    </Placemark>
    <Placemark>
      <description><![CDATA[LIMITES_TRACKER<BR><BR><B>ELEVATION</B> = 0]]></description>
      <styleUrl>#area1</styleUrl>
      <Polygon>
        <altitudeMode>relativeToGround</altitudeMode>
        <extrude>1</extrude>
        <outerBoundaryIs>
          <LinearRing>
            <coordinates>
              -70.8077075089,-33.1101764144,0
              -70.8076811018,-33.1101767975,0
              -70.8076703867,-33.1096537238,0
              -70.8076967936,-33.1096533406,0
              -70.8077075089,-33.1101764144,0
            </coordinates>
          </LinearRing>
        </outerBoundaryIs>
      </Polygon>
    </Placemark>
    <Placemark>
      <description><![CDATA[LIMITES_TRACKER<BR><BR><B>ELEVATION</B> = 0]]></description>
      <styleUrl>#area1</styleUrl>
      <Polygon>
        <altitudeMode>relativeToGround</altitudeMode>
        <extrude>1</extrude>
        <outerBoundaryIs>
          <LinearRing>
            <coordinates>
              -70.8076333741,-33.1096542608,0
              -70.8076440891,-33.1101773345,0
              -70.8076176820,-33.1101777177,0
              -70.8076069672,-33.1096546439,0
              -70.8076333741,-33.1096542608,0
            </coordinates>
          </LinearRing>
        </outerBoundaryIs>
      </Polygon>
    </Placemark>
    <Placemark>
      <description><![CDATA[LIMITES_TRACKER<BR><BR><B>ELEVATION</B> = 0]]></description>
      <styleUrl>#area3</styleUrl>
      <Polygon>
        <altitudeMode>relativeToGround</altitudeMode>
        <extrude>1</extrude>
        <outerBoundaryIs>
          <LinearRing>
            <coordinates>
              -70.8076967013,-33.1096488328,0
              -70.8076702944,-33.1096492159,0
              -70.8076595795,-33.1091261421,0
              -70.8076859863,-33.1091257590,0
              -70.8076967013,-33.1096488328,0
            </coordinates>
          </LinearRing>
        </outerBoundaryIs>
      </Polygon>
    </Placemark>
    <Placemark>
      <description><![CDATA[LIMITES_TRACKER<BR><BR><B>ELEVATION</B> = 0]]></description>
      <styleUrl>#area3</styleUrl>
      <Polygon>
        <altitudeMode>relativeToGround</altitudeMode>
        <extrude>1</extrude>
        <outerBoundaryIs>
          <LinearRing>
            <coordinates>
              -70.8076225672,-33.1091266791,0
              -70.8076332818,-33.1096497529,0
              -70.8076068749,-33.1096501360,0
              -70.8075961604,-33.1091270622,0
              -70.8076225672,-33.1091266791,0
            </coordinates>
          </LinearRing>
        </outerBoundaryIs>
      </Polygon>
    </Placemark>
    <Placemark>
      <description><![CDATA[LIMITES_TRACKER<BR><BR><B>ELEVATION</B> = 0]]></description>
      <styleUrl>#area5</styleUrl>
      <Polygon>
        <altitudeMode>relativeToGround</altitudeMode>
        <extrude>1</extrude>
        <outerBoundaryIs>
          <LinearRing>
            <coordinates>
              -70.8077887779,-33.1132017175,0
              -70.8077623699,-33.1132021007,0
              -70.8077516530,-33.1126790272,0
              -70.8077780609,-33.1126786440,0
              -70.8077887779,-33.1132017175,0
            </coordinates>
          </LinearRing>
        </outerBoundaryIs>
      </Polygon>
    </Placemark>
    <Placemark>
      <description><![CDATA[LIMITES_TRACKER<BR><BR><B>ELEVATION</B> = 0]]></description>
      <styleUrl>#area5</styleUrl>
      <Polygon>
        <altitudeMode>relativeToGround</altitudeMode>
        <extrude>1</extrude>
        <outerBoundaryIs>
          <LinearRing>
            <coordinates>
              -70.8077146392,-33.1126795643,0
              -70.8077253558,-33.1132026378,0
              -70.8076989478,-33.1132030209,0
              -70.8076882314,-33.1126799474,0
              -70.8077146392,-33.1126795643,0
            </coordinates>
          </LinearRing>
        </outerBoundaryIs>
      </Polygon>
    </Placemark>
    <Placemark>
      <description><![CDATA[LIMITES_TRACKER<BR><BR><B>ELEVATION</B> = 0]]></description>
      <styleUrl>#area1</styleUrl>
      <Polygon>
        <altitudeMode>relativeToGround</altitudeMode>
        <extrude>1</extrude>
        <outerBoundaryIs>
          <LinearRing>
            <coordinates>
              -70.8078374186,-33.1124793781,0
              -70.8078110109,-33.1124797613,0
              -70.8078002940,-33.1119566878,0
              -70.8078267016,-33.1119563046,0
              -70.8078374186,-33.1124793781,0
            </coordinates>
          </LinearRing>
        </outerBoundaryIs>
      </Polygon>
    </Placemark>
    <Placemark>
      <description><![CDATA[LIMITES_TRACKER<BR><BR><B>ELEVATION</B> = 0]]></description>
      <styleUrl>#area1</styleUrl>
      <Polygon>
        <altitudeMode>relativeToGround</altitudeMode>
        <extrude>1</extrude>
        <outerBoundaryIs>
          <LinearRing>
            <coordinates>
              -70.8077632805,-33.1119572248,0
              -70.8077739971,-33.1124802984,0
              -70.8077475893,-33.1124806815,0
              -70.8077368729,-33.1119576080,0
              -70.8077632805,-33.1119572248,0
            </coordinates>
          </LinearRing>
        </outerBoundaryIs>
      </Polygon>
    </Placemark>
    <Placemark>
      <description><![CDATA[LIMITES_TRACKER<BR><BR><B>ELEVATION</B> = 0]]></description>
      <styleUrl>#area2</styleUrl>
      <Polygon>
        <altitudeMode>relativeToGround</altitudeMode>
        <extrude>1</extrude>
        <outerBoundaryIs>
          <LinearRing>
            <coordinates>
              -70.8078266093,-33.1119517967,0
              -70.8078002017,-33.1119521799,0
              -70.8077894851,-33.1114291063,0
              -70.8078158926,-33.1114287231,0
              -70.8078266093,-33.1119517967,0
            </coordinates>
          </LinearRing>
        </outerBoundaryIs>
      </Polygon>
    </Placemark>
    <Placemark>
      <description><![CDATA[LIMITES_TRACKER<BR><BR><B>ELEVATION</B> = 0]]></description>
      <styleUrl>#area2</styleUrl>
      <Polygon>
        <altitudeMode>relativeToGround</altitudeMode>
        <extrude>1</extrude>
        <outerBoundaryIs>
          <LinearRing>
            <coordinates>
              -70.8077524718,-33.1114296434,0
              -70.8077631881,-33.1119527170,0
              -70.8077367805,-33.1119531001,0
              -70.8077260643,-33.1114300265,0
              -70.8077524718,-33.1114296434,0
            </coordinates>
          </LinearRing>
        </outerBoundaryIs>
      </Polygon>
    </Placemark>
    <Placemark>
      <description><![CDATA[LIMITES_TRACKER<BR><BR><B>ELEVATION</B> = 0]]></description>
      <styleUrl>#area2</styleUrl>
      <Polygon>
        <altitudeMode>relativeToGround</altitudeMode>
        <extrude>1</extrude>
        <outerBoundaryIs>
          <LinearRing>
            <coordinates>
              -70.8078158002,-33.1114242153,0
              -70.8077893927,-33.1114245985,0
              -70.8077786765,-33.1109015248,0
              -70.8078050838,-33.1109011417,0
              -70.8078158002,-33.1114242153,0
            </coordinates>
          </LinearRing>
        </outerBoundaryIs>
      </Polygon>
    </Placemark>
    <Placemark>
      <description><![CDATA[LIMITES_TRACKER<BR><BR><B>ELEVATION</B> = 0]]></description>
      <styleUrl>#area2</styleUrl>
      <Polygon>
        <altitudeMode>relativeToGround</altitudeMode>
        <extrude>1</extrude>
        <outerBoundaryIs>
          <LinearRing>
            <coordinates>
              -70.8077416634,-33.1109020619,0
              -70.8077523794,-33.1114251355,0
              -70.8077259720,-33.1114255187,0
              -70.8077152561,-33.1109024450,0
              -70.8077416634,-33.1109020619,0
            </coordinates>
          </LinearRing>
        </outerBoundaryIs>
      </Polygon>
    </Placemark>
    <Placemark>
      <description><![CDATA[LIMITES_TRACKER<BR><BR><B>ELEVATION</B> = 0]]></description>
      <styleUrl>#area1</styleUrl>
      <Polygon>
        <altitudeMode>relativeToGround</altitudeMode>
        <extrude>1</extrude>
        <outerBoundaryIs>
          <LinearRing>
            <coordinates>
              -70.8078343486,-33.1101745740,0
              -70.8078079415,-33.1101749572,0
              -70.8077972257,-33.1096518834,0
              -70.8078236326,-33.1096515003,0
              -70.8078343486,-33.1101745740,0
            </coordinates>
          </LinearRing>
        </outerBoundaryIs>
      </Polygon>
    </Placemark>
    <Placemark>
      <description><![CDATA[LIMITES_TRACKER<BR><BR><B>ELEVATION</B> = 0]]></description>
      <styleUrl>#area1</styleUrl>
      <Polygon>
        <altitudeMode>relativeToGround</altitudeMode>
        <extrude>1</extrude>
        <outerBoundaryIs>
          <LinearRing>
            <coordinates>
              -70.8077602131,-33.1096524205,0
              -70.8077709288,-33.1101754942,0
              -70.8077445217,-33.1101758774,0
              -70.8077338062,-33.1096528036,0
              -70.8077602131,-33.1096524205,0
            </coordinates>
          </LinearRing>
        </outerBoundaryIs>
      </Polygon>
    </Placemark>
    <Placemark>
      <description><![CDATA[LIMITES_TRACKER<BR><BR><B>ELEVATION</B> = 0]]></description>
      <styleUrl>#area3</styleUrl>
      <Polygon>
        <altitudeMode>relativeToGround</altitudeMode>
        <extrude>1</extrude>
        <outerBoundaryIs>
          <LinearRing>
            <coordinates>
              -70.8078235402,-33.1096469924,0
              -70.8077971333,-33.1096473756,0
              -70.8077864177,-33.1091243018,0
              -70.8078128245,-33.1091239186,0
              -70.8078235402,-33.1096469924,0
            </coordinates>
          </LinearRing>
        </outerBoundaryIs>
      </Polygon>
    </Placemark>
    <Placemark>
      <description><![CDATA[LIMITES_TRACKER<BR><BR><B>ELEVATION</B> = 0]]></description>
      <styleUrl>#area3</styleUrl>
      <Polygon>
        <altitudeMode>relativeToGround</altitudeMode>
        <extrude>1</extrude>
        <outerBoundaryIs>
          <LinearRing>
            <coordinates>
              -70.8077494054,-33.1091248388,0
              -70.8077601208,-33.1096479126,0
              -70.8077337138,-33.1096482958,0
              -70.8077229986,-33.1091252220,0
              -70.8077494054,-33.1091248388,0
            </coordinates>
          </LinearRing>
        </outerBoundaryIs>
      </Polygon>
    </Placemark>
    <Placemark>
      <description><![CDATA[LIMITES_TRACKER<BR><BR><B>ELEVATION</B> = 0]]></description>
      <styleUrl>#area5</styleUrl>
      <Polygon>
        <altitudeMode>relativeToGround</altitudeMode>
        <extrude>1</extrude>
        <outerBoundaryIs>
          <LinearRing>
            <coordinates>
              -70.8079156219,-33.1131998769,0
              -70.8078892139,-33.1132002601,0
              -70.8078784963,-33.1126771866,0
              -70.8079049042,-33.1126768034,0
              -70.8079156219,-33.1131998769,0
            </coordinates>
          </LinearRing>
        </outerBoundaryIs>
      </Polygon>
    </Placemark>
    <Placemark>
      <description><![CDATA[LIMITES_TRACKER<BR><BR><B>ELEVATION</B> = 0]]></description>
      <styleUrl>#area5</styleUrl>
      <Polygon>
        <altitudeMode>relativeToGround</altitudeMode>
        <extrude>1</extrude>
        <outerBoundaryIs>
          <LinearRing>
            <coordinates>
              -70.8078414825,-33.1126777237,0
              -70.8078521999,-33.1132007972,0
              -70.8078257919,-33.1132011804,0
              -70.8078150747,-33.1126781069,0
              -70.8078414825,-33.1126777237,0
            </coordinates>
          </LinearRing>
        </outerBoundaryIs>
      </Polygon>
    </Placemark>
    <Placemark>
      <description><![CDATA[LIMITES_TRACKER<BR><BR><B>ELEVATION</B> = 0]]></description>
      <styleUrl>#area1</styleUrl>
      <Polygon>
        <altitudeMode>relativeToGround</altitudeMode>
        <extrude>1</extrude>
        <outerBoundaryIs>
          <LinearRing>
            <coordinates>
              -70.8079642616,-33.1124775375,0
              -70.8079378539,-33.1124779207,0
              -70.8079271363,-33.1119548472,0
              -70.8079535439,-33.1119544640,0
              -70.8079642616,-33.1124775375,0
            </coordinates>
          </LinearRing>
        </outerBoundaryIs>
      </Polygon>
    </Placemark>
    <Placemark>
      <description><![CDATA[LIMITES_TRACKER<BR><BR><B>ELEVATION</B> = 0]]></description>
      <styleUrl>#area1</styleUrl>
      <Polygon>
        <altitudeMode>relativeToGround</altitudeMode>
        <extrude>1</extrude>
        <outerBoundaryIs>
          <LinearRing>
            <coordinates>
              -70.8078901228,-33.1119553843,0
              -70.8079008401,-33.1124784578,0
              -70.8078744324,-33.1124788410,0
              -70.8078637151,-33.1119557675,0
              -70.8078901228,-33.1119553843,0
            </coordinates>
          </LinearRing>
        </outerBoundaryIs>
      </Polygon>
    </Placemark>
    <Placemark>
      <description><![CDATA[LIMITES_TRACKER<BR><BR><B>ELEVATION</B> = 0]]></description>
      <styleUrl>#area2</styleUrl>
      <Polygon>
        <altitudeMode>relativeToGround</altitudeMode>
        <extrude>1</extrude>
        <outerBoundaryIs>
          <LinearRing>
            <coordinates>
              -70.8079534515,-33.1119499561,0
              -70.8079270439,-33.1119503393,0
              -70.8079163266,-33.1114272658,0
              -70.8079427340,-33.1114268826,0
              -70.8079534515,-33.1119499561,0
            </coordinates>
          </LinearRing>
        </outerBoundaryIs>
      </Polygon>
    </Placemark>
    <Placemark>
      <description><![CDATA[LIMITES_TRACKER<BR><BR><B>ELEVATION</B> = 0]]></description>
      <styleUrl>#area2</styleUrl>
      <Polygon>
        <altitudeMode>relativeToGround</altitudeMode>
        <extrude>1</extrude>
        <outerBoundaryIs>
          <LinearRing>
            <coordinates>
              -70.8078793133,-33.1114278029,0
              -70.8078900304,-33.1119508764,0
              -70.8078636228,-33.1119512596,0
              -70.8078529058,-33.1114281861,0
              -70.8078793133,-33.1114278029,0
            </coordinates>
          </LinearRing>
        </outerBoundaryIs>
      </Polygon>
    </Placemark>
    <Placemark>
      <description><![CDATA[LIMITES_TRACKER<BR><BR><B>ELEVATION</B> = 0]]></description>
      <styleUrl>#area2</styleUrl>
      <Polygon>
        <altitudeMode>relativeToGround</altitudeMode>
        <extrude>1</extrude>
        <outerBoundaryIs>
          <LinearRing>
            <coordinates>
              -70.8079426417,-33.1114223747,0
              -70.8079162342,-33.1114227579,0
              -70.8079055172,-33.1108996843,0
              -70.8079319245,-33.1108993011,0
              -70.8079426417,-33.1114223747,0
            </coordinates>
          </LinearRing>
        </outerBoundaryIs>
      </Polygon>
    </Placemark>
    <Placemark>
      <description><![CDATA[LIMITES_TRACKER<BR><BR><B>ELEVATION</B> = 0]]></description>
      <styleUrl>#area2</styleUrl>
      <Polygon>
        <altitudeMode>relativeToGround</altitudeMode>
        <extrude>1</extrude>
        <outerBoundaryIs>
          <LinearRing>
            <coordinates>
              -70.8078685041,-33.1109002214,0
              -70.8078792209,-33.1114232950,0
              -70.8078528135,-33.1114236782,0
              -70.8078420968,-33.1109006046,0
              -70.8078685041,-33.1109002214,0
            </coordinates>
          </LinearRing>
        </outerBoundaryIs>
      </Polygon>
    </Placemark>
    <Placemark>
      <description><![CDATA[LIMITES_TRACKER<BR><BR><B>ELEVATION</B> = 0]]></description>
      <styleUrl>#area1</styleUrl>
      <Polygon>
        <altitudeMode>relativeToGround</altitudeMode>
        <extrude>1</extrude>
        <outerBoundaryIs>
          <LinearRing>
            <coordinates>
              -70.8079611883,-33.1101727335,0
              -70.8079347812,-33.1101731167,0
              -70.8079240646,-33.1096500430,0
              -70.8079504715,-33.1096496598,0
              -70.8079611883,-33.1101727335,0
            </coordinates>
          </LinearRing>
        </outerBoundaryIs>
      </Polygon>
    </Placemark>
    <Placemark>
      <description><![CDATA[LIMITES_TRACKER<BR><BR><B>ELEVATION</B> = 0]]></description>
      <styleUrl>#area1</styleUrl>
      <Polygon>
        <altitudeMode>relativeToGround</altitudeMode>
        <extrude>1</extrude>
        <outerBoundaryIs>
          <LinearRing>
            <coordinates>
              -70.8078870521,-33.1096505800,0
              -70.8078977685,-33.1101736538,0
              -70.8078713614,-33.1101740369,0
              -70.8078606451,-33.1096509632,0
              -70.8078870521,-33.1096505800,0
            </coordinates>
          </LinearRing>
        </outerBoundaryIs>
      </Polygon>
    </Placemark>
    <Placemark>
      <description><![CDATA[LIMITES_TRACKER<BR><BR><B>ELEVATION</B> = 0]]></description>
      <styleUrl>#area3</styleUrl>
      <Polygon>
        <altitudeMode>relativeToGround</altitudeMode>
        <extrude>1</extrude>
        <outerBoundaryIs>
          <LinearRing>
            <coordinates>
              -70.8079503792,-33.1096451519,0
              -70.8079239722,-33.1096455351,0
              -70.8079132559,-33.1091224614,0
              -70.8079396627,-33.1091220782,0
              -70.8079503792,-33.1096451519,0
            </coordinates>
          </LinearRing>
        </outerBoundaryIs>
      </Polygon>
    </Placemark>
    <Placemark>
      <description><![CDATA[LIMITES_TRACKER<BR><BR><B>ELEVATION</B> = 0]]></description>
      <styleUrl>#area3</styleUrl>
      <Polygon>
        <altitudeMode>relativeToGround</altitudeMode>
        <extrude>1</extrude>
        <outerBoundaryIs>
          <LinearRing>
            <coordinates>
              -70.8078762436,-33.1091229984,0
              -70.8078869597,-33.1096460722,0
              -70.8078605528,-33.1096464554,0
              -70.8078498368,-33.1091233816,0
              -70.8078762436,-33.1091229984,0
            </coordinates>
          </LinearRing>
        </outerBoundaryIs>
      </Polygon>
    </Placemark>
    <Placemark>
      <description><![CDATA[LIMITES_TRACKER<BR><BR><B>ELEVATION</B> = 0]]></description>
      <styleUrl>#area5</styleUrl>
      <Polygon>
        <altitudeMode>relativeToGround</altitudeMode>
        <extrude>1</extrude>
        <outerBoundaryIs>
          <LinearRing>
            <coordinates>
              -70.8080424659,-33.1131980361,0
              -70.8080160580,-33.1131984194,0
              -70.8080053396,-33.1126753459,0
              -70.8080317474,-33.1126749627,0
              -70.8080424659,-33.1131980361,0
            </coordinates>
          </LinearRing>
        </outerBoundaryIs>
      </Polygon>
    </Placemark>
    <Placemark>
      <description><![CDATA[LIMITES_TRACKER<BR><BR><B>ELEVATION</B> = 0]]></description>
      <styleUrl>#area5</styleUrl>
      <Polygon>
        <altitudeMode>relativeToGround</altitudeMode>
        <extrude>1</extrude>
        <outerBoundaryIs>
          <LinearRing>
            <coordinates>
              -70.8079683258,-33.1126758831,0
              -70.8079790439,-33.1131989565,0
              -70.8079526359,-33.1131993397,0
              -70.8079419180,-33.1126762663,0
              -70.8079683258,-33.1126758831,0
            </coordinates>
          </LinearRing>
        </outerBoundaryIs>
      </Polygon>
    </Placemark>
    <Placemark>
      <description><![CDATA[LIMITES_TRACKER<BR><BR><B>ELEVATION</B> = 0]]></description>
      <styleUrl>#area1</styleUrl>
      <Polygon>
        <altitudeMode>relativeToGround</altitudeMode>
        <extrude>1</extrude>
        <outerBoundaryIs>
          <LinearRing>
            <coordinates>
              -70.8080911046,-33.1124756967,0
              -70.8080646969,-33.1124760799,0
              -70.8080539785,-33.1119530065,0
              -70.8080803861,-33.1119526232,0
              -70.8080911046,-33.1124756967,0
            </coordinates>
          </LinearRing>
        </outerBoundaryIs>
      </Polygon>
    </Placemark>
    <Placemark>
      <description><![CDATA[LIMITES_TRACKER<BR><BR><B>ELEVATION</B> = 0]]></description>
      <styleUrl>#area1</styleUrl>
      <Polygon>
        <altitudeMode>relativeToGround</altitudeMode>
        <extrude>1</extrude>
        <outerBoundaryIs>
          <LinearRing>
            <coordinates>
              -70.8080169650,-33.1119535436,0
              -70.8080276831,-33.1124766171,0
              -70.8080012754,-33.1124770003,0
              -70.8079905574,-33.1119539268,0
              -70.8080169650,-33.1119535436,0
            </coordinates>
          </LinearRing>
        </outerBoundaryIs>
      </Polygon>
    </Placemark>
    <Placemark>
      <description><![CDATA[LIMITES_TRACKER<BR><BR><B>ELEVATION</B> = 0]]></description>
      <styleUrl>#area2</styleUrl>
      <Polygon>
        <altitudeMode>relativeToGround</altitudeMode>
        <extrude>1</extrude>
        <outerBoundaryIs>
          <LinearRing>
            <coordinates>
              -70.8080802938,-33.1119481154,0
              -70.8080538861,-33.1119484986,0
              -70.8080431681,-33.1114254251,0
              -70.8080695755,-33.1114250419,0
              -70.8080802938,-33.1119481154,0
            </coordinates>
          </LinearRing>
        </outerBoundaryIs>
      </Polygon>
    </Placemark>
    <Placemark>
      <description><![CDATA[LIMITES_TRACKER<BR><BR><B>ELEVATION</B> = 0]]></description>
      <styleUrl>#area2</styleUrl>
      <Polygon>
        <altitudeMode>relativeToGround</altitudeMode>
        <extrude>1</extrude>
        <outerBoundaryIs>
          <LinearRing>
            <coordinates>
              -70.8080061548,-33.1114259622,0
              -70.8080168726,-33.1119490358,0
              -70.8079904650,-33.1119494190,0
              -70.8079797473,-33.1114263455,0
              -70.8080061548,-33.1114259622,0
            </coordinates>
          </LinearRing>
        </outerBoundaryIs>
      </Polygon>
    </Placemark>
    <Placemark>
      <description><![CDATA[LIMITES_TRACKER<BR><BR><B>ELEVATION</B> = 0]]></description>
      <styleUrl>#area3</styleUrl>
      <Polygon>
        <altitudeMode>relativeToGround</altitudeMode>
        <extrude>1</extrude>
        <outerBoundaryIs>
          <LinearRing>
            <coordinates>
              -70.8080694832,-33.1114205340,0
              -70.8080430757,-33.1114209173,0
              -70.8080323579,-33.1108978437,0
              -70.8080587652,-33.1108974605,0
              -70.8080694832,-33.1114205340,0
            </coordinates>
          </LinearRing>
        </outerBoundaryIs>
      </Polygon>
    </Placemark>
    <Placemark>
      <description><![CDATA[LIMITES_TRACKER<BR><BR><B>ELEVATION</B> = 0]]></description>
      <styleUrl>#area3</styleUrl>
      <Polygon>
        <altitudeMode>relativeToGround</altitudeMode>
        <extrude>1</extrude>
        <outerBoundaryIs>
          <LinearRing>
            <coordinates>
              -70.8079953449,-33.1108983808,0
              -70.8080060624,-33.1114214544,0
              -70.8079796550,-33.1114218376,0
              -70.8079689376,-33.1108987640,0
              -70.8079953449,-33.1108983808,0
            </coordinates>
          </LinearRing>
        </outerBoundaryIs>
      </Polygon>
    </Placemark>
    <Placemark>
      <description><![CDATA[LIMITES_TRACKER<BR><BR><B>ELEVATION</B> = 0]]></description>
      <styleUrl>#area1</styleUrl>
      <Polygon>
        <altitudeMode>relativeToGround</altitudeMode>
        <extrude>1</extrude>
        <outerBoundaryIs>
          <LinearRing>
            <coordinates>
              -70.8080880280,-33.1101708928,0
              -70.8080616209,-33.1101712760,0
              -70.8080509035,-33.1096482024,0
              -70.8080773105,-33.1096478192,0
              -70.8080880280,-33.1101708928,0
            </coordinates>
          </LinearRing>
        </outerBoundaryIs>
      </Polygon>
    </Placemark>
    <Placemark>
      <description><![CDATA[LIMITES_TRACKER<BR><BR><B>ELEVATION</B> = 0]]></description>
      <styleUrl>#area1</styleUrl>
      <Polygon>
        <altitudeMode>relativeToGround</altitudeMode>
        <extrude>1</extrude>
        <outerBoundaryIs>
          <LinearRing>
            <coordinates>
              -70.8080138910,-33.1096487395,0
              -70.8080246082,-33.1101718132,0
              -70.8079982011,-33.1101721964,0
              -70.8079874841,-33.1096491227,0
              -70.8080138910,-33.1096487395,0
            </coordinates>
          </LinearRing>
        </outerBoundaryIs>
      </Polygon>
    </Placemark>
    <Placemark>
      <description><![CDATA[LIMITES_TRACKER<BR><BR><B>ELEVATION</B> = 0]]></description>
      <styleUrl>#area3</styleUrl>
      <Polygon>
        <altitudeMode>relativeToGround</altitudeMode>
        <extrude>1</extrude>
        <outerBoundaryIs>
          <LinearRing>
            <coordinates>
              -70.8080772181,-33.1096433113,0
              -70.8080508112,-33.1096436945,0
              -70.8080400941,-33.1091206208,0
              -70.8080665008,-33.1091202376,0
              -70.8080772181,-33.1096433113,0
            </coordinates>
          </LinearRing>
        </outerBoundaryIs>
      </Polygon>
    </Placemark>
    <Placemark>
      <description><![CDATA[LIMITES_TRACKER<BR><BR><B>ELEVATION</B> = 0]]></description>
      <styleUrl>#area3</styleUrl>
      <Polygon>
        <altitudeMode>relativeToGround</altitudeMode>
        <extrude>1</extrude>
        <outerBoundaryIs>
          <LinearRing>
            <coordinates>
              -70.8080030817,-33.1091211579,0
              -70.8080137986,-33.1096442316,0
              -70.8079873917,-33.1096446148,0
              -70.8079766750,-33.1091215411,0
              -70.8080030817,-33.1091211579,0
            </coordinates>
          </LinearRing>
        </outerBoundaryIs>
      </Polygon>
    </Placemark>
    <Placemark>
      <description><![CDATA[LIMITES_TRACKER<BR><BR><B>ELEVATION</B> = 0]]></description>
      <styleUrl>#area5</styleUrl>
      <Polygon>
        <altitudeMode>relativeToGround</altitudeMode>
        <extrude>1</extrude>
        <outerBoundaryIs>
          <LinearRing>
            <coordinates>
              -70.8081693100,-33.1131961952,0
              -70.8081429020,-33.1131965785,0
              -70.8081321829,-33.1126735051,0
              -70.8081585907,-33.1126731219,0
              -70.8081693100,-33.1131961952,0
            </coordinates>
          </LinearRing>
        </outerBoundaryIs>
      </Polygon>
    </Placemark>
    <Placemark>
      <description><![CDATA[LIMITES_TRACKER<BR><BR><B>ELEVATION</B> = 0]]></description>
      <styleUrl>#area5</styleUrl>
      <Polygon>
        <altitudeMode>relativeToGround</altitudeMode>
        <extrude>1</extrude>
        <outerBoundaryIs>
          <LinearRing>
            <coordinates>
              -70.8080951691,-33.1126740423,0
              -70.8081058880,-33.1131971157,0
              -70.8080794800,-33.1131974990,0
              -70.8080687612,-33.1126744256,0
              -70.8080951691,-33.1126740423,0
            </coordinates>
          </LinearRing>
        </outerBoundaryIs>
      </Polygon>
    </Placemark>
    <Placemark>
      <description><![CDATA[LIMITES_TRACKER<BR><BR><B>ELEVATION</B> = 0]]></description>
      <styleUrl>#area1</styleUrl>
      <Polygon>
        <altitudeMode>relativeToGround</altitudeMode>
        <extrude>1</extrude>
        <outerBoundaryIs>
          <LinearRing>
            <coordinates>
              -70.8082179476,-33.1124738558,0
              -70.8081915398,-33.1124742391,0
              -70.8081808207,-33.1119511656,0
              -70.8082072284,-33.1119507824,0
              -70.8082179476,-33.1124738558,0
            </coordinates>
          </LinearRing>
        </outerBoundaryIs>
      </Polygon>
    </Placemark>
    <Placemark>
      <description><![CDATA[LIMITES_TRACKER<BR><BR><B>ELEVATION</B> = 0]]></description>
      <styleUrl>#area1</styleUrl>
      <Polygon>
        <altitudeMode>relativeToGround</altitudeMode>
        <extrude>1</extrude>
        <outerBoundaryIs>
          <LinearRing>
            <coordinates>
              -70.8081438072,-33.1119517028,0
              -70.8081545261,-33.1124747763,0
              -70.8081281183,-33.1124751595,0
              -70.8081173996,-33.1119520861,0
              -70.8081438072,-33.1119517028,0
            </coordinates>
          </LinearRing>
        </outerBoundaryIs>
      </Polygon>
    </Placemark>
    <Placemark>
      <description><![CDATA[LIMITES_TRACKER<BR><BR><B>ELEVATION</B> = 0]]></description>
      <styleUrl>#area2</styleUrl>
      <Polygon>
        <altitudeMode>relativeToGround</altitudeMode>
        <extrude>1</extrude>
        <outerBoundaryIs>
          <LinearRing>
            <coordinates>
              -70.8082071360,-33.1119462745,0
              -70.8081807284,-33.1119466578,0
              -70.8081700096,-33.1114235843,0
              -70.8081964170,-33.1114232011,0
              -70.8082071360,-33.1119462745,0
            </coordinates>
          </LinearRing>
        </outerBoundaryIs>
      </Polygon>
    </Placemark>
    <Placemark>
      <description><![CDATA[LIMITES_TRACKER<BR><BR><B>ELEVATION</B> = 0]]></description>
      <styleUrl>#area2</styleUrl>
      <Polygon>
        <altitudeMode>relativeToGround</altitudeMode>
        <extrude>1</extrude>
        <outerBoundaryIs>
          <LinearRing>
            <coordinates>
              -70.8081329963,-33.1114241215,0
              -70.8081437149,-33.1119471950,0
              -70.8081173073,-33.1119475782,0
              -70.8081065888,-33.1114245047,0
              -70.8081329963,-33.1114241215,0
            </coordinates>
          </LinearRing>
        </outerBoundaryIs>
      </Polygon>
    </Placemark>
    <Placemark>
      <description><![CDATA[LIMITES_TRACKER<BR><BR><B>ELEVATION</B> = 0]]></description>
      <styleUrl>#area3</styleUrl>
      <Polygon>
        <altitudeMode>relativeToGround</altitudeMode>
        <extrude>1</extrude>
        <outerBoundaryIs>
          <LinearRing>
            <coordinates>
              -70.8081963246,-33.1114186932,0
              -70.8081699172,-33.1114190765,0
              -70.8081591986,-33.1108960029,0
              -70.8081856059,-33.1108956197,0
              -70.8081963246,-33.1114186932,0
            </coordinates>
          </LinearRing>
        </outerBoundaryIs>
      </Polygon>
    </Placemark>
    <Placemark>
      <description><![CDATA[LIMITES_TRACKER<BR><BR><B>ELEVATION</B> = 0]]></description>
      <styleUrl>#area3</styleUrl>
      <Polygon>
        <altitudeMode>relativeToGround</altitudeMode>
        <extrude>1</extrude>
        <outerBoundaryIs>
          <LinearRing>
            <coordinates>
              -70.8081221856,-33.1108965401,0
              -70.8081329039,-33.1114196136,0
              -70.8081064964,-33.1114199969,0
              -70.8080957783,-33.1108969233,0
              -70.8081221856,-33.1108965401,0
            </coordinates>
          </LinearRing>
        </outerBoundaryIs>
      </Polygon>
    </Placemark>
    <Placemark>
      <description><![CDATA[LIMITES_TRACKER<BR><BR><B>ELEVATION</B> = 0]]></description>
      <styleUrl>#area1</styleUrl>
      <Polygon>
        <altitudeMode>relativeToGround</altitudeMode>
        <extrude>1</extrude>
        <outerBoundaryIs>
          <LinearRing>
            <coordinates>
              -70.8082148677,-33.1101690520,0
              -70.8081884606,-33.1101694353,0
              -70.8081777425,-33.1096463617,0
              -70.8082041494,-33.1096459784,0
              -70.8082148677,-33.1101690520,0
            </coordinates>
          </LinearRing>
        </outerBoundaryIs>
      </Polygon>
    </Placemark>
    <Placemark>
      <description><![CDATA[LIMITES_TRACKER<BR><BR><B>ELEVATION</B> = 0]]></description>
      <styleUrl>#area1</styleUrl>
      <Polygon>
        <altitudeMode>relativeToGround</altitudeMode>
        <extrude>1</extrude>
        <outerBoundaryIs>
          <LinearRing>
            <coordinates>
              -70.8081407299,-33.1096468988,0
              -70.8081514478,-33.1101699725,0
              -70.8081250408,-33.1101703557,0
              -70.8081143230,-33.1096472820,0
              -70.8081407299,-33.1096468988,0
            </coordinates>
          </LinearRing>
        </outerBoundaryIs>
      </Polygon>
    </Placemark>
    <Placemark>
      <description><![CDATA[LIMITES_TRACKER<BR><BR><B>ELEVATION</B> = 0]]></description>
      <styleUrl>#area3</styleUrl>
      <Polygon>
        <altitudeMode>relativeToGround</altitudeMode>
        <extrude>1</extrude>
        <outerBoundaryIs>
          <LinearRing>
            <coordinates>
              -70.8082040570,-33.1096414706,0
              -70.8081776501,-33.1096418538,0
              -70.8081669322,-33.1091187801,0
              -70.8081933390,-33.1091183969,0
              -70.8082040570,-33.1096414706,0
            </coordinates>
          </LinearRing>
        </outerBoundaryIs>
      </Polygon>
    </Placemark>
    <Placemark>
      <description><![CDATA[LIMITES_TRACKER<BR><BR><B>ELEVATION</B> = 0]]></description>
      <styleUrl>#area3</styleUrl>
      <Polygon>
        <altitudeMode>relativeToGround</altitudeMode>
        <extrude>1</extrude>
        <outerBoundaryIs>
          <LinearRing>
            <coordinates>
              -70.8081299199,-33.1091193173,0
              -70.8081406375,-33.1096423910,0
              -70.8081142306,-33.1096427742,0
              -70.8081035132,-33.1091197005,0
              -70.8081299199,-33.1091193173,0
            </coordinates>
          </LinearRing>
        </outerBoundaryIs>
      </Polygon>
    </Placemark>
    <Placemark>
      <description><![CDATA[LIMITES_TRACKER<BR><BR><B>ELEVATION</B> = 0]]></description>
      <styleUrl>#area5</styleUrl>
      <Polygon>
        <altitudeMode>relativeToGround</altitudeMode>
        <extrude>1</extrude>
        <outerBoundaryIs>
          <LinearRing>
            <coordinates>
              -70.8082961540,-33.1131943542,0
              -70.8082697460,-33.1131947375,0
              -70.8082590261,-33.1126716642,0
              -70.8082854340,-33.1126712809,0
              -70.8082961540,-33.1131943542,0
            </coordinates>
          </LinearRing>
        </outerBoundaryIs>
      </Polygon>
    </Placemark>
    <Placemark>
      <description><![CDATA[LIMITES_TRACKER<BR><BR><B>ELEVATION</B> = 0]]></description>
      <styleUrl>#area5</styleUrl>
      <Polygon>
        <altitudeMode>relativeToGround</altitudeMode>
        <extrude>1</extrude>
        <outerBoundaryIs>
          <LinearRing>
            <coordinates>
              -70.8082220123,-33.1126722014,0
              -70.8082327320,-33.1131952748,0
              -70.8082063240,-33.1131956580,0
              -70.8081956045,-33.1126725847,0
              -70.8082220123,-33.1126722014,0
            </coordinates>
          </LinearRing>
        </outerBoundaryIs>
      </Polygon>
    </Placemark>
    <Placemark>
      <description><![CDATA[LIMITES_TRACKER<BR><BR><B>ELEVATION</B> = 0]]></description>
      <styleUrl>#area1</styleUrl>
      <Polygon>
        <altitudeMode>relativeToGround</altitudeMode>
        <extrude>1</extrude>
        <outerBoundaryIs>
          <LinearRing>
            <coordinates>
              -70.8083447906,-33.1124720148,0
              -70.8083183828,-33.1124723981,0
              -70.8083076630,-33.1119493247,0
              -70.8083340706,-33.1119489414,0
              -70.8083447906,-33.1124720148,0
            </coordinates>
          </LinearRing>
        </outerBoundaryIs>
      </Polygon>
    </Placemark>
    <Placemark>
      <description><![CDATA[LIMITES_TRACKER<BR><BR><B>ELEVATION</B> = 0]]></description>
      <styleUrl>#area1</styleUrl>
      <Polygon>
        <altitudeMode>relativeToGround</altitudeMode>
        <extrude>1</extrude>
        <outerBoundaryIs>
          <LinearRing>
            <coordinates>
              -70.8082706495,-33.1119498619,0
              -70.8082813691,-33.1124729353,0
              -70.8082549613,-33.1124733186,0
              -70.8082442419,-33.1119502452,0
              -70.8082706495,-33.1119498619,0
            </coordinates>
          </LinearRing>
        </outerBoundaryIs>
      </Polygon>
    </Placemark>
    <Placemark>
      <description><![CDATA[LIMITES_TRACKER<BR><BR><B>ELEVATION</B> = 0]]></description>
      <styleUrl>#area2</styleUrl>
      <Polygon>
        <altitudeMode>relativeToGround</altitudeMode>
        <extrude>1</extrude>
        <outerBoundaryIs>
          <LinearRing>
            <coordinates>
              -70.8083339782,-33.1119444335,0
              -70.8083075706,-33.1119448168,0
              -70.8082968510,-33.1114217434,0
              -70.8083232585,-33.1114213601,0
              -70.8083339782,-33.1119444335,0
            </coordinates>
          </LinearRing>
        </outerBoundaryIs>
      </Polygon>
    </Placemark>
    <Placemark>
      <description><![CDATA[LIMITES_TRACKER<BR><BR><B>ELEVATION</B> = 0]]></description>
      <styleUrl>#area2</styleUrl>
      <Polygon>
        <altitudeMode>relativeToGround</altitudeMode>
        <extrude>1</extrude>
        <outerBoundaryIs>
          <LinearRing>
            <coordinates>
              -70.8082598377,-33.1114222806,0
              -70.8082705571,-33.1119453541,0
              -70.8082441495,-33.1119457373,0
              -70.8082334303,-33.1114226639,0
              -70.8082598377,-33.1114222806,0
            </coordinates>
          </LinearRing>
        </outerBoundaryIs>
      </Polygon>
    </Placemark>
    <Placemark>
      <description><![CDATA[LIMITES_TRACKER<BR><BR><B>ELEVATION</B> = 0]]></description>
      <styleUrl>#area3</styleUrl>
      <Polygon>
        <altitudeMode>relativeToGround</altitudeMode>
        <extrude>1</extrude>
        <outerBoundaryIs>
          <LinearRing>
            <coordinates>
              -70.8083231661,-33.1114168523,0
              -70.8082967586,-33.1114172355,0
              -70.8082860394,-33.1108941621,0
              -70.8083124466,-33.1108937788,0
              -70.8083231661,-33.1114168523,0
            </coordinates>
          </LinearRing>
        </outerBoundaryIs>
      </Polygon>
    </Placemark>
    <Placemark>
      <description><![CDATA[LIMITES_TRACKER<BR><BR><B>ELEVATION</B> = 0]]></description>
      <styleUrl>#area3</styleUrl>
      <Polygon>
        <altitudeMode>relativeToGround</altitudeMode>
        <extrude>1</extrude>
        <outerBoundaryIs>
          <LinearRing>
            <coordinates>
              -70.8082490263,-33.1108946993,0
              -70.8082597454,-33.1114177727,0
              -70.8082333379,-33.1114181560,0
              -70.8082226190,-33.1108950825,0
              -70.8082490263,-33.1108946993,0
            </coordinates>
          </LinearRing>
        </outerBoundaryIs>
      </Polygon>
    </Placemark>
    <Placemark>
      <description><![CDATA[LIMITES_TRACKER<BR><BR><B>ELEVATION</B> = 0]]></description>
      <styleUrl>#area1</styleUrl>
      <Polygon>
        <altitudeMode>relativeToGround</altitudeMode>
        <extrude>1</extrude>
        <outerBoundaryIs>
          <LinearRing>
            <coordinates>
              -70.8083417073,-33.1101672111,0
              -70.8083153002,-33.1101675944,0
              -70.8083045814,-33.1096445208,0
              -70.8083309883,-33.1096441376,0
              -70.8083417073,-33.1101672111,0
            </coordinates>
          </LinearRing>
        </outerBoundaryIs>
      </Polygon>
    </Placemark>
    <Placemark>
      <description><![CDATA[LIMITES_TRACKER<BR><BR><B>ELEVATION</B> = 0]]></description>
      <styleUrl>#area1</styleUrl>
      <Polygon>
        <altitudeMode>relativeToGround</altitudeMode>
        <extrude>1</extrude>
        <outerBoundaryIs>
          <LinearRing>
            <coordinates>
              -70.8082675688,-33.1096450580,0
              -70.8082782875,-33.1101681316,0
              -70.8082518804,-33.1101685149,0
              -70.8082411619,-33.1096454413,0
              -70.8082675688,-33.1096450580,0
            </coordinates>
          </LinearRing>
        </outerBoundaryIs>
      </Polygon>
    </Placemark>
    <Placemark>
      <description><![CDATA[LIMITES_TRACKER<BR><BR><B>ELEVATION</B> = 0]]></description>
      <styleUrl>#area3</styleUrl>
      <Polygon>
        <altitudeMode>relativeToGround</altitudeMode>
        <extrude>1</extrude>
        <outerBoundaryIs>
          <LinearRing>
            <coordinates>
              -70.8083308959,-33.1096396297,0
              -70.8083044890,-33.1096400130,0
              -70.8082937704,-33.1091169393,0
              -70.8083201771,-33.1091165561,0
              -70.8083308959,-33.1096396297,0
            </coordinates>
          </LinearRing>
        </outerBoundaryIs>
      </Polygon>
    </Placemark>
    <Placemark>
      <description><![CDATA[LIMITES_TRACKER<BR><BR><B>ELEVATION</B> = 0]]></description>
      <styleUrl>#area3</styleUrl>
      <Polygon>
        <altitudeMode>relativeToGround</altitudeMode>
        <extrude>1</extrude>
        <outerBoundaryIs>
          <LinearRing>
            <coordinates>
              -70.8082567581,-33.1091174765,0
              -70.8082674765,-33.1096405502,0
              -70.8082410695,-33.1096409334,0
              -70.8082303513,-33.1091178598,0
              -70.8082567581,-33.1091174765,0
            </coordinates>
          </LinearRing>
        </outerBoundaryIs>
      </Polygon>
    </Placemark>
    <Placemark>
      <description><![CDATA[LIMITES_TRACKER<BR><BR><B>ELEVATION</B> = 0]]></description>
      <styleUrl>#area5</styleUrl>
      <Polygon>
        <altitudeMode>relativeToGround</altitudeMode>
        <extrude>1</extrude>
        <outerBoundaryIs>
          <LinearRing>
            <coordinates>
              -70.8084229980,-33.1131925131,0
              -70.8083965900,-33.1131928964,0
              -70.8083858694,-33.1126698231,0
              -70.8084122772,-33.1126694398,0
              -70.8084229980,-33.1131925131,0
            </coordinates>
          </LinearRing>
        </outerBoundaryIs>
      </Polygon>
    </Placemark>
    <Placemark>
      <description><![CDATA[LIMITES_TRACKER<BR><BR><B>ELEVATION</B> = 0]]></description>
      <styleUrl>#area5</styleUrl>
      <Polygon>
        <altitudeMode>relativeToGround</altitudeMode>
        <extrude>1</extrude>
        <outerBoundaryIs>
          <LinearRing>
            <coordinates>
              -70.8083488556,-33.1126703604,0
              -70.8083595760,-33.1131934337,0
              -70.8083331680,-33.1131938170,0
              -70.8083224478,-33.1126707437,0
              -70.8083488556,-33.1126703604,0
            </coordinates>
          </LinearRing>
        </outerBoundaryIs>
      </Polygon>
    </Placemark>
    <Placemark>
      <description><![CDATA[LIMITES_TRACKER<BR><BR><B>ELEVATION</B> = 0]]></description>
      <styleUrl>#area1</styleUrl>
      <Polygon>
        <altitudeMode>relativeToGround</altitudeMode>
        <extrude>1</extrude>
        <outerBoundaryIs>
          <LinearRing>
            <coordinates>
              -70.8084716335,-33.1124701736,0
              -70.8084452258,-33.1124705570,0
              -70.8084345052,-33.1119474836,0
              -70.8084609128,-33.1119471003,0
              -70.8084716335,-33.1124701736,0
            </coordinates>
          </LinearRing>
        </outerBoundaryIs>
      </Polygon>
    </Placemark>
    <Placemark>
      <description><![CDATA[LIMITES_TRACKER<BR><BR><B>ELEVATION</B> = 0]]></description>
      <styleUrl>#area1</styleUrl>
      <Polygon>
        <altitudeMode>relativeToGround</altitudeMode>
        <extrude>1</extrude>
        <outerBoundaryIs>
          <LinearRing>
            <coordinates>
              -70.8083974917,-33.1119480209,0
              -70.8084082121,-33.1124710942,0
              -70.8083818043,-33.1124714775,0
              -70.8083710841,-33.1119484042,0
              -70.8083974917,-33.1119480209,0
            </coordinates>
          </LinearRing>
        </outerBoundaryIs>
      </Polygon>
    </Placemark>
    <Placemark>
      <description><![CDATA[LIMITES_TRACKER<BR><BR><B>ELEVATION</B> = 0]]></description>
      <styleUrl>#area2</styleUrl>
      <Polygon>
        <altitudeMode>relativeToGround</altitudeMode>
        <extrude>1</extrude>
        <outerBoundaryIs>
          <LinearRing>
            <coordinates>
              -70.8084608204,-33.1119425924,0
              -70.8084344128,-33.1119429757,0
              -70.8084236925,-33.1114199023,0
              -70.8084500999,-33.1114195190,0
              -70.8084608204,-33.1119425924,0
            </coordinates>
          </LinearRing>
        </outerBoundaryIs>
      </Polygon>
    </Placemark>
    <Placemark>
      <description><![CDATA[LIMITES_TRACKER<BR><BR><B>ELEVATION</B> = 0]]></description>
      <styleUrl>#area2</styleUrl>
      <Polygon>
        <altitudeMode>relativeToGround</altitudeMode>
        <extrude>1</extrude>
        <outerBoundaryIs>
          <LinearRing>
            <coordinates>
              -70.8083866792,-33.1114204396,0
              -70.8083973993,-33.1119435130,0
              -70.8083709917,-33.1119438963,0
              -70.8083602717,-33.1114208229,0
              -70.8083866792,-33.1114204396,0
            </coordinates>
          </LinearRing>
        </outerBoundaryIs>
      </Polygon>
    </Placemark>
    <Placemark>
      <description><![CDATA[LIMITES_TRACKER<BR><BR><B>ELEVATION</B> = 0]]></description>
      <styleUrl>#area3</styleUrl>
      <Polygon>
        <altitudeMode>relativeToGround</altitudeMode>
        <extrude>1</extrude>
        <outerBoundaryIs>
          <LinearRing>
            <coordinates>
              -70.8084500075,-33.1114150112,0
              -70.8084236001,-33.1114153945,0
              -70.8084128801,-33.1108923210,0
              -70.8084392873,-33.1108919377,0
              -70.8084500075,-33.1114150112,0
            </coordinates>
          </LinearRing>
        </outerBoundaryIs>
      </Polygon>
    </Placemark>
    <Placemark>
      <description><![CDATA[LIMITES_TRACKER<BR><BR><B>ELEVATION</B> = 0]]></description>
      <styleUrl>#area3</styleUrl>
      <Polygon>
        <altitudeMode>relativeToGround</altitudeMode>
        <extrude>1</extrude>
        <outerBoundaryIs>
          <LinearRing>
            <coordinates>
              -70.8083758670,-33.1108928583,0
              -70.8083865868,-33.1114159317,0
              -70.8083601794,-33.1114163150,0
              -70.8083494597,-33.1108932416,0
              -70.8083758670,-33.1108928583,0
            </coordinates>
          </LinearRing>
        </outerBoundaryIs>
      </Polygon>
    </Placemark>
    <Placemark>
      <description><![CDATA[LIMITES_TRACKER<BR><BR><B>ELEVATION</B> = 0]]></description>
      <styleUrl>#area1</styleUrl>
      <Polygon>
        <altitudeMode>relativeToGround</altitudeMode>
        <extrude>1</extrude>
        <outerBoundaryIs>
          <LinearRing>
            <coordinates>
              -70.8084685470,-33.1101653701,0
              -70.8084421399,-33.1101657534,0
              -70.8084314203,-33.1096426799,0
              -70.8084578272,-33.1096422966,0
              -70.8084685470,-33.1101653701,0
            </coordinates>
          </LinearRing>
        </outerBoundaryIs>
      </Polygon>
    </Placemark>
    <Placemark>
      <description><![CDATA[LIMITES_TRACKER<BR><BR><B>ELEVATION</B> = 0]]></description>
      <styleUrl>#area1</styleUrl>
      <Polygon>
        <altitudeMode>relativeToGround</altitudeMode>
        <extrude>1</extrude>
        <outerBoundaryIs>
          <LinearRing>
            <coordinates>
              -70.8083944077,-33.1096432171,0
              -70.8084051271,-33.1101662906,0
              -70.8083787201,-33.1101666739,0
              -70.8083680008,-33.1096436004,0
              -70.8083944077,-33.1096432171,0
            </coordinates>
          </LinearRing>
        </outerBoundaryIs>
      </Polygon>
    </Placemark>
    <Placemark>
      <description><![CDATA[LIMITES_TRACKER<BR><BR><B>ELEVATION</B> = 0]]></description>
      <styleUrl>#area3</styleUrl>
      <Polygon>
        <altitudeMode>relativeToGround</altitudeMode>
        <extrude>1</extrude>
        <outerBoundaryIs>
          <LinearRing>
            <coordinates>
              -70.8084577348,-33.1096377887,0
              -70.8084313279,-33.1096381720,0
              -70.8084206085,-33.1091150984,0
              -70.8084470153,-33.1091147151,0
              -70.8084577348,-33.1096377887,0
            </coordinates>
          </LinearRing>
        </outerBoundaryIs>
      </Polygon>
    </Placemark>
    <Placemark>
      <description><![CDATA[LIMITES_TRACKER<BR><BR><B>ELEVATION</B> = 0]]></description>
      <styleUrl>#area3</styleUrl>
      <Polygon>
        <altitudeMode>relativeToGround</altitudeMode>
        <extrude>1</extrude>
        <outerBoundaryIs>
          <LinearRing>
            <coordinates>
              -70.8083835962,-33.1091156356,0
              -70.8083943154,-33.1096387092,0
              -70.8083679084,-33.1096390925,0
              -70.8083571895,-33.1091160189,0
              -70.8083835962,-33.1091156356,0
            </coordinates>
          </LinearRing>
        </outerBoundaryIs>
      </Polygon>
    </Placemark>
    <Placemark>
      <description><![CDATA[LIMITES_TRACKER<BR><BR><B>ELEVATION</B> = 0]]></description>
      <styleUrl>#area5</styleUrl>
      <Polygon>
        <altitudeMode>relativeToGround</altitudeMode>
        <extrude>1</extrude>
        <outerBoundaryIs>
          <LinearRing>
            <coordinates>
              -70.8085498420,-33.1131906718,0
              -70.8085234340,-33.1131910552,0
              -70.8085127126,-33.1126679819,0
              -70.8085391205,-33.1126675986,0
              -70.8085498420,-33.1131906718,0
            </coordinates>
          </LinearRing>
        </outerBoundaryIs>
      </Polygon>
    </Placemark>
    <Placemark>
      <description><![CDATA[LIMITES_TRACKER<BR><BR><B>ELEVATION</B> = 0]]></description>
      <styleUrl>#area5</styleUrl>
      <Polygon>
        <altitudeMode>relativeToGround</altitudeMode>
        <extrude>1</extrude>
        <outerBoundaryIs>
          <LinearRing>
            <coordinates>
              -70.8084756988,-33.1126685192,0
              -70.8084864200,-33.1131915925,0
              -70.8084600120,-33.1131919758,0
              -70.8084492910,-33.1126689025,0
              -70.8084756988,-33.1126685192,0
            </coordinates>
          </LinearRing>
        </outerBoundaryIs>
      </Polygon>
    </Placemark>
    <Placemark>
      <description><![CDATA[LIMITES_TRACKER<BR><BR><B>ELEVATION</B> = 0]]></description>
      <styleUrl>#area1</styleUrl>
      <Polygon>
        <altitudeMode>relativeToGround</altitudeMode>
        <extrude>1</extrude>
        <outerBoundaryIs>
          <LinearRing>
            <coordinates>
              -70.8085984765,-33.1124683323,0
              -70.8085720687,-33.1124687157,0
              -70.8085613474,-33.1119456424,0
              -70.8085877550,-33.1119452590,0
              -70.8085984765,-33.1124683323,0
            </coordinates>
          </LinearRing>
        </outerBoundaryIs>
      </Polygon>
    </Placemark>
    <Placemark>
      <description><![CDATA[LIMITES_TRACKER<BR><BR><B>ELEVATION</B> = 0]]></description>
      <styleUrl>#area1</styleUrl>
      <Polygon>
        <altitudeMode>relativeToGround</altitudeMode>
        <extrude>1</extrude>
        <outerBoundaryIs>
          <LinearRing>
            <coordinates>
              -70.8085243339,-33.1119461797,0
              -70.8085350550,-33.1124692530,0
              -70.8085086473,-33.1124696363,0
              -70.8084979263,-33.1119465630,0
              -70.8085243339,-33.1119461797,0
            </coordinates>
          </LinearRing>
        </outerBoundaryIs>
      </Polygon>
    </Placemark>
    <Placemark>
      <description><![CDATA[LIMITES_TRACKER<BR><BR><B>ELEVATION</B> = 0]]></description>
      <styleUrl>#area2</styleUrl>
      <Polygon>
        <altitudeMode>relativeToGround</altitudeMode>
        <extrude>1</extrude>
        <outerBoundaryIs>
          <LinearRing>
            <coordinates>
              -70.8085876626,-33.1119407512,0
              -70.8085612550,-33.1119411345,0
              -70.8085505339,-33.1114180612,0
              -70.8085769414,-33.1114176778,0
              -70.8085876626,-33.1119407512,0
            </coordinates>
          </LinearRing>
        </outerBoundaryIs>
      </Polygon>
    </Placemark>
    <Placemark>
      <description><![CDATA[LIMITES_TRACKER<BR><BR><B>ELEVATION</B> = 0]]></description>
      <styleUrl>#area2</styleUrl>
      <Polygon>
        <altitudeMode>relativeToGround</altitudeMode>
        <extrude>1</extrude>
        <outerBoundaryIs>
          <LinearRing>
            <coordinates>
              -70.8085135206,-33.1114185984,0
              -70.8085242415,-33.1119416718,0
              -70.8084978339,-33.1119420552,0
              -70.8084871132,-33.1114189818,0
              -70.8085135206,-33.1114185984,0
            </coordinates>
          </LinearRing>
        </outerBoundaryIs>
      </Polygon>
    </Placemark>
    <Placemark>
      <description><![CDATA[LIMITES_TRACKER<BR><BR><B>ELEVATION</B> = 0]]></description>
      <styleUrl>#area3</styleUrl>
      <Polygon>
        <altitudeMode>relativeToGround</altitudeMode>
        <extrude>1</extrude>
        <outerBoundaryIs>
          <LinearRing>
            <coordinates>
              -70.8085768490,-33.1114131700,0
              -70.8085504415,-33.1114135533,0
              -70.8085397207,-33.1108904799,0
              -70.8085661280,-33.1108900966,0
              -70.8085768490,-33.1114131700,0
            </coordinates>
          </LinearRing>
        </outerBoundaryIs>
      </Polygon>
    </Placemark>
    <Placemark>
      <description><![CDATA[LIMITES_TRACKER<BR><BR><B>ELEVATION</B> = 0]]></description>
      <styleUrl>#area3</styleUrl>
      <Polygon>
        <altitudeMode>relativeToGround</altitudeMode>
        <extrude>1</extrude>
        <outerBoundaryIs>
          <LinearRing>
            <coordinates>
              -70.8085027077,-33.1108910172,0
              -70.8085134283,-33.1114140906,0
              -70.8084870208,-33.1114144739,0
              -70.8084763004,-33.1108914005,0
              -70.8085027077,-33.1108910172,0
            </coordinates>
          </LinearRing>
        </outerBoundaryIs>
      </Polygon>
    </Placemark>
    <Placemark>
      <description><![CDATA[LIMITES_TRACKER<BR><BR><B>ELEVATION</B> = 0]]></description>
      <styleUrl>#area4</styleUrl>
      <Polygon>
        <altitudeMode>relativeToGround</altitudeMode>
        <extrude>1</extrude>
        <outerBoundaryIs>
          <LinearRing>
            <coordinates>
              -70.8085660356,-33.1108855887,0
              -70.8085396283,-33.1108859720,0
              -70.8085289078,-33.1103628986,0
              -70.8085553150,-33.1103625153,0
              -70.8085660356,-33.1108855887,0
            </coordinates>
          </LinearRing>
        </outerBoundaryIs>
      </Polygon>
    </Placemark>
    <Placemark>
      <description><![CDATA[LIMITES_TRACKER<BR><BR><B>ELEVATION</B> = 0]]></description>
      <styleUrl>#area4</styleUrl>
      <Polygon>
        <altitudeMode>relativeToGround</altitudeMode>
        <extrude>1</extrude>
        <outerBoundaryIs>
          <LinearRing>
            <coordinates>
              -70.8084918950,-33.1103634358,0
              -70.8085026153,-33.1108865093,0
              -70.8084762080,-33.1108868926,0
              -70.8084654879,-33.1103638192,0
              -70.8084918950,-33.1103634358,0
            </coordinates>
          </LinearRing>
        </outerBoundaryIs>
      </Polygon>
    </Placemark>
    <Placemark>
      <description><![CDATA[LIMITES_TRACKER<BR><BR><B>ELEVATION</B> = 0]]></description>
      <styleUrl>#area1</styleUrl>
      <Polygon>
        <altitudeMode>relativeToGround</altitudeMode>
        <extrude>1</extrude>
        <outerBoundaryIs>
          <LinearRing>
            <coordinates>
              -70.8085953866,-33.1101635289,0
              -70.8085689795,-33.1101639123,0
              -70.8085582592,-33.1096408388,0
              -70.8085846661,-33.1096404554,0
              -70.8085953866,-33.1101635289,0
            </coordinates>
          </LinearRing>
        </outerBoundaryIs>
      </Polygon>
    </Placemark>
    <Placemark>
      <description><![CDATA[LIMITES_TRACKER<BR><BR><B>ELEVATION</B> = 0]]></description>
      <styleUrl>#area1</styleUrl>
      <Polygon>
        <altitudeMode>relativeToGround</altitudeMode>
        <extrude>1</extrude>
        <outerBoundaryIs>
          <LinearRing>
            <coordinates>
              -70.8085212466,-33.1096413760,0
              -70.8085319668,-33.1101644495,0
              -70.8085055597,-33.1101648329,0
              -70.8084948397,-33.1096417593,0
              -70.8085212466,-33.1096413760,0
            </coordinates>
          </LinearRing>
        </outerBoundaryIs>
      </Polygon>
    </Placemark>
    <Placemark>
      <description><![CDATA[LIMITES_TRACKER<BR><BR><B>ELEVATION</B> = 0]]></description>
      <styleUrl>#area3</styleUrl>
      <Polygon>
        <altitudeMode>relativeToGround</altitudeMode>
        <extrude>1</extrude>
        <outerBoundaryIs>
          <LinearRing>
            <coordinates>
              -70.8085845737,-33.1096359476,0
              -70.8085581668,-33.1096363309,0
              -70.8085474467,-33.1091132573,0
              -70.8085738534,-33.1091128740,0
              -70.8085845737,-33.1096359476,0
            </coordinates>
          </LinearRing>
        </outerBoundaryIs>
      </Polygon>
    </Placemark>
    <Placemark>
      <description><![CDATA[LIMITES_TRACKER<BR><BR><B>ELEVATION</B> = 0]]></description>
      <styleUrl>#area3</styleUrl>
      <Polygon>
        <altitudeMode>relativeToGround</altitudeMode>
        <extrude>1</extrude>
        <outerBoundaryIs>
          <LinearRing>
            <coordinates>
              -70.8085104343,-33.1091137946,0
              -70.8085211542,-33.1096368682,0
              -70.8084947473,-33.1096372515,0
              -70.8084840276,-33.1091141779,0
              -70.8085104343,-33.1091137946,0
            </coordinates>
          </LinearRing>
        </outerBoundaryIs>
      </Polygon>
    </Placemark>
    <Placemark>
      <description><![CDATA[LIMITES_TRACKER<BR><BR><B>ELEVATION</B> = 0]]></description>
      <styleUrl>#area5</styleUrl>
      <Polygon>
        <altitudeMode>relativeToGround</altitudeMode>
        <extrude>1</extrude>
        <outerBoundaryIs>
          <LinearRing>
            <coordinates>
              -70.8086766859,-33.1131888304,0
              -70.8086502780,-33.1131892138,0
              -70.8086395559,-33.1126661406,0
              -70.8086659637,-33.1126657572,0
              -70.8086766859,-33.1131888304,0
            </coordinates>
          </LinearRing>
        </outerBoundaryIs>
      </Polygon>
    </Placemark>
    <Placemark>
      <description><![CDATA[LIMITES_TRACKER<BR><BR><B>ELEVATION</B> = 0]]></description>
      <styleUrl>#area5</styleUrl>
      <Polygon>
        <altitudeMode>relativeToGround</altitudeMode>
        <extrude>1</extrude>
        <outerBoundaryIs>
          <LinearRing>
            <coordinates>
              -70.8086025421,-33.1126666779,0
              -70.8086132640,-33.1131897511,0
              -70.8085868560,-33.1131901345,0
              -70.8085761343,-33.1126670613,0
              -70.8086025421,-33.1126666779,0
            </coordinates>
          </LinearRing>
        </outerBoundaryIs>
      </Polygon>
    </Placemark>
    <Placemark>
      <description><![CDATA[LIMITES_TRACKER<BR><BR><B>ELEVATION</B> = 0]]></description>
      <styleUrl>#area1</styleUrl>
      <Polygon>
        <altitudeMode>relativeToGround</altitudeMode>
        <extrude>1</extrude>
        <outerBoundaryIs>
          <LinearRing>
            <coordinates>
              -70.8087253194,-33.1124664909,0
              -70.8086989117,-33.1124668743,0
              -70.8086881896,-33.1119438010,0
              -70.8087145972,-33.1119434177,0
              -70.8087253194,-33.1124664909,0
            </coordinates>
          </LinearRing>
        </outerBoundaryIs>
      </Polygon>
    </Placemark>
    <Placemark>
      <description><![CDATA[LIMITES_TRACKER<BR><BR><B>ELEVATION</B> = 0]]></description>
      <styleUrl>#area1</styleUrl>
      <Polygon>
        <altitudeMode>relativeToGround</altitudeMode>
        <extrude>1</extrude>
        <outerBoundaryIs>
          <LinearRing>
            <coordinates>
              -70.8086511761,-33.1119443384,0
              -70.8086618980,-33.1124674117,0
              -70.8086354902,-33.1124677950,0
              -70.8086247685,-33.1119447217,0
              -70.8086511761,-33.1119443384,0
            </coordinates>
          </LinearRing>
        </outerBoundaryIs>
      </Polygon>
    </Placemark>
    <Placemark>
      <description><![CDATA[LIMITES_TRACKER<BR><BR><B>ELEVATION</B> = 0]]></description>
      <styleUrl>#area2</styleUrl>
      <Polygon>
        <altitudeMode>relativeToGround</altitudeMode>
        <extrude>1</extrude>
        <outerBoundaryIs>
          <LinearRing>
            <coordinates>
              -70.8087145048,-33.1119389098,0
              -70.8086880972,-33.1119392932,0
              -70.8086773753,-33.1114162199,0
              -70.8087037828,-33.1114158365,0
              -70.8087145048,-33.1119389098,0
            </coordinates>
          </LinearRing>
        </outerBoundaryIs>
      </Polygon>
    </Placemark>
    <Placemark>
      <description><![CDATA[LIMITES_TRACKER<BR><BR><B>ELEVATION</B> = 0]]></description>
      <styleUrl>#area2</styleUrl>
      <Polygon>
        <altitudeMode>relativeToGround</altitudeMode>
        <extrude>1</extrude>
        <outerBoundaryIs>
          <LinearRing>
            <coordinates>
              -70.8086403621,-33.1114167572,0
              -70.8086510837,-33.1119398305,0
              -70.8086246761,-33.1119402139,0
              -70.8086139546,-33.1114171405,0
              -70.8086403621,-33.1114167572,0
            </coordinates>
          </LinearRing>
        </outerBoundaryIs>
      </Polygon>
    </Placemark>
    <Placemark>
      <description><![CDATA[LIMITES_TRACKER<BR><BR><B>ELEVATION</B> = 0]]></description>
      <styleUrl>#area2</styleUrl>
      <Polygon>
        <altitudeMode>relativeToGround</altitudeMode>
        <extrude>1</extrude>
        <outerBoundaryIs>
          <LinearRing>
            <coordinates>
              -70.8087036904,-33.1114113286,0
              -70.8086772829,-33.1114117120,0
              -70.8086665614,-33.1108886386,0
              -70.8086929687,-33.1108882553,0
              -70.8087036904,-33.1114113286,0
            </coordinates>
          </LinearRing>
        </outerBoundaryIs>
      </Polygon>
    </Placemark>
    <Placemark>
      <description><![CDATA[LIMITES_TRACKER<BR><BR><B>ELEVATION</B> = 0]]></description>
      <styleUrl>#area2</styleUrl>
      <Polygon>
        <altitudeMode>relativeToGround</altitudeMode>
        <extrude>1</extrude>
        <outerBoundaryIs>
          <LinearRing>
            <coordinates>
              -70.8086295484,-33.1108891759,0
              -70.8086402697,-33.1114122493,0
              -70.8086138622,-33.1114126327,0
              -70.8086031411,-33.1108895593,0
              -70.8086295484,-33.1108891759,0
            </coordinates>
          </LinearRing>
        </outerBoundaryIs>
      </Polygon>
    </Placemark>
    <Placemark>
      <description><![CDATA[LIMITES_TRACKER<BR><BR><B>ELEVATION</B> = 0]]></description>
      <styleUrl>#area3</styleUrl>
      <Polygon>
        <altitudeMode>relativeToGround</altitudeMode>
        <extrude>1</extrude>
        <outerBoundaryIs>
          <LinearRing>
            <coordinates>
              -70.8086928763,-33.1108837474,0
              -70.8086664690,-33.1108841308,0
              -70.8086557478,-33.1103610573,0
              -70.8086821549,-33.1103606740,0
              -70.8086928763,-33.1108837474,0
            </coordinates>
          </LinearRing>
        </outerBoundaryIs>
      </Polygon>
    </Placemark>
    <Placemark>
      <description><![CDATA[LIMITES_TRACKER<BR><BR><B>ELEVATION</B> = 0]]></description>
      <styleUrl>#area3</styleUrl>
      <Polygon>
        <altitudeMode>relativeToGround</altitudeMode>
        <extrude>1</extrude>
        <outerBoundaryIs>
          <LinearRing>
            <coordinates>
              -70.8086187349,-33.1103615946,0
              -70.8086294560,-33.1108846681,0
              -70.8086030487,-33.1108850514,0
              -70.8085923278,-33.1103619780,0
              -70.8086187349,-33.1103615946,0
            </coordinates>
          </LinearRing>
        </outerBoundaryIs>
      </Polygon>
    </Placemark>
    <Placemark>
      <description><![CDATA[LIMITES_TRACKER<BR><BR><B>ELEVATION</B> = 0]]></description>
      <styleUrl>#area1</styleUrl>
      <Polygon>
        <altitudeMode>relativeToGround</altitudeMode>
        <extrude>1</extrude>
        <outerBoundaryIs>
          <LinearRing>
            <coordinates>
              -70.8087222262,-33.1101616876,0
              -70.8086958192,-33.1101620710,0
              -70.8086850980,-33.1096389975,0
              -70.8087115049,-33.1096386142,0
              -70.8087222262,-33.1101616876,0
            </coordinates>
          </LinearRing>
        </outerBoundaryIs>
      </Polygon>
    </Placemark>
    <Placemark>
      <description><![CDATA[LIMITES_TRACKER<BR><BR><B>ELEVATION</B> = 0]]></description>
      <styleUrl>#area1</styleUrl>
      <Polygon>
        <altitudeMode>relativeToGround</altitudeMode>
        <extrude>1</extrude>
        <outerBoundaryIs>
          <LinearRing>
            <coordinates>
              -70.8086480855,-33.1096395348,0
              -70.8086588064,-33.1101626083,0
              -70.8086323994,-33.1101629917,0
              -70.8086216786,-33.1096399182,0
              -70.8086480855,-33.1096395348,0
            </coordinates>
          </LinearRing>
        </outerBoundaryIs>
      </Polygon>
    </Placemark>
    <Placemark>
      <description><![CDATA[LIMITES_TRACKER<BR><BR><B>ELEVATION</B> = 0]]></description>
      <styleUrl>#area3</styleUrl>
      <Polygon>
        <altitudeMode>relativeToGround</altitudeMode>
        <extrude>1</extrude>
        <outerBoundaryIs>
          <LinearRing>
            <coordinates>
              -70.8087114125,-33.1096341063,0
              -70.8086850056,-33.1096344897,0
              -70.8086742848,-33.1091114161,0
              -70.8087006915,-33.1091110328,0
              -70.8087114125,-33.1096341063,0
            </coordinates>
          </LinearRing>
        </outerBoundaryIs>
      </Polygon>
    </Placemark>
    <Placemark>
      <description><![CDATA[LIMITES_TRACKER<BR><BR><B>ELEVATION</B> = 0]]></description>
      <styleUrl>#area3</styleUrl>
      <Polygon>
        <altitudeMode>relativeToGround</altitudeMode>
        <extrude>1</extrude>
        <outerBoundaryIs>
          <LinearRing>
            <coordinates>
              -70.8086372725,-33.1091119534,0
              -70.8086479931,-33.1096350270,0
              -70.8086215862,-33.1096354103,0
              -70.8086108657,-33.1091123368,0
              -70.8086372725,-33.1091119534,0
            </coordinates>
          </LinearRing>
        </outerBoundaryIs>
      </Polygon>
    </Placemark>
    <Placemark>
      <description><![CDATA[LIMITES_TRACKER<BR><BR><B>ELEVATION</B> = 0]]></description>
      <styleUrl>#area5</styleUrl>
      <Polygon>
        <altitudeMode>relativeToGround</altitudeMode>
        <extrude>1</extrude>
        <outerBoundaryIs>
          <LinearRing>
            <coordinates>
              -70.8088035299,-33.1131869889,0
              -70.8087771219,-33.1131873723,0
              -70.8087663991,-33.1126642991,0
              -70.8087928069,-33.1126639157,0
              -70.8088035299,-33.1131869889,0
            </coordinates>
          </LinearRing>
        </outerBoundaryIs>
      </Polygon>
    </Placemark>
    <Placemark>
      <description><![CDATA[LIMITES_TRACKER<BR><BR><B>ELEVATION</B> = 0]]></description>
      <styleUrl>#area5</styleUrl>
      <Polygon>
        <altitudeMode>relativeToGround</altitudeMode>
        <extrude>1</extrude>
        <outerBoundaryIs>
          <LinearRing>
            <coordinates>
              -70.8087293853,-33.1126648365,0
              -70.8087401079,-33.1131879097,0
              -70.8087137000,-33.1131882931,0
              -70.8087029775,-33.1126652199,0
              -70.8087293853,-33.1126648365,0
            </coordinates>
          </LinearRing>
        </outerBoundaryIs>
      </Polygon>
    </Placemark>
    <Placemark>
      <description><![CDATA[LIMITES_TRACKER<BR><BR><B>ELEVATION</B> = 0]]></description>
      <styleUrl>#area1</styleUrl>
      <Polygon>
        <altitudeMode>relativeToGround</altitudeMode>
        <extrude>1</extrude>
        <outerBoundaryIs>
          <LinearRing>
            <coordinates>
              -70.8088521623,-33.1124646494,0
              -70.8088257546,-33.1124650328,0
              -70.8088150317,-33.1119419596,0
              -70.8088414393,-33.1119415762,0
              -70.8088521623,-33.1124646494,0
            </coordinates>
          </LinearRing>
        </outerBoundaryIs>
      </Polygon>
    </Placemark>
    <Placemark>
      <description><![CDATA[LIMITES_TRACKER<BR><BR><B>ELEVATION</B> = 0]]></description>
      <styleUrl>#area1</styleUrl>
      <Polygon>
        <altitudeMode>relativeToGround</altitudeMode>
        <extrude>1</extrude>
        <outerBoundaryIs>
          <LinearRing>
            <coordinates>
              -70.8087780183,-33.1119424969,0
              -70.8087887409,-33.1124655702,0
              -70.8087623331,-33.1124659536,0
              -70.8087516107,-33.1119428803,0
              -70.8087780183,-33.1119424969,0
            </coordinates>
          </LinearRing>
        </outerBoundaryIs>
      </Polygon>
    </Placemark>
    <Placemark>
      <description><![CDATA[LIMITES_TRACKER<BR><BR><B>ELEVATION</B> = 0]]></description>
      <styleUrl>#area2</styleUrl>
      <Polygon>
        <altitudeMode>relativeToGround</altitudeMode>
        <extrude>1</extrude>
        <outerBoundaryIs>
          <LinearRing>
            <coordinates>
              -70.8088413469,-33.1119370683,0
              -70.8088149393,-33.1119374517,0
              -70.8088042168,-33.1114143784,0
              -70.8088306242,-33.1114139950,0
              -70.8088413469,-33.1119370683,0
            </coordinates>
          </LinearRing>
        </outerBoundaryIs>
      </Polygon>
    </Placemark>
    <Placemark>
      <description><![CDATA[LIMITES_TRACKER<BR><BR><B>ELEVATION</B> = 0]]></description>
      <styleUrl>#area2</styleUrl>
      <Polygon>
        <altitudeMode>relativeToGround</altitudeMode>
        <extrude>1</extrude>
        <outerBoundaryIs>
          <LinearRing>
            <coordinates>
              -70.8087672035,-33.1114149158,0
              -70.8087779258,-33.1119379891,0
              -70.8087515182,-33.1119383725,0
              -70.8087407961,-33.1114152991,0
              -70.8087672035,-33.1114149158,0
            </coordinates>
          </LinearRing>
        </outerBoundaryIs>
      </Polygon>
    </Placemark>
    <Placemark>
      <description><![CDATA[LIMITES_TRACKER<BR><BR><B>ELEVATION</B> = 0]]></description>
      <styleUrl>#area2</styleUrl>
      <Polygon>
        <altitudeMode>relativeToGround</altitudeMode>
        <extrude>1</extrude>
        <outerBoundaryIs>
          <LinearRing>
            <coordinates>
              -70.8088305318,-33.1114094872,0
              -70.8088041244,-33.1114098706,0
              -70.8087934021,-33.1108867972,0
              -70.8088198094,-33.1108864138,0
              -70.8088305318,-33.1114094872,0
            </coordinates>
          </LinearRing>
        </outerBoundaryIs>
      </Polygon>
    </Placemark>
    <Placemark>
      <description><![CDATA[LIMITES_TRACKER<BR><BR><B>ELEVATION</B> = 0]]></description>
      <styleUrl>#area2</styleUrl>
      <Polygon>
        <altitudeMode>relativeToGround</altitudeMode>
        <extrude>1</extrude>
        <outerBoundaryIs>
          <LinearRing>
            <coordinates>
              -70.8087563890,-33.1108873346,0
              -70.8087671111,-33.1114104079,0
              -70.8087407037,-33.1114107913,0
              -70.8087299817,-33.1108877179,0
              -70.8087563890,-33.1108873346,0
            </coordinates>
          </LinearRing>
        </outerBoundaryIs>
      </Polygon>
    </Placemark>
    <Placemark>
      <description><![CDATA[LIMITES_TRACKER<BR><BR><B>ELEVATION</B> = 0]]></description>
      <styleUrl>#area3</styleUrl>
      <Polygon>
        <altitudeMode>relativeToGround</altitudeMode>
        <extrude>1</extrude>
        <outerBoundaryIs>
          <LinearRing>
            <coordinates>
              -70.8088197169,-33.1108819060,0
              -70.8087933097,-33.1108822894,0
              -70.8087825877,-33.1103592160,0
              -70.8088089948,-33.1103588326,0
              -70.8088197169,-33.1108819060,0
            </coordinates>
          </LinearRing>
        </outerBoundaryIs>
      </Polygon>
    </Placemark>
    <Placemark>
      <description><![CDATA[LIMITES_TRACKER<BR><BR><B>ELEVATION</B> = 0]]></description>
      <styleUrl>#area3</styleUrl>
      <Polygon>
        <altitudeMode>relativeToGround</altitudeMode>
        <extrude>1</extrude>
        <outerBoundaryIs>
          <LinearRing>
            <coordinates>
              -70.8087455748,-33.1103597533,0
              -70.8087562966,-33.1108828267,0
              -70.8087298893,-33.1108832101,0
              -70.8087191677,-33.1103601367,0
              -70.8087455748,-33.1103597533,0
            </coordinates>
          </LinearRing>
        </outerBoundaryIs>
      </Polygon>
    </Placemark>
    <Placemark>
      <description><![CDATA[LIMITES_TRACKER<BR><BR><B>ELEVATION</B> = 0]]></description>
      <styleUrl>#area1</styleUrl>
      <Polygon>
        <altitudeMode>relativeToGround</altitudeMode>
        <extrude>1</extrude>
        <outerBoundaryIs>
          <LinearRing>
            <coordinates>
              -70.8088490658,-33.1101598462,0
              -70.8088226588,-33.1101602296,0
              -70.8088119369,-33.1096371562,0
              -70.8088383438,-33.1096367728,0
              -70.8088490658,-33.1101598462,0
            </coordinates>
          </LinearRing>
        </outerBoundaryIs>
      </Polygon>
    </Placemark>
    <Placemark>
      <description><![CDATA[LIMITES_TRACKER<BR><BR><B>ELEVATION</B> = 0]]></description>
      <styleUrl>#area1</styleUrl>
      <Polygon>
        <altitudeMode>relativeToGround</altitudeMode>
        <extrude>1</extrude>
        <outerBoundaryIs>
          <LinearRing>
            <coordinates>
              -70.8087749244,-33.1096376935,0
              -70.8087856460,-33.1101607670,0
              -70.8087592390,-33.1101611503,0
              -70.8087485175,-33.1096380769,0
              -70.8087749244,-33.1096376935,0
            </coordinates>
          </LinearRing>
        </outerBoundaryIs>
      </Polygon>
    </Placemark>
    <Placemark>
      <description><![CDATA[LIMITES_TRACKER<BR><BR><B>ELEVATION</B> = 0]]></description>
      <styleUrl>#area3</styleUrl>
      <Polygon>
        <altitudeMode>relativeToGround</altitudeMode>
        <extrude>1</extrude>
        <outerBoundaryIs>
          <LinearRing>
            <coordinates>
              -70.8088382514,-33.1096322649,0
              -70.8088118445,-33.1096326483,0
              -70.8088011229,-33.1091095748,0
              -70.8088275296,-33.1091091915,0
              -70.8088382514,-33.1096322649,0
            </coordinates>
          </LinearRing>
        </outerBoundaryIs>
      </Polygon>
    </Placemark>
    <Placemark>
      <description><![CDATA[LIMITES_TRACKER<BR><BR><B>ELEVATION</B> = 0]]></description>
      <styleUrl>#area3</styleUrl>
      <Polygon>
        <altitudeMode>relativeToGround</altitudeMode>
        <extrude>1</extrude>
        <outerBoundaryIs>
          <LinearRing>
            <coordinates>
              -70.8087641106,-33.1091101121,0
              -70.8087748320,-33.1096331856,0
              -70.8087484251,-33.1096335690,0
              -70.8087377038,-33.1091104955,0
              -70.8087641106,-33.1091101121,0
            </coordinates>
          </LinearRing>
        </outerBoundaryIs>
      </Polygon>
    </Placemark>
    <Placemark>
      <description><![CDATA[LIMITES_TRACKER<BR><BR><B>ELEVATION</B> = 0]]></description>
      <styleUrl>#area5</styleUrl>
      <Polygon>
        <altitudeMode>relativeToGround</altitudeMode>
        <extrude>1</extrude>
        <outerBoundaryIs>
          <LinearRing>
            <coordinates>
              -70.8089303739,-33.1131851472,0
              -70.8089039659,-33.1131855307,0
              -70.8088932423,-33.1126624575,0
              -70.8089196501,-33.1126620741,0
              -70.8089303739,-33.1131851472,0
            </coordinates>
          </LinearRing>
        </outerBoundaryIs>
      </Polygon>
    </Placemark>
    <Placemark>
      <description><![CDATA[LIMITES_TRACKER<BR><BR><B>ELEVATION</B> = 0]]></description>
      <styleUrl>#area5</styleUrl>
      <Polygon>
        <altitudeMode>relativeToGround</altitudeMode>
        <extrude>1</extrude>
        <outerBoundaryIs>
          <LinearRing>
            <coordinates>
              -70.8088562285,-33.1126629949,0
              -70.8088669519,-33.1131860681,0
              -70.8088405439,-33.1131864515,0
              -70.8088298207,-33.1126633783,0
              -70.8088562285,-33.1126629949,0
            </coordinates>
          </LinearRing>
        </outerBoundaryIs>
      </Polygon>
    </Placemark>
    <Placemark>
      <description><![CDATA[LIMITES_TRACKER<BR><BR><B>ELEVATION</B> = 0]]></description>
      <styleUrl>#area1</styleUrl>
      <Polygon>
        <altitudeMode>relativeToGround</altitudeMode>
        <extrude>1</extrude>
        <outerBoundaryIs>
          <LinearRing>
            <coordinates>
              -70.8089790053,-33.1124628077,0
              -70.8089525975,-33.1124631912,0
              -70.8089418739,-33.1119401180,0
              -70.8089682815,-33.1119397345,0
              -70.8089790053,-33.1124628077,0
            </coordinates>
          </LinearRing>
        </outerBoundaryIs>
      </Polygon>
    </Placemark>
    <Placemark>
      <description><![CDATA[LIMITES_TRACKER<BR><BR><B>ELEVATION</B> = 0]]></description>
      <styleUrl>#area1</styleUrl>
      <Polygon>
        <altitudeMode>relativeToGround</altitudeMode>
        <extrude>1</extrude>
        <outerBoundaryIs>
          <LinearRing>
            <coordinates>
              -70.8089048604,-33.1119406554,0
              -70.8089155838,-33.1124637286,0
              -70.8088891760,-33.1124641120,0
              -70.8088784528,-33.1119410388,0
              -70.8089048604,-33.1119406554,0
            </coordinates>
          </LinearRing>
        </outerBoundaryIs>
      </Polygon>
    </Placemark>
    <Placemark>
      <description><![CDATA[LIMITES_TRACKER<BR><BR><B>ELEVATION</B> = 0]]></description>
      <styleUrl>#area2</styleUrl>
      <Polygon>
        <altitudeMode>relativeToGround</altitudeMode>
        <extrude>1</extrude>
        <outerBoundaryIs>
          <LinearRing>
            <coordinates>
              -70.8089681891,-33.1119352267,0
              -70.8089417815,-33.1119356101,0
              -70.8089310582,-33.1114125368,0
              -70.8089574656,-33.1114121534,0
              -70.8089681891,-33.1119352267,0
            </coordinates>
          </LinearRing>
        </outerBoundaryIs>
      </Polygon>
    </Placemark>
    <Placemark>
      <description><![CDATA[LIMITES_TRACKER<BR><BR><B>ELEVATION</B> = 0]]></description>
      <styleUrl>#area2</styleUrl>
      <Polygon>
        <altitudeMode>relativeToGround</altitudeMode>
        <extrude>1</extrude>
        <outerBoundaryIs>
          <LinearRing>
            <coordinates>
              -70.8088940449,-33.1114130742,0
              -70.8089047680,-33.1119361475,0
              -70.8088783604,-33.1119365309,0
              -70.8088676375,-33.1114134576,0
              -70.8088940449,-33.1114130742,0
            </coordinates>
          </LinearRing>
        </outerBoundaryIs>
      </Polygon>
    </Placemark>
    <Placemark>
      <description><![CDATA[LIMITES_TRACKER<BR><BR><B>ELEVATION</B> = 0]]></description>
      <styleUrl>#area2</styleUrl>
      <Polygon>
        <altitudeMode>relativeToGround</altitudeMode>
        <extrude>1</extrude>
        <outerBoundaryIs>
          <LinearRing>
            <coordinates>
              -70.8089573732,-33.1114076456,0
              -70.8089309658,-33.1114080290,0
              -70.8089202427,-33.1108849557,0
              -70.8089466500,-33.1108845723,0
              -70.8089573732,-33.1114076456,0
            </coordinates>
          </LinearRing>
        </outerBoundaryIs>
      </Polygon>
    </Placemark>
    <Placemark>
      <description><![CDATA[LIMITES_TRACKER<BR><BR><B>ELEVATION</B> = 0]]></description>
      <styleUrl>#area2</styleUrl>
      <Polygon>
        <altitudeMode>relativeToGround</altitudeMode>
        <extrude>1</extrude>
        <outerBoundaryIs>
          <LinearRing>
            <coordinates>
              -70.8088832297,-33.1108854931,0
              -70.8088939525,-33.1114085664,0
              -70.8088675451,-33.1114089498,0
              -70.8088568224,-33.1108858765,0
              -70.8088832297,-33.1108854931,0
            </coordinates>
          </LinearRing>
        </outerBoundaryIs>
      </Polygon>
    </Placemark>
    <Placemark>
      <description><![CDATA[LIMITES_TRACKER<BR><BR><B>ELEVATION</B> = 0]]></description>
      <styleUrl>#area3</styleUrl>
      <Polygon>
        <altitudeMode>relativeToGround</altitudeMode>
        <extrude>1</extrude>
        <outerBoundaryIs>
          <LinearRing>
            <coordinates>
              -70.8089465576,-33.1108800644,0
              -70.8089201503,-33.1108804478,0
              -70.8089094275,-33.1103573745,0
              -70.8089358347,-33.1103569911,0
              -70.8089465576,-33.1108800644,0
            </coordinates>
          </LinearRing>
        </outerBoundaryIs>
      </Polygon>
    </Placemark>
    <Placemark>
      <description><![CDATA[LIMITES_TRACKER<BR><BR><B>ELEVATION</B> = 0]]></description>
      <styleUrl>#area3</styleUrl>
      <Polygon>
        <altitudeMode>relativeToGround</altitudeMode>
        <extrude>1</extrude>
        <outerBoundaryIs>
          <LinearRing>
            <coordinates>
              -70.8088724147,-33.1103579119,0
              -70.8088831373,-33.1108809852,0
              -70.8088567300,-33.1108813686,0
              -70.8088460076,-33.1103582952,0
              -70.8088724147,-33.1103579119,0
            </coordinates>
          </LinearRing>
        </outerBoundaryIs>
      </Polygon>
    </Placemark>
    <Placemark>
      <description><![CDATA[LIMITES_TRACKER<BR><BR><B>ELEVATION</B> = 0]]></description>
      <styleUrl>#area4</styleUrl>
      <Polygon>
        <altitudeMode>relativeToGround</altitudeMode>
        <extrude>1</extrude>
        <outerBoundaryIs>
          <LinearRing>
            <coordinates>
              -70.8089759054,-33.1101580047,0
              -70.8089494984,-33.1101583881,0
              -70.8089387757,-33.1096353147,0
              -70.8089651826,-33.1096349313,0
              -70.8089759054,-33.1101580047,0
            </coordinates>
          </LinearRing>
        </outerBoundaryIs>
      </Polygon>
    </Placemark>
    <Placemark>
      <description><![CDATA[LIMITES_TRACKER<BR><BR><B>ELEVATION</B> = 0]]></description>
      <styleUrl>#area4</styleUrl>
      <Polygon>
        <altitudeMode>relativeToGround</altitudeMode>
        <extrude>1</extrude>
        <outerBoundaryIs>
          <LinearRing>
            <coordinates>
              -70.8089017632,-33.1096358520,0
              -70.8089124856,-33.1101589255,0
              -70.8088860786,-33.1101593089,0
              -70.8088753563,-33.1096362354,0
              -70.8089017632,-33.1096358520,0
            </coordinates>
          </LinearRing>
        </outerBoundaryIs>
      </Polygon>
    </Placemark>
    <Placemark>
      <description><![CDATA[LIMITES_TRACKER<BR><BR><B>ELEVATION</B> = 0]]></description>
      <styleUrl>#area4</styleUrl>
      <Polygon>
        <altitudeMode>relativeToGround</altitudeMode>
        <extrude>1</extrude>
        <outerBoundaryIs>
          <LinearRing>
            <coordinates>
              -70.8089650902,-33.1096304234,0
              -70.8089386833,-33.1096308068,0
              -70.8089279610,-33.1091077334,0
              -70.8089543677,-33.1091073500,0
              -70.8089650902,-33.1096304234,0
            </coordinates>
          </LinearRing>
        </outerBoundaryIs>
      </Polygon>
    </Placemark>
    <Placemark>
      <description><![CDATA[LIMITES_TRACKER<BR><BR><B>ELEVATION</B> = 0]]></description>
      <styleUrl>#area4</styleUrl>
      <Polygon>
        <altitudeMode>relativeToGround</altitudeMode>
        <extrude>1</extrude>
        <outerBoundaryIs>
          <LinearRing>
            <coordinates>
              -70.8088909487,-33.1091082707,0
              -70.8089016708,-33.1096313442,0
              -70.8088752639,-33.1096317276,0
              -70.8088645419,-33.1091086541,0
              -70.8088909487,-33.1091082707,0
            </coordinates>
          </LinearRing>
        </outerBoundaryIs>
      </Polygon>
    </Placemark>
    <Placemark>
      <description><![CDATA[LIMITES_TRACKER<BR><BR><B>ELEVATION</B> = 0]]></description>
      <styleUrl>#area5</styleUrl>
      <Polygon>
        <altitudeMode>relativeToGround</altitudeMode>
        <extrude>1</extrude>
        <outerBoundaryIs>
          <LinearRing>
            <coordinates>
              -70.8090572178,-33.1131833055,0
              -70.8090308098,-33.1131836889,0
              -70.8090200855,-33.1126606158,0
              -70.8090464933,-33.1126602323,0
              -70.8090572178,-33.1131833055,0
            </coordinates>
          </LinearRing>
        </outerBoundaryIs>
      </Polygon>
    </Placemark>
    <Placemark>
      <description><![CDATA[LIMITES_TRACKER<BR><BR><B>ELEVATION</B> = 0]]></description>
      <styleUrl>#area5</styleUrl>
      <Polygon>
        <altitudeMode>relativeToGround</altitudeMode>
        <extrude>1</extrude>
        <outerBoundaryIs>
          <LinearRing>
            <coordinates>
              -70.8089830717,-33.1126611532,0
              -70.8089937958,-33.1131842264,0
              -70.8089673879,-33.1131846098,0
              -70.8089566639,-33.1126615367,0
              -70.8089830717,-33.1126611532,0
            </coordinates>
          </LinearRing>
        </outerBoundaryIs>
      </Polygon>
    </Placemark>
    <Placemark>
      <description><![CDATA[LIMITES_TRACKER<BR><BR><B>ELEVATION</B> = 0]]></description>
      <styleUrl>#area1</styleUrl>
      <Polygon>
        <altitudeMode>relativeToGround</altitudeMode>
        <extrude>1</extrude>
        <outerBoundaryIs>
          <LinearRing>
            <coordinates>
              -70.8091058482,-33.1124609659,0
              -70.8090794404,-33.1124613494,0
              -70.8090687161,-33.1119382762,0
              -70.8090951236,-33.1119378928,0
              -70.8091058482,-33.1124609659,0
            </coordinates>
          </LinearRing>
        </outerBoundaryIs>
      </Polygon>
    </Placemark>
    <Placemark>
      <description><![CDATA[LIMITES_TRACKER<BR><BR><B>ELEVATION</B> = 0]]></description>
      <styleUrl>#area1</styleUrl>
      <Polygon>
        <altitudeMode>relativeToGround</altitudeMode>
        <extrude>1</extrude>
        <outerBoundaryIs>
          <LinearRing>
            <coordinates>
              -70.8090317026,-33.1119388137,0
              -70.8090424267,-33.1124618868,0
              -70.8090160190,-33.1124622703,0
              -70.8090052950,-33.1119391971,0
              -70.8090317026,-33.1119388137,0
            </coordinates>
          </LinearRing>
        </outerBoundaryIs>
      </Polygon>
    </Placemark>
    <Placemark>
      <description><![CDATA[LIMITES_TRACKER<BR><BR><B>ELEVATION</B> = 0]]></description>
      <styleUrl>#area2</styleUrl>
      <Polygon>
        <altitudeMode>relativeToGround</altitudeMode>
        <extrude>1</extrude>
        <outerBoundaryIs>
          <LinearRing>
            <coordinates>
              -70.8090950312,-33.1119333849,0
              -70.8090686236,-33.1119337684,0
              -70.8090578996,-33.1114106951,0
              -70.8090843070,-33.1114103117,0
              -70.8090950312,-33.1119333849,0
            </coordinates>
          </LinearRing>
        </outerBoundaryIs>
      </Polygon>
    </Placemark>
    <Placemark>
      <description><![CDATA[LIMITES_TRACKER<BR><BR><B>ELEVATION</B> = 0]]></description>
      <styleUrl>#area2</styleUrl>
      <Polygon>
        <altitudeMode>relativeToGround</altitudeMode>
        <extrude>1</extrude>
        <outerBoundaryIs>
          <LinearRing>
            <coordinates>
              -70.8090208863,-33.1114112326,0
              -70.8090316102,-33.1119343058,0
              -70.8090052026,-33.1119346893,0
              -70.8089944789,-33.1114116160,0
              -70.8090208863,-33.1114112326,0
            </coordinates>
          </LinearRing>
        </outerBoundaryIs>
      </Polygon>
    </Placemark>
    <Placemark>
      <description><![CDATA[LIMITES_TRACKER<BR><BR><B>ELEVATION</B> = 0]]></description>
      <styleUrl>#area2</styleUrl>
      <Polygon>
        <altitudeMode>relativeToGround</altitudeMode>
        <extrude>1</extrude>
        <outerBoundaryIs>
          <LinearRing>
            <coordinates>
              -70.8090842146,-33.1114058039,0
              -70.8090578071,-33.1114061873,0
              -70.8090470834,-33.1108831140,0
              -70.8090734906,-33.1108827306,0
              -70.8090842146,-33.1114058039,0
            </coordinates>
          </LinearRing>
        </outerBoundaryIs>
      </Polygon>
    </Placemark>
    <Placemark>
      <description><![CDATA[LIMITES_TRACKER<BR><BR><B>ELEVATION</B> = 0]]></description>
      <styleUrl>#area2</styleUrl>
      <Polygon>
        <altitudeMode>relativeToGround</altitudeMode>
        <extrude>1</extrude>
        <outerBoundaryIs>
          <LinearRing>
            <coordinates>
              -70.8090100703,-33.1108836515,0
              -70.8090207939,-33.1114067247,0
              -70.8089943865,-33.1114071082,0
              -70.8089836630,-33.1108840349,0
              -70.8090100703,-33.1108836515,0
            </coordinates>
          </LinearRing>
        </outerBoundaryIs>
      </Polygon>
    </Placemark>
    <Placemark>
      <description><![CDATA[LIMITES_TRACKER<BR><BR><B>ELEVATION</B> = 0]]></description>
      <styleUrl>#area3</styleUrl>
      <Polygon>
        <altitudeMode>relativeToGround</altitudeMode>
        <extrude>1</extrude>
        <outerBoundaryIs>
          <LinearRing>
            <coordinates>
              -70.8090733982,-33.1108782227,0
              -70.8090469909,-33.1108786062,0
              -70.8090362674,-33.1103555329,0
              -70.8090626745,-33.1103551494,0
              -70.8090733982,-33.1108782227,0
            </coordinates>
          </LinearRing>
        </outerBoundaryIs>
      </Polygon>
    </Placemark>
    <Placemark>
      <description><![CDATA[LIMITES_TRACKER<BR><BR><B>ELEVATION</B> = 0]]></description>
      <styleUrl>#area3</styleUrl>
      <Polygon>
        <altitudeMode>relativeToGround</altitudeMode>
        <extrude>1</extrude>
        <outerBoundaryIs>
          <LinearRing>
            <coordinates>
              -70.8089992546,-33.1103560703,0
              -70.8090099779,-33.1108791436,0
              -70.8089835706,-33.1108795270,0
              -70.8089728475,-33.1103564537,0
              -70.8089992546,-33.1103560703,0
            </coordinates>
          </LinearRing>
        </outerBoundaryIs>
      </Polygon>
    </Placemark>
    <Placemark>
      <description><![CDATA[LIMITES_TRACKER<BR><BR><B>ELEVATION</B> = 0]]></description>
      <styleUrl>#area1</styleUrl>
      <Polygon>
        <altitudeMode>relativeToGround</altitudeMode>
        <extrude>1</extrude>
        <outerBoundaryIs>
          <LinearRing>
            <coordinates>
              -70.8091948797,-33.1137090444,0
              -70.8091684716,-33.1137094279,0
              -70.8091577462,-33.1131863549,0
              -70.8091841542,-33.1131859714,0
              -70.8091948797,-33.1137090444,0
            </coordinates>
          </LinearRing>
        </outerBoundaryIs>
      </Polygon>
    </Placemark>
    <Placemark>
      <description><![CDATA[LIMITES_TRACKER<BR><BR><B>ELEVATION</B> = 0]]></description>
      <styleUrl>#area1</styleUrl>
      <Polygon>
        <altitudeMode>relativeToGround</altitudeMode>
        <extrude>1</extrude>
        <outerBoundaryIs>
          <LinearRing>
            <coordinates>
              -70.8091207322,-33.1131868924,0
              -70.8091314574,-33.1137099654,0
              -70.8091050492,-33.1137103489,0
              -70.8090943242,-33.1131872758,0
              -70.8091207322,-33.1131868924,0
            </coordinates>
          </LinearRing>
        </outerBoundaryIs>
      </Polygon>
    </Placemark>
    <Placemark>
      <description><![CDATA[LIMITES_TRACKER<BR><BR><B>ELEVATION</B> = 0]]></description>
      <styleUrl>#area3</styleUrl>
      <Polygon>
        <altitudeMode>relativeToGround</altitudeMode>
        <extrude>1</extrude>
        <outerBoundaryIs>
          <LinearRing>
            <coordinates>
              -70.8091840617,-33.1131814636,0
              -70.8091576538,-33.1131818470,0
              -70.8091469287,-33.1126587739,0
              -70.8091733365,-33.1126583905,0
              -70.8091840617,-33.1131814636,0
            </coordinates>
          </LinearRing>
        </outerBoundaryIs>
      </Polygon>
    </Placemark>
    <Placemark>
      <description><![CDATA[LIMITES_TRACKER<BR><BR><B>ELEVATION</B> = 0]]></description>
      <styleUrl>#area3</styleUrl>
      <Polygon>
        <altitudeMode>relativeToGround</altitudeMode>
        <extrude>1</extrude>
        <outerBoundaryIs>
          <LinearRing>
            <coordinates>
              -70.8091099149,-33.1126593114,0
              -70.8091206398,-33.1131823845,0
              -70.8090942318,-33.1131827680,0
              -70.8090835071,-33.1126596949,0
              -70.8091099149,-33.1126593114,0
            </coordinates>
          </LinearRing>
        </outerBoundaryIs>
      </Polygon>
    </Placemark>
    <Placemark>
      <description><![CDATA[LIMITES_TRACKER<BR><BR><B>ELEVATION</B> = 0]]></description>
      <styleUrl>#area1</styleUrl>
      <Polygon>
        <altitudeMode>relativeToGround</altitudeMode>
        <extrude>1</extrude>
        <outerBoundaryIs>
          <LinearRing>
            <coordinates>
              -70.8092326910,-33.1124591240,0
              -70.8092062833,-33.1124595075,0
              -70.8091955582,-33.1119364344,0
              -70.8092219658,-33.1119360509,0
              -70.8092326910,-33.1124591240,0
            </coordinates>
          </LinearRing>
        </outerBoundaryIs>
      </Polygon>
    </Placemark>
    <Placemark>
      <description><![CDATA[LIMITES_TRACKER<BR><BR><B>ELEVATION</B> = 0]]></description>
      <styleUrl>#area1</styleUrl>
      <Polygon>
        <altitudeMode>relativeToGround</altitudeMode>
        <extrude>1</extrude>
        <outerBoundaryIs>
          <LinearRing>
            <coordinates>
              -70.8091585447,-33.1119369718,0
              -70.8091692696,-33.1124600450,0
              -70.8091428619,-33.1124604285,0
              -70.8091321371,-33.1119373553,0
              -70.8091585447,-33.1119369718,0
            </coordinates>
          </LinearRing>
        </outerBoundaryIs>
      </Polygon>
    </Placemark>
    <Placemark>
      <description><![CDATA[LIMITES_TRACKER<BR><BR><B>ELEVATION</B> = 0]]></description>
      <styleUrl>#area2</styleUrl>
      <Polygon>
        <altitudeMode>relativeToGround</altitudeMode>
        <extrude>1</extrude>
        <outerBoundaryIs>
          <LinearRing>
            <coordinates>
              -70.8092218734,-33.1119315430,0
              -70.8091954658,-33.1119319265,0
              -70.8091847409,-33.1114088533,0
              -70.8092111484,-33.1114084699,0
              -70.8092218734,-33.1119315430,0
            </coordinates>
          </LinearRing>
        </outerBoundaryIs>
      </Polygon>
    </Placemark>
    <Placemark>
      <description><![CDATA[LIMITES_TRACKER<BR><BR><B>ELEVATION</B> = 0]]></description>
      <styleUrl>#area2</styleUrl>
      <Polygon>
        <altitudeMode>relativeToGround</altitudeMode>
        <extrude>1</extrude>
        <outerBoundaryIs>
          <LinearRing>
            <coordinates>
              -70.8091477277,-33.1114093908,0
              -70.8091584523,-33.1119324640,0
              -70.8091320447,-33.1119328475,0
              -70.8091213203,-33.1114097743,0
              -70.8091477277,-33.1114093908,0
            </coordinates>
          </LinearRing>
        </outerBoundaryIs>
      </Polygon>
    </Placemark>
    <Placemark>
      <description><![CDATA[LIMITES_TRACKER<BR><BR><B>ELEVATION</B> = 0]]></description>
      <styleUrl>#area2</styleUrl>
      <Polygon>
        <altitudeMode>relativeToGround</altitudeMode>
        <extrude>1</extrude>
        <outerBoundaryIs>
          <LinearRing>
            <coordinates>
              -70.8092110560,-33.1114039620,0
              -70.8091846485,-33.1114043455,0
              -70.8091739240,-33.1108812722,0
              -70.8092003313,-33.1108808888,0
              -70.8092110560,-33.1114039620,0
            </coordinates>
          </LinearRing>
        </outerBoundaryIs>
      </Polygon>
    </Placemark>
    <Placemark>
      <description><![CDATA[LIMITES_TRACKER<BR><BR><B>ELEVATION</B> = 0]]></description>
      <styleUrl>#area2</styleUrl>
      <Polygon>
        <altitudeMode>relativeToGround</altitudeMode>
        <extrude>1</extrude>
        <outerBoundaryIs>
          <LinearRing>
            <coordinates>
              -70.8091369109,-33.1108818097,0
              -70.8091476353,-33.1114048829,0
              -70.8091212278,-33.1114052664,0
              -70.8091105037,-33.1108821931,0
              -70.8091369109,-33.1108818097,0
            </coordinates>
          </LinearRing>
        </outerBoundaryIs>
      </Polygon>
    </Placemark>
    <Placemark>
      <description><![CDATA[LIMITES_TRACKER<BR><BR><B>ELEVATION</B> = 0]]></description>
      <styleUrl>#area3</styleUrl>
      <Polygon>
        <altitudeMode>relativeToGround</altitudeMode>
        <extrude>1</extrude>
        <outerBoundaryIs>
          <LinearRing>
            <coordinates>
              -70.8092002388,-33.1108763809,0
              -70.8091738316,-33.1108767644,0
              -70.8091631073,-33.1103536911,0
              -70.8091895144,-33.1103533077,0
              -70.8092002388,-33.1108763809,0
            </coordinates>
          </LinearRing>
        </outerBoundaryIs>
      </Polygon>
    </Placemark>
    <Placemark>
      <description><![CDATA[LIMITES_TRACKER<BR><BR><B>ELEVATION</B> = 0]]></description>
      <styleUrl>#area3</styleUrl>
      <Polygon>
        <altitudeMode>relativeToGround</altitudeMode>
        <extrude>1</extrude>
        <outerBoundaryIs>
          <LinearRing>
            <coordinates>
              -70.8091260945,-33.1103542286,0
              -70.8091368185,-33.1108773018,0
              -70.8091104113,-33.1108776853,0
              -70.8090996874,-33.1103546120,0
              -70.8091260945,-33.1103542286,0
            </coordinates>
          </LinearRing>
        </outerBoundaryIs>
      </Polygon>
    </Placemark>
    <Placemark>
      <description><![CDATA[LIMITES_TRACKER<BR><BR><B>ELEVATION</B> = 0]]></description>
      <styleUrl>#area1</styleUrl>
      <Polygon>
        <altitudeMode>relativeToGround</altitudeMode>
        <extrude>1</extrude>
        <outerBoundaryIs>
          <LinearRing>
            <coordinates>
              -70.8093217244,-33.1137072024,0
              -70.8092953163,-33.1137075859,0
              -70.8092845901,-33.1131845129,0
              -70.8093109981,-33.1131841294,0
              -70.8093217244,-33.1137072024,0
            </coordinates>
          </LinearRing>
        </outerBoundaryIs>
      </Polygon>
    </Placemark>
    <Placemark>
      <description><![CDATA[LIMITES_TRACKER<BR><BR><B>ELEVATION</B> = 0]]></description>
      <styleUrl>#area1</styleUrl>
      <Polygon>
        <altitudeMode>relativeToGround</altitudeMode>
        <extrude>1</extrude>
        <outerBoundaryIs>
          <LinearRing>
            <coordinates>
              -70.8092475761,-33.1131850504,0
              -70.8092583020,-33.1137081234,0
              -70.8092318939,-33.1137085069,0
              -70.8092211682,-33.1131854339,0
              -70.8092475761,-33.1131850504,0
            </coordinates>
          </LinearRing>
        </outerBoundaryIs>
      </Polygon>
    </Placemark>
    <Placemark>
      <description><![CDATA[LIMITES_TRACKER<BR><BR><B>ELEVATION</B> = 0]]></description>
      <styleUrl>#area3</styleUrl>
      <Polygon>
        <altitudeMode>relativeToGround</altitudeMode>
        <extrude>1</extrude>
        <outerBoundaryIs>
          <LinearRing>
            <coordinates>
              -70.8093109057,-33.1131796215,0
              -70.8092844977,-33.1131800050,0
              -70.8092737718,-33.1126569320,0
              -70.8093001796,-33.1126565485,0
              -70.8093109057,-33.1131796215,0
            </coordinates>
          </LinearRing>
        </outerBoundaryIs>
      </Polygon>
    </Placemark>
    <Placemark>
      <description><![CDATA[LIMITES_TRACKER<BR><BR><B>ELEVATION</B> = 0]]></description>
      <styleUrl>#area3</styleUrl>
      <Polygon>
        <altitudeMode>relativeToGround</altitudeMode>
        <extrude>1</extrude>
        <outerBoundaryIs>
          <LinearRing>
            <coordinates>
              -70.8092367581,-33.1126574695,0
              -70.8092474837,-33.1131805425,0
              -70.8092210757,-33.1131809260,0
              -70.8092103503,-33.1126578530,0
              -70.8092367581,-33.1126574695,0
            </coordinates>
          </LinearRing>
        </outerBoundaryIs>
      </Polygon>
    </Placemark>
    <Placemark>
      <description><![CDATA[LIMITES_TRACKER<BR><BR><B>ELEVATION</B> = 0]]></description>
      <styleUrl>#area1</styleUrl>
      <Polygon>
        <altitudeMode>relativeToGround</altitudeMode>
        <extrude>1</extrude>
        <outerBoundaryIs>
          <LinearRing>
            <coordinates>
              -70.8093595339,-33.1124572820,0
              -70.8093331262,-33.1124576655,0
              -70.8093224003,-33.1119345924,0
              -70.8093488079,-33.1119342089,0
              -70.8093595339,-33.1124572820,0
            </coordinates>
          </LinearRing>
        </outerBoundaryIs>
      </Polygon>
    </Placemark>
    <Placemark>
      <description><![CDATA[LIMITES_TRACKER<BR><BR><B>ELEVATION</B> = 0]]></description>
      <styleUrl>#area1</styleUrl>
      <Polygon>
        <altitudeMode>relativeToGround</altitudeMode>
        <extrude>1</extrude>
        <outerBoundaryIs>
          <LinearRing>
            <coordinates>
              -70.8092853869,-33.1119351299,0
              -70.8092961125,-33.1124582030,0
              -70.8092697047,-33.1124585865,0
              -70.8092589793,-33.1119355134,0
              -70.8092853869,-33.1119351299,0
            </coordinates>
          </LinearRing>
        </outerBoundaryIs>
      </Polygon>
    </Placemark>
    <Placemark>
      <description><![CDATA[LIMITES_TRACKER<BR><BR><B>ELEVATION</B> = 0]]></description>
      <styleUrl>#area2</styleUrl>
      <Polygon>
        <altitudeMode>relativeToGround</altitudeMode>
        <extrude>1</extrude>
        <outerBoundaryIs>
          <LinearRing>
            <coordinates>
              -70.8093487155,-33.1119297010,0
              -70.8093223079,-33.1119300845,0
              -70.8093115823,-33.1114070114,0
              -70.8093379898,-33.1114066279,0
              -70.8093487155,-33.1119297010,0
            </coordinates>
          </LinearRing>
        </outerBoundaryIs>
      </Polygon>
    </Placemark>
    <Placemark>
      <description><![CDATA[LIMITES_TRACKER<BR><BR><B>ELEVATION</B> = 0]]></description>
      <styleUrl>#area2</styleUrl>
      <Polygon>
        <altitudeMode>relativeToGround</altitudeMode>
        <extrude>1</extrude>
        <outerBoundaryIs>
          <LinearRing>
            <coordinates>
              -70.8092745691,-33.1114075489,0
              -70.8092852944,-33.1119306220,0
              -70.8092588868,-33.1119310055,0
              -70.8092481616,-33.1114079324,0
              -70.8092745691,-33.1114075489,0
            </coordinates>
          </LinearRing>
        </outerBoundaryIs>
      </Polygon>
    </Placemark>
    <Placemark>
      <description><![CDATA[LIMITES_TRACKER<BR><BR><B>ELEVATION</B> = 0]]></description>
      <styleUrl>#area3</styleUrl>
      <Polygon>
        <altitudeMode>relativeToGround</altitudeMode>
        <extrude>1</extrude>
        <outerBoundaryIs>
          <LinearRing>
            <coordinates>
              -70.8093378973,-33.1114021200,0
              -70.8093114899,-33.1114025035,0
              -70.8093007646,-33.1108794303,0
              -70.8093271719,-33.1108790468,0
              -70.8093378973,-33.1114021200,0
            </coordinates>
          </LinearRing>
        </outerBoundaryIs>
      </Polygon>
    </Placemark>
    <Placemark>
      <description><![CDATA[LIMITES_TRACKER<BR><BR><B>ELEVATION</B> = 0]]></description>
      <styleUrl>#area3</styleUrl>
      <Polygon>
        <altitudeMode>relativeToGround</altitudeMode>
        <extrude>1</extrude>
        <outerBoundaryIs>
          <LinearRing>
            <coordinates>
              -70.8092637516,-33.1108799678,0
              -70.8092744766,-33.1114030410,0
              -70.8092480692,-33.1114034245,0
              -70.8092373443,-33.1108803513,0
              -70.8092637516,-33.1108799678,0
            </coordinates>
          </LinearRing>
        </outerBoundaryIs>
      </Polygon>
    </Placemark>
    <Placemark>
      <description><![CDATA[LIMITES_TRACKER<BR><BR><B>ELEVATION</B> = 0]]></description>
      <styleUrl>#area4</styleUrl>
      <Polygon>
        <altitudeMode>relativeToGround</altitudeMode>
        <extrude>1</extrude>
        <outerBoundaryIs>
          <LinearRing>
            <coordinates>
              -70.8093270794,-33.1108745390,0
              -70.8093006722,-33.1108749225,0
              -70.8092899472,-33.1103518492,0
              -70.8093163543,-33.1103514657,0
              -70.8093270794,-33.1108745390,0
            </coordinates>
          </LinearRing>
        </outerBoundaryIs>
      </Polygon>
    </Placemark>
    <Placemark>
      <description><![CDATA[LIMITES_TRACKER<BR><BR><B>ELEVATION</B> = 0]]></description>
      <styleUrl>#area4</styleUrl>
      <Polygon>
        <altitudeMode>relativeToGround</altitudeMode>
        <extrude>1</extrude>
        <outerBoundaryIs>
          <LinearRing>
            <coordinates>
              -70.8092529343,-33.1103523867,0
              -70.8092636591,-33.1108754600,0
              -70.8092372519,-33.1108758434,0
              -70.8092265272,-33.1103527702,0
              -70.8092529343,-33.1103523867,0
            </coordinates>
          </LinearRing>
        </outerBoundaryIs>
      </Polygon>
    </Placemark>
    <Placemark>
      <description><![CDATA[LIMITES_TRACKER<BR><BR><B>ELEVATION</B> = 0]]></description>
      <styleUrl>#area1</styleUrl>
      <Polygon>
        <altitudeMode>relativeToGround</altitudeMode>
        <extrude>1</extrude>
        <outerBoundaryIs>
          <LinearRing>
            <coordinates>
              -70.8094485691,-33.1137053602,0
              -70.8094221609,-33.1137057437,0
              -70.8094114340,-33.1131826707,0
              -70.8094378420,-33.1131822872,0
              -70.8094485691,-33.1137053602,0
            </coordinates>
          </LinearRing>
        </outerBoundaryIs>
      </Polygon>
    </Placemark>
    <Placemark>
      <description><![CDATA[LIMITES_TRACKER<BR><BR><B>ELEVATION</B> = 0]]></description>
      <styleUrl>#area1</styleUrl>
      <Polygon>
        <altitudeMode>relativeToGround</altitudeMode>
        <extrude>1</extrude>
        <outerBoundaryIs>
          <LinearRing>
            <coordinates>
              -70.8093744201,-33.1131832083,0
              -70.8093851467,-33.1137062813,0
              -70.8093587386,-33.1137066648,0
              -70.8093480121,-33.1131835918,0
              -70.8093744201,-33.1131832083,0
            </coordinates>
          </LinearRing>
        </outerBoundaryIs>
      </Polygon>
    </Placemark>
    <Placemark>
      <description><![CDATA[LIMITES_TRACKER<BR><BR><B>ELEVATION</B> = 0]]></description>
      <styleUrl>#area1</styleUrl>
      <Polygon>
        <altitudeMode>relativeToGround</altitudeMode>
        <extrude>1</extrude>
        <outerBoundaryIs>
          <LinearRing>
            <coordinates>
              -70.8094863768,-33.1124554398,0
              -70.8094599690,-33.1124558233,0
              -70.8094492424,-33.1119327502,0
              -70.8094756500,-33.1119323667,0
              -70.8094863768,-33.1124554398,0
            </coordinates>
          </LinearRing>
        </outerBoundaryIs>
      </Polygon>
    </Placemark>
    <Placemark>
      <description><![CDATA[LIMITES_TRACKER<BR><BR><B>ELEVATION</B> = 0]]></description>
      <styleUrl>#area1</styleUrl>
      <Polygon>
        <altitudeMode>relativeToGround</altitudeMode>
        <extrude>1</extrude>
        <outerBoundaryIs>
          <LinearRing>
            <coordinates>
              -70.8094122290,-33.1119332878,0
              -70.8094229554,-33.1124563609,0
              -70.8093965476,-33.1124567444,0
              -70.8093858214,-33.1119336713,0
              -70.8094122290,-33.1119332878,0
            </coordinates>
          </LinearRing>
        </outerBoundaryIs>
      </Polygon>
    </Placemark>
    <Placemark>
      <description><![CDATA[LIMITES_TRACKER<BR><BR><B>ELEVATION</B> = 0]]></description>
      <styleUrl>#area2</styleUrl>
      <Polygon>
        <altitudeMode>relativeToGround</altitudeMode>
        <extrude>1</extrude>
        <outerBoundaryIs>
          <LinearRing>
            <coordinates>
              -70.8094755576,-33.1119278589,0
              -70.8094491500,-33.1119282424,0
              -70.8094384237,-33.1114051693,0
              -70.8094648311,-33.1114047858,0
              -70.8094755576,-33.1119278589,0
            </coordinates>
          </LinearRing>
        </outerBoundaryIs>
      </Polygon>
    </Placemark>
    <Placemark>
      <description><![CDATA[LIMITES_TRACKER<BR><BR><B>ELEVATION</B> = 0]]></description>
      <styleUrl>#area2</styleUrl>
      <Polygon>
        <altitudeMode>relativeToGround</altitudeMode>
        <extrude>1</extrude>
        <outerBoundaryIs>
          <LinearRing>
            <coordinates>
              -70.8094014104,-33.1114057068,0
              -70.8094121365,-33.1119287800,0
              -70.8093857290,-33.1119291635,0
              -70.8093750030,-33.1114060903,0
              -70.8094014104,-33.1114057068,0
            </coordinates>
          </LinearRing>
        </outerBoundaryIs>
      </Polygon>
    </Placemark>
    <Placemark>
      <description><![CDATA[LIMITES_TRACKER<BR><BR><B>ELEVATION</B> = 0]]></description>
      <styleUrl>#area3</styleUrl>
      <Polygon>
        <altitudeMode>relativeToGround</altitudeMode>
        <extrude>1</extrude>
        <outerBoundaryIs>
          <LinearRing>
            <coordinates>
              -70.8094647387,-33.1114002779,0
              -70.8094383312,-33.1114006614,0
              -70.8094276052,-33.1108775883,0
              -70.8094540125,-33.1108772048,0
              -70.8094647387,-33.1114002779,0
            </coordinates>
          </LinearRing>
        </outerBoundaryIs>
      </Polygon>
    </Placemark>
    <Placemark>
      <description><![CDATA[LIMITES_TRACKER<BR><BR><B>ELEVATION</B> = 0]]></description>
      <styleUrl>#area3</styleUrl>
      <Polygon>
        <altitudeMode>relativeToGround</altitudeMode>
        <extrude>1</extrude>
        <outerBoundaryIs>
          <LinearRing>
            <coordinates>
              -70.8093905922,-33.1108781258,0
              -70.8094013180,-33.1114011990,0
              -70.8093749106,-33.1114015825,0
              -70.8093641849,-33.1108785093,0
              -70.8093905922,-33.1108781258,0
            </coordinates>
          </LinearRing>
        </outerBoundaryIs>
      </Polygon>
    </Placemark>
    <Placemark>
      <description><![CDATA[LIMITES_TRACKER<BR><BR><B>ELEVATION</B> = 0]]></description>
      <styleUrl>#area5</styleUrl>
      <Polygon>
        <altitudeMode>relativeToGround</altitudeMode>
        <extrude>1</extrude>
        <outerBoundaryIs>
          <LinearRing>
            <coordinates>
              -70.8095754137,-33.1137035178,0
              -70.8095490056,-33.1137039014,0
              -70.8095382780,-33.1131808285,0
              -70.8095646859,-33.1131804449,0
              -70.8095754137,-33.1137035178,0
            </coordinates>
          </LinearRing>
        </outerBoundaryIs>
      </Polygon>
    </Placemark>
    <Placemark>
      <description><![CDATA[LIMITES_TRACKER<BR><BR><B>ELEVATION</B> = 0]]></description>
      <styleUrl>#area5</styleUrl>
      <Polygon>
        <altitudeMode>relativeToGround</altitudeMode>
        <extrude>1</extrude>
        <outerBoundaryIs>
          <LinearRing>
            <coordinates>
              -70.8095012640,-33.1131813661,0
              -70.8095119914,-33.1137044390,0
              -70.8094855833,-33.1137048226,0
              -70.8094748560,-33.1131817496,0
              -70.8095012640,-33.1131813661,0
            </coordinates>
          </LinearRing>
        </outerBoundaryIs>
      </Polygon>
    </Placemark>
    <Placemark>
      <description><![CDATA[LIMITES_TRACKER<BR><BR><B>ELEVATION</B> = 0]]></description>
      <styleUrl>#area1</styleUrl>
      <Polygon>
        <altitudeMode>relativeToGround</altitudeMode>
        <extrude>1</extrude>
        <outerBoundaryIs>
          <LinearRing>
            <coordinates>
              -70.8096132196,-33.1124535975,0
              -70.8095868119,-33.1124539810,0
              -70.8095760846,-33.1119309080,0
              -70.8096024921,-33.1119305244,0
              -70.8096132196,-33.1124535975,0
            </coordinates>
          </LinearRing>
        </outerBoundaryIs>
      </Polygon>
    </Placemark>
    <Placemark>
      <description><![CDATA[LIMITES_TRACKER<BR><BR><B>ELEVATION</B> = 0]]></description>
      <styleUrl>#area1</styleUrl>
      <Polygon>
        <altitudeMode>relativeToGround</altitudeMode>
        <extrude>1</extrude>
        <outerBoundaryIs>
          <LinearRing>
            <coordinates>
              -70.8095390711,-33.1119314456,0
              -70.8095497982,-33.1124545186,0
              -70.8095233905,-33.1124549022,0
              -70.8095126635,-33.1119318291,0
              -70.8095390711,-33.1119314456,0
            </coordinates>
          </LinearRing>
        </outerBoundaryIs>
      </Polygon>
    </Placemark>
    <Placemark>
      <description><![CDATA[LIMITES_TRACKER<BR><BR><B>ELEVATION</B> = 0]]></description>
      <styleUrl>#area2</styleUrl>
      <Polygon>
        <altitudeMode>relativeToGround</altitudeMode>
        <extrude>1</extrude>
        <outerBoundaryIs>
          <LinearRing>
            <coordinates>
              -70.8096023997,-33.1119260166,0
              -70.8095759921,-33.1119264001,0
              -70.8095652650,-33.1114033271,0
              -70.8095916725,-33.1114029435,0
              -70.8096023997,-33.1119260166,0
            </coordinates>
          </LinearRing>
        </outerBoundaryIs>
      </Polygon>
    </Placemark>
    <Placemark>
      <description><![CDATA[LIMITES_TRACKER<BR><BR><B>ELEVATION</B> = 0]]></description>
      <styleUrl>#area2</styleUrl>
      <Polygon>
        <altitudeMode>relativeToGround</altitudeMode>
        <extrude>1</extrude>
        <outerBoundaryIs>
          <LinearRing>
            <coordinates>
              -70.8095282518,-33.1114038647,0
              -70.8095389786,-33.1119269377,0
              -70.8095125711,-33.1119273213,0
              -70.8095018444,-33.1114042482,0
              -70.8095282518,-33.1114038647,0
            </coordinates>
          </LinearRing>
        </outerBoundaryIs>
      </Polygon>
    </Placemark>
    <Placemark>
      <description><![CDATA[LIMITES_TRACKER<BR><BR><B>ELEVATION</B> = 0]]></description>
      <styleUrl>#area3</styleUrl>
      <Polygon>
        <altitudeMode>relativeToGround</altitudeMode>
        <extrude>1</extrude>
        <outerBoundaryIs>
          <LinearRing>
            <coordinates>
              -70.8095915800,-33.1113984357,0
              -70.8095651726,-33.1113988192,0
              -70.8095544458,-33.1108757461,0
              -70.8095808531,-33.1108753626,0
              -70.8095915800,-33.1113984357,0
            </coordinates>
          </LinearRing>
        </outerBoundaryIs>
      </Polygon>
    </Placemark>
    <Placemark>
      <description><![CDATA[LIMITES_TRACKER<BR><BR><B>ELEVATION</B> = 0]]></description>
      <styleUrl>#area3</styleUrl>
      <Polygon>
        <altitudeMode>relativeToGround</altitudeMode>
        <extrude>1</extrude>
        <outerBoundaryIs>
          <LinearRing>
            <coordinates>
              -70.8095174328,-33.1108762837,0
              -70.8095281593,-33.1113993568,0
              -70.8095017519,-33.1113997403,0
              -70.8094910255,-33.1108766672,0
              -70.8095174328,-33.1108762837,0
            </coordinates>
          </LinearRing>
        </outerBoundaryIs>
      </Polygon>
    </Placemark>
    <Placemark>
      <description><![CDATA[LIMITES_TRACKER<BR><BR><B>ELEVATION</B> = 0]]></description>
      <styleUrl>#area5</styleUrl>
      <Polygon>
        <altitudeMode>relativeToGround</altitudeMode>
        <extrude>1</extrude>
        <outerBoundaryIs>
          <LinearRing>
            <coordinates>
              -70.8097022583,-33.1137016754,0
              -70.8096758502,-33.1137020590,0
              -70.8096651218,-33.1131789861,0
              -70.8096915298,-33.1131786025,0
              -70.8097022583,-33.1137016754,0
            </coordinates>
          </LinearRing>
        </outerBoundaryIs>
      </Polygon>
    </Placemark>
    <Placemark>
      <description><![CDATA[LIMITES_TRACKER<BR><BR><B>ELEVATION</B> = 0]]></description>
      <styleUrl>#area5</styleUrl>
      <Polygon>
        <altitudeMode>relativeToGround</altitudeMode>
        <extrude>1</extrude>
        <outerBoundaryIs>
          <LinearRing>
            <coordinates>
              -70.8096281079,-33.1131795237,0
              -70.8096388360,-33.1137025966,0
              -70.8096124279,-33.1137029802,0
              -70.8096016999,-33.1131799073,0
              -70.8096281079,-33.1131795237,0
            </coordinates>
          </LinearRing>
        </outerBoundaryIs>
      </Polygon>
    </Placemark>
    <Placemark>
      <description><![CDATA[LIMITES_TRACKER<BR><BR><B>ELEVATION</B> = 0]]></description>
      <styleUrl>#area1</styleUrl>
      <Polygon>
        <altitudeMode>relativeToGround</altitudeMode>
        <extrude>1</extrude>
        <outerBoundaryIs>
          <LinearRing>
            <coordinates>
              -70.8097400625,-33.1124517550,0
              -70.8097136548,-33.1124521386,0
              -70.8097029266,-33.1119290656,0
              -70.8097293342,-33.1119286820,0
              -70.8097400625,-33.1124517550,0
            </coordinates>
          </LinearRing>
        </outerBoundaryIs>
      </Polygon>
    </Placemark>
    <Placemark>
      <description><![CDATA[LIMITES_TRACKER<BR><BR><B>ELEVATION</B> = 0]]></description>
      <styleUrl>#area1</styleUrl>
      <Polygon>
        <altitudeMode>relativeToGround</altitudeMode>
        <extrude>1</extrude>
        <outerBoundaryIs>
          <LinearRing>
            <coordinates>
              -70.8096659132,-33.1119296032,0
              -70.8096766411,-33.1124526762,0
              -70.8096502333,-33.1124530598,0
              -70.8096395056,-33.1119299868,0
              -70.8096659132,-33.1119296032,0
            </coordinates>
          </LinearRing>
        </outerBoundaryIs>
      </Polygon>
    </Placemark>
    <Placemark>
      <description><![CDATA[LIMITES_TRACKER<BR><BR><B>ELEVATION</B> = 0]]></description>
      <styleUrl>#area2</styleUrl>
      <Polygon>
        <altitudeMode>relativeToGround</altitudeMode>
        <extrude>1</extrude>
        <outerBoundaryIs>
          <LinearRing>
            <coordinates>
              -70.8097292418,-33.1119241742,0
              -70.8097028342,-33.1119245578,0
              -70.8096921064,-33.1114014847,0
              -70.8097185138,-33.1114011011,0
              -70.8097292418,-33.1119241742,0
            </coordinates>
          </LinearRing>
        </outerBoundaryIs>
      </Polygon>
    </Placemark>
    <Placemark>
      <description><![CDATA[LIMITES_TRACKER<BR><BR><B>ELEVATION</B> = 0]]></description>
      <styleUrl>#area2</styleUrl>
      <Polygon>
        <altitudeMode>relativeToGround</altitudeMode>
        <extrude>1</extrude>
        <outerBoundaryIs>
          <LinearRing>
            <coordinates>
              -70.8096550931,-33.1114020224,0
              -70.8096658207,-33.1119250954,0
              -70.8096394132,-33.1119254790,0
              -70.8096286857,-33.1114024059,0
              -70.8096550931,-33.1114020224,0
            </coordinates>
          </LinearRing>
        </outerBoundaryIs>
      </Polygon>
    </Placemark>
    <Placemark>
      <description><![CDATA[LIMITES_TRACKER<BR><BR><B>ELEVATION</B> = 0]]></description>
      <styleUrl>#area3</styleUrl>
      <Polygon>
        <altitudeMode>relativeToGround</altitudeMode>
        <extrude>1</extrude>
        <outerBoundaryIs>
          <LinearRing>
            <coordinates>
              -70.8097184213,-33.1113965933,0
              -70.8096920139,-33.1113969769,0
              -70.8096812864,-33.1108739038,0
              -70.8097076936,-33.1108735202,0
              -70.8097184213,-33.1113965933,0
            </coordinates>
          </LinearRing>
        </outerBoundaryIs>
      </Polygon>
    </Placemark>
    <Placemark>
      <description><![CDATA[LIMITES_TRACKER<BR><BR><B>ELEVATION</B> = 0]]></description>
      <styleUrl>#area3</styleUrl>
      <Polygon>
        <altitudeMode>relativeToGround</altitudeMode>
        <extrude>1</extrude>
        <outerBoundaryIs>
          <LinearRing>
            <coordinates>
              -70.8096442733,-33.1108744414,0
              -70.8096550007,-33.1113975145,0
              -70.8096285933,-33.1113978981,0
              -70.8096178661,-33.1108748250,0
              -70.8096442733,-33.1108744414,0
            </coordinates>
          </LinearRing>
        </outerBoundaryIs>
      </Polygon>
    </Placemark>
    <Placemark>
      <description><![CDATA[LIMITES_TRACKER<BR><BR><B>ELEVATION</B> = 0]]></description>
      <styleUrl>#area5</styleUrl>
      <Polygon>
        <altitudeMode>relativeToGround</altitudeMode>
        <extrude>1</extrude>
        <outerBoundaryIs>
          <LinearRing>
            <coordinates>
              -70.8098291030,-33.1136998328,0
              -70.8098026949,-33.1137002164,0
              -70.8097919657,-33.1131771435,0
              -70.8098183737,-33.1131767599,0
              -70.8098291030,-33.1136998328,0
            </coordinates>
          </LinearRing>
        </outerBoundaryIs>
      </Polygon>
    </Placemark>
    <Placemark>
      <description><![CDATA[LIMITES_TRACKER<BR><BR><B>ELEVATION</B> = 0]]></description>
      <styleUrl>#area5</styleUrl>
      <Polygon>
        <altitudeMode>relativeToGround</altitudeMode>
        <extrude>1</extrude>
        <outerBoundaryIs>
          <LinearRing>
            <coordinates>
              -70.8097549517,-33.1131776812,0
              -70.8097656807,-33.1137007541,0
              -70.8097392726,-33.1137011377,0
              -70.8097285438,-33.1131780648,0
              -70.8097549517,-33.1131776812,0
            </coordinates>
          </LinearRing>
        </outerBoundaryIs>
      </Polygon>
    </Placemark>
    <Placemark>
      <description><![CDATA[LIMITES_TRACKER<BR><BR><B>ELEVATION</B> = 0]]></description>
      <styleUrl>#area1</styleUrl>
      <Polygon>
        <altitudeMode>relativeToGround</altitudeMode>
        <extrude>1</extrude>
        <outerBoundaryIs>
          <LinearRing>
            <coordinates>
              -70.8098669053,-33.1124499124,0
              -70.8098404976,-33.1124502961,0
              -70.8098297687,-33.1119272231,0
              -70.8098561763,-33.1119268395,0
              -70.8098669053,-33.1124499124,0
            </coordinates>
          </LinearRing>
        </outerBoundaryIs>
      </Polygon>
    </Placemark>
    <Placemark>
      <description><![CDATA[LIMITES_TRACKER<BR><BR><B>ELEVATION</B> = 0]]></description>
      <styleUrl>#area1</styleUrl>
      <Polygon>
        <altitudeMode>relativeToGround</altitudeMode>
        <extrude>1</extrude>
        <outerBoundaryIs>
          <LinearRing>
            <coordinates>
              -70.8097927553,-33.1119277608,0
              -70.8098034839,-33.1124508337,0
              -70.8097770762,-33.1124512173,0
              -70.8097663477,-33.1119281444,0
              -70.8097927553,-33.1119277608,0
            </coordinates>
          </LinearRing>
        </outerBoundaryIs>
      </Polygon>
    </Placemark>
    <Placemark>
      <description><![CDATA[LIMITES_TRACKER<BR><BR><B>ELEVATION</B> = 0]]></description>
      <styleUrl>#area3</styleUrl>
      <Polygon>
        <altitudeMode>relativeToGround</altitudeMode>
        <extrude>1</extrude>
        <outerBoundaryIs>
          <LinearRing>
            <coordinates>
              -70.8098560838,-33.1119223316,0
              -70.8098296763,-33.1119227153,0
              -70.8098189477,-33.1113996423,0
              -70.8098453551,-33.1113992587,0
              -70.8098560838,-33.1119223316,0
            </coordinates>
          </LinearRing>
        </outerBoundaryIs>
      </Polygon>
    </Placemark>
    <Placemark>
      <description><![CDATA[LIMITES_TRACKER<BR><BR><B>ELEVATION</B> = 0]]></description>
      <styleUrl>#area3</styleUrl>
      <Polygon>
        <altitudeMode>relativeToGround</altitudeMode>
        <extrude>1</extrude>
        <outerBoundaryIs>
          <LinearRing>
            <coordinates>
              -70.8097819345,-33.1114001799,0
              -70.8097926628,-33.1119232529,0
              -70.8097662552,-33.1119236365,0
              -70.8097555270,-33.1114005635,0
              -70.8097819345,-33.1114001799,0
            </coordinates>
          </LinearRing>
        </outerBoundaryIs>
      </Polygon>
    </Placemark>
    <Placemark>
      <description><![CDATA[LIMITES_TRACKER<BR><BR><B>ELEVATION</B> = 0]]></description>
      <styleUrl>#area4</styleUrl>
      <Polygon>
        <altitudeMode>relativeToGround</altitudeMode>
        <extrude>1</extrude>
        <outerBoundaryIs>
          <LinearRing>
            <coordinates>
              -70.8098452627,-33.1113947508,0
              -70.8098188552,-33.1113951344,0
              -70.8098081269,-33.1108720614,0
              -70.8098345342,-33.1108716778,0
              -70.8098452627,-33.1113947508,0
            </coordinates>
          </LinearRing>
        </outerBoundaryIs>
      </Polygon>
    </Placemark>
    <Placemark>
      <description><![CDATA[LIMITES_TRACKER<BR><BR><B>ELEVATION</B> = 0]]></description>
      <styleUrl>#area4</styleUrl>
      <Polygon>
        <altitudeMode>relativeToGround</altitudeMode>
        <extrude>1</extrude>
        <outerBoundaryIs>
          <LinearRing>
            <coordinates>
              -70.8097711139,-33.1108725990,0
              -70.8097818420,-33.1113956721,0
              -70.8097554346,-33.1113960557,0
              -70.8097447067,-33.1108729826,0
              -70.8097711139,-33.1108725990,0
            </coordinates>
          </LinearRing>
        </outerBoundaryIs>
      </Polygon>
    </Placemark>
    <Placemark>
      <description><![CDATA[LIMITES_TRACKER<BR><BR><B>ELEVATION</B> = 0]]></description>
      <styleUrl>#area5</styleUrl>
      <Polygon>
        <altitudeMode>relativeToGround</altitudeMode>
        <extrude>1</extrude>
        <outerBoundaryIs>
          <LinearRing>
            <coordinates>
              -70.8099559476,-33.1136979900,0
              -70.8099295395,-33.1136983737,0
              -70.8099188096,-33.1131753009,0
              -70.8099452175,-33.1131749172,0
              -70.8099559476,-33.1136979900,0
            </coordinates>
          </LinearRing>
        </outerBoundaryIs>
      </Polygon>
    </Placemark>
    <Placemark>
      <description><![CDATA[LIMITES_TRACKER<BR><BR><B>ELEVATION</B> = 0]]></description>
      <styleUrl>#area5</styleUrl>
      <Polygon>
        <altitudeMode>relativeToGround</altitudeMode>
        <extrude>1</extrude>
        <outerBoundaryIs>
          <LinearRing>
            <coordinates>
              -70.8098817956,-33.1131758386,0
              -70.8098925253,-33.1136989114,0
              -70.8098661172,-33.1136992951,0
              -70.8098553877,-33.1131762222,0
              -70.8098817956,-33.1131758386,0
            </coordinates>
          </LinearRing>
        </outerBoundaryIs>
      </Polygon>
    </Placemark>
    <Placemark>
      <description><![CDATA[LIMITES_TRACKER<BR><BR><B>ELEVATION</B> = 0]]></description>
      <styleUrl>#area1</styleUrl>
      <Polygon>
        <altitudeMode>relativeToGround</altitudeMode>
        <extrude>1</extrude>
        <outerBoundaryIs>
          <LinearRing>
            <coordinates>
              -70.8099937481,-33.1124480697,0
              -70.8099673404,-33.1124484534,0
              -70.8099566108,-33.1119253805,0
              -70.8099830184,-33.1119249968,0
              -70.8099937481,-33.1124480697,0
            </coordinates>
          </LinearRing>
        </outerBoundaryIs>
      </Polygon>
    </Placemark>
    <Placemark>
      <description><![CDATA[LIMITES_TRACKER<BR><BR><B>ELEVATION</B> = 0]]></description>
      <styleUrl>#area1</styleUrl>
      <Polygon>
        <altitudeMode>relativeToGround</altitudeMode>
        <extrude>1</extrude>
        <outerBoundaryIs>
          <LinearRing>
            <coordinates>
              -70.8099195973,-33.1119259182,0
              -70.8099303267,-33.1124489911,0
              -70.8099039190,-33.1124493747,0
              -70.8098931898,-33.1119263018,0
              -70.8099195973,-33.1119259182,0
            </coordinates>
          </LinearRing>
        </outerBoundaryIs>
      </Polygon>
    </Placemark>
    <Placemark>
      <description><![CDATA[LIMITES_TRACKER<BR><BR><B>ELEVATION</B> = 0]]></description>
      <styleUrl>#area3</styleUrl>
      <Polygon>
        <altitudeMode>relativeToGround</altitudeMode>
        <extrude>1</extrude>
        <outerBoundaryIs>
          <LinearRing>
            <coordinates>
              -70.8099829259,-33.1119204890,0
              -70.8099565183,-33.1119208726,0
              -70.8099457890,-33.1113977997,0
              -70.8099721964,-33.1113974160,0
              -70.8099829259,-33.1119204890,0
            </coordinates>
          </LinearRing>
        </outerBoundaryIs>
      </Polygon>
    </Placemark>
    <Placemark>
      <description><![CDATA[LIMITES_TRACKER<BR><BR><B>ELEVATION</B> = 0]]></description>
      <styleUrl>#area3</styleUrl>
      <Polygon>
        <altitudeMode>relativeToGround</altitudeMode>
        <extrude>1</extrude>
        <outerBoundaryIs>
          <LinearRing>
            <coordinates>
              -70.8099087758,-33.1113983374,0
              -70.8099195049,-33.1119214103,0
              -70.8098930973,-33.1119217940,0
              -70.8098823684,-33.1113987210,0
              -70.8099087758,-33.1113983374,0
            </coordinates>
          </LinearRing>
        </outerBoundaryIs>
      </Polygon>
    </Placemark>
    <Placemark>
      <description><![CDATA[LIMITES_TRACKER<BR><BR><B>ELEVATION</B> = 0]]></description>
      <styleUrl>#area5</styleUrl>
      <Polygon>
        <altitudeMode>relativeToGround</altitudeMode>
        <extrude>1</extrude>
        <outerBoundaryIs>
          <LinearRing>
            <coordinates>
              -70.8100827922,-33.1136961472,0
              -70.8100563841,-33.1136965309,0
              -70.8100456535,-33.1131734581,0
              -70.8100720614,-33.1131730744,0
              -70.8100827922,-33.1136961472,0
            </coordinates>
          </LinearRing>
        </outerBoundaryIs>
      </Polygon>
    </Placemark>
    <Placemark>
      <description><![CDATA[LIMITES_TRACKER<BR><BR><B>ELEVATION</B> = 0]]></description>
      <styleUrl>#area5</styleUrl>
      <Polygon>
        <altitudeMode>relativeToGround</altitudeMode>
        <extrude>1</extrude>
        <outerBoundaryIs>
          <LinearRing>
            <coordinates>
              -70.8100086395,-33.1131739958,0
              -70.8100193699,-33.1136970686,0
              -70.8099929618,-33.1136974523,0
              -70.8099822315,-33.1131743795,0
              -70.8100086395,-33.1131739958,0
            </coordinates>
          </LinearRing>
        </outerBoundaryIs>
      </Polygon>
    </Placemark>
    <Placemark>
      <description><![CDATA[LIMITES_TRACKER<BR><BR><B>ELEVATION</B> = 0]]></description>
      <styleUrl>#area4</styleUrl>
      <Polygon>
        <altitudeMode>relativeToGround</altitudeMode>
        <extrude>1</extrude>
        <outerBoundaryIs>
          <LinearRing>
            <coordinates>
              -70.8100719689,-33.1131685666,0
              -70.8100455610,-33.1131689502,0
              -70.8100348306,-33.1126458774,0
              -70.8100612384,-33.1126454937,0
              -70.8100719689,-33.1131685666,0
            </coordinates>
          </LinearRing>
        </outerBoundaryIs>
      </Polygon>
    </Placemark>
    <Placemark>
      <description><![CDATA[LIMITES_TRACKER<BR><BR><B>ELEVATION</B> = 0]]></description>
      <styleUrl>#area4</styleUrl>
      <Polygon>
        <altitudeMode>relativeToGround</altitudeMode>
        <extrude>1</extrude>
        <outerBoundaryIs>
          <LinearRing>
            <coordinates>
              -70.8099978169,-33.1126464151,0
              -70.8100085470,-33.1131694880,0
              -70.8099821391,-33.1131698716,0
              -70.8099714091,-33.1126467988,0
              -70.8099978169,-33.1126464151,0
            </coordinates>
          </LinearRing>
        </outerBoundaryIs>
      </Polygon>
    </Placemark>
    <Placemark>
      <description><![CDATA[LIMITES_TRACKER<BR><BR><B>ELEVATION</B> = 0]]></description>
      <styleUrl>#area1</styleUrl>
      <Polygon>
        <altitudeMode>relativeToGround</altitudeMode>
        <extrude>1</extrude>
        <outerBoundaryIs>
          <LinearRing>
            <coordinates>
              -70.8101205909,-33.1124462269,0
              -70.8100941832,-33.1124466106,0
              -70.8100834529,-33.1119235377,0
              -70.8101098604,-33.1119231540,0
              -70.8101205909,-33.1124462269,0
            </coordinates>
          </LinearRing>
        </outerBoundaryIs>
      </Polygon>
    </Placemark>
    <Placemark>
      <description><![CDATA[LIMITES_TRACKER<BR><BR><B>ELEVATION</B> = 0]]></description>
      <styleUrl>#area1</styleUrl>
      <Polygon>
        <altitudeMode>relativeToGround</altitudeMode>
        <extrude>1</extrude>
        <outerBoundaryIs>
          <LinearRing>
            <coordinates>
              -70.8100464394,-33.1119240755,0
              -70.8100571695,-33.1124471483,0
              -70.8100307618,-33.1124475320,0
              -70.8100200318,-33.1119244591,0
              -70.8100464394,-33.1119240755,0
            </coordinates>
          </LinearRing>
        </outerBoundaryIs>
      </Polygon>
    </Placemark>
    <Placemark>
      <description><![CDATA[LIMITES_TRACKER<BR><BR><B>ELEVATION</B> = 0]]></description>
      <styleUrl>#area3</styleUrl>
      <Polygon>
        <altitudeMode>relativeToGround</altitudeMode>
        <extrude>1</extrude>
        <outerBoundaryIs>
          <LinearRing>
            <coordinates>
              -70.8101097680,-33.1119186462,0
              -70.8100833604,-33.1119190299,0
              -70.8100726303,-33.1113959569,0
              -70.8100990377,-33.1113955733,0
              -70.8101097680,-33.1119186462,0
            </coordinates>
          </LinearRing>
        </outerBoundaryIs>
      </Polygon>
    </Placemark>
    <Placemark>
      <description><![CDATA[LIMITES_TRACKER<BR><BR><B>ELEVATION</B> = 0]]></description>
      <styleUrl>#area3</styleUrl>
      <Polygon>
        <altitudeMode>relativeToGround</altitudeMode>
        <extrude>1</extrude>
        <outerBoundaryIs>
          <LinearRing>
            <coordinates>
              -70.8100356171,-33.1113964947,0
              -70.8100463469,-33.1119195676,0
              -70.8100199394,-33.1119199513,0
              -70.8100092097,-33.1113968783,0
              -70.8100356171,-33.1113964947,0
            </coordinates>
          </LinearRing>
        </outerBoundaryIs>
      </Polygon>
    </Placemark>
    <Placemark>
      <description><![CDATA[LIMITES_TRACKER<BR><BR><B>ELEVATION</B> = 0]]></description>
      <styleUrl>#area1</styleUrl>
      <Polygon>
        <altitudeMode>relativeToGround</altitudeMode>
        <extrude>1</extrude>
        <outerBoundaryIs>
          <LinearRing>
            <coordinates>
              -70.8102096368,-33.1136943042,0
              -70.8101832287,-33.1136946879,0
              -70.8101724973,-33.1131716152,0
              -70.8101989053,-33.1131712315,0
              -70.8102096368,-33.1136943042,0
            </coordinates>
          </LinearRing>
        </outerBoundaryIs>
      </Polygon>
    </Placemark>
    <Placemark>
      <description><![CDATA[LIMITES_TRACKER<BR><BR><B>ELEVATION</B> = 0]]></description>
      <styleUrl>#area1</styleUrl>
      <Polygon>
        <altitudeMode>relativeToGround</altitudeMode>
        <extrude>1</extrude>
        <outerBoundaryIs>
          <LinearRing>
            <coordinates>
              -70.8101354833,-33.1131721529,0
              -70.8101462145,-33.1136952257,0
              -70.8101198064,-33.1136956094,0
              -70.8101090754,-33.1131725366,0
              -70.8101354833,-33.1131721529,0
            </coordinates>
          </LinearRing>
        </outerBoundaryIs>
      </Polygon>
    </Placemark>
    <Placemark>
      <description><![CDATA[LIMITES_TRACKER<BR><BR><B>ELEVATION</B> = 0]]></description>
      <styleUrl>#area3</styleUrl>
      <Polygon>
        <altitudeMode>relativeToGround</altitudeMode>
        <extrude>1</extrude>
        <outerBoundaryIs>
          <LinearRing>
            <coordinates>
              -70.8101988128,-33.1131667236,0
              -70.8101724048,-33.1131671073,0
              -70.8101616737,-33.1126440345,0
              -70.8101880815,-33.1126436508,0
              -70.8101988128,-33.1131667236,0
            </coordinates>
          </LinearRing>
        </outerBoundaryIs>
      </Polygon>
    </Placemark>
    <Placemark>
      <description><![CDATA[LIMITES_TRACKER<BR><BR><B>ELEVATION</B> = 0]]></description>
      <styleUrl>#area3</styleUrl>
      <Polygon>
        <altitudeMode>relativeToGround</altitudeMode>
        <extrude>1</extrude>
        <outerBoundaryIs>
          <LinearRing>
            <coordinates>
              -70.8101246600,-33.1126445723,0
              -70.8101353908,-33.1131676451,0
              -70.8101089829,-33.1131680288,0
              -70.8100982522,-33.1126449560,0
              -70.8101246600,-33.1126445723,0
            </coordinates>
          </LinearRing>
        </outerBoundaryIs>
      </Polygon>
    </Placemark>
    <Placemark>
      <description><![CDATA[LIMITES_TRACKER<BR><BR><B>ELEVATION</B> = 0]]></description>
      <styleUrl>#area1</styleUrl>
      <Polygon>
        <altitudeMode>relativeToGround</altitudeMode>
        <extrude>1</extrude>
        <outerBoundaryIs>
          <LinearRing>
            <coordinates>
              -70.8102474337,-33.1124443840,0
              -70.8102210260,-33.1124447677,0
              -70.8102102949,-33.1119216948,0
              -70.8102367025,-33.1119213111,0
              -70.8102474337,-33.1124443840,0
            </coordinates>
          </LinearRing>
        </outerBoundaryIs>
      </Polygon>
    </Placemark>
    <Placemark>
      <description><![CDATA[LIMITES_TRACKER<BR><BR><B>ELEVATION</B> = 0]]></description>
      <styleUrl>#area1</styleUrl>
      <Polygon>
        <altitudeMode>relativeToGround</altitudeMode>
        <extrude>1</extrude>
        <outerBoundaryIs>
          <LinearRing>
            <coordinates>
              -70.8101732815,-33.1119222326,0
              -70.8101840123,-33.1124453054,0
              -70.8101576046,-33.1124456891,0
              -70.8101468739,-33.1119226163,0
              -70.8101732815,-33.1119222326,0
            </coordinates>
          </LinearRing>
        </outerBoundaryIs>
      </Polygon>
    </Placemark>
    <Placemark>
      <description><![CDATA[LIMITES_TRACKER<BR><BR><B>ELEVATION</B> = 0]]></description>
      <styleUrl>#area3</styleUrl>
      <Polygon>
        <altitudeMode>relativeToGround</altitudeMode>
        <extrude>1</extrude>
        <outerBoundaryIs>
          <LinearRing>
            <coordinates>
              -70.8102366100,-33.1119168033,0
              -70.8102102024,-33.1119171870,0
              -70.8101994716,-33.1113941141,0
              -70.8102258790,-33.1113937304,0
              -70.8102366100,-33.1119168033,0
            </coordinates>
          </LinearRing>
        </outerBoundaryIs>
      </Polygon>
    </Placemark>
    <Placemark>
      <description><![CDATA[LIMITES_TRACKER<BR><BR><B>ELEVATION</B> = 0]]></description>
      <styleUrl>#area3</styleUrl>
      <Polygon>
        <altitudeMode>relativeToGround</altitudeMode>
        <extrude>1</extrude>
        <outerBoundaryIs>
          <LinearRing>
            <coordinates>
              -70.8101624584,-33.1113946518,0
              -70.8101731890,-33.1119177247,0
              -70.8101467814,-33.1119181084,0
              -70.8101360510,-33.1113950355,0
              -70.8101624584,-33.1113946518,0
            </coordinates>
          </LinearRing>
        </outerBoundaryIs>
      </Polygon>
    </Placemark>
    <Placemark>
      <description><![CDATA[LIMITES_TRACKER<BR><BR><B>ELEVATION</B> = 0]]></description>
      <styleUrl>#area1</styleUrl>
      <Polygon>
        <altitudeMode>relativeToGround</altitudeMode>
        <extrude>1</extrude>
        <outerBoundaryIs>
          <LinearRing>
            <coordinates>
              -70.8103364814,-33.1136924611,0
              -70.8103100733,-33.1136928448,0
              -70.8102993411,-33.1131697721,0
              -70.8103257491,-33.1131693884,0
              -70.8103364814,-33.1136924611,0
            </coordinates>
          </LinearRing>
        </outerBoundaryIs>
      </Polygon>
    </Placemark>
    <Placemark>
      <description><![CDATA[LIMITES_TRACKER<BR><BR><B>ELEVATION</B> = 0]]></description>
      <styleUrl>#area1</styleUrl>
      <Polygon>
        <altitudeMode>relativeToGround</altitudeMode>
        <extrude>1</extrude>
        <outerBoundaryIs>
          <LinearRing>
            <coordinates>
              -70.8102623272,-33.1131703099,0
              -70.8102730591,-33.1136933827,0
              -70.8102466510,-33.1136937664,0
              -70.8102359192,-33.1131706937,0
              -70.8102623272,-33.1131703099,0
            </coordinates>
          </LinearRing>
        </outerBoundaryIs>
      </Polygon>
    </Placemark>
    <Placemark>
      <description><![CDATA[LIMITES_TRACKER<BR><BR><B>ELEVATION</B> = 0]]></description>
      <styleUrl>#area3</styleUrl>
      <Polygon>
        <altitudeMode>relativeToGround</altitudeMode>
        <extrude>1</extrude>
        <outerBoundaryIs>
          <LinearRing>
            <coordinates>
              -70.8103256566,-33.1131648805,0
              -70.8102992487,-33.1131652643,0
              -70.8102885168,-33.1126421915,0
              -70.8103149246,-33.1126418078,0
              -70.8103256566,-33.1131648805,0
            </coordinates>
          </LinearRing>
        </outerBoundaryIs>
      </Polygon>
    </Placemark>
    <Placemark>
      <description><![CDATA[LIMITES_TRACKER<BR><BR><B>ELEVATION</B> = 0]]></description>
      <styleUrl>#area3</styleUrl>
      <Polygon>
        <altitudeMode>relativeToGround</altitudeMode>
        <extrude>1</extrude>
        <outerBoundaryIs>
          <LinearRing>
            <coordinates>
              -70.8102515030,-33.1126427293,0
              -70.8102622347,-33.1131658021,0
              -70.8102358267,-33.1131661858,0
              -70.8102250952,-33.1126431130,0
              -70.8102515030,-33.1126427293,0
            </coordinates>
          </LinearRing>
        </outerBoundaryIs>
      </Polygon>
    </Placemark>
    <Placemark>
      <description><![CDATA[LIMITES_TRACKER<BR><BR><B>ELEVATION</B> = 0]]></description>
      <styleUrl>#area1</styleUrl>
      <Polygon>
        <altitudeMode>relativeToGround</altitudeMode>
        <extrude>1</extrude>
        <outerBoundaryIs>
          <LinearRing>
            <coordinates>
              -70.8103742765,-33.1124425409,0
              -70.8103478688,-33.1124429246,0
              -70.8103371369,-33.1119198518,0
              -70.8103635445,-33.1119194681,0
              -70.8103742765,-33.1124425409,0
            </coordinates>
          </LinearRing>
        </outerBoundaryIs>
      </Polygon>
    </Placemark>
    <Placemark>
      <description><![CDATA[LIMITES_TRACKER<BR><BR><B>ELEVATION</B> = 0]]></description>
      <styleUrl>#area1</styleUrl>
      <Polygon>
        <altitudeMode>relativeToGround</altitudeMode>
        <extrude>1</extrude>
        <outerBoundaryIs>
          <LinearRing>
            <coordinates>
              -70.8103001235,-33.1119203896,0
              -70.8103108551,-33.1124434624,0
              -70.8102844474,-33.1124438461,0
              -70.8102737159,-33.1119207733,0
              -70.8103001235,-33.1119203896,0
            </coordinates>
          </LinearRing>
        </outerBoundaryIs>
      </Polygon>
    </Placemark>
    <Placemark>
      <description><![CDATA[LIMITES_TRACKER<BR><BR><B>ELEVATION</B> = 0]]></description>
      <styleUrl>#area3</styleUrl>
      <Polygon>
        <altitudeMode>relativeToGround</altitudeMode>
        <extrude>1</extrude>
        <outerBoundaryIs>
          <LinearRing>
            <coordinates>
              -70.8103634520,-33.1119149602,0
              -70.8103370445,-33.1119153439,0
              -70.8103263129,-33.1113922711,0
              -70.8103527203,-33.1113918874,0
              -70.8103634520,-33.1119149602,0
            </coordinates>
          </LinearRing>
        </outerBoundaryIs>
      </Polygon>
    </Placemark>
    <Placemark>
      <description><![CDATA[LIMITES_TRACKER<BR><BR><B>ELEVATION</B> = 0]]></description>
      <styleUrl>#area3</styleUrl>
      <Polygon>
        <altitudeMode>relativeToGround</altitudeMode>
        <extrude>1</extrude>
        <outerBoundaryIs>
          <LinearRing>
            <coordinates>
              -70.8102892997,-33.1113928089,0
              -70.8103000310,-33.1119158818,0
              -70.8102736234,-33.1119162655,0
              -70.8102628922,-33.1113931926,0
              -70.8102892997,-33.1113928089,0
            </coordinates>
          </LinearRing>
        </outerBoundaryIs>
      </Polygon>
    </Placemark>
    <Placemark>
      <description><![CDATA[LIMITES_TRACKER<BR><BR><B>ELEVATION</B> = 0]]></description>
      <styleUrl>#area1</styleUrl>
      <Polygon>
        <altitudeMode>relativeToGround</altitudeMode>
        <extrude>1</extrude>
        <outerBoundaryIs>
          <LinearRing>
            <coordinates>
              -70.8104633260,-33.1136906179,0
              -70.8104369179,-33.1136910016,0
              -70.8104261850,-33.1131679289,0
              -70.8104525929,-33.1131675452,0
              -70.8104633260,-33.1136906179,0
            </coordinates>
          </LinearRing>
        </outerBoundaryIs>
      </Polygon>
    </Placemark>
    <Placemark>
      <description><![CDATA[LIMITES_TRACKER<BR><BR><B>ELEVATION</B> = 0]]></description>
      <styleUrl>#area1</styleUrl>
      <Polygon>
        <altitudeMode>relativeToGround</altitudeMode>
        <extrude>1</extrude>
        <outerBoundaryIs>
          <LinearRing>
            <coordinates>
              -70.8103891710,-33.1131684668,0
              -70.8103999037,-33.1136915395,0
              -70.8103734956,-33.1136919232,0
              -70.8103627631,-33.1131688505,0
              -70.8103891710,-33.1131684668,0
            </coordinates>
          </LinearRing>
        </outerBoundaryIs>
      </Polygon>
    </Placemark>
    <Placemark>
      <description><![CDATA[LIMITES_TRACKER<BR><BR><B>ELEVATION</B> = 0]]></description>
      <styleUrl>#area3</styleUrl>
      <Polygon>
        <altitudeMode>relativeToGround</altitudeMode>
        <extrude>1</extrude>
        <outerBoundaryIs>
          <LinearRing>
            <coordinates>
              -70.8104525004,-33.1131630373,0
              -70.8104260925,-33.1131634211,0
              -70.8104153599,-33.1126403484,0
              -70.8104417676,-33.1126399646,0
              -70.8104525004,-33.1131630373,0
            </coordinates>
          </LinearRing>
        </outerBoundaryIs>
      </Polygon>
    </Placemark>
    <Placemark>
      <description><![CDATA[LIMITES_TRACKER<BR><BR><B>ELEVATION</B> = 0]]></description>
      <styleUrl>#area3</styleUrl>
      <Polygon>
        <altitudeMode>relativeToGround</altitudeMode>
        <extrude>1</extrude>
        <outerBoundaryIs>
          <LinearRing>
            <coordinates>
              -70.8103783461,-33.1126408862,0
              -70.8103890785,-33.1131639590,0
              -70.8103626706,-33.1131643427,0
              -70.8103519383,-33.1126412700,0
              -70.8103783461,-33.1126408862,0
            </coordinates>
          </LinearRing>
        </outerBoundaryIs>
      </Polygon>
    </Placemark>
    <Placemark>
      <description><![CDATA[LIMITES_TRACKER<BR><BR><B>ELEVATION</B> = 0]]></description>
      <styleUrl>#area5</styleUrl>
      <Polygon>
        <altitudeMode>relativeToGround</altitudeMode>
        <extrude>1</extrude>
        <outerBoundaryIs>
          <LinearRing>
            <coordinates>
              -70.8105011193,-33.1124406976,0
              -70.8104747116,-33.1124410814,0
              -70.8104639790,-33.1119180086,0
              -70.8104903865,-33.1119176249,0
              -70.8105011193,-33.1124406976,0
            </coordinates>
          </LinearRing>
        </outerBoundaryIs>
      </Polygon>
    </Placemark>
    <Placemark>
      <description><![CDATA[LIMITES_TRACKER<BR><BR><B>ELEVATION</B> = 0]]></description>
      <styleUrl>#area5</styleUrl>
      <Polygon>
        <altitudeMode>relativeToGround</altitudeMode>
        <extrude>1</extrude>
        <outerBoundaryIs>
          <LinearRing>
            <coordinates>
              -70.8104269655,-33.1119185465,0
              -70.8104376979,-33.1124416193,0
              -70.8104112902,-33.1124420030,0
              -70.8104005580,-33.1119189302,0
              -70.8104269655,-33.1119185465,0
            </coordinates>
          </LinearRing>
        </outerBoundaryIs>
      </Polygon>
    </Placemark>
    <Placemark>
      <description><![CDATA[LIMITES_TRACKER<BR><BR><B>ELEVATION</B> = 0]]></description>
      <styleUrl>#area4</styleUrl>
      <Polygon>
        <altitudeMode>relativeToGround</altitudeMode>
        <extrude>1</extrude>
        <outerBoundaryIs>
          <LinearRing>
            <coordinates>
              -70.8104902940,-33.1119131170,0
              -70.8104638865,-33.1119135008,0
              -70.8104531542,-33.1113904280,0
              -70.8104795616,-33.1113900442,0
              -70.8104902940,-33.1119131170,0
            </coordinates>
          </LinearRing>
        </outerBoundaryIs>
      </Polygon>
    </Placemark>
    <Placemark>
      <description><![CDATA[LIMITES_TRACKER<BR><BR><B>ELEVATION</B> = 0]]></description>
      <styleUrl>#area4</styleUrl>
      <Polygon>
        <altitudeMode>relativeToGround</altitudeMode>
        <extrude>1</extrude>
        <outerBoundaryIs>
          <LinearRing>
            <coordinates>
              -70.8104161409,-33.1113909658,0
              -70.8104268730,-33.1119140386,0
              -70.8104004655,-33.1119144224,0
              -70.8103897335,-33.1113913495,0
              -70.8104161409,-33.1113909658,0
            </coordinates>
          </LinearRing>
        </outerBoundaryIs>
      </Polygon>
    </Placemark>
    <Placemark>
      <description><![CDATA[LIMITES_TRACKER<BR><BR><B>ELEVATION</B> = 0]]></description>
      <styleUrl>#area1</styleUrl>
      <Polygon>
        <altitudeMode>relativeToGround</altitudeMode>
        <extrude>1</extrude>
        <outerBoundaryIs>
          <LinearRing>
            <coordinates>
              -70.8105901705,-33.1136887745,0
              -70.8105637624,-33.1136891583,0
              -70.8105530288,-33.1131660856,0
              -70.8105794367,-33.1131657019,0
              -70.8105901705,-33.1136887745,0
            </coordinates>
          </LinearRing>
        </outerBoundaryIs>
      </Polygon>
    </Placemark>
    <Placemark>
      <description><![CDATA[LIMITES_TRACKER<BR><BR><B>ELEVATION</B> = 0]]></description>
      <styleUrl>#area1</styleUrl>
      <Polygon>
        <altitudeMode>relativeToGround</altitudeMode>
        <extrude>1</extrude>
        <outerBoundaryIs>
          <LinearRing>
            <coordinates>
              -70.8105160148,-33.1131666235,0
              -70.8105267482,-33.1136896962,0
              -70.8105003401,-33.1136900800,0
              -70.8104896069,-33.1131670073,0
              -70.8105160148,-33.1131666235,0
            </coordinates>
          </LinearRing>
        </outerBoundaryIs>
      </Polygon>
    </Placemark>
    <Placemark>
      <description><![CDATA[LIMITES_TRACKER<BR><BR><B>ELEVATION</B> = 0]]></description>
      <styleUrl>#area3</styleUrl>
      <Polygon>
        <altitudeMode>relativeToGround</altitudeMode>
        <extrude>1</extrude>
        <outerBoundaryIs>
          <LinearRing>
            <coordinates>
              -70.8105793442,-33.1131611940,0
              -70.8105529363,-33.1131615778,0
              -70.8105422029,-33.1126385051,0
              -70.8105686107,-33.1126381213,0
              -70.8105793442,-33.1131611940,0
            </coordinates>
          </LinearRing>
        </outerBoundaryIs>
      </Polygon>
    </Placemark>
    <Placemark>
      <description><![CDATA[LIMITES_TRACKER<BR><BR><B>ELEVATION</B> = 0]]></description>
      <styleUrl>#area3</styleUrl>
      <Polygon>
        <altitudeMode>relativeToGround</altitudeMode>
        <extrude>1</extrude>
        <outerBoundaryIs>
          <LinearRing>
            <coordinates>
              -70.8105051892,-33.1126390430,0
              -70.8105159223,-33.1131621157,0
              -70.8104895144,-33.1131624995,0
              -70.8104787814,-33.1126394267,0
              -70.8105051892,-33.1126390430,0
            </coordinates>
          </LinearRing>
        </outerBoundaryIs>
      </Polygon>
    </Placemark>
    <Placemark>
      <description><![CDATA[LIMITES_TRACKER<BR><BR><B>ELEVATION</B> = 0]]></description>
      <styleUrl>#area5</styleUrl>
      <Polygon>
        <altitudeMode>relativeToGround</altitudeMode>
        <extrude>1</extrude>
        <outerBoundaryIs>
          <LinearRing>
            <coordinates>
              -70.8106279621,-33.1124388543,0
              -70.8106015543,-33.1124392381,0
              -70.8105908210,-33.1119161654,0
              -70.8106172286,-33.1119157816,0
              -70.8106279621,-33.1124388543,0
            </coordinates>
          </LinearRing>
        </outerBoundaryIs>
      </Polygon>
    </Placemark>
    <Placemark>
      <description><![CDATA[LIMITES_TRACKER<BR><BR><B>ELEVATION</B> = 0]]></description>
      <styleUrl>#area5</styleUrl>
      <Polygon>
        <altitudeMode>relativeToGround</altitudeMode>
        <extrude>1</extrude>
        <outerBoundaryIs>
          <LinearRing>
            <coordinates>
              -70.8105538075,-33.1119167032,0
              -70.8105645407,-33.1124397760,0
              -70.8105381330,-33.1124401598,0
              -70.8105274000,-33.1119170870,0
              -70.8105538075,-33.1119167032,0
            </coordinates>
          </LinearRing>
        </outerBoundaryIs>
      </Polygon>
    </Placemark>
    <Placemark>
      <description><![CDATA[LIMITES_TRACKER<BR><BR><B>ELEVATION</B> = 0]]></description>
      <styleUrl>#area1</styleUrl>
      <Polygon>
        <altitudeMode>relativeToGround</altitudeMode>
        <extrude>1</extrude>
        <outerBoundaryIs>
          <LinearRing>
            <coordinates>
              -70.8107170151,-33.1136869310,0
              -70.8106906070,-33.1136873148,0
              -70.8106798726,-33.1131642422,0
              -70.8107062805,-33.1131638584,0
              -70.8107170151,-33.1136869310,0
            </coordinates>
          </LinearRing>
        </outerBoundaryIs>
      </Polygon>
    </Placemark>
    <Placemark>
      <description><![CDATA[LIMITES_TRACKER<BR><BR><B>ELEVATION</B> = 0]]></description>
      <styleUrl>#area1</styleUrl>
      <Polygon>
        <altitudeMode>relativeToGround</altitudeMode>
        <extrude>1</extrude>
        <outerBoundaryIs>
          <LinearRing>
            <coordinates>
              -70.8106428586,-33.1131647801,0
              -70.8106535928,-33.1136878528,0
              -70.8106271847,-33.1136882366,0
              -70.8106164507,-33.1131651639,0
              -70.8106428586,-33.1131647801,0
            </coordinates>
          </LinearRing>
        </outerBoundaryIs>
      </Polygon>
    </Placemark>
    <Placemark>
      <description><![CDATA[LIMITES_TRACKER<BR><BR><B>ELEVATION</B> = 0]]></description>
      <styleUrl>#area3</styleUrl>
      <Polygon>
        <altitudeMode>relativeToGround</altitudeMode>
        <extrude>1</extrude>
        <outerBoundaryIs>
          <LinearRing>
            <coordinates>
              -70.8107061880,-33.1131593505,0
              -70.8106797801,-33.1131597343,0
              -70.8106690460,-33.1126366617,0
              -70.8106954537,-33.1126362779,0
              -70.8107061880,-33.1131593505,0
            </coordinates>
          </LinearRing>
        </outerBoundaryIs>
      </Polygon>
    </Placemark>
    <Placemark>
      <description><![CDATA[LIMITES_TRACKER<BR><BR><B>ELEVATION</B> = 0]]></description>
      <styleUrl>#area3</styleUrl>
      <Polygon>
        <altitudeMode>relativeToGround</altitudeMode>
        <extrude>1</extrude>
        <outerBoundaryIs>
          <LinearRing>
            <coordinates>
              -70.8106320322,-33.1126371996,0
              -70.8106427661,-33.1131602723,0
              -70.8106163582,-33.1131606561,0
              -70.8106056244,-33.1126375834,0
              -70.8106320322,-33.1126371996,0
            </coordinates>
          </LinearRing>
        </outerBoundaryIs>
      </Polygon>
    </Placemark>
    <Placemark>
      <description><![CDATA[LIMITES_TRACKER<BR><BR><B>ELEVATION</B> = 0]]></description>
      <styleUrl>#area5</styleUrl>
      <Polygon>
        <altitudeMode>relativeToGround</altitudeMode>
        <extrude>1</extrude>
        <outerBoundaryIs>
          <LinearRing>
            <coordinates>
              -70.8107548048,-33.1124370108,0
              -70.8107283971,-33.1124373946,0
              -70.8107176630,-33.1119143219,0
              -70.8107440706,-33.1119139381,0
              -70.8107548048,-33.1124370108,0
            </coordinates>
          </LinearRing>
        </outerBoundaryIs>
      </Polygon>
    </Placemark>
    <Placemark>
      <description><![CDATA[LIMITES_TRACKER<BR><BR><B>ELEVATION</B> = 0]]></description>
      <styleUrl>#area5</styleUrl>
      <Polygon>
        <altitudeMode>relativeToGround</altitudeMode>
        <extrude>1</extrude>
        <outerBoundaryIs>
          <LinearRing>
            <coordinates>
              -70.8106806496,-33.1119148599,0
              -70.8106913834,-33.1124379326,0
              -70.8106649757,-33.1124383164,0
              -70.8106542420,-33.1119152437,0
              -70.8106806496,-33.1119148599,0
            </coordinates>
          </LinearRing>
        </outerBoundaryIs>
      </Polygon>
    </Placemark>
    <Placemark>
      <description><![CDATA[LIMITES_TRACKER<BR><BR><B>ELEVATION</B> = 0]]></description>
      <styleUrl>#area1</styleUrl>
      <Polygon>
        <altitudeMode>relativeToGround</altitudeMode>
        <extrude>1</extrude>
        <outerBoundaryIs>
          <LinearRing>
            <coordinates>
              -70.8108438596,-33.1136850874,0
              -70.8108174515,-33.1136854712,0
              -70.8108067164,-33.1131623986,0
              -70.8108331243,-33.1131620148,0
              -70.8108438596,-33.1136850874,0
            </coordinates>
          </LinearRing>
        </outerBoundaryIs>
      </Polygon>
    </Placemark>
    <Placemark>
      <description><![CDATA[LIMITES_TRACKER<BR><BR><B>ELEVATION</B> = 0]]></description>
      <styleUrl>#area1</styleUrl>
      <Polygon>
        <altitudeMode>relativeToGround</altitudeMode>
        <extrude>1</extrude>
        <outerBoundaryIs>
          <LinearRing>
            <coordinates>
              -70.8107697024,-33.1131629366,0
              -70.8107804373,-33.1136860092,0
              -70.8107540293,-33.1136863930,0
              -70.8107432945,-33.1131633204,0
              -70.8107697024,-33.1131629366,0
            </coordinates>
          </LinearRing>
        </outerBoundaryIs>
      </Polygon>
    </Placemark>
    <Placemark>
      <description><![CDATA[LIMITES_TRACKER<BR><BR><B>ELEVATION</B> = 0]]></description>
      <styleUrl>#area3</styleUrl>
      <Polygon>
        <altitudeMode>relativeToGround</altitudeMode>
        <extrude>1</extrude>
        <outerBoundaryIs>
          <LinearRing>
            <coordinates>
              -70.8108330318,-33.1131575070,0
              -70.8108066239,-33.1131578908,0
              -70.8107958890,-33.1126348182,0
              -70.8108222968,-33.1126344343,0
              -70.8108330318,-33.1131575070,0
            </coordinates>
          </LinearRing>
        </outerBoundaryIs>
      </Polygon>
    </Placemark>
    <Placemark>
      <description><![CDATA[LIMITES_TRACKER<BR><BR><B>ELEVATION</B> = 0]]></description>
      <styleUrl>#area3</styleUrl>
      <Polygon>
        <altitudeMode>relativeToGround</altitudeMode>
        <extrude>1</extrude>
        <outerBoundaryIs>
          <LinearRing>
            <coordinates>
              -70.8107588752,-33.1126353561,0
              -70.8107696099,-33.1131584288,0
              -70.8107432020,-33.1131588126,0
              -70.8107324675,-33.1126357400,0
              -70.8107588752,-33.1126353561,0
            </coordinates>
          </LinearRing>
        </outerBoundaryIs>
      </Polygon>
    </Placemark>
    <Placemark>
      <description><![CDATA[LIMITES_TRACKER<BR><BR><B>ELEVATION</B> = 0]]></description>
      <styleUrl>#area5</styleUrl>
      <Polygon>
        <altitudeMode>relativeToGround</altitudeMode>
        <extrude>1</extrude>
        <outerBoundaryIs>
          <LinearRing>
            <coordinates>
              -70.8108816476,-33.1124351672,0
              -70.8108552398,-33.1124355511,0
              -70.8108445050,-33.1119124784,0
              -70.8108709125,-33.1119120946,0
              -70.8108816476,-33.1124351672,0
            </coordinates>
          </LinearRing>
        </outerBoundaryIs>
      </Polygon>
    </Placemark>
    <Placemark>
      <description><![CDATA[LIMITES_TRACKER<BR><BR><B>ELEVATION</B> = 0]]></description>
      <styleUrl>#area5</styleUrl>
      <Polygon>
        <altitudeMode>relativeToGround</altitudeMode>
        <extrude>1</extrude>
        <outerBoundaryIs>
          <LinearRing>
            <coordinates>
              -70.8108074915,-33.1119130164,0
              -70.8108182262,-33.1124360890,0
              -70.8107918185,-33.1124364729,0
              -70.8107810840,-33.1119134002,0
              -70.8108074915,-33.1119130164,0
            </coordinates>
          </LinearRing>
        </outerBoundaryIs>
      </Polygon>
    </Placemark>
    <Placemark>
      <description><![CDATA[LIMITES_TRACKER<BR><BR><B>ELEVATION</B> = 0]]></description>
      <styleUrl>#area1</styleUrl>
      <Polygon>
        <altitudeMode>relativeToGround</altitudeMode>
        <extrude>1</extrude>
        <outerBoundaryIs>
          <LinearRing>
            <coordinates>
              -70.8109815330,-33.1142108239,0
              -70.8109551248,-33.1142112078,0
              -70.8109443886,-33.1136881353,0
              -70.8109707967,-33.1136877515,0
              -70.8109815330,-33.1142108239,0
            </coordinates>
          </LinearRing>
        </outerBoundaryIs>
      </Polygon>
    </Placemark>
    <Placemark>
      <description><![CDATA[LIMITES_TRACKER<BR><BR><B>ELEVATION</B> = 0]]></description>
      <styleUrl>#area1</styleUrl>
      <Polygon>
        <altitudeMode>relativeToGround</altitudeMode>
        <extrude>1</extrude>
        <outerBoundaryIs>
          <LinearRing>
            <coordinates>
              -70.8109073744,-33.1136886733,0
              -70.8109181104,-33.1142117458,0
              -70.8108917021,-33.1142121297,0
              -70.8108809663,-33.1136890572,0
              -70.8109073744,-33.1136886733,0
            </coordinates>
          </LinearRing>
        </outerBoundaryIs>
      </Polygon>
    </Placemark>
    <Placemark>
      <description><![CDATA[LIMITES_TRACKER<BR><BR><B>ELEVATION</B> = 0]]></description>
      <styleUrl>#area2</styleUrl>
      <Polygon>
        <altitudeMode>relativeToGround</altitudeMode>
        <extrude>1</extrude>
        <outerBoundaryIs>
          <LinearRing>
            <coordinates>
              -70.8109707041,-33.1136832436,0
              -70.8109442960,-33.1136836275,0
              -70.8109335601,-33.1131605549,0
              -70.8109599681,-33.1131601711,0
              -70.8109707041,-33.1136832436,0
            </coordinates>
          </LinearRing>
        </outerBoundaryIs>
      </Polygon>
    </Placemark>
    <Placemark>
      <description><![CDATA[LIMITES_TRACKER<BR><BR><B>ELEVATION</B> = 0]]></description>
      <styleUrl>#area2</styleUrl>
      <Polygon>
        <altitudeMode>relativeToGround</altitudeMode>
        <extrude>1</extrude>
        <outerBoundaryIs>
          <LinearRing>
            <coordinates>
              -70.8108965462,-33.1131610930,0
              -70.8109072819,-33.1136841655,0
              -70.8108808738,-33.1136845494,0
              -70.8108701383,-33.1131614768,0
              -70.8108965462,-33.1131610930,0
            </coordinates>
          </LinearRing>
        </outerBoundaryIs>
      </Polygon>
    </Placemark>
    <Placemark>
      <description><![CDATA[LIMITES_TRACKER<BR><BR><B>ELEVATION</B> = 0]]></description>
      <styleUrl>#area3</styleUrl>
      <Polygon>
        <altitudeMode>relativeToGround</altitudeMode>
        <extrude>1</extrude>
        <outerBoundaryIs>
          <LinearRing>
            <coordinates>
              -70.8109598756,-33.1131556632,0
              -70.8109334676,-33.1131560471,0
              -70.8109227320,-33.1126329745,0
              -70.8109491398,-33.1126325907,0
              -70.8109598756,-33.1131556632,0
            </coordinates>
          </LinearRing>
        </outerBoundaryIs>
      </Polygon>
    </Placemark>
    <Placemark>
      <description><![CDATA[LIMITES_TRACKER<BR><BR><B>ELEVATION</B> = 0]]></description>
      <styleUrl>#area3</styleUrl>
      <Polygon>
        <altitudeMode>relativeToGround</altitudeMode>
        <extrude>1</extrude>
        <outerBoundaryIs>
          <LinearRing>
            <coordinates>
              -70.8108857183,-33.1126335125,0
              -70.8108964537,-33.1131565851,0
              -70.8108700457,-33.1131569690,0
              -70.8108593105,-33.1126338964,0
              -70.8108857183,-33.1126335125,0
            </coordinates>
          </LinearRing>
        </outerBoundaryIs>
      </Polygon>
    </Placemark>
    <Placemark>
      <description><![CDATA[LIMITES_TRACKER<BR><BR><B>ELEVATION</B> = 0]]></description>
      <styleUrl>#area5</styleUrl>
      <Polygon>
        <altitudeMode>relativeToGround</altitudeMode>
        <extrude>1</extrude>
        <outerBoundaryIs>
          <LinearRing>
            <coordinates>
              -70.8110084903,-33.1124333235,0
              -70.8109820826,-33.1124337074,0
              -70.8109713470,-33.1119106347,0
              -70.8109977545,-33.1119102509,0
              -70.8110084903,-33.1124333235,0
            </coordinates>
          </LinearRing>
        </outerBoundaryIs>
      </Polygon>
    </Placemark>
    <Placemark>
      <description><![CDATA[LIMITES_TRACKER<BR><BR><B>ELEVATION</B> = 0]]></description>
      <styleUrl>#area5</styleUrl>
      <Polygon>
        <altitudeMode>relativeToGround</altitudeMode>
        <extrude>1</extrude>
        <outerBoundaryIs>
          <LinearRing>
            <coordinates>
              -70.8109343335,-33.1119111727,0
              -70.8109450689,-33.1124342454,0
              -70.8109186612,-33.1124346292,0
              -70.8109079260,-33.1119115566,0
              -70.8109343335,-33.1119111727,0
            </coordinates>
          </LinearRing>
        </outerBoundaryIs>
      </Polygon>
    </Placemark>
    <Placemark>
      <description><![CDATA[LIMITES_TRACKER<BR><BR><B>ELEVATION</B> = 0]]></description>
      <styleUrl>#area1</styleUrl>
      <Polygon>
        <altitudeMode>relativeToGround</altitudeMode>
        <extrude>1</extrude>
        <outerBoundaryIs>
          <LinearRing>
            <coordinates>
              -70.8111083783,-33.1142089800,0
              -70.8110819700,-33.1142093639,0
              -70.8110712331,-33.1136862915,0
              -70.8110976412,-33.1136859076,0
              -70.8111083783,-33.1142089800,0
            </coordinates>
          </LinearRing>
        </outerBoundaryIs>
      </Polygon>
    </Placemark>
    <Placemark>
      <description><![CDATA[LIMITES_TRACKER<BR><BR><B>ELEVATION</B> = 0]]></description>
      <styleUrl>#area1</styleUrl>
      <Polygon>
        <altitudeMode>relativeToGround</altitudeMode>
        <extrude>1</extrude>
        <outerBoundaryIs>
          <LinearRing>
            <coordinates>
              -70.8110342189,-33.1136868295,0
              -70.8110449556,-33.1142099020,0
              -70.8110185474,-33.1142102859,0
              -70.8110078108,-33.1136872134,0
              -70.8110342189,-33.1136868295,0
            </coordinates>
          </LinearRing>
        </outerBoundaryIs>
      </Polygon>
    </Placemark>
    <Placemark>
      <description><![CDATA[LIMITES_TRACKER<BR><BR><B>ELEVATION</B> = 0]]></description>
      <styleUrl>#area2</styleUrl>
      <Polygon>
        <altitudeMode>relativeToGround</altitudeMode>
        <extrude>1</extrude>
        <outerBoundaryIs>
          <LinearRing>
            <coordinates>
              -70.8110975487,-33.1136813997,0
              -70.8110711406,-33.1136817836,0
              -70.8110604039,-33.1131587111,0
              -70.8110868118,-33.1131583272,0
              -70.8110975487,-33.1136813997,0
            </coordinates>
          </LinearRing>
        </outerBoundaryIs>
      </Polygon>
    </Placemark>
    <Placemark>
      <description><![CDATA[LIMITES_TRACKER<BR><BR><B>ELEVATION</B> = 0]]></description>
      <styleUrl>#area2</styleUrl>
      <Polygon>
        <altitudeMode>relativeToGround</altitudeMode>
        <extrude>1</extrude>
        <outerBoundaryIs>
          <LinearRing>
            <coordinates>
              -70.8110233900,-33.1131592492,0
              -70.8110341264,-33.1136823217,0
              -70.8110077183,-33.1136827056,0
              -70.8109969820,-33.1131596330,0
              -70.8110233900,-33.1131592492,0
            </coordinates>
          </LinearRing>
        </outerBoundaryIs>
      </Polygon>
    </Placemark>
    <Placemark>
      <description><![CDATA[LIMITES_TRACKER<BR><BR><B>ELEVATION</B> = 0]]></description>
      <styleUrl>#area3</styleUrl>
      <Polygon>
        <altitudeMode>relativeToGround</altitudeMode>
        <extrude>1</extrude>
        <outerBoundaryIs>
          <LinearRing>
            <coordinates>
              -70.8110867193,-33.1131538194,0
              -70.8110603114,-33.1131542033,0
              -70.8110495750,-33.1126311307,0
              -70.8110759828,-33.1126307469,0
              -70.8110867193,-33.1131538194,0
            </coordinates>
          </LinearRing>
        </outerBoundaryIs>
      </Polygon>
    </Placemark>
    <Placemark>
      <description><![CDATA[LIMITES_TRACKER<BR><BR><B>ELEVATION</B> = 0]]></description>
      <styleUrl>#area3</styleUrl>
      <Polygon>
        <altitudeMode>relativeToGround</altitudeMode>
        <extrude>1</extrude>
        <outerBoundaryIs>
          <LinearRing>
            <coordinates>
              -70.8110125613,-33.1126316688,0
              -70.8110232974,-33.1131547413,0
              -70.8109968895,-33.1131551252,0
              -70.8109861535,-33.1126320526,0
              -70.8110125613,-33.1126316688,0
            </coordinates>
          </LinearRing>
        </outerBoundaryIs>
      </Polygon>
    </Placemark>
    <Placemark>
      <description><![CDATA[LIMITES_TRACKER<BR><BR><B>ELEVATION</B> = 0]]></description>
      <styleUrl>#area4</styleUrl>
      <Polygon>
        <altitudeMode>relativeToGround</altitudeMode>
        <extrude>1</extrude>
        <outerBoundaryIs>
          <LinearRing>
            <coordinates>
              -70.8111353330,-33.1124314796,0
              -70.8111089253,-33.1124318635,0
              -70.8110981889,-33.1119087909,0
              -70.8111245965,-33.1119084071,0
              -70.8111353330,-33.1124314796,0
            </coordinates>
          </LinearRing>
        </outerBoundaryIs>
      </Polygon>
    </Placemark>
    <Placemark>
      <description><![CDATA[LIMITES_TRACKER<BR><BR><B>ELEVATION</B> = 0]]></description>
      <styleUrl>#area4</styleUrl>
      <Polygon>
        <altitudeMode>relativeToGround</altitudeMode>
        <extrude>1</extrude>
        <outerBoundaryIs>
          <LinearRing>
            <coordinates>
              -70.8110611755,-33.1119093290,0
              -70.8110719116,-33.1124324016,0
              -70.8110455039,-33.1124327855,0
              -70.8110347679,-33.1119097128,0
              -70.8110611755,-33.1119093290,0
            </coordinates>
          </LinearRing>
        </outerBoundaryIs>
      </Polygon>
    </Placemark>
    <Placemark>
      <description><![CDATA[LIMITES_TRACKER<BR><BR><B>ELEVATION</B> = 0]]></description>
      <styleUrl>#area1</styleUrl>
      <Polygon>
        <altitudeMode>relativeToGround</altitudeMode>
        <extrude>1</extrude>
        <outerBoundaryIs>
          <LinearRing>
            <coordinates>
              -70.8112352235,-33.1142071360,0
              -70.8112088153,-33.1142075199,0
              -70.8111980776,-33.1136844475,0
              -70.8112244857,-33.1136840636,0
              -70.8112352235,-33.1142071360,0
            </coordinates>
          </LinearRing>
        </outerBoundaryIs>
      </Polygon>
    </Placemark>
    <Placemark>
      <description><![CDATA[LIMITES_TRACKER<BR><BR><B>ELEVATION</B> = 0]]></description>
      <styleUrl>#area1</styleUrl>
      <Polygon>
        <altitudeMode>relativeToGround</altitudeMode>
        <extrude>1</extrude>
        <outerBoundaryIs>
          <LinearRing>
            <coordinates>
              -70.8111610634,-33.1136849856,0
              -70.8111718009,-33.1142080580,0
              -70.8111453927,-33.1142084419,0
              -70.8111346554,-33.1136853695,0
              -70.8111610634,-33.1136849856,0
            </coordinates>
          </LinearRing>
        </outerBoundaryIs>
      </Polygon>
    </Placemark>
    <Placemark>
      <description><![CDATA[LIMITES_TRACKER<BR><BR><B>ELEVATION</B> = 0]]></description>
      <styleUrl>#area2</styleUrl>
      <Polygon>
        <altitudeMode>relativeToGround</altitudeMode>
        <extrude>1</extrude>
        <outerBoundaryIs>
          <LinearRing>
            <coordinates>
              -70.8112243932,-33.1136795557,0
              -70.8111979851,-33.1136799396,0
              -70.8111872477,-33.1131568672,0
              -70.8112136556,-33.1131564833,0
              -70.8112243932,-33.1136795557,0
            </coordinates>
          </LinearRing>
        </outerBoundaryIs>
      </Polygon>
    </Placemark>
    <Placemark>
      <description><![CDATA[LIMITES_TRACKER<BR><BR><B>ELEVATION</B> = 0]]></description>
      <styleUrl>#area2</styleUrl>
      <Polygon>
        <altitudeMode>relativeToGround</altitudeMode>
        <extrude>1</extrude>
        <outerBoundaryIs>
          <LinearRing>
            <coordinates>
              -70.8111502337,-33.1131574053,0
              -70.8111609709,-33.1136804777,0
              -70.8111345628,-33.1136808616,0
              -70.8111238258,-33.1131577892,0
              -70.8111502337,-33.1131574053,0
            </coordinates>
          </LinearRing>
        </outerBoundaryIs>
      </Polygon>
    </Placemark>
    <Placemark>
      <description><![CDATA[LIMITES_TRACKER<BR><BR><B>ELEVATION</B> = 0]]></description>
      <styleUrl>#area3</styleUrl>
      <Polygon>
        <altitudeMode>relativeToGround</altitudeMode>
        <extrude>1</extrude>
        <outerBoundaryIs>
          <LinearRing>
            <coordinates>
              -70.8112135631,-33.1131519754,0
              -70.8111871551,-33.1131523593,0
              -70.8111764180,-33.1126292868,0
              -70.8112028258,-33.1126289029,0
              -70.8112135631,-33.1131519754,0
            </coordinates>
          </LinearRing>
        </outerBoundaryIs>
      </Polygon>
    </Placemark>
    <Placemark>
      <description><![CDATA[LIMITES_TRACKER<BR><BR><B>ELEVATION</B> = 0]]></description>
      <styleUrl>#area3</styleUrl>
      <Polygon>
        <altitudeMode>relativeToGround</altitudeMode>
        <extrude>1</extrude>
        <outerBoundaryIs>
          <LinearRing>
            <coordinates>
              -70.8111394043,-33.1126298249,0
              -70.8111501412,-33.1131528974,0
              -70.8111237333,-33.1131532813,0
              -70.8111129965,-33.1126302088,0
              -70.8111394043,-33.1126298249,0
            </coordinates>
          </LinearRing>
        </outerBoundaryIs>
      </Polygon>
    </Placemark>
    <Placemark>
      <description><![CDATA[LIMITES_TRACKER<BR><BR><B>ELEVATION</B> = 0]]></description>
      <styleUrl>#area1</styleUrl>
      <Polygon>
        <altitudeMode>relativeToGround</altitudeMode>
        <extrude>1</extrude>
        <outerBoundaryIs>
          <LinearRing>
            <coordinates>
              -70.8113620688,-33.1142052918,0
              -70.8113356605,-33.1142056757,0
              -70.8113249221,-33.1136826034,0
              -70.8113513302,-33.1136822194,0
              -70.8113620688,-33.1142052918,0
            </coordinates>
          </LinearRing>
        </outerBoundaryIs>
      </Polygon>
    </Placemark>
    <Placemark>
      <description><![CDATA[LIMITES_TRACKER<BR><BR><B>ELEVATION</B> = 0]]></description>
      <styleUrl>#area1</styleUrl>
      <Polygon>
        <altitudeMode>relativeToGround</altitudeMode>
        <extrude>1</extrude>
        <outerBoundaryIs>
          <LinearRing>
            <coordinates>
              -70.8112879079,-33.1136831415,0
              -70.8112986462,-33.1142062139,0
              -70.8112722379,-33.1142065978,0
              -70.8112614999,-33.1136835254,0
              -70.8112879079,-33.1136831415,0
            </coordinates>
          </LinearRing>
        </outerBoundaryIs>
      </Polygon>
    </Placemark>
    <Placemark>
      <description><![CDATA[LIMITES_TRACKER<BR><BR><B>ELEVATION</B> = 0]]></description>
      <styleUrl>#area2</styleUrl>
      <Polygon>
        <altitudeMode>relativeToGround</altitudeMode>
        <extrude>1</extrude>
        <outerBoundaryIs>
          <LinearRing>
            <coordinates>
              -70.8113512376,-33.1136777116,0
              -70.8113248296,-33.1136780955,0
              -70.8113140914,-33.1131550231,0
              -70.8113404993,-33.1131546392,0
              -70.8113512376,-33.1136777116,0
            </coordinates>
          </LinearRing>
        </outerBoundaryIs>
      </Polygon>
    </Placemark>
    <Placemark>
      <description><![CDATA[LIMITES_TRACKER<BR><BR><B>ELEVATION</B> = 0]]></description>
      <styleUrl>#area2</styleUrl>
      <Polygon>
        <altitudeMode>relativeToGround</altitudeMode>
        <extrude>1</extrude>
        <outerBoundaryIs>
          <LinearRing>
            <coordinates>
              -70.8112770775,-33.1131555612,0
              -70.8112878154,-33.1136786337,0
              -70.8112614073,-33.1136790176,0
              -70.8112506695,-33.1131559451,0
              -70.8112770775,-33.1131555612,0
            </coordinates>
          </LinearRing>
        </outerBoundaryIs>
      </Polygon>
    </Placemark>
    <Placemark>
      <description><![CDATA[LIMITES_TRACKER<BR><BR><B>ELEVATION</B> = 0]]></description>
      <styleUrl>#area3</styleUrl>
      <Polygon>
        <altitudeMode>relativeToGround</altitudeMode>
        <extrude>1</extrude>
        <outerBoundaryIs>
          <LinearRing>
            <coordinates>
              -70.8113404068,-33.1131501313,0
              -70.8113139989,-33.1131505152,0
              -70.8113032610,-33.1126274428,0
              -70.8113296688,-33.1126270588,0
              -70.8113404068,-33.1131501313,0
            </coordinates>
          </LinearRing>
        </outerBoundaryIs>
      </Polygon>
    </Placemark>
    <Placemark>
      <description><![CDATA[LIMITES_TRACKER<BR><BR><B>ELEVATION</B> = 0]]></description>
      <styleUrl>#area3</styleUrl>
      <Polygon>
        <altitudeMode>relativeToGround</altitudeMode>
        <extrude>1</extrude>
        <outerBoundaryIs>
          <LinearRing>
            <coordinates>
              -70.8112662473,-33.1126279809,0
              -70.8112769849,-33.1131510534,0
              -70.8112505770,-33.1131514373,0
              -70.8112398395,-33.1126283648,0
              -70.8112662473,-33.1126279809,0
            </coordinates>
          </LinearRing>
        </outerBoundaryIs>
      </Polygon>
    </Placemark>
    <Placemark>
      <description><![CDATA[LIMITES_TRACKER<BR><BR><B>ELEVATION</B> = 0]]></description>
      <styleUrl>#area1</styleUrl>
      <Polygon>
        <altitudeMode>relativeToGround</altitudeMode>
        <extrude>1</extrude>
        <outerBoundaryIs>
          <LinearRing>
            <coordinates>
              -70.8114889140,-33.1142034475,0
              -70.8114625058,-33.1142038314,0
              -70.8114517666,-33.1136807591,0
              -70.8114781747,-33.1136803751,0
              -70.8114889140,-33.1142034475,0
            </coordinates>
          </LinearRing>
        </outerBoundaryIs>
      </Polygon>
    </Placemark>
    <Placemark>
      <description><![CDATA[LIMITES_TRACKER<BR><BR><B>ELEVATION</B> = 0]]></description>
      <styleUrl>#area1</styleUrl>
      <Polygon>
        <altitudeMode>relativeToGround</altitudeMode>
        <extrude>1</extrude>
        <outerBoundaryIs>
          <LinearRing>
            <coordinates>
              -70.8114147524,-33.1136812973,0
              -70.8114254914,-33.1142043696,0
              -70.8113990832,-33.1142047536,0
              -70.8113883444,-33.1136816813,0
              -70.8114147524,-33.1136812973,0
            </coordinates>
          </LinearRing>
        </outerBoundaryIs>
      </Polygon>
    </Placemark>
    <Placemark>
      <description><![CDATA[LIMITES_TRACKER<BR><BR><B>ELEVATION</B> = 0]]></description>
      <styleUrl>#area3</styleUrl>
      <Polygon>
        <altitudeMode>relativeToGround</altitudeMode>
        <extrude>1</extrude>
        <outerBoundaryIs>
          <LinearRing>
            <coordinates>
              -70.8114780821,-33.1136758673,0
              -70.8114516741,-33.1136762513,0
              -70.8114409351,-33.1131531789,0
              -70.8114673431,-33.1131527949,0
              -70.8114780821,-33.1136758673,0
            </coordinates>
          </LinearRing>
        </outerBoundaryIs>
      </Polygon>
    </Placemark>
    <Placemark>
      <description><![CDATA[LIMITES_TRACKER<BR><BR><B>ELEVATION</B> = 0]]></description>
      <styleUrl>#area3</styleUrl>
      <Polygon>
        <altitudeMode>relativeToGround</altitudeMode>
        <extrude>1</extrude>
        <outerBoundaryIs>
          <LinearRing>
            <coordinates>
              -70.8114039212,-33.1131537171,0
              -70.8114146599,-33.1136767894,0
              -70.8113882518,-33.1136771734,0
              -70.8113775133,-33.1131541010,0
              -70.8114039212,-33.1131537171,0
            </coordinates>
          </LinearRing>
        </outerBoundaryIs>
      </Polygon>
    </Placemark>
    <Placemark>
      <description><![CDATA[LIMITES_TRACKER<BR><BR><B>ELEVATION</B> = 0]]></description>
      <styleUrl>#area4</styleUrl>
      <Polygon>
        <altitudeMode>relativeToGround</altitudeMode>
        <extrude>1</extrude>
        <outerBoundaryIs>
          <LinearRing>
            <coordinates>
              -70.8114672505,-33.1131482871,0
              -70.8114408426,-33.1131486710,0
              -70.8114301040,-33.1126255986,0
              -70.8114565117,-33.1126252146,0
              -70.8114672505,-33.1131482871,0
            </coordinates>
          </LinearRing>
        </outerBoundaryIs>
      </Polygon>
    </Placemark>
    <Placemark>
      <description><![CDATA[LIMITES_TRACKER<BR><BR><B>ELEVATION</B> = 0]]></description>
      <styleUrl>#area4</styleUrl>
      <Polygon>
        <altitudeMode>relativeToGround</altitudeMode>
        <extrude>1</extrude>
        <outerBoundaryIs>
          <LinearRing>
            <coordinates>
              -70.8113930903,-33.1126261368,0
              -70.8114038287,-33.1131492092,0
              -70.8113774207,-33.1131495932,0
              -70.8113666825,-33.1126265207,0
              -70.8113930903,-33.1126261368,0
            </coordinates>
          </LinearRing>
        </outerBoundaryIs>
      </Polygon>
    </Placemark>
    <Placemark>
      <description><![CDATA[LIMITES_TRACKER<BR><BR><B>ELEVATION</B> = 0]]></description>
      <styleUrl>#area1</styleUrl>
      <Polygon>
        <altitudeMode>relativeToGround</altitudeMode>
        <extrude>1</extrude>
        <outerBoundaryIs>
          <LinearRing>
            <coordinates>
              -70.8116157592,-33.1142016030,0
              -70.8115893510,-33.1142019870,0
              -70.8115786111,-33.1136789147,0
              -70.8116050192,-33.1136785307,0
              -70.8116157592,-33.1142016030,0
            </coordinates>
          </LinearRing>
        </outerBoundaryIs>
      </Polygon>
    </Placemark>
    <Placemark>
      <description><![CDATA[LIMITES_TRACKER<BR><BR><B>ELEVATION</B> = 0]]></description>
      <styleUrl>#area1</styleUrl>
      <Polygon>
        <altitudeMode>relativeToGround</altitudeMode>
        <extrude>1</extrude>
        <outerBoundaryIs>
          <LinearRing>
            <coordinates>
              -70.8115415969,-33.1136794530,0
              -70.8115523366,-33.1142025253,0
              -70.8115259284,-33.1142029093,0
              -70.8115151888,-33.1136798369,0
              -70.8115415969,-33.1136794530,0
            </coordinates>
          </LinearRing>
        </outerBoundaryIs>
      </Polygon>
    </Placemark>
    <Placemark>
      <description><![CDATA[LIMITES_TRACKER<BR><BR><B>ELEVATION</B> = 0]]></description>
      <styleUrl>#area3</styleUrl>
      <Polygon>
        <altitudeMode>relativeToGround</altitudeMode>
        <extrude>1</extrude>
        <outerBoundaryIs>
          <LinearRing>
            <coordinates>
              -70.8116049266,-33.1136740229,0
              -70.8115785185,-33.1136744069,0
              -70.8115677789,-33.1131513345,0
              -70.8115941868,-33.1131509506,0
              -70.8116049266,-33.1136740229,0
            </coordinates>
          </LinearRing>
        </outerBoundaryIs>
      </Polygon>
    </Placemark>
    <Placemark>
      <description><![CDATA[LIMITES_TRACKER<BR><BR><B>ELEVATION</B> = 0]]></description>
      <styleUrl>#area3</styleUrl>
      <Polygon>
        <altitudeMode>relativeToGround</altitudeMode>
        <extrude>1</extrude>
        <outerBoundaryIs>
          <LinearRing>
            <coordinates>
              -70.8115307649,-33.1131518728,0
              -70.8115415044,-33.1136749451,0
              -70.8115150963,-33.1136753291,0
              -70.8115043570,-33.1131522567,0
              -70.8115307649,-33.1131518728,0
            </coordinates>
          </LinearRing>
        </outerBoundaryIs>
      </Polygon>
    </Placemark>
    <Placemark>
      <description><![CDATA[LIMITES_TRACKER<BR><BR><B>ELEVATION</B> = 0]]></description>
      <styleUrl>#area1</styleUrl>
      <Polygon>
        <altitudeMode>relativeToGround</altitudeMode>
        <extrude>1</extrude>
        <outerBoundaryIs>
          <LinearRing>
            <coordinates>
              -70.8117426045,-33.1141997585,0
              -70.8117161962,-33.1142001425,0
              -70.8117054555,-33.1136770702,0
              -70.8117318636,-33.1136766862,0
              -70.8117426045,-33.1141997585,0
            </coordinates>
          </LinearRing>
        </outerBoundaryIs>
      </Polygon>
    </Placemark>
    <Placemark>
      <description><![CDATA[LIMITES_TRACKER<BR><BR><B>ELEVATION</B> = 0]]></description>
      <styleUrl>#area1</styleUrl>
      <Polygon>
        <altitudeMode>relativeToGround</altitudeMode>
        <extrude>1</extrude>
        <outerBoundaryIs>
          <LinearRing>
            <coordinates>
              -70.8116684414,-33.1136776085,0
              -70.8116791819,-33.1142006808,0
              -70.8116527736,-33.1142010648,0
              -70.8116420333,-33.1136779925,0
              -70.8116684414,-33.1136776085,0
            </coordinates>
          </LinearRing>
        </outerBoundaryIs>
      </Polygon>
    </Placemark>
    <Placemark>
      <description><![CDATA[LIMITES_TRACKER<BR><BR><B>ELEVATION</B> = 0]]></description>
      <styleUrl>#area3</styleUrl>
      <Polygon>
        <altitudeMode>relativeToGround</altitudeMode>
        <extrude>1</extrude>
        <outerBoundaryIs>
          <LinearRing>
            <coordinates>
              -70.8117317711,-33.1136721784,0
              -70.8117053630,-33.1136725624,0
              -70.8116946226,-33.1131494901,0
              -70.8117210305,-33.1131491061,0
              -70.8117317711,-33.1136721784,0
            </coordinates>
          </LinearRing>
        </outerBoundaryIs>
      </Polygon>
    </Placemark>
    <Placemark>
      <description><![CDATA[LIMITES_TRACKER<BR><BR><B>ELEVATION</B> = 0]]></description>
      <styleUrl>#area3</styleUrl>
      <Polygon>
        <altitudeMode>relativeToGround</altitudeMode>
        <extrude>1</extrude>
        <outerBoundaryIs>
          <LinearRing>
            <coordinates>
              -70.8116576086,-33.1131500283,0
              -70.8116683488,-33.1136731006,0
              -70.8116419408,-33.1136734847,0
              -70.8116312007,-33.1131504123,0
              -70.8116576086,-33.1131500283,0
            </coordinates>
          </LinearRing>
        </outerBoundaryIs>
      </Polygon>
    </Placemark>
    <Placemark>
      <description><![CDATA[LIMITES_TRACKER<BR><BR><B>ELEVATION</B> = 0]]></description>
      <styleUrl>#area1</styleUrl>
      <Polygon>
        <altitudeMode>relativeToGround</altitudeMode>
        <extrude>1</extrude>
        <outerBoundaryIs>
          <LinearRing>
            <coordinates>
              -70.8118694497,-33.1141979138,0
              -70.8118430414,-33.1141982978,0
              -70.8118323000,-33.1136752256,0
              -70.8118587081,-33.1136748416,0
              -70.8118694497,-33.1141979138,0
            </coordinates>
          </LinearRing>
        </outerBoundaryIs>
      </Polygon>
    </Placemark>
    <Placemark>
      <description><![CDATA[LIMITES_TRACKER<BR><BR><B>ELEVATION</B> = 0]]></description>
      <styleUrl>#area1</styleUrl>
      <Polygon>
        <altitudeMode>relativeToGround</altitudeMode>
        <extrude>1</extrude>
        <outerBoundaryIs>
          <LinearRing>
            <coordinates>
              -70.8117952858,-33.1136757639,0
              -70.8118060271,-33.1141988361,0
              -70.8117796188,-33.1141992202,0
              -70.8117688778,-33.1136761479,0
              -70.8117952858,-33.1136757639,0
            </coordinates>
          </LinearRing>
        </outerBoundaryIs>
      </Polygon>
    </Placemark>
    <Placemark>
      <description><![CDATA[LIMITES_TRACKER<BR><BR><B>ELEVATION</B> = 0]]></description>
      <styleUrl>#area3</styleUrl>
      <Polygon>
        <altitudeMode>relativeToGround</altitudeMode>
        <extrude>1</extrude>
        <outerBoundaryIs>
          <LinearRing>
            <coordinates>
              -70.8118586155,-33.1136703337,0
              -70.8118322074,-33.1136707178,0
              -70.8118214663,-33.1131476455,0
              -70.8118478742,-33.1131472614,0
              -70.8118586155,-33.1136703337,0
            </coordinates>
          </LinearRing>
        </outerBoundaryIs>
      </Polygon>
    </Placemark>
    <Placemark>
      <description><![CDATA[LIMITES_TRACKER<BR><BR><B>ELEVATION</B> = 0]]></description>
      <styleUrl>#area3</styleUrl>
      <Polygon>
        <altitudeMode>relativeToGround</altitudeMode>
        <extrude>1</extrude>
        <outerBoundaryIs>
          <LinearRing>
            <coordinates>
              -70.8117844523,-33.1131481838,0
              -70.8117951933,-33.1136712561,0
              -70.8117687852,-33.1136716401,0
              -70.8117580444,-33.1131485678,0
              -70.8117844523,-33.1131481838,0
            </coordinates>
          </LinearRing>
        </outerBoundaryIs>
      </Polygon>
    </Placemark>
    <Placemark>
      <description><![CDATA[LIMITES_TRACKER<BR><BR><B>ELEVATION</B> = 0]]></description>
      <styleUrl>#area5</styleUrl>
      <Polygon>
        <altitudeMode>relativeToGround</altitudeMode>
        <extrude>1</extrude>
        <outerBoundaryIs>
          <LinearRing>
            <coordinates>
              -70.8119962949,-33.1141960689,0
              -70.8119698866,-33.1141964530,0
              -70.8119591444,-33.1136733808,0
              -70.8119855525,-33.1136729968,0
              -70.8119962949,-33.1141960689,0
            </coordinates>
          </LinearRing>
        </outerBoundaryIs>
      </Polygon>
    </Placemark>
    <Placemark>
      <description><![CDATA[LIMITES_TRACKER<BR><BR><B>ELEVATION</B> = 0]]></description>
      <styleUrl>#area5</styleUrl>
      <Polygon>
        <altitudeMode>relativeToGround</altitudeMode>
        <extrude>1</extrude>
        <outerBoundaryIs>
          <LinearRing>
            <coordinates>
              -70.8119221303,-33.1136739192,0
              -70.8119328723,-33.1141969914,0
              -70.8119064640,-33.1141973754,0
              -70.8118957222,-33.1136743032,0
              -70.8119221303,-33.1136739192,0
            </coordinates>
          </LinearRing>
        </outerBoundaryIs>
      </Polygon>
    </Placemark>
    <Placemark>
      <description><![CDATA[LIMITES_TRACKER<BR><BR><B>ELEVATION</B> = 0]]></description>
      <styleUrl>#area4</styleUrl>
      <Polygon>
        <altitudeMode>relativeToGround</altitudeMode>
        <extrude>1</extrude>
        <outerBoundaryIs>
          <LinearRing>
            <coordinates>
              -70.8119854599,-33.1136684889,0
              -70.8119590519,-33.1136688730,0
              -70.8119483100,-33.1131458008,0
              -70.8119747179,-33.1131454167,0
              -70.8119854599,-33.1136684889,0
            </coordinates>
          </LinearRing>
        </outerBoundaryIs>
      </Polygon>
    </Placemark>
    <Placemark>
      <description><![CDATA[LIMITES_TRACKER<BR><BR><B>ELEVATION</B> = 0]]></description>
      <styleUrl>#area4</styleUrl>
      <Polygon>
        <altitudeMode>relativeToGround</altitudeMode>
        <extrude>1</extrude>
        <outerBoundaryIs>
          <LinearRing>
            <coordinates>
              -70.8119112960,-33.1131463391,0
              -70.8119220377,-33.1136694113,0
              -70.8118956297,-33.1136697954,0
              -70.8118848881,-33.1131467231,0
              -70.8119112960,-33.1131463391,0
            </coordinates>
          </LinearRing>
        </outerBoundaryIs>
      </Polygon>
    </Placemark>
    <Placemark>
      <description><![CDATA[LIMITES_TRACKER<BR><BR><B>ELEVATION</B> = 0]]></description>
      <styleUrl>#area5</styleUrl>
      <Polygon>
        <altitudeMode>relativeToGround</altitudeMode>
        <extrude>1</extrude>
        <outerBoundaryIs>
          <LinearRing>
            <coordinates>
              -70.8121231400,-33.1141942240,0
              -70.8120967318,-33.1141946081,0
              -70.8120859889,-33.1136715360,0
              -70.8121123969,-33.1136711518,0
              -70.8121231400,-33.1141942240,0
            </coordinates>
          </LinearRing>
        </outerBoundaryIs>
      </Polygon>
    </Placemark>
    <Placemark>
      <description><![CDATA[LIMITES_TRACKER<BR><BR><B>ELEVATION</B> = 0]]></description>
      <styleUrl>#area5</styleUrl>
      <Polygon>
        <altitudeMode>relativeToGround</altitudeMode>
        <extrude>1</extrude>
        <outerBoundaryIs>
          <LinearRing>
            <coordinates>
              -70.8120489747,-33.1136720743,0
              -70.8120597174,-33.1141951465,0
              -70.8120333092,-33.1141955306,0
              -70.8120225667,-33.1136724584,0
              -70.8120489747,-33.1136720743,0
            </coordinates>
          </LinearRing>
        </outerBoundaryIs>
      </Polygon>
    </Placemark>
    <Placemark>
      <description><![CDATA[LIMITES_TRACKER<BR><BR><B>ELEVATION</B> = 0]]></description>
      <styleUrl>#area5</styleUrl>
      <Polygon>
        <altitudeMode>relativeToGround</altitudeMode>
        <extrude>1</extrude>
        <outerBoundaryIs>
          <LinearRing>
            <coordinates>
              -70.8122499852,-33.1141923789,0
              -70.8122235770,-33.1141927631,0
              -70.8122128333,-33.1136696909,0
              -70.8122392414,-33.1136693068,0
              -70.8122499852,-33.1141923789,0
            </coordinates>
          </LinearRing>
        </outerBoundaryIs>
      </Polygon>
    </Placemark>
    <Placemark>
      <description><![CDATA[LIMITES_TRACKER<BR><BR><B>ELEVATION</B> = 0]]></description>
      <styleUrl>#area5</styleUrl>
      <Polygon>
        <altitudeMode>relativeToGround</altitudeMode>
        <extrude>1</extrude>
        <outerBoundaryIs>
          <LinearRing>
            <coordinates>
              -70.8121758192,-33.1136702293,0
              -70.8121865626,-33.1141933015,0
              -70.8121601544,-33.1141936856,0
              -70.8121494111,-33.1136706135,0
              -70.8121758192,-33.1136702293,0
            </coordinates>
          </LinearRing>
        </outerBoundaryIs>
      </Polygon>
    </Placemark>
    <Placemark>
      <description><![CDATA[LIMITES_TRACKER<BR><BR><B>ELEVATION</B> = 0]]></description>
      <styleUrl>#area5</styleUrl>
      <Polygon>
        <altitudeMode>relativeToGround</altitudeMode>
        <extrude>1</extrude>
        <outerBoundaryIs>
          <LinearRing>
            <coordinates>
              -70.8123768304,-33.1141905337,0
              -70.8123504221,-33.1141909179,0
              -70.8123396777,-33.1136678458,0
              -70.8123660858,-33.1136674616,0
              -70.8123768304,-33.1141905337,0
            </coordinates>
          </LinearRing>
        </outerBoundaryIs>
      </Polygon>
    </Placemark>
    <Placemark>
      <description><![CDATA[LIMITES_TRACKER<BR><BR><B>ELEVATION</B> = 0]]></description>
      <styleUrl>#area5</styleUrl>
      <Polygon>
        <altitudeMode>relativeToGround</altitudeMode>
        <extrude>1</extrude>
        <outerBoundaryIs>
          <LinearRing>
            <coordinates>
              -70.8123026636,-33.1136683842,0
              -70.8123134078,-33.1141914563,0
              -70.8122869996,-33.1141918405,0
              -70.8122762555,-33.1136687684,0
              -70.8123026636,-33.1136683842,0
            </coordinates>
          </LinearRing>
        </outerBoundaryIs>
      </Polygon>
    </Placemark>
    <Placemark>
      <description><![CDATA[LIMITES_TRACKER<BR><BR><B>ELEVATION</B> = 0]]></description>
      <styleUrl>#area5</styleUrl>
      <Polygon>
        <altitudeMode>relativeToGround</altitudeMode>
        <extrude>1</extrude>
        <outerBoundaryIs>
          <LinearRing>
            <coordinates>
              -70.8125036755,-33.1141886884,0
              -70.8124772673,-33.1141890726,0
              -70.8124665221,-33.1136660005,0
              -70.8124929302,-33.1136656163,0
              -70.8125036755,-33.1141886884,0
            </coordinates>
          </LinearRing>
        </outerBoundaryIs>
      </Polygon>
    </Placemark>
    <Placemark>
      <description><![CDATA[LIMITES_TRACKER<BR><BR><B>ELEVATION</B> = 0]]></description>
      <styleUrl>#area5</styleUrl>
      <Polygon>
        <altitudeMode>relativeToGround</altitudeMode>
        <extrude>1</extrude>
        <outerBoundaryIs>
          <LinearRing>
            <coordinates>
              -70.8124295080,-33.1136665390,0
              -70.8124402529,-33.1141896110,0
              -70.8124138447,-33.1141899952,0
              -70.8124030999,-33.1136669232,0
              -70.8124295080,-33.1136665390,0
            </coordinates>
          </LinearRing>
        </outerBoundaryIs>
      </Polygon>
    </Placemark>
    <Placemark>
      <description><![CDATA[LIMITES_TRACKER<BR><BR><B>ELEVATION</B> = 0]]></description>
      <styleUrl>#area4</styleUrl>
      <Polygon>
        <altitudeMode>relativeToGround</altitudeMode>
        <extrude>1</extrude>
        <outerBoundaryIs>
          <LinearRing>
            <coordinates>
              -70.8126305206,-33.1141868429,0
              -70.8126041124,-33.1141872271,0
              -70.8125933665,-33.1136641551,0
              -70.8126197745,-33.1136637709,0
              -70.8126305206,-33.1141868429,0
            </coordinates>
          </LinearRing>
        </outerBoundaryIs>
      </Polygon>
    </Placemark>
    <Placemark>
      <description><![CDATA[LIMITES_TRACKER<BR><BR><B>ELEVATION</B> = 0]]></description>
      <styleUrl>#area4</styleUrl>
      <Polygon>
        <altitudeMode>relativeToGround</altitudeMode>
        <extrude>1</extrude>
        <outerBoundaryIs>
          <LinearRing>
            <coordinates>
              -70.8125563524,-33.1136646936,0
              -70.8125670981,-33.1141877656,0
              -70.8125406899,-33.1141881498,0
              -70.8125299443,-33.1136650778,0
              -70.8125563524,-33.1136646936,0
            </coordinates>
          </LinearRing>
        </outerBoundaryIs>
      </Polygon>
    </Placemark>
    <Placemark>
      <description><![CDATA[LIMITES_TRACKER<BR><BR><B>ELEVATION</B> = 0]]></description>
      <styleUrl>#area1</styleUrl>
      <Polygon>
        <altitudeMode>relativeToGround</altitudeMode>
        <extrude>1</extrude>
        <outerBoundaryIs>
          <LinearRing>
            <coordinates>
              -70.7983213388,-33.1103122454,0
              -70.7982949315,-33.1103126265,0
              -70.7982842720,-33.1097895501,0
              -70.7983106791,-33.1097891689,0
              -70.7983213388,-33.1103122454,0
            </coordinates>
          </LinearRing>
        </outerBoundaryIs>
      </Polygon>
    </Placemark>
    <Placemark>
      <description><![CDATA[LIMITES_TRACKER<BR><BR><B>ELEVATION</B> = 0]]></description>
      <styleUrl>#area1</styleUrl>
      <Polygon>
        <altitudeMode>relativeToGround</altitudeMode>
        <extrude>1</extrude>
        <outerBoundaryIs>
          <LinearRing>
            <coordinates>
              -70.7982472592,-33.1097900843,0
              -70.7982579185,-33.1103131608,0
              -70.7982315113,-33.1103135419,0
              -70.7982208521,-33.1097904654,0
              -70.7982472592,-33.1097900843,0
            </coordinates>
          </LinearRing>
        </outerBoundaryIs>
      </Polygon>
    </Placemark>
    <Placemark>
      <description><![CDATA[LIMITES_TRACKER<BR><BR><B>ELEVATION</B> = 0]]></description>
      <styleUrl>#area3</styleUrl>
      <Polygon>
        <altitudeMode>relativeToGround</altitudeMode>
        <extrude>1</extrude>
        <outerBoundaryIs>
          <LinearRing>
            <coordinates>
              -70.7983105872,-33.1097846610,0
              -70.7982841801,-33.1097850422,0
              -70.7982735208,-33.1092619657,0
              -70.7982999278,-33.1092615845,0
              -70.7983105872,-33.1097846610,0
            </coordinates>
          </LinearRing>
        </outerBoundaryIs>
      </Polygon>
    </Placemark>
    <Placemark>
      <description><![CDATA[LIMITES_TRACKER<BR><BR><B>ELEVATION</B> = 0]]></description>
      <styleUrl>#area3</styleUrl>
      <Polygon>
        <altitudeMode>relativeToGround</altitudeMode>
        <extrude>1</extrude>
        <outerBoundaryIs>
          <LinearRing>
            <coordinates>
              -70.7982365082,-33.1092624999,0
              -70.7982471673,-33.1097855764,0
              -70.7982207602,-33.1097859575,0
              -70.7982101013,-33.1092628810,0
              -70.7982365082,-33.1092624999,0
            </coordinates>
          </LinearRing>
        </outerBoundaryIs>
      </Polygon>
    </Placemark>
    <Placemark>
      <description><![CDATA[LIMITES_TRACKER<BR><BR><B>ELEVATION</B> = 0]]></description>
      <styleUrl>#area1</styleUrl>
      <Polygon>
        <altitudeMode>relativeToGround</altitudeMode>
        <extrude>1</extrude>
        <outerBoundaryIs>
          <LinearRing>
            <coordinates>
              -70.7981944982,-33.1103140761,0
              -70.7981680910,-33.1103144572,0
              -70.7981574322,-33.1097913807,0
              -70.7981838393,-33.1097909996,0
              -70.7981944982,-33.1103140761,0
            </coordinates>
          </LinearRing>
        </outerBoundaryIs>
      </Polygon>
    </Placemark>
    <Placemark>
      <description><![CDATA[LIMITES_TRACKER<BR><BR><B>ELEVATION</B> = 0]]></description>
      <styleUrl>#area1</styleUrl>
      <Polygon>
        <altitudeMode>relativeToGround</altitudeMode>
        <extrude>1</extrude>
        <outerBoundaryIs>
          <LinearRing>
            <coordinates>
              -70.7981204193,-33.1097919149,0
              -70.7981310779,-33.1103149914,0
              -70.7981046707,-33.1103153725,0
              -70.7980940122,-33.1097922960,0
              -70.7981204193,-33.1097919149,0
            </coordinates>
          </LinearRing>
        </outerBoundaryIs>
      </Polygon>
    </Placemark>
    <Placemark>
      <description><![CDATA[LIMITES_TRACKER<BR><BR><B>ELEVATION</B> = 0]]></description>
      <styleUrl>#area3</styleUrl>
      <Polygon>
        <altitudeMode>relativeToGround</altitudeMode>
        <extrude>1</extrude>
        <outerBoundaryIs>
          <LinearRing>
            <coordinates>
              -70.7981837474,-33.1097864917,0
              -70.7981573403,-33.1097868728,0
              -70.7981466818,-33.1092637963,0
              -70.7981730887,-33.1092634152,0
              -70.7981837474,-33.1097864917,0
            </coordinates>
          </LinearRing>
        </outerBoundaryIs>
      </Polygon>
    </Placemark>
    <Placemark>
      <description><![CDATA[LIMITES_TRACKER<BR><BR><B>ELEVATION</B> = 0]]></description>
      <styleUrl>#area3</styleUrl>
      <Polygon>
        <altitudeMode>relativeToGround</altitudeMode>
        <extrude>1</extrude>
        <outerBoundaryIs>
          <LinearRing>
            <coordinates>
              -70.7981096692,-33.1092643305,0
              -70.7981203275,-33.1097874070,0
              -70.7980939204,-33.1097877881,0
              -70.7980832622,-33.1092647116,0
              -70.7981096692,-33.1092643305,0
            </coordinates>
          </LinearRing>
        </outerBoundaryIs>
      </Polygon>
    </Placemark>
    <Placemark>
      <description><![CDATA[LIMITES_TRACKER<BR><BR><B>ELEVATION</B> = 0]]></description>
      <styleUrl>#area5</styleUrl>
      <Polygon>
        <altitudeMode>relativeToGround</altitudeMode>
        <extrude>1</extrude>
        <outerBoundaryIs>
          <LinearRing>
            <coordinates>
              -70.7980676577,-33.1103159067,0
              -70.7980412504,-33.1103162878,0
              -70.7980305923,-33.1097932112,0
              -70.7980569994,-33.1097928302,0
              -70.7980676577,-33.1103159067,0
            </coordinates>
          </LinearRing>
        </outerBoundaryIs>
      </Polygon>
    </Placemark>
    <Placemark>
      <description><![CDATA[LIMITES_TRACKER<BR><BR><B>ELEVATION</B> = 0]]></description>
      <styleUrl>#area5</styleUrl>
      <Polygon>
        <altitudeMode>relativeToGround</altitudeMode>
        <extrude>1</extrude>
        <outerBoundaryIs>
          <LinearRing>
            <coordinates>
              -70.7979935795,-33.1097937454,0
              -70.7980042374,-33.1103168219,0
              -70.7979778301,-33.1103172030,0
              -70.7979671724,-33.1097941265,0
              -70.7979935795,-33.1097937454,0
            </coordinates>
          </LinearRing>
        </outerBoundaryIs>
      </Polygon>
    </Placemark>
    <Placemark>
      <description><![CDATA[LIMITES_TRACKER<BR><BR><B>ELEVATION</B> = 0]]></description>
      <styleUrl>#area4</styleUrl>
      <Polygon>
        <altitudeMode>relativeToGround</altitudeMode>
        <extrude>1</extrude>
        <outerBoundaryIs>
          <LinearRing>
            <coordinates>
              -70.7980569076,-33.1097883223,0
              -70.7980305005,-33.1097887034,0
              -70.7980198427,-33.1092656268,0
              -70.7980462496,-33.1092652457,0
              -70.7980569076,-33.1097883223,0
            </coordinates>
          </LinearRing>
        </outerBoundaryIs>
      </Polygon>
    </Placemark>
    <Placemark>
      <description><![CDATA[LIMITES_TRACKER<BR><BR><B>ELEVATION</B> = 0]]></description>
      <styleUrl>#area4</styleUrl>
      <Polygon>
        <altitudeMode>relativeToGround</altitudeMode>
        <extrude>1</extrude>
        <outerBoundaryIs>
          <LinearRing>
            <coordinates>
              -70.7979828301,-33.1092661609,0
              -70.7979934877,-33.1097892375,0
              -70.7979670806,-33.1097896186,0
              -70.7979564231,-33.1092665420,0
              -70.7979828301,-33.1092661609,0
            </coordinates>
          </LinearRing>
        </outerBoundaryIs>
      </Polygon>
    </Placemark>
    <Placemark>
      <description><![CDATA[LIMITES_TRACKER<BR><BR><B>ELEVATION</B> = 0]]></description>
      <styleUrl>#area4</styleUrl>
      <Polygon>
        <altitudeMode>relativeToGround</altitudeMode>
        <extrude>1</extrude>
        <outerBoundaryIs>
          <LinearRing>
            <coordinates>
              -70.7979408171,-33.1103177371,0
              -70.7979144098,-33.1103181182,0
              -70.7979037525,-33.1097950416,0
              -70.7979301596,-33.1097946606,0
              -70.7979408171,-33.1103177371,0
            </coordinates>
          </LinearRing>
        </outerBoundaryIs>
      </Polygon>
    </Placemark>
    <Placemark>
      <description><![CDATA[LIMITES_TRACKER<BR><BR><B>ELEVATION</B> = 0]]></description>
      <styleUrl>#area4</styleUrl>
      <Polygon>
        <altitudeMode>relativeToGround</altitudeMode>
        <extrude>1</extrude>
        <outerBoundaryIs>
          <LinearRing>
            <coordinates>
              -70.7978667397,-33.1097955757,0
              -70.7978773968,-33.1103186523,0
              -70.7978509895,-33.1103190334,0
              -70.7978403326,-33.1097959568,0
              -70.7978667397,-33.1097955757,0
            </coordinates>
          </LinearRing>
        </outerBoundaryIs>
      </Polygon>
    </Placemark>
    <Placemark>
      <description><![CDATA[LIMITES_TRACKER<BR><BR><B>ELEVATION</B> = 0]]></description>
      <styleUrl>#area4</styleUrl>
      <Polygon>
        <altitudeMode>relativeToGround</altitudeMode>
        <extrude>1</extrude>
        <outerBoundaryIs>
          <LinearRing>
            <coordinates>
              -70.7982992847,-33.1092300294,0
              -70.7982728778,-33.1092304105,0
              -70.7982622188,-33.1087073339,0
              -70.7982886256,-33.1087069528,0
              -70.7982992847,-33.1092300294,0
            </coordinates>
          </LinearRing>
        </outerBoundaryIs>
      </Polygon>
    </Placemark>
    <Placemark>
      <description><![CDATA[LIMITES_TRACKER<BR><BR><B>ELEVATION</B> = 0]]></description>
      <styleUrl>#area4</styleUrl>
      <Polygon>
        <altitudeMode>relativeToGround</altitudeMode>
        <extrude>1</extrude>
        <outerBoundaryIs>
          <LinearRing>
            <coordinates>
              -70.7982252064,-33.1087078681,0
              -70.7982358652,-33.1092309447,0
              -70.7982094583,-33.1092313258,0
              -70.7981987997,-33.1087082493,0
              -70.7982252064,-33.1087078681,0
            </coordinates>
          </LinearRing>
        </outerBoundaryIs>
      </Polygon>
    </Placemark>
    <Placemark>
      <description><![CDATA[LIMITES_TRACKER<BR><BR><B>ELEVATION</B> = 0]]></description>
      <styleUrl>#area4</styleUrl>
      <Polygon>
        <altitudeMode>relativeToGround</altitudeMode>
        <extrude>1</extrude>
        <outerBoundaryIs>
          <LinearRing>
            <coordinates>
              -70.8049200263,-33.1125216771,0
              -70.8048936185,-33.1125220597,0
              -70.8048829189,-33.1119989853,0
              -70.8049093266,-33.1119986028,0
              -70.8049200263,-33.1125216771,0
            </coordinates>
          </LinearRing>
        </outerBoundaryIs>
      </Polygon>
    </Placemark>
    <Placemark>
      <description><![CDATA[LIMITES_TRACKER<BR><BR><B>ELEVATION</B> = 0]]></description>
      <styleUrl>#area4</styleUrl>
      <Polygon>
        <altitudeMode>relativeToGround</altitudeMode>
        <extrude>1</extrude>
        <outerBoundaryIs>
          <LinearRing>
            <coordinates>
              -70.8048459053,-33.1119995215,0
              -70.8048566047,-33.1125225959,0
              -70.8048301969,-33.1125229785,0
              -70.8048194977,-33.1119999041,0
              -70.8048459053,-33.1119995215,0
            </coordinates>
          </LinearRing>
        </outerBoundaryIs>
      </Polygon>
    </Placemark>
    <Placemark>
      <description><![CDATA[LIMITES_TRACKER<BR><BR><B>ELEVATION</B> = 0]]></description>
      <styleUrl>#area4</styleUrl>
      <Polygon>
        <altitudeMode>relativeToGround</altitudeMode>
        <extrude>1</extrude>
        <outerBoundaryIs>
          <LinearRing>
            <coordinates>
              -70.8031334380,-33.1120198082,0
              -70.8031070303,-33.1120201904,0
              -70.8030963415,-33.1114971155,0
              -70.8031227491,-33.1114967333,0
              -70.8031334380,-33.1120198082,0
            </coordinates>
          </LinearRing>
        </outerBoundaryIs>
      </Polygon>
    </Placemark>
    <Placemark>
      <description><![CDATA[LIMITES_TRACKER<BR><BR><B>ELEVATION</B> = 0]]></description>
      <styleUrl>#area4</styleUrl>
      <Polygon>
        <altitudeMode>relativeToGround</altitudeMode>
        <extrude>1</extrude>
        <outerBoundaryIs>
          <LinearRing>
            <coordinates>
              -70.8030593281,-33.1114976511,0
              -70.8030700167,-33.1120207261,0
              -70.8030436090,-33.1120211082,0
              -70.8030329206,-33.1114980333,0
              -70.8030593281,-33.1114976511,0
            </coordinates>
          </LinearRing>
        </outerBoundaryIs>
      </Polygon>
    </Placemark>
    <Placemark>
      <description><![CDATA[LIMITES_TRACKER<BR><BR><B>ELEVATION</B> = 0]]></description>
      <styleUrl>#area4</styleUrl>
      <Polygon>
        <altitudeMode>relativeToGround</altitudeMode>
        <extrude>1</extrude>
        <outerBoundaryIs>
          <LinearRing>
            <coordinates>
              -70.7995603191,-33.1110159913,0
              -70.7995339116,-33.1110163727,0
              -70.7995232444,-33.1104932966,0
              -70.7995496517,-33.1104929152,0
              -70.7995603191,-33.1110159913,0
            </coordinates>
          </LinearRing>
        </outerBoundaryIs>
      </Polygon>
    </Placemark>
    <Placemark>
      <description><![CDATA[LIMITES_TRACKER<BR><BR><B>ELEVATION</B> = 0]]></description>
      <styleUrl>#area4</styleUrl>
      <Polygon>
        <altitudeMode>relativeToGround</altitudeMode>
        <extrude>1</extrude>
        <outerBoundaryIs>
          <LinearRing>
            <coordinates>
              -70.7994862313,-33.1104938312,0
              -70.7994968983,-33.1110169073,0
              -70.7994704909,-33.1110172887,0
              -70.7994598240,-33.1104942126,0
              -70.7994862313,-33.1104938312,0
            </coordinates>
          </LinearRing>
        </outerBoundaryIs>
      </Polygon>
    </Placemark>
    <Placemark>
      <description><![CDATA[LIMITES_TRACKER<BR><BR><B>ELEVATION</B> = 0]]></description>
      <styleUrl>#area3</styleUrl>
      <Polygon>
        <altitudeMode>relativeToGround</altitudeMode>
        <extrude>1</extrude>
        <outerBoundaryIs>
          <LinearRing>
            <coordinates>
              -70.8094377496,-33.1131777793,0
              -70.8094113416,-33.1131781629,0
              -70.8094006150,-33.1126550899,0
              -70.8094270228,-33.1126547063,0
              -70.8094377496,-33.1131777793,0
            </coordinates>
          </LinearRing>
        </outerBoundaryIs>
      </Polygon>
    </Placemark>
    <Placemark>
      <description><![CDATA[LIMITES_TRACKER<BR><BR><B>ELEVATION</B> = 0]]></description>
      <styleUrl>#area3</styleUrl>
      <Polygon>
        <altitudeMode>relativeToGround</altitudeMode>
        <extrude>1</extrude>
        <outerBoundaryIs>
          <LinearRing>
            <coordinates>
              -70.8093636012,-33.1126556274,0
              -70.8093743276,-33.1131787004,0
              -70.8093479197,-33.1131790840,0
              -70.8093371934,-33.1126560109,0
              -70.8093636012,-33.1126556274,0
            </coordinates>
          </LinearRing>
        </outerBoundaryIs>
      </Polygon>
    </Placemark>
    <Placemark>
      <description><![CDATA[LIMITES_TRACKER<BR><BR><B>ELEVATION</B> = 0]]></description>
      <styleUrl>#area4</styleUrl>
      <Polygon>
        <altitudeMode>relativeToGround</altitudeMode>
        <extrude>1</extrude>
        <outerBoundaryIs>
          <LinearRing>
            <coordinates>
              -70.8095645935,-33.1131759370,0
              -70.8095381855,-33.1131763206,0
              -70.8095274581,-33.1126532476,0
              -70.8095538659,-33.1126528641,0
              -70.8095645935,-33.1131759370,0
            </coordinates>
          </LinearRing>
        </outerBoundaryIs>
      </Polygon>
    </Placemark>
    <Placemark>
      <description><![CDATA[LIMITES_TRACKER<BR><BR><B>ELEVATION</B> = 0]]></description>
      <styleUrl>#area4</styleUrl>
      <Polygon>
        <altitudeMode>relativeToGround</altitudeMode>
        <extrude>1</extrude>
        <outerBoundaryIs>
          <LinearRing>
            <coordinates>
              -70.8094904444,-33.1126537852,0
              -70.8095011715,-33.1131768582,0
              -70.8094747636,-33.1131772418,0
              -70.8094640366,-33.1126541688,0
              -70.8094904444,-33.1126537852,0
            </coordinates>
          </LinearRing>
        </outerBoundaryIs>
      </Polygon>
    </Placemark>
    <Placemark>
      <description><![CDATA[LIMITES_TRACKER<BR><BR><B>ELEVATION</B> = 0]]></description>
      <styleUrl>#area3</styleUrl>
      <Polygon>
        <altitudeMode>relativeToGround</altitudeMode>
        <extrude>1</extrude>
        <outerBoundaryIs>
          <LinearRing>
            <coordinates>
              -70.8078049914,-33.1108966338,0
              -70.8077785841,-33.1108970170,0
              -70.8077678681,-33.1103739433,0
              -70.8077942752,-33.1103735601,0
              -70.8078049914,-33.1108966338,0
            </coordinates>
          </LinearRing>
        </outerBoundaryIs>
      </Polygon>
    </Placemark>
    <Placemark>
      <description><![CDATA[LIMITES_TRACKER<BR><BR><B>ELEVATION</B> = 0]]></description>
      <styleUrl>#area3</styleUrl>
      <Polygon>
        <altitudeMode>relativeToGround</altitudeMode>
        <extrude>1</extrude>
        <outerBoundaryIs>
          <LinearRing>
            <coordinates>
              -70.8077308553,-33.1103744803,0
              -70.8077415710,-33.1108975540,0
              -70.8077151637,-33.1108979372,0
              -70.8077044481,-33.1103748635,0
              -70.8077308553,-33.1103744803,0
            </coordinates>
          </LinearRing>
        </outerBoundaryIs>
      </Polygon>
    </Placemark>
    <Placemark>
      <description><![CDATA[LIMITES_TRACKER<BR><BR><B>ELEVATION</B> = 0]]></description>
      <styleUrl>#area3</styleUrl>
      <Polygon>
        <altitudeMode>relativeToGround</altitudeMode>
        <extrude>1</extrude>
        <outerBoundaryIs>
          <LinearRing>
            <coordinates>
              -70.8079318321,-33.1108947933,0
              -70.8079054248,-33.1108951765,0
              -70.8078947081,-33.1103721028,0
              -70.8079211152,-33.1103717196,0
              -70.8079318321,-33.1108947933,0
            </coordinates>
          </LinearRing>
        </outerBoundaryIs>
      </Polygon>
    </Placemark>
    <Placemark>
      <description><![CDATA[LIMITES_TRACKER<BR><BR><B>ELEVATION</B> = 0]]></description>
      <styleUrl>#area3</styleUrl>
      <Polygon>
        <altitudeMode>relativeToGround</altitudeMode>
        <extrude>1</extrude>
        <outerBoundaryIs>
          <LinearRing>
            <coordinates>
              -70.8078576952,-33.1103726399,0
              -70.8078684118,-33.1108957136,0
              -70.8078420045,-33.1108960967,0
              -70.8078312881,-33.1103730231,0
              -70.8078576952,-33.1103726399,0
            </coordinates>
          </LinearRing>
        </outerBoundaryIs>
      </Polygon>
    </Placemark>
    <Placemark>
      <description><![CDATA[LIMITES_TRACKER<BR><BR><B>ELEVATION</B> = 0]]></description>
      <styleUrl>#area4</styleUrl>
      <Polygon>
        <altitudeMode>relativeToGround</altitudeMode>
        <extrude>1</extrude>
        <outerBoundaryIs>
          <LinearRing>
            <coordinates>
              -70.8080586729,-33.1108929526,0
              -70.8080322656,-33.1108933358,0
              -70.8080215481,-33.1103702622,0
              -70.8080479552,-33.1103698790,0
              -70.8080586729,-33.1108929526,0
            </coordinates>
          </LinearRing>
        </outerBoundaryIs>
      </Polygon>
    </Placemark>
    <Placemark>
      <description><![CDATA[LIMITES_TRACKER<BR><BR><B>ELEVATION</B> = 0]]></description>
      <styleUrl>#area4</styleUrl>
      <Polygon>
        <altitudeMode>relativeToGround</altitudeMode>
        <extrude>1</extrude>
        <outerBoundaryIs>
          <LinearRing>
            <coordinates>
              -70.8079845352,-33.1103707993,0
              -70.8079952525,-33.1108938730,0
              -70.8079688452,-33.1108942562,0
              -70.8079581281,-33.1103711825,0
              -70.8079845352,-33.1103707993,0
            </coordinates>
          </LinearRing>
        </outerBoundaryIs>
      </Polygon>
    </Placemark>
    <Placemark>
      <description><![CDATA[LIMITES_TRACKER<BR><BR><B>ELEVATION</B> = 0]]></description>
      <styleUrl>#area3</styleUrl>
      <Polygon>
        <altitudeMode>relativeToGround</altitudeMode>
        <extrude>1</extrude>
        <outerBoundaryIs>
          <LinearRing>
            <coordinates>
              -70.8059023790,-33.1109242262,0
              -70.8058759717,-33.1109246090,0
              -70.8058652670,-33.1104015347,0
              -70.8058916741,-33.1104011520,0
              -70.8059023790,-33.1109242262,0
            </coordinates>
          </LinearRing>
        </outerBoundaryIs>
      </Polygon>
    </Placemark>
    <Placemark>
      <description><![CDATA[LIMITES_TRACKER<BR><BR><B>ELEVATION</B> = 0]]></description>
      <styleUrl>#area3</styleUrl>
      <Polygon>
        <altitudeMode>relativeToGround</altitudeMode>
        <extrude>1</extrude>
        <outerBoundaryIs>
          <LinearRing>
            <coordinates>
              -70.8058282541,-33.1104020712,0
              -70.8058389586,-33.1109251455,0
              -70.8058125512,-33.1109255282,0
              -70.8058018469,-33.1104024540,0
              -70.8058282541,-33.1104020712,0
            </coordinates>
          </LinearRing>
        </outerBoundaryIs>
      </Polygon>
    </Placemark>
    <Placemark>
      <description><![CDATA[LIMITES_TRACKER<BR><BR><B>ELEVATION</B> = 0]]></description>
      <styleUrl>#area3</styleUrl>
      <Polygon>
        <altitudeMode>relativeToGround</altitudeMode>
        <extrude>1</extrude>
        <outerBoundaryIs>
          <LinearRing>
            <coordinates>
              -70.8057755381,-33.1109260647,0
              -70.8057491308,-33.1109264474,0
              -70.8057384268,-33.1104033731,0
              -70.8057648340,-33.1104029904,0
              -70.8057755381,-33.1109260647,0
            </coordinates>
          </LinearRing>
        </outerBoundaryIs>
      </Polygon>
    </Placemark>
    <Placemark>
      <description><![CDATA[LIMITES_TRACKER<BR><BR><B>ELEVATION</B> = 0]]></description>
      <styleUrl>#area3</styleUrl>
      <Polygon>
        <altitudeMode>relativeToGround</altitudeMode>
        <extrude>1</extrude>
        <outerBoundaryIs>
          <LinearRing>
            <coordinates>
              -70.8057014139,-33.1104039096,0
              -70.8057121176,-33.1109269839,0
              -70.8056857103,-33.1109273666,0
              -70.8056750067,-33.1104042923,0
              -70.8057014139,-33.1104039096,0
            </coordinates>
          </LinearRing>
        </outerBoundaryIs>
      </Polygon>
    </Placemark>
    <Placemark>
      <description><![CDATA[LIMITES_TRACKER<BR><BR><B>ELEVATION</B> = 0]]></description>
      <styleUrl>#area3</styleUrl>
      <Polygon>
        <altitudeMode>relativeToGround</altitudeMode>
        <extrude>1</extrude>
        <outerBoundaryIs>
          <LinearRing>
            <coordinates>
              -70.8056486972,-33.1109279030,0
              -70.8056222898,-33.1109282857,0
              -70.8056115866,-33.1104052114,0
              -70.8056379938,-33.1104048287,0
              -70.8056486972,-33.1109279030,0
            </coordinates>
          </LinearRing>
        </outerBoundaryIs>
      </Polygon>
    </Placemark>
    <Placemark>
      <description><![CDATA[LIMITES_TRACKER<BR><BR><B>ELEVATION</B> = 0]]></description>
      <styleUrl>#area3</styleUrl>
      <Polygon>
        <altitudeMode>relativeToGround</altitudeMode>
        <extrude>1</extrude>
        <outerBoundaryIs>
          <LinearRing>
            <coordinates>
              -70.8055745737,-33.1104057478,0
              -70.8055852767,-33.1109288221,0
              -70.8055588694,-33.1109292048,0
              -70.8055481665,-33.1104061305,0
              -70.8055745737,-33.1104057478,0
            </coordinates>
          </LinearRing>
        </outerBoundaryIs>
      </Polygon>
    </Placemark>
    <Placemark>
      <description><![CDATA[LIMITES_TRACKER<BR><BR><B>ELEVATION</B> = 0]]></description>
      <styleUrl>#area4</styleUrl>
      <Polygon>
        <altitudeMode>relativeToGround</altitudeMode>
        <extrude>1</extrude>
        <outerBoundaryIs>
          <LinearRing>
            <coordinates>
              -70.8055218562,-33.1109297412,0
              -70.8054954489,-33.1109301239,0
              -70.8054847464,-33.1104070496,0
              -70.8055111536,-33.1104066669,0
              -70.8055218562,-33.1109297412,0
            </coordinates>
          </LinearRing>
        </outerBoundaryIs>
      </Polygon>
    </Placemark>
    <Placemark>
      <description><![CDATA[LIMITES_TRACKER<BR><BR><B>ELEVATION</B> = 0]]></description>
      <styleUrl>#area4</styleUrl>
      <Polygon>
        <altitudeMode>relativeToGround</altitudeMode>
        <extrude>1</extrude>
        <outerBoundaryIs>
          <LinearRing>
            <coordinates>
              -70.8054477335,-33.1104075859,0
              -70.8054584358,-33.1109306603,0
              -70.8054320284,-33.1109310429,0
              -70.8054213263,-33.1104079686,0
              -70.8054477335,-33.1104075859,0
            </coordinates>
          </LinearRing>
        </outerBoundaryIs>
      </Polygon>
    </Placemark>
    <Placemark>
      <description><![CDATA[LIMITES_TRACKER<BR><BR><B>ELEVATION</B> = 0]]></description>
      <styleUrl>#area1</styleUrl>
      <Polygon>
        <altitudeMode>relativeToGround</altitudeMode>
        <extrude>1</extrude>
        <outerBoundaryIs>
          <LinearRing>
            <coordinates>
              -70.8031412719,-33.1102425826,0
              -70.8031148647,-33.1102429647,0
              -70.8031041766,-33.1097198897,0
              -70.8031305836,-33.1097195075,0
              -70.8031412719,-33.1102425826,0
            </coordinates>
          </LinearRing>
        </outerBoundaryIs>
      </Polygon>
    </Placemark>
    <Placemark>
      <description><![CDATA[LIMITES_TRACKER<BR><BR><B>ELEVATION</B> = 0]]></description>
      <styleUrl>#area1</styleUrl>
      <Polygon>
        <altitudeMode>relativeToGround</altitudeMode>
        <extrude>1</extrude>
        <outerBoundaryIs>
          <LinearRing>
            <coordinates>
              -70.8030671639,-33.1097204253,0
              -70.8030778518,-33.1102435004,0
              -70.8030514446,-33.1102438825,0
              -70.8030407569,-33.1097208075,0
              -70.8030671639,-33.1097204253,0
            </coordinates>
          </LinearRing>
        </outerBoundaryIs>
      </Polygon>
    </Placemark>
    <Placemark>
      <description><![CDATA[LIMITES_TRACKER<BR><BR><B>ELEVATION</B> = 0]]></description>
      <styleUrl>#area1</styleUrl>
      <Polygon>
        <altitudeMode>relativeToGround</altitudeMode>
        <extrude>1</extrude>
        <outerBoundaryIs>
          <LinearRing>
            <coordinates>
              -70.8030144317,-33.1102444182,0
              -70.8029880246,-33.1102448003,0
              -70.8029773372,-33.1097217252,0
              -70.8030037442,-33.1097213431,0
              -70.8030144317,-33.1102444182,0
            </coordinates>
          </LinearRing>
        </outerBoundaryIs>
      </Polygon>
    </Placemark>
    <Placemark>
      <description><![CDATA[LIMITES_TRACKER<BR><BR><B>ELEVATION</B> = 0]]></description>
      <styleUrl>#area1</styleUrl>
      <Polygon>
        <altitudeMode>relativeToGround</altitudeMode>
        <extrude>1</extrude>
        <outerBoundaryIs>
          <LinearRing>
            <coordinates>
              -70.8029403245,-33.1097222608,0
              -70.8029510117,-33.1102453359,0
              -70.8029246045,-33.1102457181,0
              -70.8029139175,-33.1097226429,0
              -70.8029403245,-33.1097222608,0
            </coordinates>
          </LinearRing>
        </outerBoundaryIs>
      </Polygon>
    </Placemark>
    <Placemark>
      <description><![CDATA[LIMITES_TRACKER<BR><BR><B>ELEVATION</B> = 0]]></description>
      <styleUrl>#area1</styleUrl>
      <Polygon>
        <altitudeMode>relativeToGround</altitudeMode>
        <extrude>1</extrude>
        <outerBoundaryIs>
          <LinearRing>
            <coordinates>
              -70.8028875916,-33.1102462537,0
              -70.8028611844,-33.1102466358,0
              -70.8028504978,-33.1097235606,0
              -70.8028769048,-33.1097231785,0
              -70.8028875916,-33.1102462537,0
            </coordinates>
          </LinearRing>
        </outerBoundaryIs>
      </Polygon>
    </Placemark>
    <Placemark>
      <description><![CDATA[LIMITES_TRACKER<BR><BR><B>ELEVATION</B> = 0]]></description>
      <styleUrl>#area1</styleUrl>
      <Polygon>
        <altitudeMode>relativeToGround</altitudeMode>
        <extrude>1</extrude>
        <outerBoundaryIs>
          <LinearRing>
            <coordinates>
              -70.8028134851,-33.1097240962,0
              -70.8028241715,-33.1102471714,0
              -70.8027977643,-33.1102475535,0
              -70.8027870781,-33.1097244783,0
              -70.8028134851,-33.1097240962,0
            </coordinates>
          </LinearRing>
        </outerBoundaryIs>
      </Polygon>
    </Placemark>
    <Placemark>
      <description><![CDATA[LIMITES_TRACKER<BR><BR><B>ELEVATION</B> = 0]]></description>
      <styleUrl>#area4</styleUrl>
      <Polygon>
        <altitudeMode>relativeToGround</altitudeMode>
        <extrude>1</extrude>
        <outerBoundaryIs>
          <LinearRing>
            <coordinates>
              -70.8027607514,-33.1102480890,0
              -70.8027343443,-33.1102484711,0
              -70.8027236584,-33.1097253959,0
              -70.8027500654,-33.1097250139,0
              -70.8027607514,-33.1102480890,0
            </coordinates>
          </LinearRing>
        </outerBoundaryIs>
      </Polygon>
    </Placemark>
    <Placemark>
      <description><![CDATA[LIMITES_TRACKER<BR><BR><B>ELEVATION</B> = 0]]></description>
      <styleUrl>#area4</styleUrl>
      <Polygon>
        <altitudeMode>relativeToGround</altitudeMode>
        <extrude>1</extrude>
        <outerBoundaryIs>
          <LinearRing>
            <coordinates>
              -70.8026866457,-33.1097259315,0
              -70.8026973314,-33.1102490067,0
              -70.8026709242,-33.1102493887,0
              -70.8026602387,-33.1097263135,0
              -70.8026866457,-33.1097259315,0
            </coordinates>
          </LinearRing>
        </outerBoundaryIs>
      </Polygon>
    </Placemark>
    <Placemark>
      <description><![CDATA[LIMITES_TRACKER<BR><BR><B>ELEVATION</B> = 0]]></description>
      <styleUrl>#area4</styleUrl>
      <Polygon>
        <altitudeMode>relativeToGround</altitudeMode>
        <extrude>1</extrude>
        <outerBoundaryIs>
          <LinearRing>
            <coordinates>
              -70.8000971055,-33.1102866018,0
              -70.8000706983,-33.1102869833,0
              -70.8000600282,-33.1097639074,0
              -70.8000864353,-33.1097635259,0
              -70.8000971055,-33.1102866018,0
            </coordinates>
          </LinearRing>
        </outerBoundaryIs>
      </Polygon>
    </Placemark>
    <Placemark>
      <description><![CDATA[LIMITES_TRACKER<BR><BR><B>ELEVATION</B> = 0]]></description>
      <styleUrl>#area4</styleUrl>
      <Polygon>
        <altitudeMode>relativeToGround</altitudeMode>
        <extrude>1</extrude>
        <outerBoundaryIs>
          <LinearRing>
            <coordinates>
              -70.8000230155,-33.1097644421,0
              -70.8000336853,-33.1102875181,0
              -70.8000072781,-33.1102878996,0
              -70.7999966084,-33.1097648236,0
              -70.8000230155,-33.1097644421,0
            </coordinates>
          </LinearRing>
        </outerBoundaryIs>
      </Polygon>
    </Placemark>
    <Placemark>
      <description><![CDATA[LIMITES_TRACKER<BR><BR><B>ELEVATION</B> = 0]]></description>
      <styleUrl>#area4</styleUrl>
      <Polygon>
        <altitudeMode>relativeToGround</altitudeMode>
        <extrude>1</extrude>
        <outerBoundaryIs>
          <LinearRing>
            <coordinates>
              -70.8090680350,-33.1137108864,0
              -70.8090416269,-33.1137112699,0
              -70.8090309023,-33.1131881968,0
              -70.8090573102,-33.1131878133,0
              -70.8090680350,-33.1137108864,0
            </coordinates>
          </LinearRing>
        </outerBoundaryIs>
      </Polygon>
    </Placemark>
    <Placemark>
      <description><![CDATA[LIMITES_TRACKER<BR><BR><B>ELEVATION</B> = 0]]></description>
      <styleUrl>#area4</styleUrl>
      <Polygon>
        <altitudeMode>relativeToGround</altitudeMode>
        <extrude>1</extrude>
        <outerBoundaryIs>
          <LinearRing>
            <coordinates>
              -70.8089938883,-33.1131887342,0
              -70.8090046127,-33.1137118073,0
              -70.8089782045,-33.1137121908,0
              -70.8089674803,-33.1131891177,0
              -70.8089938883,-33.1131887342,0
            </coordinates>
          </LinearRing>
        </outerBoundaryIs>
      </Polygon>
    </Placemark>
    <Placemark>
      <description><![CDATA[LIMITES_TRACKER<BR><BR><B>ELEVATION</B> = 0]]></description>
      <styleUrl>#area4</styleUrl>
      <Polygon>
        <altitudeMode>relativeToGround</altitudeMode>
        <extrude>1</extrude>
        <outerBoundaryIs>
          <LinearRing>
            <coordinates>
              -70.8108546877,-33.1142126677,0
              -70.8108282795,-33.1142130516,0
              -70.8108175440,-33.1136899790,0
              -70.8108439521,-33.1136895952,0
              -70.8108546877,-33.1142126677,0
            </coordinates>
          </LinearRing>
        </outerBoundaryIs>
      </Polygon>
    </Placemark>
    <Placemark>
      <description><![CDATA[LIMITES_TRACKER<BR><BR><B>ELEVATION</B> = 0]]></description>
      <styleUrl>#area4</styleUrl>
      <Polygon>
        <altitudeMode>relativeToGround</altitudeMode>
        <extrude>1</extrude>
        <outerBoundaryIs>
          <LinearRing>
            <coordinates>
              -70.8107805299,-33.1136905170,0
              -70.8107912651,-33.1142135896,0
              -70.8107648568,-33.1142139734,0
              -70.8107541218,-33.1136909009,0
              -70.8107805299,-33.1136905170,0
            </coordinates>
          </LinearRing>
        </outerBoundaryIs>
      </Polygon>
    </Placemark>
  </Folder>
</Document>
</kml>
